iter,HH_type,rate.vs.overall,rate.vs.non,rate.vs.mob
1,Within,0.306051121361142,0.552384950749378,0.42921803605526
1,Between,0.222741095081656,0.156887206100992,0.395123333883981
2,Within,0.877097725852053,0.783789457144388,0.929350356328346
2,Between,0.0811482224919649,0.0959024447632313,0.304305834344868
3,Within,0.604637581225671,0.742733818913015,0.865900733607133
3,Between,0.29459415181859,0.37824434307572,0.458257569495584
4,Within,0.819378575707602,0.783122886517,0.884638816250686
4,Between,0.163663417676994,0.20003306604966,0.385518272750253
5,Within,0.477738335783246,0.481470666531552,0.552384950749378
5,Between,0.390986890188558,0.365167001213842,0.462913723760982
6,Within,0.727804495919789,0.753930811157935,0.862168402858827
6,Between,0.0639984764557886,-0.0263523138347365,0.429166253879994
7,Within,0.623597854078352,0.616346716240232,0.76862061084076
7,Between,0.327326835353989,0.363696483726654,0.47280542884465
8,Within,0.551086475697148,0.616346716240232,0.76862061084076
8,Between,0.370970413401187,0.385518272750253,0.480079358519183
9,Within,0.592647768339959,0.616041759195484,0.483475811014177
9,Between,0.314657773370556,0.346688804192709,0.393793261284109
10,Within,0.791254118641001,0.873365395103746,0.86963306435544
10,Between,0.290096267049137,0.080582296402538,0.374707678271802
11,Within,0.779799695184157,0.787597692135998,0.842183670798889
11,Between,-0.17317234805684,-0.286110835919996,0.00752923252421043
12,Within,0.623299234967204,0.809915772382534,0.705410511429949
12,Between,0.390986890188558,0.398364001324191,0.494266446087423
13,Within,0.841131989221963,0.826629713545723,0.906392229765047
13,Between,0.0949070752956621,-0.0794120425943295,0.120086503435328
14,Within,0.529990966259538,0.776324795647775,0.86963306435544
14,Between,0.124232336649472,0.323756998541048,0.53457550921894
15,Within,0.862885402736324,0.797625162193241,0.877387678412565
15,Between,0.200008116718414,0.117121870150423,0.486506229855602
16,Within,0.608243762243642,0.514667798821543,0.655031743954692
16,Between,0.25975852208526,0.350109312375785,0.301169300968417
17,Within,0.696109232459556,0.746867197326398,0.739616059488278
17,Between,0.162168743285201,0.17658374268833,0.11351812029964
18,Within,0.8472390798656,0.862168402858827,0.899491710341893
18,Between,0.406578556307363,0.380226242472627,0.647513997082097
19,Within,0.717862645973917,0.891889954088806,0.913643367603167
19,Between,0.403703096936586,0.541907760752715,0.67283849489431
20,Within,0.630848991916472,0.76862061084076,0.884638816250686
20,Between,0.407340061773853,0.360059518889387,0.407340061773853
21,Within,0.638819934794547,0.715096941934194,0.743700819611562
21,Between,0.153075056064388,0.0405741112459825,0.212091945149454
22,Within,0.688858094621435,0.841131989221963,0.783122886517
22,Between,-0.0270281238808668,-0.0252262489554757,-0.0522543728363424
23,Within,0.619908465479892,0.665673519978407,0.694796736477463
23,Between,-0.101835015443463,-0.0181848241863327,-0.00363696483726654
24,Within,0.725113783812037,0.77587174867888,0.855634264898204
24,Between,0.409025608063784,0.333346861197357,0.479298730154037
25,Within,0.804876300031361,0.870136540574445,0.884638816250686
25,Between,0.296928723209235,0.309838667696593,0.566193279659846
26,Within,0.63822855796043,0.83604208762068,0.809915772382534
26,Between,0.0109108945117996,0.236402714422325,-0.00727392967453308
27,Within,0.641960888708737,0.716607503674869,0.757663141906242
27,Between,0.154349266746314,0.131761569173682,0.0489400114073678
28,Within,0.477738335783246,0.537455627756152,0.832309756872374
28,Between,-0.0981980506061966,-0.0581914373962646,-0.0836501912571304
29,Within,0.761395472654548,0.809915772382534,0.906956371838506
29,Between,0.317215778832227,0.376232667917292,0.527463446197772
30,Within,0.522526304762925,0.690481188436723,0.683016526940109
30,Between,-0.0794120425943295,-0.0890964380326624,0.027116307227332
31,Within,0.725113783812037,0.826629713545723,0.899141091926926
31,Between,0.399049323783153,0.417872405093679,0.719041706062096
32,Within,0.888294718096973,0.86963306435544,0.67181953469519
32,Between,0.29459415181859,0.203670030886926,0.327326835353989
33,Within,0.638100129754593,0.855634264898204,0.884638816250686
33,Between,0.304090016763652,0.398997092059314,0.672097043420301
34,Within,0.735269157416402,0.776324795647775,0.817380433879147
34,Between,0.00363696483726654,0.0981980506061966,0.087287156094397
35,Within,0.76862061084076,0.783122886517,0.616346716240232
35,Between,0.16922282244533,-0.0282038037408883,0.330387415250406
36,Within,0.709617722617583,0.772001698232315,0.810991682991523
36,Between,0.0995910003310478,0.202870556229912,0.32459288996786
37,Within,0.710611508135797,0.783122886517,0.790374024355121
37,Between,0.319585049464985,0.323458807640318,0.488093530091976
38,Within,0.772592464899468,0.746466149661322,0.772592464899468
38,Between,0.192759136375127,0.247313608934125,0.316415940842189
39,Within,0.797625162193241,0.841131989221963,0.884638816250686
39,Between,-0.429161850797452,-0.356422554052121,-0.276409327632257
40,Within,0.928145643279408,0.877387678412565,0.891889954088806
40,Between,0.277488738510232,0.227036240599281,0.475694980303255
41,Within,0.324712775102675,0.470273674286633,0.645693219457043
41,Between,0.0218217890235992,-0.0181848241863327,0.0981980506061966
42,Within,0.725113783812037,0.761369473002639,0.884638816250686
42,Between,0.350109312375785,0.331286231065259,0.523281660432625
43,Within,0.696109232459556,0.688858094621435,0.848383127060084
43,Between,0.276409327632257,0.349148624377588,0.432798815634718
44,Within,0.709142842178256,0.701678180681642,0.787521787892694
44,Between,-0.0663940002206986,-0.177050667255196,0.201026278446004
45,Within,0.584849771388118,0.779799695184157,0.888971652509939
45,Between,0.00922138891954147,0.119878055954039,0.516397779494322
46,Within,0.768860134151161,0.746466149661322,0.8472390798656
46,Between,0.293640068444207,0.289875452182101,0.425401637617889
47,Within,0.574778935239218,0.541187958504458,0.515061643266312
47,Between,-0.047280542884465,-0.0327326835353989,0.0691023319080643
48,Within,0.470273674286633,0.634496227212124,0.776324795647775
48,Between,-0.0604367223019035,-0.0241746889207614,0.0966987556830456
49,Within,0.819378575707602,0.855634264898204,0.804876300031361
49,Between,0.154919333848297,-0.00737711113563317,0.346724223374759
50,Within,0.764203701280474,0.826587676895206,0.865577661654414
50,Between,0.052704627669473,0.255993905823155,0.278581603395786
51,Within,0.686748857688416,0.821112764627454,0.776324795647775
51,Between,0.217624778501179,0.293240167641419,0.414962501379366
52,Within,0.812127437869482,0.674355818945195,0.848383127060084
52,Between,0.265576000882794,0.189960611742554,0.149386500496572
53,Within,0.593440588980751,0.720339834423176,0.850971410613907
53,Between,0.145478593490662,0.112745909955263,0.421887921122919
54,Within,0.733011713473107,0.79539568908784,0.655031743954692
54,Between,0.138204663816129,0.210943960561459,0.523722936566382
55,Within,0.536584200020908,0.667104681107074,0.804876300031361
55,Between,0.35387392863789,0.293640068444207,0.44798933519052
56,Within,0.709617722617583,0.756405704328632,0.826587676895206
56,Between,-0.152752523165195,-0.0327326835353989,0.0363696483726654
57,Within,0.754118335164519,0.645351267592713,0.761369473002639
57,Between,-0.174574312188794,-0.160026452839728,-0.127293769304329
58,Within,0.848383127060084,0.783122886517,0.899141091926926
58,Between,0.161878499270524,0.0602338601936834,0.319992382278943
59,Within,0.638100129754593,0.754118335164519,0.819378575707602
59,Between,0.290957186981323,0.280046292469524,0.276409327632257
60,Within,0.717862645973917,0.710611508135797,0.797625162193241
60,Between,0.276409327632257,0.330963800191255,0.349148624377588
61,Within,0.675551865443496,0.67181953469519,0.798718780137614
61,Between,0.181989367464503,0.297309362689535,0.171178117912156
62,Within,0.783122886517,0.855634264898204,0.877387678412565
62,Between,0.402052556892008,0.365167001213842,0.66947283555871
63,Within,0.776324795647775,0.809915772382534,0.82484509537576
63,Between,0.101644639076841,0.0225876975726313,0.399049323783153
64,Within,0.841131989221963,0.659853543268954,0.884638816250686
64,Between,0.44046010266631,0.53457550921894,0.602338601936834
65,Within,0.819378575707602,0.76862061084076,0.862885402736324
65,Between,0.109173871601051,0.25975852208526,0.271052370871575
66,Within,0.645693219457043,0.675551865443496,0.739001488164708
66,Between,0.130930734141595,0.17821127702606,0.243676644096858
67,Within,0.899491710341893,0.873365395103746,0.914421033335119
67,Between,0.43605373194465,0.477496855228646,0.600024350155242
68,Within,0.761369473002639,0.891889954088806,0.645351267592713
68,Between,-0.0376461626210521,0.0677630927178939,0.0790569415042095
69,Within,0.686223731762058,0.74860770737679,0.717415719569424
69,Between,0.100717712558662,-0.0736014053313298,0.114275866172328
70,Within,0.688858094621435,0.551086475697148,0.76862061084076
70,Between,-0.0793039447080566,0.0534840557333405,0.0682382780046069
71,Within,0.862168402858827,0.884562387348666,0.906956371838506
71,Between,0.143853667144847,0.230534722988537,0.483200779383973
72,Within,0.373233074830661,0.529990966259538,0.492667658776472
72,Between,0.110656667034498,0.00922138891954147,0.156763611632205
73,Within,0.746466149661322,0.802451110885921,0.843506749117294
73,Between,0.583515520626308,0.508223195384204,0.62116168324736
74,Within,0.561455780532593,0.54585978662891,0.553657783580751
74,Between,0.124232336649472,0.0188230813105261,0.218347743202102
75,Within,0.638100129754593,0.645351267592713,0.855634264898204
75,Between,0.130930734141595,0.123656804467062,0.18912217153786
76,Within,0.592647768339959,0.569253777484434,0.6940217287139
76,Between,0.331286231065259,0.26728775460947,0.425401637617889
77,Within,0.601844440563991,0.681606956783315,0.790374024355121
77,Between,0.287320222144057,0.170937347351527,0.221854855073259
78,Within,0.559849612245991,0.477738335783246,0.593440588980751
78,Between,0.213056699643323,0.0697276471559966,0.213056699643323
79,Within,0.541187958504458,0.507596981769699,0.608369911973977
79,Between,0.0376461626210521,-0.109173871601051,0.184466196843155
80,Within,0.428889832351286,0.460081820158652,0.772001698232315
80,Between,0.247133223043711,0.427872445866724,0.632587279880545
81,Within,0.630763896463817,0.753930811157935,0.873365395103746
81,Between,-0.289551612073602,-0.201026278446004,-0.536684835117313
82,Within,0.928145643279408,0.848383127060084,0.913643367603167
82,Between,0.463047800238941,0.263523138347365,0.730335554848411
83,Within,0.3915614432585,0.38431030542038,0.551086475697148
83,Between,0.35496936030205,0.421638732541522,0.309922487167272
84,Within,0.608369911973977,0.67181953469519,0.798718780137614
84,Between,0.53457550921894,0.489400114073678,0.545869358005256
85,Within,0.735269157416402,0.817380433879147,0.929350356328346
85,Between,0.20003306604966,0.436435780471985,0.450983639821051
86,Within,0.548652620001071,0.41802104381034,0.582243596735831
86,Between,-0.0232425490519989,-0.0232425490519989,0.153013447925659
87,Within,0.616346716240232,0.652602405430834,0.674355818945195
87,Between,0.511987811646309,0.511987811646309,0.602338601936834
88,Within,0.619750683009635,0.638819934794547,0.429058165160517
88,Between,-0.00752923252421043,-0.0602338601936834,0.289875452182101
89,Within,0.746466149661322,0.772592464899468,0.806183441634228
89,Between,0.470290834896615,0.512709223926506,0.595701724202379
90,Within,0.732364921650158,0.833880851383843,0.797625162193241
90,Between,0.532641749108308,0.484219771916643,0.674033922507967
91,Within,0.906392229765047,0.855634264898204,0.812127437869482
91,Between,0.480079358519183,0.512812042054582,0.760125650988707
92,Within,0.536584200020908,0.551086475697148,0.507579648668426
92,Between,0.181848241863327,0.196396101212393,0.323689870516722
93,Within,0.755539860149313,0.682891796673417,0.889938777579719
93,Between,-0.0922138891954147,-0.0221313334068995,0
94,Within,0.696109232459556,0.76862061084076,0.870136540574445
94,Between,0.390986890188558,0.199182000662096,0.514553501710414
95,Within,0.436687829303128,0.483475811014177,0.577051774436276
95,Between,0.0959024447632313,0.031352722326441,0.138320833793122
96,Within,0.764203701280474,0.764203701280474,0.857779664702572
96,Between,0.326437167751768,0.352257056726484,0.785662335944933
97,Within,0.779799695184157,0.779799695184157,0.888971652509939
97,Between,0.241600389691986,0.505332112790872,0.507176390574781
98,Within,0.854703741362213,0.843506749117294,0.839774418368987
98,Between,0.349148624377588,0.407340061773853,0.461894534332851
99,Within,0.828577426124067,0.806183441634228,0.884562387348666
99,Between,0.031352722326441,-0.0147542222712663,-0.0331970001103493
100,Within,0.574778935239218,0.653157880953656,0.776324795647775
100,Between,-0.0174319117889992,-0.027116307227332,0.302153137675985
101,Within,0.470273674286633,0.522526304762925,0.683016526940109
101,Between,0.410343172569468,0.395284707521047,0.560927823053677
102,Within,0.725113783812037,0.725113783812037,0.76862061084076
102,Between,-0.00774751635066629,-0.0329269444903317,0.185940392415991
103,Within,0.57283988921151,0.703360370297676,0.906392229765047
103,Between,0.500693962859993,0.511987811646309,0.463047800238941
104,Within,0.630848991916472,0.58009102704963,0.754118335164519
104,Between,0.0639984764557886,0.0451753951452626,0.240935440774734
105,Within,0.686223731762058,0.577051774436276,0.655031743954692
105,Between,0.0426113399286646,-0.0522957353669975,0.0581063726299972
106,Within,0.530263792725227,0.475677814062336,0.29632388416998
106,Between,0.125897140698327,0.164634722451659,0.377691422094982
107,Within,0.678425734810216,0.810991682991523,0.888971652509939
107,Between,0.361478445646025,0.337502834455218,0.396519723540283
108,Within,0.335909767347595,0.585975927484138,0.712875172926562
108,Between,-0.229659544747233,-0.0523784926616497,0.217572200286853
109,Within,0.855634264898204,0.76862061084076,0.76862061084076
109,Between,0.318300070790025,0.165193707625203,0.40291148201269
110,Within,0.740561790975978,0.794647764474224,0.765524547975168
110,Between,0.256354611963253,0.284018778721877,0.429716723650632
111,Within,0.690481188436723,0.780057126396081,0.906956371838506
111,Between,0.142009389360939,0.143853667144847,0.245288945259803
112,Within,0.701678180681642,0.742733818913015,0.821112764627454
112,Between,0.207246062380323,0.244046765045988,0.0794120425943295
113,Within,0.496399989524779,0.593440588980751,0.399359390068807
113,Between,0.312463149754733,0.158113883008419,0.293640068444207
114,Within,0.828577426124067,0.821112764627454,0.86963306435544
114,Between,0.0263523138347365,0.0112938487863156,0.188230813105261
115,Within,0.477738335783246,0.641960888708737,0.724072165171482
115,Between,-0.0254587538608658,0.00363696483726654,0.00363696483726654
116,Within,0.839774418368987,0.83604208762068,0.765127803402855
116,Between,-0.135526185435788,-0.131761569173682,0.195760045629471
117,Within,0.630763896463817,0.772592464899468,0.854703741362213
117,Between,0.387755474996837,0.350109312375785,0.602338601936834
118,Within,0.757203628975438,0.840412818972739,0.665673519978407
118,Between,0.189814150591324,0.207246062380323,0.244046765045988
119,Within,0.601844440563991,0.601844440563991,0.761369473002639
119,Between,0.195760045629471,0.154349266746314,0.248464673298944
120,Within,0.833880851383843,0.819378575707602,0.913643367603167
120,Between,0.392831167972466,0.3780769457012,0.704514113452968
121,Within,0.928145643279408,0.884638816250686,0.906392229765047
121,Between,0.287707334289694,0.354101334510392,0.387298334620742
122,Within,0.76862061084076,0.703360370297676,0.826629713545723
122,Between,0.00737711113563317,0.0848367780597815,0.169673556119563
123,Within,0.3956270593205,0.421753374558647,0.653157880953656
123,Between,0.142009389360939,0.0239756111908078,0.112500944818406
124,Within,0.584849771388118,0.764203701280474,0.826587676895206
124,Between,0.274816987133681,0.244700057036839,0.252229289561049
125,Within,0.761369473002639,0.841131989221963,0.884638816250686
125,Between,0.443545311075645,0.383502059357981,0.613990670790304
126,Within,0.790374024355121,0.790374024355121,0.891889954088806
126,Between,0.165643115532629,0.218347743202102,0.229641591988418
127,Within,0.6940217287139,0.74860770737679,0.857779664702572
127,Between,-0.0716645262436632,-0.174319117889992,0.441608431987979
128,Within,0.709617722617583,0.779799695184157,0.701819725665741
128,Between,0.372697009948416,0.489400114073678,0.500693962859993
129,Within,0.742733818913015,0.742733818913015,0.83604208762068
129,Between,-0.027116307227332,-0.195624787854324,0.0368007026656649
130,Within,0.790374024355121,0.833880851383843,0.935396781117528
130,Between,-0.0571726113011571,-0.0165985000551746,0.0368855556781659
131,Within,0.819378575707602,0.725113783812037,0.826629713545723
131,Between,-0.0581914373962646,-0.130930734141595,0.00727392967453308
132,Within,0.819378575707602,0.783122886517,0.812127437869482
132,Between,0.247313608934125,0.243676644096858,0.309142011167656
133,Within,0.655031743954692,0.608243762243642,0.810991682991523
133,Between,0.20918294146799,0.19756166694199,0.286658104974653
134,Within,0.686748857688416,0.750198480409628,0.828577426124067
134,Between,-0.040291148201269,-0.0040291148201269,0.177281052085584
135,Within,0.826587676895206,0.881173655558097,0.881173655558097
135,Between,0.35496936030205,0.326139361495792,0.385601234033699
136,Within,0.877097725852053,0.86963306435544,0.903224041090199
136,Between,0.381881307912987,0.320052905679456,0.651016705870711
137,Within,0.549180653982186,0.640710762979217,0.649031681978947
137,Between,0.532641749108308,0.648854494368302,0.749572206926964
138,Within,0.891889954088806,0.754118335164519,0.761369473002639
138,Between,0.185339281725837,-0.0201455741006345,0.173251937265457
139,Within,0.675551865443496,0.552384950749378,0.806183441634228
139,Between,0.294125381869264,0.390824137552309,0.40291148201269
140,Within,0.619566904218897,0.600905250477364,0.653157880953656
140,Between,-0.16229644498393,-0.16229644498393,-0.0534840557333405
141,Within,0.659853543268954,0.797625162193241,0.862885402736324
141,Between,0.296928723209235,0.188116333958646,0.510864946142597
142,Within,0.746867197326398,0.674355818945195,0.870136540574445
142,Between,0.445063106571606,0.396412483586046,0.49911935433334
143,Within,0.873365395103746,0.809915772382534,0.735269157416402
143,Between,0.120467720387367,0.0677630927178939,-0.237170824512628
144,Within,0.62703156571551,0.612102242722284,0.850971410613907
144,Between,-0.0405741112459825,0.00368855556781659,0.219469056285087
145,Within,0.794986449389308,0.828577426124067,0.862168402858827
145,Between,0.218867336906323,0.131707777961327,0.228551732344656
146,Within,0.553657783580751,0.54585978662891,0.491273807966019
146,Between,0.0202870556229912,0.031352722326441,0.0405741112459825
147,Within,0.668087203946883,0.809915772382534,0.780057126396081
147,Between,0.319060056616135,0.315371501048318,0.514553501710414
148,Within,0.369500744082354,0.459076682041713,0.697945849933336
148,Between,0.0424183890298908,0.0774596669241483,0.07561538914024
149,Within,0.674355818945195,0.77587174867888,0.942647918955649
149,Between,0.451848057057532,0.52930772398168,0.608611668689737
150,Within,0.459076682041713,0.604637581225671,0.809915772382534
150,Between,0.271108834234519,0.274797389802336,0.21578050071727
151,Within,0.843506749117294,0.899491710341893,0.877097725852053
151,Between,0.609867834461045,0.655043229606307,0.734100171110517
152,Within,0.804876300031361,0.797625162193241,0.819378575707602
152,Between,-0.243444667475895,-0.232379000772445,-0.0682382780046069
153,Within,0.449570545963463,0.493077372992185,0.427817132449102
153,Between,-0.0040291148201269,-0.0201455741006345,0.257863348488122
154,Within,0.355305754067898,0.333552340553537,0.725113783812037
154,Between,0.236067556340262,0.298773000993144,0.599390279770195
155,Within,0.637381684122952,0.618771999914983,0.865350315670578
155,Between,0.044262666813799,0.186272056174738,0.394675445756375
156,Within,0.619566904218897,0.634496227212124,0.813648103130841
156,Between,0.232765749585059,0.236402714422325,0.243676644096858
157,Within,0.688858094621435,0.333552340553537,0.667104681107074
157,Between,0.27697370953632,0.104591470733995,0.0387375817533315
158,Within,0.514667798821543,0.79539568908784,0.678425734810216
158,Between,0.0697276471559966,0.102654591646328,-0.0619801308053303
159,Within,0.62703156571551,0.62703156571551,0.664354873198576
159,Between,-0.144582706891271,-0.163718653391586,-0.00850486511125124
160,Within,0.705410511429949,0.690481188436723,0.828577426124067
160,Between,-0.166571601539325,-0.0832858007696626,0.118149624347661
161,Within,0.667104681107074,0.790374024355121,0.761369473002639
161,Between,0.0829925002758732,-0.00737711113563317,0.0295084445425327
162,Within,0.731536826668095,0.746466149661322,0.731536826668095
162,Between,0.245983644133655,0.228551732344656,0.530704870020641
163,Within,0.343111865881029,0.35090986283287,0.35090986283287
163,Between,0.32459288996786,0.236067556340262,0.494266446087423
164,Within,0.656890211701963,0.697945849933336,0.765127803402855
164,Between,0.210943960561459,0.156389488002461,0.341874694703055
165,Within,0.584849771388118,0.54585978662891,0.639435750051009
165,Between,0.176255996977658,0.176255996977658,0.437734673812645
166,Within,0.362556891906019,0.471323959477824,0.449570545963463
166,Between,0.296928723209235,0.239756111908078,0.385454056836833
167,Within,0.656890211701963,0.533723297007845,0.604637581225671
167,Between,-0.0350412778942576,-0.105123833682773,0.236067556340262
168,Within,0.791254118641001,0.877097725852053,0.903224041090199
168,Between,0.319992382278943,0.455518567714731,0.470577032763152
169,Within,0.776324795647775,0.641960888708737,0.746466149661322
169,Between,0.165643115532629,0.188230813105261,0.647513997082097
170,Within,0.530263792725227,0.538061789677068,0.577051774436276
170,Between,0.362196389393649,0.238236127782988,0.478409134653644
171,Within,0.710611508135797,0.77587174867888,0.862885402736324
171,Between,0.0752923252421043,-0.101644639076841,0.327521614803154
172,Within,0.683016526940109,0.653157880953656,0.768860134151161
172,Between,0.184466196843155,0.210818510677892,0.207053894415787
173,Within,0.442319408125343,0.725113783812037,0.688858094621435
173,Between,0.040291148201269,0,0.249805118847868
174,Within,0.657352600978677,0.540859734982456,0.694796736477463
174,Between,0.0489400114073678,-0.00376461626210521,0.0752923252421043
175,Within,0.14816194208499,0.319717875025504,0.358707859784712
175,Between,0.184466196843155,0.105409255338946,0.218347743202102
176,Within,0.833880851383843,0.913643367603167,0.928145643279408
176,Between,0.400066132099319,0.476442393681917,0.658290635545244
177,Within,0.750198480409628,0.765127803402855,0.82484509537576
177,Between,-0.00193687908766657,0.0116212745259994,0.162697843363992
178,Within,0.623597854078352,0.667104681107074,0.77587174867888
178,Between,0.254587538608658,0.250950573771391,0.429161850797452
179,Within,0.910688702586813,0.86963306435544,0.888294718096973
179,Between,0.38915523758752,0.301868081493123,0.490990253030983
180,Within,0.725113783812037,0.725113783812037,0.688858094621435
180,Between,0.204714834013821,0.158607889416113,0.30246155656096
181,Within,0.892027048845279,0.892027048845279,0.906956371838506
181,Between,0.455518567714731,0.387755474996837,0.560927823053677
182,Within,0.870136540574445,0.739616059488278,0.862885402736324
182,Between,0.21499357873099,0.0890964380326624,0.309900654026652
183,Within,0.920894505441287,0.870136540574445,0.833880851383843
183,Between,0.37824434307572,0.38915523758752,0.28368325730679
184,Within,0.88083005660036,0.757663141906242,0.765127803402855
184,Between,0.323689870516722,0.312778976004922,0.47280542884465
185,Within,0.696109232459556,0.76862061084076,0.870136540574445
185,Between,-0.0165985000551746,0.0129099444873581,0.164140722767838
186,Within,0.725113783812037,0.688858094621435,0.841131989221963
186,Between,0.466602279328798,0.568037557443754,0.715579780156418
187,Within,0.216475183401783,0.130631576190731,0.574778935239218
187,Between,0.319992382278943,0.222112359464208,0.44798933519052
188,Within,0.466541343538326,0.496399989524779,0.589708258232444
188,Between,0.520085971729115,0.530996866240915,0.534633831078181
189,Within,0.675551865443496,0.630763896463817,0.753930811157935
189,Between,0.169407731794735,0.105409255338946,0.25975852208526
190,Within,0.731536826668095,0.742733818913015,0.86963306435544
190,Between,0.330963800191255,0.480079358519183,0.58918830363718
191,Within,0.61583457347059,0.641960888708737,0.690481188436723
191,Between,0.265921578128375,0.253834233667995,0.318300070790025
192,Within,0.709142842178256,0.8472390798656,0.761395472654548
192,Between,0.0890964380326624,0.112338987084661,0.170445359714658
193,Within,0.797625162193241,0.761369473002639,0.826629713545723
193,Between,0.0110656667034498,-0.0553283335172488,0.230534722988537
194,Within,0.529333062182787,0.696109232459556,0.717862645973917
194,Between,0.398364001324191,0.311682945480502,0.566193279659846
195,Within,0.405495841495762,0.49907180491786,0.79539568908784
195,Between,0.500693962859993,0.387755474996837,0.670101694654728
196,Within,0.85843607211052,0.813648103130841,0.862168402858827
196,Between,0.210818510677892,0.387755474996837,0.696454008489464
197,Within,0.772001698232315,0.873375658606256,0.849981667750731
197,Between,0.307994389912685,0.414962501379366,0.746932502482859
198,Within,0.559849612245991,0.459076682041713,0.750198480409628
198,Between,-0.0327326835353989,0.0800132264198639,0.09456108576893
199,Within,0.593440588980751,0.485202997279859,0.914421033335119
199,Between,0.176936964318945,0.150584650484209,0.417872405093679
200,Within,0.834385673847048,0.803193686039681,0.834385673847048
200,Between,0.0590168890850654,0.0903696114115064,0.127255167089672
201,Within,0.783789457144388,0.727804495919789,0.843506749117294
201,Between,0.143853667144847,0.22684616742072,0.147542222712663
202,Within,0.802451110885921,0.787521787892694,0.899491710341893
202,Between,0.276409327632257,0.301868081493123,0.545544725589981
203,Within,0.725113783812037,0.804876300031361,0.652602405430834
203,Between,0.233406208250523,0.319992382278943,0.342580079851574
204,Within,0.810991682991523,0.733011713473107,0.849981667750731
204,Between,0.174319117889992,0.249857402308988,0.255668039571988
205,Within,0.548652620001071,0.794986449389308,0.888294718096973
205,Between,0.348568501158667,0.376232667917292,0.588324613066746
206,Within,0.688858094621435,0.717862645973917,0.754118335164519
206,Between,-0.10547198028073,-0.163663417676994,-0.0363696483726654
207,Within,0.732364921650158,0.891889954088806,0.877387678412565
207,Between,0.478106265287362,0.455518567714731,0.670101694654728
208,Within,0.804876300031361,0.891889954088806,0.804876300031361
208,Between,0.569442451773972,0.476472255565977,0.6953395924723
209,Within,0.574778935239218,0.679284196191803,0.705410511429949
209,Between,0.202870556229912,0.0774596669241483,0.372544112349475
210,Within,0.727804495919789,0.798718780137614,0.936815017824959
210,Between,0.38915523758752,0.47280542884465,0.527359901403648
211,Within,0.64723374700285,0.756405704328632,0.834385673847048
211,Between,-0.278910588623987,-0.340890719429317,-0.108465228909328
212,Within,0.710611508135797,0.754118335164519,0.841131989221963
212,Between,0.221630615823108,0.183791242389894,0.48290248000482
213,Within,0.891889954088806,0.920894505441287,0.877387678412565
213,Between,0.323458807640318,0.265352435010321,0.288594984062319
214,Within,0.696109232459556,0.754118335164519,0.739616059488278
214,Between,0.0752923252421043,0.0263523138347365,0.237170824512628
215,Within,0.742733818913015,0.582243596735831,0.768860134151161
215,Between,0.271052370871575,0.207053894415787,0.304933917230522
216,Within,0.569253777484434,0.6940217287139,0.826587676895206
216,Between,-0.0516397779494322,0.0276641667586244,0.0387298334620742
217,Within,0.732364921650158,0.601844440563991,0.761369473002639
217,Between,0.0909241209316635,0.236402714422325,0.301868081493123
218,Within,0.623597854078352,0.674355818945195,0.848383127060084
218,Between,0.15123077828048,0.0534840557333405,0.330125723319585
219,Within,0.544920289252765,0.735269157416402,0.817380433879147
219,Between,0.338237729865788,0.287320222144057,0.320052905679456
220,Within,0.733011713473107,0.725213716521266,0.561455780532593
220,Between,0.131761569173682,0.218347743202102,0.00752923252421043
221,Within,0.772592464899468,0.772592464899468,0.806183441634228
221,Between,0.27277236279499,0.261861468283191,0.338237729865788
222,Within,0.732364921650158,0.616346716240232,0.797625162193241
222,Between,0.360059518889387,0.370970413401187,0.545544725589981
223,Within,0.804876300031361,0.855634264898204,0.891889954088806
223,Between,0.407340061773853,0.305505046330389,0.581914373962646
224,Within,0.601844440563991,0.638100129754593,0.841131989221963
224,Between,0.493164730335783,0.365167777424206,0.662572462130518
225,Within,0.171555932940514,0.460081820158652,0.226141911603405
225,Between,0.0914272999459509,0.187107032447527,0.172223518502838
226,Within,0.63822855796043,0.731536826668095,0.783789457144388
226,Between,-0.145697944928755,0.0184427778390829,0.206559111797729
227,Within,0.460081820158652,0.35090986283287,0.64723374700285
227,Between,0.188116333958646,0.0977467225471396,0.300617278777052
228,Within,0.374303853688395,0.577051774436276,0.733011713473107
228,Between,-0.0691023319080643,0.141841628653395,0.20003306604966
229,Within,0.682315357977868,0.794647764474224,0.832091899973009
229,Between,0.0331970001103493,0.0829925002758732,0.129099444873581
230,Within,0.787597692135998,0.725213716521266,0.818789679943364
230,Between,0.0436435780471985,0.265498433120457,0.334600765028522
231,Within,0.589708258232444,0.61583457347059,0.798718780137614
231,Between,0.163663417676994,0.163663417676994,0.232765749585059
232,Within,0.474006005034939,0.544920289252765,0.8472390798656
232,Between,0.485045057167881,0.573570390795479,0.807793669351832
233,Within,0.762804666496902,0.722848231585159,0.864511955363156
233,Between,0.408681487497647,0.389312696620981,0.596558759001305
234,Within,0.655031743954692,0.655031743954692,0.787597692135998
234,Between,0.127834019785994,0.0755382844189963,0.06779076806833
235,Within,0.819378575707602,0.746867197326398,0.848383127060084
235,Between,0.363696483726654,0.261861468283191,0.512812042054582
236,Within,0.653157880953656,0.61583457347059,0.921885694831732
236,Between,0.170937347351527,0.330963800191255,0.421887921122919
237,Within,0.347106759592515,0.328445105850982,0.339642098095901
237,Between,0.09456108576893,0.149115558327928,0.243676644096858
238,Within,0.77587174867888,0.754118335164519,0.891889954088806
238,Between,0.21578050071727,0.204714834013821,0.341191390023034
239,Within,0.877387678412565,0.797625162193241,0.841131989221963
239,Between,0.170937347351527,0.0800132264198639,0.341874694703055
240,Within,0.783122886517,0.681606956783315,0.833880851383843
240,Between,0.267289314097987,0.244046765045988,0.377691422094982
241,Within,0.511329312518005,0.630763896463817,0.589708258232444
241,Between,0.0691023319080643,0.09456108576893,0.152752523165195
242,Within,0.740809710424949,0.655031743954692,0.826587676895206
242,Between,0.135526185435788,0.0715277089799991,0.237170824512628
243,Within,0.710611508135797,0.725113783812037,0.841131989221963
243,Between,0.32253561164501,0.326139361495792,0.441459356720824
244,Within,0.466541343538326,0.541187958504458,0.679284196191803
244,Between,-0.0414107788831573,-0.0903507902905251,0.0828215577663147
245,Within,0.906956371838506,0.877097725852053,0.914421033335119
245,Between,0.492422168303514,0.38914261240465,0.59385744641847
246,Within,0.935396781117528,0.826629713545723,0.812127437869482
246,Between,0.135140619404334,0.275686863584841,0.405421858213002
247,Within,0.848383127060084,0.877387678412565,0.884638816250686
247,Between,0.196396101212393,0.301868081493123,0.298231116655856
248,Within,0.601844440563991,0.746867197326398,0.616346716240232
248,Between,0.110656667034498,0.252666056395436,0.121722333737947
249,Within,0.703360370297676,0.761369473002639,0.913643367603167
249,Between,0.237170824512628,0.143055417959998,0.436695486404205
250,Within,0.739616059488278,0.638100129754593,0.717862645973917
250,Between,0.250950573771391,0.20003306604966,0.381881307912987
251,Within,0.668087203946883,0.597172919729057,0.783789457144388
251,Between,0.124902559423934,0.0362620333811421,0.314270955969898
252,Within,0.166418379994602,0.40356457148691,0.611587546480162
252,Between,0.176255996977658,0.153013447925659,0.395123333883981
253,Within,0.742733818913015,0.768860134151161,0.806183441634228
253,Between,0.254587538608658,0.203670030886926,0.236402714422325
254,Within,0.798718780137614,0.690481188436723,0.791254118641001
254,Between,0.379921223485108,0.247133223043711,0.387298334620742
255,Within,0.877097725852053,0.794986449389308,0.929350356328346
255,Between,-0.034019460445005,-0.123320544113143,0.223252709170345
256,Within,0.586624789480972,0.619908465479892,0.49509468048394
256,Between,0.278581603395786,0.124232336649472,0.293640068444207
257,Within,0.39769784454392,0.444485826254969,0.54585978662891
257,Between,0,0.0181848241863327,-0.0800132264198639
258,Within,0.505335172300164,0.381385035698237,0.438592791052972
258,Between,0.0301169300968417,0.0150584650484209,0.0715277089799991
259,Within,0.592647768339959,0.592647768339959,0.6940217287139
259,Between,0.180739222823013,0.202870556229912,0.118033778170131
260,Within,0.828577426124067,0.765127803402855,0.802451110885921
260,Between,0.214580925398726,0.258224503445924,0.560092584939047
261,Within,0.86963306435544,0.906956371838506,0.892027048845279
261,Between,0.091895621194947,0.122527494926596,0.282894363286405
262,Within,0.772592464899468,0.772592464899468,0.712875172926562
262,Between,-0.0376461626210521,0.00752923252421043,0.0865861740284199
263,Within,0.66062254245027,0.668087203946883,0.832309756872374
263,Between,0.38915523758752,0.396429167262053,0.458257569495584
264,Within,0.638100129754593,0.76862061084076,0.848383127060084
264,Between,0.29139588985751,0.322748612183951,0.444470945921899
265,Within,0.696109232459556,0.913643367603167,0.761369473002639
265,Between,0.0602338601936834,-0.0752923252421043,0.474341649025257
266,Within,0.62703156571551,0.697945849933336,0.436682697551873
266,Between,0.0929701962079955,0.0193687908766657,0.182066634240658
267,Within,0.884562387348666,0.806183441634228,0.82484509537576
267,Between,0.417872405093679,0.35387392863789,0.459283183976836
268,Within,0.696027690149282,0.610216057117179,0.429058165160517
268,Between,0.172382238802325,0.234362369607655,0.255668039571988
269,Within,0.828577426124067,0.757663141906242,0.854703741362213
269,Between,0.494627217868249,0.338237729865788,0.520085971729115
270,Within,0.709617722617583,0.639435750051009,0.764203701280474
270,Between,-0.0414107788831573,-0.105409255338946,-0.0338815463589469
271,Within,0.740809710424949,0.584849771388118,0.725213716521266
271,Between,0.389312696620981,0.164634722451659,0.455166585601645
272,Within,0.710611508135797,0.652602405430834,0.761369473002639
272,Between,0.181310166905711,0.0966987556830456,0.511697582156116
273,Within,0.493077372992185,0.652602405430834,0.790374024355121
273,Between,0.201809991643805,0.17658374268833,0.32253561164501
274,Within,0.503864651021392,0.485202997279859,0.585975927484138
274,Between,-0.108812389250589,-0.165985000551746,0.0811482224919649
275,Within,0.655031743954692,0.639435750051009,0.678425734810216
275,Between,0.142009389360939,0.171517833903471,0.461069445977073
276,Within,0.366505856736554,0.670627737858375,0.49907180491786
276,Between,0.451292827426311,0.493904167354976,0.650791373455968
277,Within,0.683016526940109,0.750198480409628,0.832309756872374
277,Between,0.131536869553552,0.0648674973140803,0.0468487480601691
278,Within,0.601844440563991,0.558337613535269,0.732364921650158
278,Between,0.35387392863789,0.387755474996837,0.485635497811573
279,Within,0.574778935239218,0.757663141906242,0.877097725852053
279,Between,0.407340061773853,0.549181690427248,0.654653670707977
280,Within,0.585975927484138,0.705410511429949,0.683016526940109
280,Between,0.25975852208526,0.350109312375785,0.602338601936834
281,Within,0.674355818945195,0.667104681107074,0.790374024355121
281,Between,0.184427778390829,0.00368855556781659,0.0977467225471396
282,Within,0.6940217287139,0.701819725665741,0.740809710424949
282,Between,-0.0509175077217316,-0.0400066132099319,0.0436435780471985
283,Within,0.717862645973917,0.674355818945195,0.833880851383843
283,Between,0.293640068444207,0.214583126939997,0.154349266746314
284,Within,0.559849612245991,0.705410511429949,0.619566904218897
284,Between,0.256354611963253,0.180739222823013,0.409429668027641
285,Within,0.710611508135797,0.819378575707602,0.812127437869482
285,Between,0.250950573771391,0.258224503445924,0.334600765028522
286,Within,0.710611508135797,0.601844440563991,0.812127437869482
286,Between,0.0903696114115064,0.031352722326441,0.258198889747161
287,Within,0.492667658776472,0.608369911973977,0.66062254245027
287,Between,0.047280542884465,0.0436435780471985,-0.0545544725589981
288,Within,0.848383127060084,0.812127437869482,0.826629713545723
288,Between,0.302183611509518,0.471406433954847,0.628541911939797
289,Within,0.797625162193241,0.841131989221963,0.841131989221963
289,Between,0.278581603395786,0.161878499270524,0.210818510677892
290,Within,0.833880851383843,0.833880851383843,0.899141091926926
290,Between,0.496929346597888,0.530810892956835,0.658807845868412
291,Within,0.791254118641001,0.798718780137614,0.877097725852053
291,Between,0.462914101952311,0.441608431987979,0.635296340754636
292,Within,0.803193686039681,0.725213716521266,0.849981667750731
292,Between,0.544263023634307,0.505525441880976,0.650791373455968
293,Within,0.740809710424949,0.764203701280474,0.631637753099167
293,Between,0.244700057036839,0.214583126939997,0.44046010266631
294,Within,0.328445105850982,0.496399989524779,0.731536826668095
294,Between,0.0497955001655239,0.145697944928755,-0.145697944928755
295,Within,0.884562387348666,0.82484509537576,0.813648103130841
295,Between,0.264875614032494,0.317129986868837,0.416233107765348
296,Within,0.652602405430834,0.638100129754593,0.877387678412565
296,Between,0.361478445646025,0.385454056836833,0.485045057167881
297,Within,0.794986449389308,0.776324795647775,0.828577426124067
297,Between,-0.105409255338946,-0.17317234805684,-0.109173871601051
298,Within,0.899141091926926,0.899141091926926,0.906392229765047
298,Between,0.160760964276326,0.0832858007696626,0.300216258588319
299,Within,0.949899056793769,0.957150194631889,0.928145643279408
299,Between,0.356422554052121,0.414613991448386,0.571003479450847
300,Within,0.604637581225671,0.593440588980751,0.686748857688416
300,Between,0.263731723098886,0.14016511157703,0.0903696114115064
301,Within,0.826629713545723,0.870136540574445,0.899141091926926
301,Between,0.338815463589469,0.372697009948416,0.568457055577887
302,Within,0.561455780532593,0.639435750051009,0.810991682991523
302,Between,0.421637021355784,0.402813940045258,0.323756998541048
303,Within,0.850971410613907,0.862168402858827,0.806183441634228
303,Between,0.156389488002461,0.0836501912571304,0.18912217153786
304,Within,0.746466149661322,0.724072165171482,0.735269157416402
304,Between,0.222112359464208,0.304933917230522,0.308698533492627
305,Within,0.850971410613907,0.85843607211052,0.929350356328346
305,Between,0.429161850797452,0.327326835353989,0.611010092660779
306,Within,0.783122886517,0.739616059488278,0.819378575707602
306,Between,0.490577890519606,0.381765501269017,0.654718613287444
307,Within,0.432950366803567,0.481470666531552,0.481470666531552
307,Between,0.307994389912685,0.197337722878187,0.365167001213842
308,Within,0.57283988921151,0.58009102704963,0.565588751373389
308,Between,0.0871595589449958,-0.14139217339966,0.242109885958322
309,Within,0.701678180681642,0.731536826668095,0.86963306435544
309,Between,-0.0752923252421043,-0.052704627669473,0.225876975726313
310,Within,0.428889832351286,0.608243762243642,0.772001698232315
310,Between,0.185485206700594,0.174574312188794,0.265498433120457
311,Within,0.833880851383843,0.783122886517,0.826629713545723
311,Between,0.291903737913361,0.299111237614926,0.445063106571606
312,Within,0.812127437869482,0.870136540574445,0.855634264898204
312,Between,-0.112938487863156,-0.282346219657891,-0.244700057036839
313,Within,0.761395472654548,0.697945849933336,0.768860134151161
313,Between,0.323689870516722,0.312778976004922,0.490990253030983
314,Within,0.818789679943364,0.826587676895206,0.873375658606256
314,Between,0.0387298334620742,0.0276641667586244,0.352257056726484
315,Within,0.810443200858753,0.829512452643665,0.829512452643665
315,Between,0.178894945039104,0.296928723209235,0.354101334510392
316,Within,0.724072165171482,0.765127803402855,0.888294718096973
316,Between,0.507176390574781,0.492422168303514,0.547750501820763
317,Within,0.492667658776472,0.533723297007845,0.556117281497685
317,Between,0.0691023319080643,0.141841628653395,0.247313608934125
318,Within,0.832309756872374,0.791254118641001,0.899491710341893
318,Between,0.184427778390829,0.202870556229912,0.333814278887401
319,Within,0.561455780532593,0.592647768339959,0.670627737858375
319,Between,0.0846114112226649,0.197426626186218,0.398882367192563
320,Within,0.612102242722284,0.697945849933336,0.854703741362213
320,Between,0.188116333958646,0.23791183412417,0.385454056836833
321,Within,0.6940217287139,0.678425734810216,0.655031743954692
321,Between,0.230534722988537,0.219469056285087,0.287707334289694
322,Within,0.572077553547355,0.629285308902091,0.696027690149282
322,Between,0.304933917230522,0.244700057036839,0.478106265287362
323,Within,0.717862645973917,0.667104681107074,0.804876300031361
323,Between,0.407585390243733,0.383609779052925,0.44262666813799
324,Within,0.600905250477364,0.619566904218897,0.839774418368987
324,Between,0.225876975726313,0.18070158058105,0.421637021355784
325,Within,0.681606956783315,0.703360370297676,0.761369473002639
325,Between,0.191804889526463,0.0977467225471396,0.269264556450611
326,Within,0.703360370297676,0.710611508135797,0.877387678412565
326,Between,0.214580925398726,0.334600765028522,0.323689870516722
327,Within,0.746867197326398,0.790374024355121,0.746867197326398
327,Between,0.326139361495792,0.385601234033699,0.374789984481353
328,Within,0.906956371838506,0.850971410613907,0.906956371838506
328,Between,0.09456108576893,0.10547198028073,0.109108945117996
329,Within,0.591146805332267,0.448127416945428,0.77230469728893
329,Between,0.184466196843155,0.109173871601051,0.323756998541048
330,Within,0.436687829303128,0.475677814062336,0.662829740906533
330,Between,0.290531863149986,0.315711291289651,0.460977222864644
331,Within,0.735269157416402,0.746466149661322,0.776324795647775
331,Between,0.272083113734059,0.376591859406744,0.385601234033699
332,Within,0.66062254245027,0.701678180681642,0.862168402858827
332,Between,0.272953112018427,0.0571726113011571,0.341191390023034
333,Within,0.506869801869702,0.452283823206811,0.600445765291801
333,Between,0.112500944818406,0.0774596669241483,0.14016511157703
334,Within,0.561455780532593,0.670627737858375,0.717415719569424
334,Between,0.410343172569468,0.350109312375785,0.417872405093679
335,Within,0.475677814062336,0.514667798821543,0.592647768339959
335,Between,0.228690445204628,0.330125723319585,0.309838667696593
336,Within,0.906956371838506,0.862168402858827,0.899491710341893
336,Between,0.270281238808668,0.246856864778583,0.291903737913361
337,Within,0.76862061084076,0.877387678412565,0.913643367603167
337,Between,0.250950573771391,0.236402714422325,0.581914373962646
338,Within,0.802451110885921,0.772592464899468,0.761395472654548
338,Between,0.169673556119563,0.15123077828048,0.485045057167881
339,Within,0.891889954088806,0.76862061084076,0.913643367603167
339,Between,0.344879945590851,0.354101334510392,0.658407168855261
340,Within,0.906956371838506,0.892027048845279,0.921885694831732
340,Between,0.181848241863327,0.243676644096858,0.265498433120457
341,Within,0.645351267592713,0.761369473002639,0.848383127060084
341,Between,0.459283183976836,0.598573985674729,0.557163206791572
342,Within,0.855634264898204,0.899141091926926,0.826629713545723
342,Between,0.334600765028522,0.225491819910525,0.538270795915448
343,Within,0.716607503674869,0.765127803402855,0.86963306435544
343,Between,0.523281660432625,0.53457550921894,0.53457550921894
344,Within,0.600445765291801,0.639435750051009,0.764203701280474
344,Between,0.146820034222103,0.195760045629471,0.391520091258942
345,Within,0.733011713473107,0.670627737858375,0.787597692135998
345,Between,0.352785589214854,0.323689870516722,0.305505046330389
346,Within,0.83604208762068,0.83604208762068,0.892027048845279
346,Between,0.432798815634718,0.425524885960185,0.618284022335312
347,Within,0.756405704328632,0.865577661654414,0.888971652509939
347,Between,0.59385744641847,0.555127612956396,0.813326502703557
348,Within,0.64723374700285,0.79539568908784,0.818789679943364
348,Between,0.421637021355784,0.44046010266631,0.511987811646309
349,Within,0.740809710424949,0.834385673847048,0.74860770737679
349,Between,-0.312463149754733,-0.225876975726313,-0.169407731794735
350,Within,0.63822855796043,0.776324795647775,0.906956371838506
350,Between,0.168508480626992,0.118149624347661,0.41255524567298
351,Within,0.63822855796043,0.653157880953656,0.850971410613907
351,Between,-0.101644639076841,-0.150584650484209,0.116703104125262
352,Within,0.511329312518005,0.518793974014619,0.608369911973977
352,Between,-0.0752923252421043,-0.0715277089799991,0
353,Within,0.690636276977598,0.653192141478812,0.761364088475303
353,Between,-0.044262666813799,-0.103279555898864,0.00368855556781659
354,Within,0.761369473002639,0.790374024355121,0.710611508135797
354,Between,0.252666056395436,0.130943722657489,0.271108834234519
355,Within,0.828577426124067,0.862168402858827,0.776324795647775
355,Between,0.0903507902905251,-0.00376461626210521,0.0903507902905251
356,Within,0.888971652509939,0.865577661654414,0.873375658606256
356,Between,0.327521614803154,0.338815463589469,0.387755474996837
357,Within,0.870136540574445,0.797625162193241,0.848383127060084
357,Between,0.474341649025257,0.61363245072315,0.719041706062096
358,Within,0.812127437869482,0.833880851383843,0.841131989221963
358,Between,-0.0184427778390829,-0.0165985000551746,0.230534722988537
359,Within,0.725113783812037,0.790374024355121,0.862885402736324
359,Between,0.290957186981323,0.258224503445924,0.320052905679456
360,Within,0.780057126396081,0.806183441634228,0.873365395103746
360,Between,0.163663417676994,0.330963800191255,0.312778976004922
361,Within,0.88083005660036,0.843506749117294,0.854703741362213
361,Between,0.631422582579303,0.538452386371307,0.654665131631302
362,Within,0.652602405430834,0.826629713545723,0.826629713545723
362,Between,0.464850981039978,0.472598497390644,0.55394741907264
363,Within,0.715096941934194,0.667423812471915,0.715096941934194
363,Between,-0.116382874792529,-0.0981980506061966,-0.0981980506061966
364,Within,0.485202997279859,0.511329312518005,0.694213519185029
364,Between,0.0188230813105261,0.0715277089799991,0.146820034222103
365,Within,0.797625162193241,0.761369473002639,0.804876300031361
365,Between,0.254064364480148,0.293705612838752,0.342356235824312
366,Within,0.862885402736324,0.870136540574445,0.913643367603167
366,Between,0.331286231065259,0.286110835919996,0.387755474996837
367,Within,0.500328510830306,0.471323959477824,0.645351267592713
367,Between,0.0941154065526303,0.0715277089799991,0.161878499270524
368,Within,0.813648103130841,0.914421033335119,0.899491710341893
368,Between,0.272953112018427,0.201026278446004,0.411273945811549
369,Within,0.630763896463817,0.604637581225671,0.712875172926562
369,Between,0.309900654026652,0.182066634240658,0.526831111845308
370,Within,0.839774418368987,0.843506749117294,0.850971410613907
370,Between,0.207215616419979,0.236045615226236,0.149555618807463
371,Within,0.567314273742604,0.414288713062034,0.683016526940109
371,Between,-0.18070158058105,-0.410343172569468,-0.161878499270524
372,Within,0.870136540574445,0.826629713545723,0.891889954088806
372,Between,0.189960611742554,0.143853667144847,0.385454056836833
373,Within,0.958398736710425,0.860697894618586,0.907222105138509
373,Between,0.152752523165195,0.20003306604966,0.312778976004922
374,Within,0.507579648668426,0.76862061084076,0.812127437869482
374,Between,0.0202870556229912,0.121722333737947,0.261887445314978
375,Within,0.652602405430834,0.638100129754593,0.841131989221963
375,Between,0.0464850981039978,-0.162697843363992,0.14139217339966
376,Within,0.709617722617583,0.655031743954692,0.787597692135998
376,Between,0.0221313334068995,-0.00737711113563317,0.217624778501179
377,Within,0.717862645973917,0.58734216488775,0.565588751373389
377,Between,0.0865861740284199,0.0263523138347365,0.248464673298944
378,Within,0.276192475374689,0.369500744082354,0.444147359048486
378,Between,0.210247667365545,0.114345222602314,0.145697944928755
379,Within,0.854703741362213,0.802451110885921,0.83604208762068
379,Between,0.342580079851574,0.240935440774734,0.4329308701421
380,Within,0.681606956783315,0.841131989221963,0.928145643279408
380,Between,0.145697944928755,0.177050667255196,0.402052556892008
381,Within,0.630848991916472,0.601844440563991,0.739616059488278
381,Between,-0.170097302225025,-0.465641364841006,-0.165844869669399
382,Within,0.787597692135998,0.787597692135998,0.849981667750731
382,Between,0.0363696483726654,0.192759136375127,0.454620604658318
383,Within,0.645693219457043,0.739001488164708,0.735269157416402
383,Between,0.280046292469524,0.280046292469524,0.0290957186981323
384,Within,0.697945849933336,0.66062254245027,0.750198480409628
384,Between,0.158113883008419,0.165643115532629,0.0602338601936834
385,Within,0.731536826668095,0.668087203946883,0.772592464899468
385,Between,0.294125381869264,0.310241841149771,0.737328012083223
386,Within,0.772001698232315,0.826587676895206,0.64723374700285
386,Between,0.132960789064188,0.310241841149771,0.225630429927106
387,Within,0.410556382313727,0.421753374558647,0.470273674286633
387,Between,0.271052370871575,0.184466196843155,0.342580079851574
388,Within,0.761369473002639,0.76862061084076,0.819378575707602
388,Between,0.408681487497647,0.400933971146981,0.577189968124639
389,Within,0.742733818913015,0.697945849933336,0.720339834423176
389,Between,0.323689870516722,0.47280542884465,0.429161850797452
390,Within,0.710611508135797,0.783122886517,0.928145643279408
390,Between,0.0793039447080566,0.201026278446004,0.14016511157703
391,Within,0.679284196191803,0.690481188436723,0.787521787892694
391,Between,0.25975852208526,0.255993905823155,0.342580079851574
392,Within,0.681606956783315,0.732364921650158,0.891889954088806
392,Between,0.312778976004922,0.469168464007384,0.436435780471985
393,Within,0.616346716240232,0.435068270287222,0.826629713545723
393,Between,0.116212745259994,0.133644657048994,0.185940392415991
394,Within,0.653192141478812,0.719759493476653,0.644871222479082
394,Between,0.293640068444207,0.323756998541048,0.538340125481045
395,Within,0.854703741362213,0.768860134151161,0.8472390798656
395,Between,0.28368325730679,0.385518272750253,0.723756002616041
396,Within,0.809915772382534,0.865900733607133,0.731536826668095
396,Between,0.285863056505785,0.315371501048318,0.348568501158667
397,Within,0.720339834423176,0.802451110885921,0.839774418368987
397,Between,-0.0129099444873581,-0.0534840557333405,0.0368855556781659
398,Within,0.623839756147325,0.701819725665741,0.888971652509939
398,Between,0.298773000993144,0.30246155656096,0.586480335282837
399,Within,0.779799695184157,0.772001698232315,0.803193686039681
399,Between,0.123566611521856,0.204714834013821,0.221313334068995
400,Within,0.8472390798656,0.85843607211052,0.906956371838506
400,Between,0.243676644096858,0.334600765028522,0.123656804467062
401,Within,0.862885402736324,0.833880851383843,0.935396781117528
401,Between,0.407340061773853,0.407340061773853,0.596462233311713
402,Within,0.49907180491786,0.421091835399445,0.779799695184157
402,Between,0.123656804467062,0.156389488002461,0.280046292469524
403,Within,0.384430067075581,0.436682697551873,0.630763896463817
403,Between,0.199524661891576,0.120467720387367,0.191995429367366
404,Within,0.41802104381034,0.515061643266312,0.612102242722284
404,Between,-0.127293769304329,-0.0836501912571304,-0.0545544725589981
405,Within,0.740809710424949,0.701819725665741,0.779799695184157
405,Between,-0.197337722878187,-0.0848367780597815,-0.0829925002758732
406,Within,0.652602405430834,0.57283988921151,0.855634264898204
406,Between,0.451848057057532,0.483200779383973,0.612300224257553
407,Within,0.399359390068807,0.600905250477364,0.817380433879147
407,Between,0.377691422094982,0.309900654026652,0.464850981039978
408,Within,0.803193686039681,0.772001698232315,0.74860770737679
408,Between,0.304090016763652,0.319585049464985,0.414492124760647
409,Within,0.828577426124067,0.850971410613907,0.86963306435544
409,Between,0.35053298935104,0.51975581179637,0.290096267049137
410,Within,0.507596981769699,0.541187958504458,0.724072165171482
410,Between,0.293640068444207,0.184466196843155,0.444224718928415
411,Within,0.679284196191803,0.608369911973977,0.731536826668095
411,Between,0.185940392415991,-0.013558153613666,0.28278434679932
412,Within,0.794986449389308,0.862168402858827,0.892027048845279
412,Between,-0.10547198028073,-0.10547198028073,-0.0290957186981323
413,Within,0.593440588980751,0.608369911973977,0.746466149661322
413,Between,0.0225876975726313,-0.0376461626210521,-0.143055417959998
414,Within,0.761369473002639,0.790374024355121,0.848383127060084
414,Between,0.269264556450611,0.285863056505785,0.416806779163274
415,Within,0.862168402858827,0.817380433879147,0.798718780137614
415,Between,0.403896834675916,0.333814278887401,0.69160416896561
416,Within,0.712875172926562,0.645693219457043,0.772592464899468
416,Between,0.432798815634718,0.261861468283191,0.530996866240915
417,Within,0.645351267592713,0.529333062182787,0.58734216488775
417,Between,0.466602279328798,0.437093834786266,0.466602279328798
418,Within,0.514830786506546,0.623597854078352,0.710611508135797
418,Between,-0.130943722657489,-0.0719268335724234,-0.0885253336275981
419,Within,0.884562387348666,0.914421033335119,0.929350356328346
419,Between,0.363696483726654,0.476442393681917,0.461894534332851
420,Within,0.809915772382534,0.862168402858827,0.85843607211052
420,Between,0.192759136375127,0.247313608934125,0.392792202424786
421,Within,0.62703156571551,0.526258635511232,0.62703156571551
421,Between,-0.0903507902905251,-0.289875452182101,-0.0225876975726313
422,Within,0.709142842178256,0.724072165171482,0.761395472654548
422,Between,-0.165643115532629,-0.101644639076841,0.120467720387367
423,Within,0.884638816250686,0.884638816250686,0.891889954088806
423,Between,0.398364001324191,0.444470945921899,0.74508822469895
424,Within,0.623299234967204,0.735269157416402,0.8472390798656
424,Between,0.210818510677892,0.248464673298944,0.474341649025257
425,Within,0.77587174867888,0.812127437869482,0.920894505441287
425,Between,0.241600389691986,0.130943722657489,0.374388390133384
426,Within,0.664354873198576,0.64942555020535,0.921885694831732
426,Between,0.267420278666703,0.182583500606921,0.381765501269017
427,Within,0.826629713545723,0.746867197326398,0.58009102704963
427,Between,-0.109173871601051,-0.120467720387367,0.135526185435788
428,Within,0.720339834423176,0.731536826668095,0.735269157416402
428,Between,0.280847467711653,0.207246062380323,0.342827598516983
429,Within,0.709617722617583,0.764203701280474,0.873375658606256
429,Between,0.331970001103493,0.317215778832227,0.553283335172488
430,Within,0.696109232459556,0.710611508135797,0.891889954088806
430,Between,0.446315223705807,0.416806779163274,0.568037557443754
431,Within,0.703360370297676,0.565588751373389,0.616346716240232
431,Between,0.493904167354976,0.311837533114318,0.668223285244968
432,Within,0.688858094621435,0.688858094621435,0.746867197326398
432,Between,0.410343172569468,0.380226242472627,0.508223195384204
433,Within,0.881173655558097,0.881173655558097,0.740809710424949
433,Between,0.0602338601936834,0.165643115532629,0.165643115532629
434,Within,0.653157880953656,0.783789457144388,0.906956371838506
434,Between,0.477667946032248,0.55143905738858,0.656562891071352
435,Within,0.235136837143316,0.23140450639501,0.488935328028166
435,Between,-0.0553283335172488,-0.0258198889747161,0.230534722988537
436,Within,0.798718780137614,0.839774418368987,0.817380433879147
436,Between,-0.26728775460947,-0.286110835919996,0.0451753951452626
437,Within,0.638100129754593,0.630848991916472,0.891889954088806
437,Between,0.284721225886986,0.364133268481316,0.331206323990984
438,Within,0.802451110885921,0.794986449389308,0.877097725852053
438,Between,-0.110656667034498,0.0221313334068995,0.0461069445977073
439,Within,0.803193686039681,0.79539568908784,0.834385673847048
439,Between,0.09456108576893,0.141841628653395,0.116382874792529
440,Within,0.82484509537576,0.780057126396081,0.850971410613907
440,Between,0.00553283335172488,-0.175206389471288,0.182583500606921
441,Within,0.739616059488278,0.754118335164519,0.674355818945195
441,Between,0.0828215577663147,0.0903507902905251,0.222112359464208
442,Within,0.761369473002639,0.812127437869482,0.790374024355121
442,Between,0.300913112540317,0.349563735525877,0.389204983884481
443,Within,0.66062254245027,0.683016526940109,0.877097725852053
443,Between,0.195493445094279,0.21578050071727,0.293240167641419
444,Within,0.551086475697148,0.609095578402111,0.804876300031361
444,Between,0.431924036549646,0.460977222864644,0.550073660897307
445,Within,0.832309756872374,0.843506749117294,0.82484509537576
445,Between,0.250950573771391,0.221854855073259,0.523722936566382
446,Within,0.61583457347059,0.64942555020535,0.809915772382534
446,Between,0.265352435010321,0.220804215993989,0.730203416050298
447,Within,0.772001698232315,0.686223731762058,0.74860770737679
447,Between,0.238138741027557,0.243676851284012,0.542734805132571
448,Within,0.742733818913015,0.641960888708737,0.776324795647775
448,Between,0.344879945590851,0.344879945590851,0.568037557443754
449,Within,0.66062254245027,0.739001488164708,0.865900733607133
449,Between,0.363696483726654,0.334600765028522,0.505538112380049
450,Within,0.655031743954692,0.787597692135998,0.888971652509939
450,Between,0.505332112790872,0.549594779604671,0.641808668800086
451,Within,0.612102242722284,0.612102242722284,0.727804495919789
451,Between,0.293640068444207,0.18070158058105,0.207053894415787
452,Within,0.841131989221963,0.623597854078352,0.819378575707602
452,Between,0.234362369607655,-0.0600432517176638,0.55394741907264
453,Within,0.703360370297676,0.761369473002639,0.848383127060084
453,Between,0.316227766016838,0.308698533492627,0.436695486404205
454,Within,0.88083005660036,0.88083005660036,0.892027048845279
454,Between,0.305505046330389,0.385518272750253,0.520085971729115
455,Within,0.548652620001071,0.656890211701963,0.750198480409628
455,Between,-0.225876975726313,-0.161878499270524,0.304933917230522
456,Within,0.794986449389308,0.794986449389308,0.862168402858827
456,Between,0.263731723098886,0.350412778942576,0.411273945811549
457,Within,0.491273807966019,0.491273807966019,0.389899847592078
457,Between,0.505332112790872,0.466602279328798,0.534840557333405
458,Within,0.703360370297676,0.681606956783315,0.761369473002639
458,Between,0.112938487863156,0.0865861740284199,0.195760045629471
459,Within,0.57283988921151,0.58734216488775,0.398812581096621
459,Between,0.108465228909328,0.040674460840998,0.172382238802325
460,Within,0.82484509537576,0.787521787892694,0.735269157416402
460,Between,0.500693962859993,0.459283183976836,0.560927823053677
461,Within,0.659853543268954,0.761369473002639,0.754118335164519
461,Between,0.357789890078209,0.365167001213842,0.595701724202379
462,Within,0.674355818945195,0.725113783812037,0.790374024355121
462,Between,0.274797389802336,0.311682945480502,0.32459288996786
463,Within,0.818789679943364,0.849981667750731,0.772001698232315
463,Between,0.414613991448386,0.370970413401187,0.443709710146518
464,Within,0.756405704328632,0.810991682991523,0.834385673847048
464,Between,0.127996952911577,0.184466196843155,0.237170824512628
465,Within,0.623597854078352,0.59459330272587,0.754118335164519
465,Between,0.0225876975726313,-0.0639984764557886,0.0715277089799991
466,Within,0.732364921650158,0.76862061084076,0.899141091926926
466,Between,-0.143853667144847,0.14016511157703,0.094058166979323
467,Within,0.6940217287139,0.779799695184157,0.787597692135998
467,Between,-0.0581914373962646,0.101835015443463,0.047280542884465
468,Within,0.477738335783246,0.287389467619609,0.496399989524779
468,Between,0.0941154065526303,0.0865861740284199,0.248464673298944
469,Within,0.753930811157935,0.787521787892694,0.921885694831732
469,Between,0.341874694703055,0.37824434307572,0.436435780471985
470,Within,0.739616059488278,0.652602405430834,0.797625162193241
470,Between,-0.247133223043711,-0.178894945039104,-0.145697944928755
471,Within,0.761369473002639,0.754118335164519,0.732364921650158
471,Between,0.127996952911577,0.052704627669473,0.237170824512628
472,Within,0.942647918955649,0.899141091926926,0.96440133247001
472,Between,0.0828215577663147,-0.0489400114073678,0.308698533492627
473,Within,0.877387678412565,0.826629713545723,0.855634264898204
473,Between,0.514553501710414,0.510864946142597,0.394675445756375
474,Within,0.77587174867888,0.754118335164519,0.761369473002639
474,Between,0.327326835353989,0.265498433120457,0.414613991448386
475,Within,0.507576058983536,0.520057437483131,0.594945708480702
475,Between,0.237170824512628,0.0376461626210521,0.116703104125262
476,Within,0.600905250477364,0.600905250477364,0.813648103130841
476,Between,0.38914261240465,0.385454056836833,0.564349001875938
477,Within,0.739001488164708,0.787521787892694,0.903224041090199
477,Between,0.35387392863789,0.225876975726313,0.466812416501046
478,Within,0.703867867877186,0.718738315790084,0.639429260254627
478,Between,0.0639984764557886,0.0639984764557886,0.255993905823155
479,Within,0.3956270593205,0.388162397823887,0.645693219457043
479,Between,0.323756998541048,0.323756998541048,0.399049323783153
480,Within,0.765127803402855,0.809915772382534,0.768860134151161
480,Between,0.0846114112226649,0.0966987556830456,0.334416530070533
481,Within,0.906956371838506,0.757663141906242,0.854703741362213
481,Between,-0.0581914373962646,0.0290957186981323,-0.0981980506061966
482,Within,0.667104681107074,0.717862645973917,0.703360370297676
482,Between,0.293240167641419,0.14016511157703,0.405741112459825
483,Within,0.656890211701963,0.67181953469519,0.645693219457043
483,Between,0.0363696483726654,0.0327326835353989,0.163663417676994
484,Within,0.416045949986505,0.353639057488529,0.657352600978677
484,Between,0.439173515393832,0.447231745034086,0.721211552802715
485,Within,0.645351267592713,0.652602405430834,0.797625162193241
485,Between,0.122023382522994,0.027116307227332,-0.0813489216819961
486,Within,0.466541343538326,0.485202997279859,0.600905250477364
486,Between,-0.0866810558436898,-0.00737711113563317,-0.221313334068995
487,Within,0.405495841495762,0.382101850640237,0.389899847592078
487,Between,0.0338815463589469,0.0489400114073678,0.414107788831573
488,Within,0.88083005660036,0.888294718096973,0.929350356328346
488,Between,0.142348119105898,0.216224991046934,0.163970618210592
489,Within,0.58734216488775,0.674355818945195,0.783122886517
489,Between,0.254064364480148,0.272083113734059,0.367582484779788
490,Within,0.614119578862991,0.837435789358624,0.609467157810998
490,Between,0.323756998541048,0.248464673298944,0.342580079851574
491,Within,0.884638816250686,0.841131989221963,0.891889954088806
491,Between,0.127996952911577,0.0376461626210521,0.395284707521047
492,Within,0.772592464899468,0.82484509537576,0.877097725852053
492,Between,0.245054989853192,0.279290613435623,0.293705612838752
493,Within,0.739616059488278,0.58009102704963,0.739616059488278
493,Between,-0.0376461626210521,-0.124232336649472,0.17317234805684
494,Within,0.854703741362213,0.906956371838506,0.82484509537576
494,Between,0.418651056947183,0.590168890850654,0.728489724643776
495,Within,0.797625162193241,0.848383127060084,0.848383127060084
495,Between,-0.18912217153786,-0.156389488002461,-0.160026452839728
496,Within,0.819378575707602,0.855634264898204,0.877387678412565
496,Between,0.161878499270524,0.240935440774734,0.395284707521047
497,Within,0.62703156571551,0.783789457144388,0.895759379593586
497,Between,0.207306995724193,0.192759136375127,0.28368325730679
498,Within,0.511329312518005,0.567314273742604,0.899491710341893
498,Between,0.300913112540317,0.363978734929006,0.495515604482557
499,Within,0.757663141906242,0.63822855796043,0.783789457144388
499,Between,0.210247667365545,0.16229644498393,0.433405279218449
500,Within,0.783122886517,0.761369473002639,0.848383127060084
500,Between,0.287707334289694,0.252666056395436,0.368855556781659
501,Within,0.761395472654548,0.750198480409628,0.906956371838506
501,Between,0.410343172569468,0.323756998541048,0.368932393686311
502,Within,0.791254118641001,0.83604208762068,0.768860134151161
502,Between,0.300617278777052,0.175206389471288,0.269264556450611
503,Within,0.761369473002639,0.76862061084076,0.804876300031361
503,Between,0.247313608934125,0.287320222144057,0.0654653670707977
504,Within,0.664354873198576,0.604637581225671,0.716607503674869
504,Between,-0.00737711113563317,-0.07561538914024,0.105123833682773
505,Within,0.790374024355121,0.77587174867888,0.645351267592713
505,Between,0.509020668358689,0.48688933495179,0.461069445977073
506,Within,0.841131989221963,0.920894505441287,0.76862061084076
506,Between,0.0414107788831573,-0.0677630927178939,0.248464673298944
507,Within,0.798718780137614,0.776324795647775,0.742733818913015
507,Between,0.552010539984973,0.490030409179643,0.600432517176638
508,Within,0.797625162193241,0.77587174867888,0.870136540574445
508,Between,0.0288299988062579,0.136942494329725,0.0792824967172092
509,Within,0.619566904218897,0.571046604490911,0.600905250477364
509,Between,0.35387392863789,0.289875452182101,0.425401637617889
510,Within,0.656890211701963,0.668087203946883,0.634496227212124
510,Between,0.479464663595101,0.310241841149771,0.556017845177512
511,Within,0.802451110885921,0.802451110885921,0.899491710341893
511,Between,0.221630615823108,0.272083113734059,0.232441865375454
512,Within,0.779799695184157,0.725213716521266,0.826587676895206
512,Between,0.510864946142597,0.440782390354082,0.560660446308121
513,Within,0.656890211701963,0.668087203946883,0.705410511429949
513,Between,0.158607889416113,0.0129099444873581,0.232379000772445
514,Within,0.761369473002639,0.797625162193241,0.725113783812037
514,Between,-0.131761569173682,-0.139290801697893,-0.0752923252421043
515,Within,0.725113783812037,0.725113783812037,0.877387678412565
515,Between,0.249857402308988,0.120086503435328,0.296342500412986
516,Within,0.470273674286633,0.641960888708737,0.720339834423176
516,Between,0.338815463589469,0.417872405093679,0.474341649025257
517,Within,0.725113783812037,0.732364921650158,0.862885402736324
517,Between,0.320052905679456,0.341874694703055,0.400066132099319
518,Within,0.506869801869702,0.631637753099167,0.818789679943364
518,Between,0.278581603395786,0.252229289561049,0.545869358005256
519,Within,0.701678180681642,0.712875172926562,0.746466149661322
519,Between,0.228690445204628,0.247133223043711,0.402052556892008
520,Within,0.425485705306953,0.481470666531552,0.88083005660036
520,Between,-0.0301169300968417,-0.0451753951452626,0.131761569173682
521,Within,0.884562387348666,0.884562387348666,0.839774418368987
521,Between,0.476442393681917,0.436435780471985,0.607373127823512
522,Within,0.884562387348666,0.884562387348666,0.899491710341893
522,Between,0.443709710146518,0.330963800191255,0.581914373962646
523,Within,0.681606956783315,0.688858094621435,0.870136540574445
523,Between,-0.0903507902905251,-0.143055417959998,-0.191995429367366
524,Within,0.541187958504458,0.817380433879147,0.724072165171482
524,Between,0.26728775460947,0.143055417959998,0.271052370871575
525,Within,0.701819725665741,0.834385673847048,0.888971652509939
525,Between,0.45046873134778,0.421638732541522,0.48290248000482
526,Within,0.826587676895206,0.818789679943364,0.865577661654414
526,Between,-0.0829925002758732,-0.0165985000551746,0
527,Within,0.686748857688416,0.709142842178256,0.783789457144388
527,Between,0.29010186298797,0.254064364480148,0.315328111943446
528,Within,0.585975927484138,0.552384950749378,0.772592464899468
528,Between,0.558816168524213,0.472135112680523,0.532996279549497
529,Within,0.86963306435544,0.85843607211052,0.895759379593586
529,Between,0.185485206700594,0.185485206700594,0.276409327632257
530,Within,0.757663141906242,0.731536826668095,0.910688702586813
530,Between,0.184427778390829,0.044262666813799,0.411273945811549
531,Within,0.694213519185029,0.761395472654548,0.82484509537576
531,Between,0.307994389912685,0.346724223374759,0.51824205727823
532,Within,0.703360370297676,0.696109232459556,0.891889954088806
532,Between,0.116382874792529,0.141841628653395,0.0691023319080643
533,Within,0.500328510830306,0.507579648668426,0.703360370297676
533,Between,0.280046292469524,0.323689870516722,0.440072745309251
534,Within,0.496399989524779,0.656890211701963,0.675551865443496
534,Between,-0.242109885958322,-0.220804215993989,-0.0619801308053303
535,Within,0.862885402736324,0.870136540574445,0.848383127060084
535,Between,0.3614031611621,0.496929346597888,0.436695486404205
536,Within,0.577051774436276,0.779799695184157,0.787597692135998
536,Between,0.440072745309251,0.545544725589981,0.501901147542783
537,Within,0.577051774436276,0.592647768339959,0.608243762243642
537,Between,0.172382238802325,0.156887206100992,0.280847467711653
538,Within,0.888971652509939,0.842183670798889,0.701819725665741
538,Between,0.320052905679456,0.214580925398726,0.261861468283191
539,Within,0.826629713545723,0.848383127060084,0.841131989221963
539,Between,0.320052905679456,0.410977026611119,0.330963800191255
540,Within,0.54585978662891,0.592647768339959,0.74860770737679
540,Between,0.244700057036839,0.233406208250523,0.244700057036839
541,Within,0.66062254245027,0.358303751837434,0.750198480409628
541,Between,0.130943722657489,0.210247667365545,-0.136476556009214
542,Within,0.791254118641001,0.768860134151161,0.828577426124067
542,Between,0.301169300968417,0.282346219657891,0.598573985674729
543,Within,0.403091720817114,0.61583457347059,0.582243596735831
543,Between,0.087287156094397,0.0800132264198639,0.156389488002461
544,Within,0.725113783812037,0.761369473002639,0.848383127060084
544,Between,0.052704627669473,-0.0828215577663147,0.233406208250523
545,Within,0.710611508135797,0.76862061084076,0.826629713545723
545,Between,-0.0909241209316635,0.0981980506061966,0.243676644096858
546,Within,0.558337613535269,0.558337613535269,0.746867197326398
546,Between,0.44798933519052,0.406578556307363,0.624926299509465
547,Within,0.551086475697148,0.609095578402111,0.536584200020908
547,Between,0.184466196843155,0.218347743202102,0.4329308701421
548,Within,0.701678180681642,0.776324795647775,0.563581942994298
548,Between,0.276409327632257,0.316415940842189,0.338237729865788
549,Within,0.761395472654548,0.888294718096973,0.85843607211052
549,Between,0.501643557223056,0.538529112901222,0.721112613508143
550,Within,0.087369649497166,0.341157678988934,0.303713543490148
550,Between,0.127293769304329,0.130930734141595,0.229128784747792
551,Within,0.765127803402855,0.791254118641001,0.757663141906242
551,Between,0.358573110152832,0.378393734332135,0.484704354930211
552,Within,0.530263792725227,0.561455780532593,0.733011713473107
552,Between,0.314270955969898,0.306212726329645,0.737328012083223
553,Within,0.819378575707602,0.703360370297676,0.826629713545723
553,Between,0.483200779383973,0.405741112459825,0.584636057498929
554,Within,0.697945849933336,0.668087203946883,0.877097725852053
554,Between,0.0376461626210521,0.0941154065526303,0.274816987133681
555,Within,0.619566904218897,0.679284196191803,0.753930811157935
555,Between,0.244700057036839,0.278581603395786,0.301169300968417
556,Within,0.739616059488278,0.717862645973917,0.804876300031361
556,Between,0.178385617613721,0.196404366867632,0.409025608063784
557,Within,0.688858094621435,0.645351267592713,0.855634264898204
557,Between,-0.121722333737947,-0.118033778170131,-0.363322723429934
558,Within,0.735269157416402,0.727804495919789,0.791254118641001
558,Between,0.195493445094279,0.201026278446004,0.459225168193165
559,Within,0.697945849933336,0.813648103130841,0.921885694831732
559,Between,0.473893105377864,0.542364352542727,0.457676231049344
560,Within,0.574778935239218,0.578511265987524,0.828577426124067
560,Between,0.169407731794735,0.255993905823155,0.0978800228147356
561,Within,0.806183441634228,0.817380433879147,0.929350356328346
561,Between,0.501651683705642,0.451292827426311,0.687592076121633
562,Within,0.592647768339959,0.506869801869702,0.810991682991523
562,Between,0.219469056285087,0.311682945480502,0.505332112790872
563,Within,0.756405704328632,0.74860770737679,0.764203701280474
563,Between,-0.00752923252421043,-0.0150584650484209,0.0677630927178939
564,Within,0.449570545963463,0.456821683801584,0.732364921650158
564,Between,0.342827598516983,0.323458807640318,0.538452386371307
565,Within,0.641960888708737,0.709142842178256,0.746466149661322
565,Between,-0.195493445094279,-0.258198889747161,-0.0903696114115064
566,Within,0.674355818945195,0.725113783812037,0.855634264898204
566,Between,0.134567698978862,0.10547198028073,0.10547198028073
567,Within,0.877387678412565,0.862885402736324,0.804876300031361
567,Between,0.286110835919996,0.233406208250523,0.560927823053677
568,Within,0.733011713473107,0.810991682991523,0.865577661654414
568,Between,0.158113883008419,0.207053894415787,0.312463149754733
569,Within,0.857779664702572,0.873375658606256,0.873375658606256
569,Between,0.429166253879994,0.399049323783153,0.583515520626308
570,Within,0.877097725852053,0.895759379593586,0.83604208762068
570,Between,0.156763611632205,0.272953112018427,0.132788000441397
571,Within,0.809915772382534,0.686748857688416,0.921885694831732
571,Between,0.560660446308121,0.617833057609278,0.676849946694344
572,Within,0.716607503674869,0.765127803402855,0.641960888708737
572,Between,-0.0218217890235992,-0.0763762615825973,0
573,Within,0.369500744082354,0.447879689796793,0.709142842178256
573,Between,0.255993905823155,0.304933917230522,0.474341649025257
574,Within,0.216475183401783,0.115702253197505,0.533723297007845
574,Between,0.109108945117996,0.17821127702606,0.29459415181859
575,Within,0.724072165171482,0.761395472654548,0.906956371838506
575,Between,0.466812416501046,0.481870881549467,0.417872405093679
576,Within,0.514667798821543,0.756405704328632,0.810991682991523
576,Between,0.0202870556229912,-0.062705444652882,0.392831167972466
577,Within,0.645351267592713,0.739616059488278,0.826629713545723
577,Between,0.421887921122919,0.320052905679456,0.440072745309251
578,Within,0.541187958504458,0.515061643266312,0.66062254245027
578,Between,0.0363696483726654,0.0327326835353989,-0.047280542884465
579,Within,0.645693219457043,0.619566904218897,0.750198480409628
579,Between,0.0977467225471396,0.103279555898864,0.175206389471288
580,Within,0.604637581225671,0.63822855796043,0.683016526940109
580,Between,0.199524661891576,0.274816987133681,0.278581603395786
581,Within,0.374303853688395,0.327515871977346,0.584849771388118
581,Between,0.33844564489066,0.145048133524568,0.463348204314594
582,Within,0.630848991916472,0.659853543268954,0.688858094621435
582,Between,0.232765749585059,0.181848241863327,0.232765749585059
583,Within,0.536584200020908,0.601844440563991,0.76862061084076
583,Between,0.16229644498393,0.108812389250589,0.414962501379366
584,Within,0.507579648668426,0.536584200020908,0.427817132449102
584,Between,0.225876975726313,0.105409255338946,0.308698533492627
585,Within,0.761369473002639,0.783122886517,0.848383127060084
585,Between,-0.125410889305764,-0.07561538914024,-0.0350412778942576
586,Within,0.839774418368987,0.82484509537576,0.936815017824959
586,Between,0.424183890298907,0.390986890188558,0.392831167972466
587,Within,0.63822855796043,0.578511265987524,0.690481188436723
587,Between,-0.087287156094397,-0.0254587538608658,0.0545544725589981
588,Within,0.548652620001071,0.552384950749378,0.563581942994298
588,Between,0.169407731794735,0.146820034222103,0.301169300968417
589,Within,0.604637581225671,0.705410511429949,0.761395472654548
589,Between,0.130943722657489,0.142009389360939,0.23791183412417
590,Within,0.791254118641001,0.82484509537576,0.843506749117294
590,Between,0.398997092059314,0.519083595494642,0.511336079143975
591,Within,0.492667658776472,0.492667658776472,0.604637581225671
591,Between,0.105409255338946,0.255993905823155,0.188230813105261
592,Within,0.756405704328632,0.756405704328632,0.865577661654414
592,Between,0.301169300968417,0.120467720387367,0.496929346597888
593,Within,0.86963306435544,0.832309756872374,0.892027048845279
593,Between,0.450003779273624,0.228690445204628,0.315371501048318
594,Within,0.746867197326398,0.710611508135797,0.812127437869482
594,Between,0.401818108362219,0.378393734332135,0.434251857019259
595,Within,0.806183441634228,0.884562387348666,0.8472390798656
595,Between,0.233406208250523,0.203289278153682,0.331286231065259
596,Within,0.833880851383843,0.855634264898204,0.913643367603167
596,Between,0.336950611048139,0.279290613435623,0.351365610451268
597,Within,0.681606956783315,0.703360370297676,0.783122886517
597,Between,0.301169300968417,0.271052370871575,0.459283183976836
598,Within,0.76862061084076,0.76862061084076,0.862885402736324
598,Between,-0.196396101212393,-0.170937347351527,-0.290957186981323
599,Within,0.641960888708737,0.668087203946883,0.765127803402855
599,Between,-0.232379000772445,-0.221313334068995,0.044262666813799
600,Within,0.578511265987524,0.739001488164708,0.753930811157935
600,Between,0.0251794281396654,0.160760964276326,-0.0794120425943295
601,Within,0.609095578402111,0.732364921650158,0.906392229765047
601,Between,0.316415940842189,0.37824434307572,0.396429167262053
602,Within,0.802451110885921,0.675551865443496,0.839774418368987
602,Between,0.052704627669473,-0.0639984764557886,0.143055417959998
603,Within,0.425485705306953,0.533723297007845,0.701678180681642
603,Between,-0.124232336649472,-0.0414107788831573,0.0188230813105261
604,Within,0.488504210459197,0.567595368343067,0.725777684110807
604,Between,0.0885253336275981,0.0682382780046069,0.177050667255196
605,Within,0.725213716521266,0.79539568908784,0.717415719569424
605,Between,0.158607889416113,0.0479512223816156,0.730334002427684
606,Within,0.365768413334048,0.414288713062034,0.675551865443496
606,Between,-0.116941895279705,-0.261524602170976,0.0722913534456356
607,Within,0.881173655558097,0.881173655558097,0.842183670798889
607,Between,0.606103218198939,0.557163206791572,0.617397066985255
608,Within,0.335909767347595,0.391894728572194,0.511329312518005
608,Between,0.16922282244533,0.209513970646599,0.153106363164822
609,Within,0.727804495919789,0.701678180681642,0.817380433879147
609,Between,0.18912217153786,0.09456108576893,0.18912217153786
610,Within,0.83604208762068,0.8472390798656,0.772592464899468
610,Between,0.243676644096858,0.29459415181859,0.392792202424786
611,Within,0.802451110885921,0.798718780137614,0.757663141906242
611,Between,0.444224718928415,0.331286231065259,0.617397066985255
612,Within,0.589708258232444,0.500132320273086,0.712875172926562
612,Between,-0.0836501912571304,-0.0691023319080643,-0.17821127702606
613,Within,0.194949923796039,0.39769784454392,0.506869801869702
613,Between,0.0309900654026652,0.0755382844189963,0.315711291289651
614,Within,0.290045513524815,0.442319408125343,0.638100129754593
614,Between,0.286110835919996,0.17317234805684,0.25975852208526
615,Within,0.536584200020908,0.565588751373389,0.761369473002639
615,Between,0.00727392967453308,0.116382874792529,0.047280542884465
616,Within,0.783122886517,0.761369473002639,0.616346716240232
616,Between,0.0684712471648625,0.0954993710457293,0.219828740897716
617,Within,0.684381196686191,0.740478016086698,0.774136107727002
617,Between,0.489400114073678,0.470577032763152,0.508223195384204
618,Within,0.740561790975978,0.740561790975978,0.703117655477193
618,Between,0.172223518502838,-0.125446760390956,0.465641364841006
619,Within,0.732364921650158,0.826629713545723,0.884638816250686
619,Between,0.198206241793023,0.091895621194947,0.180187492539112
620,Within,0.88083005660036,0.8472390798656,0.895759379593586
620,Between,0.134567698978862,0.0727392967453308,0.229128784747792
621,Within,0.668087203946883,0.668087203946883,0.817380433879147
621,Between,0.205484855826472,0.330387415250406,0.45528997467434
622,Within,0.601844440563991,0.58009102704963,0.732364921650158
622,Between,0.320052905679456,0.37824434307572,0.414613991448386
623,Within,0.725113783812037,0.804876300031361,0.848383127060084
623,Between,0.203670030886926,0.207306995724193,0.352785589214854
624,Within,0.800314623447239,0.740478016086698,0.882589958567984
624,Between,0.158113883008419,0.199524661891576,0.0414107788831573
625,Within,0.821112764627454,0.854703741362213,0.929350356328346
625,Between,0.290957186981323,0.316415940842189,0.458257569495584
626,Within,0.645351267592713,0.630848991916472,0.754118335164519
626,Between,-0.0885253336275981,-0.0922138891954147,-0.191804889526463
627,Within,0.776324795647775,0.727804495919789,0.877097725852053
627,Between,0.376591859406744,0.340554360898921,0.578401851050549
628,Within,0.471323959477824,0.500328510830306,0.471323959477824
628,Between,0.169673556119563,0.0866810558436898,0.180739222823013
629,Within,0.62703156571551,0.537455627756152,0.735269157416402
629,Between,0.538340125481045,0.542104741743151,0.681395543441044
630,Within,0.600905250477364,0.42921803605526,0.63822855796043
630,Between,0.0400437078986706,0.101929438287525,0.260284101341359
631,Within,0.29632388416998,0.428889832351286,0.389899847592078
631,Between,0.195760045629471,0.146820034222103,0.203289278153682
632,Within,0.623597854078352,0.746867197326398,0.899141091926926
632,Between,0.38914261240465,0.46475800154489,0.632587279880545
633,Within,0.884562387348666,0.802451110885921,0.757663141906242
633,Between,0.289875452182101,0.278581603395786,0.71527708979999
634,Within,0.601844440563991,0.449570545963463,0.652602405430834
634,Between,-0.237170824512628,-0.436695486404205,0.109173871601051
635,Within,0.862168402858827,0.809915772382534,0.809915772382534
635,Between,0.0885253336275981,0.0774596669241483,0.30246155656096
636,Within,0.83604208762068,0.701678180681642,0.832309756872374
636,Between,0.406940596832817,0.406940596832817,0.600338108198908
637,Within,0.776324795647775,0.697945849933336,0.906956371838506
637,Between,0.243676644096858,0.18912217153786,0.440072745309251
638,Within,0.589708258232444,0.574778935239218,0.630763896463817
638,Between,0.243676644096858,0.181848241863327,0.225491819910525
639,Within,0.58734216488775,0.616346716240232,0.790374024355121
639,Between,0.443709710146518,0.385518272750253,0.436435780471985
640,Within,0.569253777484434,0.569253777484434,0.475677814062336
640,Between,0.230488611432322,0.104591470733995,0.497777925530309
641,Within,0.696109232459556,0.696109232459556,0.732364921650158
641,Between,-0.0602338601936834,0.0338815463589469,0.240935440774734
642,Within,0.709617722617583,0.655031743954692,0.888971652509939
642,Between,0.327332565815651,0.325395686727984,0.441608431987979
643,Within,0.526258635511232,0.492667658776472,0.619566904218897
643,Between,-0.213056699643323,-0.168508480626992,-0.0464850981039978
644,Within,0.842183670798889,0.849981667750731,0.849981667750731
644,Between,0.558816168524213,0.44262666813799,0.608611668689737
645,Within,0.64942555020535,0.67181953469519,0.709142842178256
645,Between,0.0181848241863327,0.141841628653395,0.352785589214854
646,Within,0.709617722617583,0.857779664702572,0.888971652509939
646,Between,-0.276641667586244,-0.252666056395436,-0.0811482224919649
647,Within,0.791254118641001,0.843506749117294,0.899491710341893
647,Between,0.396412483586046,0.538760602691944,0.497317479407949
648,Within,0.697945849933336,0.694213519185029,0.817380433879147
648,Between,0.410343172569468,0.297404684706312,0.316227766016838
649,Within,0.779799695184157,0.810991682991523,0.74860770737679
649,Between,-0.0865861740284199,-0.00376461626210521,0.18070158058105
650,Within,0.668087203946883,0.668087203946883,0.768860134151161
650,Between,0.139290801697893,-0.0677630927178939,0.207053894415787
651,Within,0.500132320273086,0.608369911973977,0.474006005034939
651,Between,0.304305834344868,0.317215778832227,0.285863056505785
652,Within,0.776324795647775,0.724072165171482,0.735269157416402
652,Between,0.252229289561049,0.0903507902905251,0.4329308701421
653,Within,0.688858094621435,0.725113783812037,0.732364921650158
653,Between,0.261861468283191,0.240039679259592,0.527359901403648
654,Within,0.675551865443496,0.739001488164708,0.936815017824959
654,Between,0.17317234805684,0.146820034222103,0.327521614803154
655,Within,0.833880851383843,0.819378575707602,0.76862061084076
655,Between,0.232441865375454,0.295507487764143,0.407223733138393
656,Within,0.589708258232444,0.828577426124067,0.716607503674869
656,Between,0.376232667917292,0.175206389471288,0.462913723760982
657,Within,0.828130947254639,0.781606736734716,0.828130947254639
657,Between,-0.185485206700594,-0.120019839629796,0.0581914373962646
658,Within,0.452283823206811,0.592647768339959,0.818789679943364
658,Between,0,0.181848241863327,0.0509175077217316
659,Within,0.76862061084076,0.746867197326398,0.848383127060084
659,Between,0.110656667034498,0.0239756111908078,0.149386500496572
660,Within,0.753930811157935,0.511329312518005,0.839774418368987
660,Between,0.0941154065526303,0.0602338601936834,0.376461626210521
661,Within,0.920894505441287,0.891889954088806,0.935396781117528
661,Between,0.346724223374759,0.398364001324191,0.586480335282837
662,Within,0.870136540574445,0.732364921650158,0.870136540574445
662,Between,0.551964988893329,0.265829292309831,0.566733282910542
663,Within,0.667104681107074,0.710611508135797,0.855634264898204
663,Between,0.265498433120457,0.27277236279499,0.37824434307572
664,Within,0.746867197326398,0.790374024355121,0.870136540574445
664,Between,0.190998742091459,0.33875248597353,0.43605373194465
665,Within,0.787521787892694,0.686748857688416,0.817380433879147
665,Between,0.0800132264198639,0.0800132264198639,0.192759136375127
666,Within,0.703360370297676,0.746867197326398,0.841131989221963
666,Between,0.031352722326441,0,0.431561001434541
667,Within,0.855634264898204,0.848383127060084,0.891889954088806
667,Between,0.358573110152832,0.304516862391099,0.513534353736469
668,Within,0.382101850640237,0.514667798821543,0.740809710424949
668,Between,0.180739222823013,0.0700825557885152,0.394675445756375
669,Within,0.536584200020908,0.565588751373389,0.739616059488278
669,Between,0.234243740300845,0.320733736719619,0.481100605079429
670,Within,0.732364921650158,0.855634264898204,0.891889954088806
670,Between,0.17317234805684,0.195760045629471,0.338815463589469
671,Within,0.717862645973917,0.696109232459556,0.841131989221963
671,Between,0.22523436567389,0.200008116718414,0.232441865375454
672,Within,0.681606956783315,0.746867197326398,0.77587174867888
672,Between,0.355945612294301,0.282174500937969,0.514553501710414
673,Within,0.674355818945195,0.681606956783315,0.848383127060084
673,Between,0.201435425117324,0.0852226798573292,0.613990670790304
674,Within,0.877387678412565,0.797625162193241,0.870136540574445
674,Between,0.180739222823013,0.0295084445425327,0.494266446087423
675,Within,0.63822855796043,0.64942555020535,0.765127803402855
675,Between,0.131761569173682,0.248464673298944,0.0150584650484209
676,Within,0.455344351293406,0.522526304762925,0.619566904218897
676,Between,0.426113399286646,0.280847467711653,0.395123333883981
677,Within,0.716607503674869,0.600905250477364,0.768860134151161
677,Between,0.101435278114956,-0.00922138891954147,0.16229644498393
678,Within,0.47845284248448,0.47845284248448,0.395243652487179
678,Between,0.0832858007696626,-0.013558153613666,0.0426113399286646
679,Within,0.493077372992185,0.57283988921151,0.57283988921151
679,Between,0.149115558327928,0.0981980506061966,0.261861468283191
680,Within,0.826629713545723,0.870136540574445,0.877387678412565
680,Between,0.22684616742072,0.145697944928755,0.379921223485108
681,Within,0.810991682991523,0.803193686039681,0.842183670798889
681,Between,0.0414107788831573,-0.0752923252421043,0.214583126939997
682,Within,0.630763896463817,0.664354873198576,0.772592464899468
682,Between,-0.17336211168738,-0.193649167310371,-0.0553283335172488
683,Within,0.705410511429949,0.679284196191803,0.742733818913015
683,Between,0.24145124000241,0.275686863584841,0.295507487764143
684,Within,0.764203701280474,0.655031743954692,0.810991682991523
684,Between,0.238236127782988,0.27116307227332,0.259541797747321
685,Within,0.826587676895206,0.787597692135998,0.826587676895206
685,Between,-0.0866810558436898,-0.0719268335724234,0.156763611632205
686,Within,0.634496227212124,0.634496227212124,0.765127803402855
686,Between,0.13558153613666,0.133644657048994,0.0949070752956621
687,Within,0.739616059488278,0.77587174867888,0.819378575707602
687,Between,0.221854855073259,0.218217890235992,0.356422554052121
688,Within,0.553657783580751,0.631637753099167,0.64723374700285
688,Between,-0.0331970001103493,0.0110656667034498,0.114345222602314
689,Within,0.854703741362213,0.82484509537576,0.8472390798656
689,Between,0.0727392967453308,0.203670030886926,0.305505046330389
690,Within,0.57283988921151,0.674355818945195,0.855634264898204
690,Between,0.154349266746314,0.199524661891576,0.304933917230522
691,Within,0.794986449389308,0.753930811157935,0.735269157416402
691,Between,0.246856864778583,0.167574368061374,0.336950611048139
692,Within,0.67181953469519,0.802451110885921,0.739001488164708
692,Between,0.263523138347365,0.237170824512628,0.365167777424206
693,Within,0.772001698232315,0.764203701280474,0.701819725665741
693,Between,0.386971362561932,0.401854876506621,0.46138893228538
694,Within,0.701678180681642,0.675551865443496,0.82484509537576
694,Between,0.246641088226286,0.155213788280335,0.438000553229439
695,Within,0.826629713545723,0.790374024355121,0.790374024355121
695,Between,0.417872405093679,0.335050847327364,0.478106265287362
696,Within,0.754118335164519,0.674355818945195,0.804876300031361
696,Between,-0.0350412778942576,-0.110656667034498,0.193649167310371
697,Within,0.761395472654548,0.83604208762068,0.895759379593586
697,Between,0.153075056064388,0.361478445646025,0.488733612735698
698,Within,0.798718780137614,0.813648103130841,0.884562387348666
698,Between,0.327326835353989,0.20003306604966,0.38915523758752
699,Within,0.761395472654548,0.787521787892694,0.843506749117294
699,Between,-0.00193687908766657,0.00581063726299972,0.125897140698327
700,Within,0.701819725665741,0.756405704328632,0.779799695184157
700,Between,-0.123656804467062,-0.0400066132099319,0.0436435780471985
701,Within,0.739616059488278,0.761369473002639,0.906392229765047
701,Between,0.29459415181859,0.381881307912987,0.632831881684378
702,Within,0.76862061084076,0.812127437869482,0.783122886517
702,Between,-0.138320833793122,-0.0295084445425327,-0.566193279659846
703,Within,0.77587174867888,0.761369473002639,0.790374024355121
703,Between,-0.0666693722394714,-0.0234243740300845,0.075678746866427
704,Within,0.701678180681642,0.735269157416402,0.906956371838506
704,Between,0.178385617613721,0.268479363883277,0.27388498865945
705,Within,0.623597854078352,0.754118335164519,0.790374024355121
705,Between,0.357638544899995,0.338815463589469,0.530810892956835
706,Within,0.675551865443496,0.668087203946883,0.809915772382534
706,Between,0.327332565815651,0.234362369607655,0.563631814510973
707,Within,0.761395472654548,0.567314273742604,0.724072165171482
707,Between,0,0.0545544725589981,0.203670030886926
708,Within,0.79539568908784,0.733011713473107,0.842183670798889
708,Between,0.544263023634307,0.565568693598639,0.521020474582308
709,Within,0.589708258232444,0.474006005034939,0.697945849933336
709,Between,0.357638544899995,0.214583126939997,0.425401637617889
710,Within,0.717862645973917,0.623597854078352,0.783122886517
710,Between,0.135526185435788,-0.0301169300968417,0.25975852208526
711,Within,0.798718780137614,0.843506749117294,0.929350356328346
711,Between,0.429166253879994,0.417872405093679,0.647513997082097
712,Within,0.464072821639704,0.464072821639704,0.551086475697148
712,Between,0.354448873042983,0.280847467711653,0.40674460840998
713,Within,0.739616059488278,0.725113783812037,0.565588751373389
713,Between,0.0813489216819961,0.00193687908766657,0.242109885958322
714,Within,0.753930811157935,0.794986449389308,0.921885694831732
714,Between,0.214583126939997,0.237170824512628,0.399049323783153
715,Within,0.797625162193241,0.739616059488278,0.841131989221963
715,Between,0.309142011167656,0.407340061773853,0.563729549776314
716,Within,0.58734216488775,0.58734216488775,0.77587174867888
716,Between,-0.0363696483726654,0.0545544725589981,0.0545544725589981
717,Within,0.768860134151161,0.664354873198576,0.761395472654548
717,Between,0.0301169300968417,-0.0338815463589469,0.154349266746314
718,Within,0.630763896463817,0.582243596735831,0.776324795647775
718,Between,-0.0040291148201269,-0.0684949519421573,0.177281052085584
719,Within,0.670627737858375,0.584849771388118,0.686223731762058
719,Between,-0.00752923252421043,0.0564692439315782,0.146820034222103
720,Within,0.670627737858375,0.678425734810216,0.623839756147325
720,Between,0.0188230813105261,0.176936964318945,0.252229289561049
721,Within,0.848383127060084,0.833880851383843,0.870136540574445
721,Between,0.184427778390829,0.0608611668689737,0.36701127899775
722,Within,0.696109232459556,0.754118335164519,0.819378575707602
722,Between,-0.120467720387367,-0.105409255338946,0.0564692439315782
723,Within,0.688858094621435,0.76862061084076,0.877387678412565
723,Between,0.418250956285652,0.341874694703055,0.421887921122919
724,Within,0.694213519185029,0.828577426124067,0.82484509537576
724,Between,0.160452167200022,0.213936222933362,0.379921223485108
725,Within,0.459076682041713,0.571046604490911,0.694213519185029
725,Between,0.150584650484209,0.0225876975726313,0.188230813105261
726,Within,0.558337613535269,0.674355818945195,0.739616059488278
726,Between,0.287320222144057,0.269135397957724,0.218217890235992
727,Within,0.641960888708737,0.477738335783246,0.686748857688416
727,Between,0.07561538914024,0.0202870556229912,0.208403389581637
728,Within,0.703360370297676,0.717862645973917,0.812127437869482
728,Between,0.392792202424786,0.338237729865788,0.509175077217316
729,Within,0.764203701280474,0.733011713473107,0.873375658606256
729,Between,0.138204663816129,0.09456108576893,0.276409327632257
730,Within,0.877097725852053,0.873365395103746,0.936815017824959
730,Between,0.052704627669473,0.184466196843155,0.399049323783153
731,Within,0.679284196191803,0.716607503674869,0.776324795647775
731,Between,0.0903696114115064,-0.0331970001103493,0.156763611632205
732,Within,0.717862645973917,0.732364921650158,0.906392229765047
732,Between,0.129734994628161,0.340554360898921,0.414431232839957
733,Within,0.870136540574445,0.877387678412565,0.913643367603167
733,Between,0.4329308701421,0.470577032763152,0.575986288102098
734,Within,0.678425734810216,0.592647768339959,0.701819725665741
734,Between,-0.00752923252421043,-0.195760045629471,-0.0150584650484209
735,Within,0.604637581225671,0.64942555020535,0.772592464899468
735,Between,0.161878499270524,0.233406208250523,0.391520091258942
736,Within,0.686223731762058,0.701819725665741,0.810991682991523
736,Between,0.0752923252421043,0.0112938487863156,0.0978800228147356
737,Within,0.460081820158652,0.655031743954692,0.857779664702572
737,Between,-0.00727392967453308,0.116382874792529,-0.0218217890235992
738,Within,0.597172919729057,0.653157880953656,0.709142842178256
738,Between,0.0553283335172488,0.112500944818406,0.261887445314978
739,Within,0.715599033976788,0.457650544985155,0.195541596493657
739,Between,0.18070158058105,0.101644639076841,0.191995429367366
740,Within,0.688858094621435,0.783122886517,0.76862061084076
740,Between,-0.0716645262436632,-0.0116212745259994,0.387375817533315
741,Within,0.812127437869482,0.746867197326398,0.891889954088806
741,Between,0.0910333171203289,0.06779076806833,0.325395686727984
742,Within,0.667104681107074,0.870136540574445,0.804876300031361
742,Between,0.30246155656096,0.158607889416113,0.510864946142597
743,Within,0.552384950749378,0.709142842178256,0.742733818913015
743,Between,0.171517833903471,0.189960611742554,0.3780769457012
744,Within,0.711438574476923,0.740561790975978,0.815450061973549
744,Between,0.41255524567298,0.466787860127644,0.681781438858634
745,Within,0.810991682991523,0.79539568908784,0.857779664702572
745,Between,0.453229706513978,0.27116307227332,0.509399200056309
746,Within,0.877387678412565,0.899141091926926,0.877387678412565
746,Between,0.286110835919996,0.26728775460947,0.575986288102098
747,Within,0.369500744082354,0.556117281497685,0.709142842178256
747,Between,-0.0350412778942576,-0.00184427778390829,0.293240167641419
748,Within,0.701819725665741,0.678425734810216,0.6940217287139
748,Between,-0.0836501912571304,-0.0290957186981323,0.170937347351527
749,Within,0.645693219457043,0.61583457347059,0.843506749117294
749,Between,0.185485206700594,0.181848241863327,0.243676644096858
750,Within,0.790374024355121,0.884638816250686,0.710611508135797
750,Between,0.195760045629471,0.120467720387367,0.109173871601051
751,Within,0.561662032481781,0.644871222479082,0.802968683473954
751,Between,0.0405741112459825,0.0829925002758732,-0.0774596669241483
752,Within,0.675551865443496,0.854703741362213,0.86963306435544
752,Between,0.37824434307572,0.400066132099319,0.48371632335645
753,Within,0.690481188436723,0.709142842178256,0.877097725852053
753,Between,0.459283183976836,0.406578556307363,0.444224718928415
754,Within,0.732364921650158,0.855634264898204,0.681606956783315
754,Between,0.0752923252421043,0.0903507902905251,0.161878499270524
755,Within,0.77587174867888,0.804876300031361,0.804876300031361
755,Between,0.550073660897307,0.509399200056309,0.656602010718968
756,Within,0.638100129754593,0.623597854078352,0.3915614432585
756,Between,0.575986288102098,0.515752427908414,0.594809369412624
757,Within,0.804876300031361,0.659853543268954,0.804876300031361
757,Between,0.0981980506061966,0.0545544725589981,0.163663417676994
758,Within,0.746867197326398,0.754118335164519,0.77587174867888
758,Between,0.298231116655856,0.258224503445924,0.450983639821051
759,Within,0.62703156571551,0.709142842178256,0.753930811157935
759,Between,0.434251857019259,0.459478105974735,0.641467473439238
760,Within,0.608369911973977,0.503864651021392,0.556117281497685
760,Between,0.218347743202102,0.143055417959998,0.165643115532629
761,Within,0.376965405578967,0.787521787892694,0.783789457144388
761,Between,0,-0.0376461626210521,0.176936964318945
762,Within,0.787521787892694,0.821112764627454,0.839774418368987
762,Between,0.280046292469524,0.232765749585059,0.47280542884465
763,Within,0.64942555020535,0.44041502830018,0.712875172926562
763,Between,0.414107788831573,0.410343172569468,0.417872405093679
764,Within,0.592647768339959,0.74860770737679,0.888971652509939
764,Between,0.538270795915448,0.523722936566382,0.469168464007384
765,Within,0.76862061084076,0.761369473002639,0.855634264898204
765,Between,0.116382874792529,0.138204663816129,0.27277236279499
766,Within,0.727804495919789,0.828577426124067,0.86963306435544
766,Between,0.490577890519606,0.461069445977073,0.516397779494322
767,Within,0.679284196191803,0.705410511429949,0.809915772382534
767,Between,0.0126131244777378,0.0954993710457293,-0.0288299988062579
768,Within,0.623299234967204,0.656890211701963,0.675551865443496
768,Between,0.116703104125262,0.131761569173682,0.0112938487863156
769,Within,0.354571421089128,0.317248113606062,0.298586459864529
769,Between,-0.119878055954039,-0.16229644498393,-0.123566611521856
770,Within,0.561455780532593,0.592647768339959,0.561455780532593
770,Between,0.395284707521047,0.44046010266631,0.489400114073678
771,Within,0.611587546480162,0.536699275482591,0.840412818972739
771,Between,0.225630429927106,-0.0282038037408883,0.366649448631548
772,Within,0.758344631474754,0.856045473566593,0.767649473578738
772,Between,0.0608611668689737,0.158607889416113,0.232379000772445
773,Within,0.921885694831732,0.929350356328346,0.906956371838506
773,Between,0.457380890409257,0.4002082791081,0.741399669131134
774,Within,0.701819725665741,0.881173655558097,0.803193686039681
774,Between,-0.0479512223816156,-0.0663940002206986,0.110656667034498
775,Within,0.750198480409628,0.832309756872374,0.854703741362213
775,Between,0.38914261240465,0.36701127899775,0.468446557112706
776,Within,0.735269157416402,0.597172919729057,0.64942555020535
776,Between,0.110656667034498,0.114345222602314,0.260043167531069
777,Within,0.538061789677068,0.506869801869702,0.6940217287139
777,Between,0.206559111797729,0.208403389581637,0.407585390243733
778,Within,0.39769784454392,0.577051774436276,0.592647768339959
778,Between,0.242109885958322,0.333143203078651,0.47453537647831
779,Within,0.804876300031361,0.783122886517,0.826629713545723
779,Between,0.0184427778390829,0.0848367780597815,0.116189500386222
780,Within,0.717415719569424,0.717415719569424,0.888971652509939
780,Between,0.132788000441397,0.105123833682773,0.274797389802336
781,Within,0.556117281497685,0.537455627756152,0.705410511429949
781,Between,-0.0509175077217316,0.0436435780471985,0.0654653670707977
782,Within,0.623299234967204,0.705410511429949,0.753930811157935
782,Between,0.0112938487863156,0.0828215577663147,-0.229641591988418
783,Within,0.790374024355121,0.703360370297676,0.717862645973917
783,Between,0.142009389360939,0.0571726113011571,0.134632278225305
784,Within,0.59459330272587,0.725113783812037,0.746867197326398
784,Between,0.301868081493123,0.338237729865788,0.58918830363718
785,Within,0.681606956783315,0.77587174867888,0.833880851383843
785,Between,0.19756166694199,0.0910333171203289,0.398997092059314
786,Within,0.717862645973917,0.703360370297676,0.833880851383843
786,Between,0.34634469611368,0.327521614803154,0.459283183976836
787,Within,0.584849771388118,0.374303853688395,0.538061789677068
787,Between,-0.129099444873581,-0.219469056285087,-0.0848367780597815
788,Within,0.86963306435544,0.839774418368987,0.82484509537576
788,Between,0.334600765028522,0.414613991448386,0.600099198148979
789,Within,0.571046604490911,0.529990966259538,0.597172919729057
789,Between,0.442252985785065,0.580457043842897,0.699525155400415
790,Within,0.40682405156542,0.574778935239218,0.787521787892694
790,Between,0.273099951360987,0.286658104974653,0.550073660897307
791,Within,0.888294718096973,0.862168402858827,0.850971410613907
791,Between,0.158113883008419,0.154349266746314,0.233406208250523
792,Within,0.740809710424949,0.79539568908784,0.857779664702572
792,Between,0.300327809240029,0.271205112586451,0.469603483538955
793,Within,0.294854129116222,0.40682405156542,0.533723297007845
793,Between,0.273979807768629,0.23368865956736,0.503639352515863
794,Within,0.350839090340821,0.488935328028166,0.683016526940109
794,Between,-0.0301169300968417,-0.0225876975726313,0.240935440774734
795,Within,0.862885402736324,0.812127437869482,0.812127437869482
795,Between,0.250460614629365,0.236045615226236,0.33875248597353
796,Within,0.783789457144388,0.757663141906242,0.765127803402855
796,Between,0.19756166694199,0.00968439543833286,0.220804215993989
797,Within,0.750198480409628,0.731536826668095,0.906956371838506
797,Between,0.417872405093679,0.406578556307363,0.564692439315782
798,Within,0.753930811157935,0.843506749117294,0.8472390798656
798,Between,-0.0828215577663147,0.0602338601936834,0.0602338601936834
799,Within,0.787521787892694,0.813648103130841,0.798718780137614
799,Between,-0.0639170098929969,-0.185940392415991,0.195624787854324
800,Within,0.674355818945195,0.674355818945195,0.884638816250686
800,Between,0.455536612625348,0.455536612625348,0.571726113011571
801,Within,0.817380433879147,0.809915772382534,0.574778935239218
801,Between,-0.00553283335172488,0.180739222823013,0.0405741112459825
802,Within,0.634496227212124,0.447879689796793,0.724072165171482
802,Between,0.0922138891954147,-0.0424183890298908,0.365167001213842
803,Within,0.884562387348666,0.884562387348666,0.906956371838506
803,Between,0.218347743202102,0.0903507902905251,0.436695486404205
804,Within,0.406063718934741,0.478575097315945,0.290045513524815
804,Between,0.331286231065259,0.331286231065259,0.500693962859993
805,Within,0.802451110885921,0.828577426124067,0.832309756872374
805,Between,0.17317234805684,0.222112359464208,0.135526185435788
806,Within,0.506869801869702,0.577051774436276,0.584849771388118
806,Between,-0.0295084445425327,-0.0959024447632313,0.239756111908078
807,Within,0.86963306435544,0.686748857688416,0.82484509537576
807,Between,0.0387298334620742,-0.0258198889747161,0.160452167200022
808,Within,0.806183441634228,0.806183441634228,0.783789457144388
808,Between,0.410343172569468,0.44798933519052,0.511987811646309
809,Within,0.690481188436723,0.716607503674869,0.768860134151161
809,Between,0.395284707521047,0.301169300968417,0.628690915771571
810,Within,0.783122886517,0.76862061084076,0.826629713545723
810,Between,0.383609779052925,0.225001889636812,0.544061946252947
811,Within,0.488935328028166,0.552384950749378,0.518793974014619
811,Between,0.027116307227332,0.054232614454664,0.416429003848313
812,Within,0.813648103130841,0.761395472654548,0.921885694831732
812,Between,0.488733612735698,0.479512223816156,0.507176390574781
813,Within,0.76862061084076,0.638100129754593,0.514830786506546
813,Between,0.0461069445977073,0.0534840557333405,0.125410889305764
814,Within,0.819378575707602,0.790374024355121,0.884638816250686
814,Between,0.643652946583994,0.60492311312192,0.66947283555871
815,Within,0.757663141906242,0.83604208762068,0.653157880953656
815,Between,0.0368855556781659,0.165985000551746,0.271108834234519
816,Within,0.688858094621435,0.797625162193241,0.841131989221963
816,Between,0.124329369851987,0.17658374268833,0.252262489554756
817,Within,0.358707859784712,0.39769784454392,0.436687829303128
817,Between,0.313774412201985,0.228551732344656,0.484219771916643
818,Within,0.653832571283059,0.71558342523757,0.86814435853695
818,Between,0.160026452839728,0.0909241209316635,-0.101835015443463
819,Within,0.467879817110494,0.686223731762058,0.616041759195484
819,Between,-0.0110656667034498,-0.0663940002206986,0.0866810558436898
820,Within,0.891889954088806,0.906392229765047,0.920894505441287
820,Between,0.315371501048318,0.234223278556353,0.431561001434541
821,Within,0.753930811157935,0.802451110885921,0.787521787892694
821,Between,-0.143853667144847,-0.0663940002206986,-0.130943722657489
822,Within,0.679284196191803,0.854703741362213,0.850971410613907
822,Between,0.285863056505785,0.339347112239126,0.315371501048318
823,Within,0.842183670798889,0.849981667750731,0.873375658606256
823,Between,0.51824205727823,0.549594779604671,0.549594779604671
824,Within,0.914421033335119,0.8472390798656,0.936815017824959
824,Between,0.368855556781659,0.350412778942576,0.647341502151811
825,Within,0.76862061084076,0.601844440563991,0.623597854078352
825,Between,0.339347112239126,0.193649167310371,0.254510334179344
826,Within,0.742733818913015,0.694213519185029,0.809915772382534
826,Between,0.229128784747792,0.327326835353989,0.494627217868249
827,Within,0.558337613535269,0.754118335164519,0.891889954088806
827,Between,0.433405279218449,0.295084445425327,0.416806779163274
828,Within,0.697945849933336,0.776324795647775,0.783789457144388
828,Between,0.00922138891954147,0.145697944928755,-0.0258198889747161
829,Within,0.655031743954692,0.670627737858375,0.577051774436276
829,Between,0.243444667475895,0.212091945149454,0.394675445756375
830,Within,0.731536826668095,0.697945849933336,0.645693219457043
830,Between,0.160452167200022,0.0885253336275981,0.252666056395436
831,Within,0.761369473002639,0.783122886517,0.906392229765047
831,Between,0.287320222144057,0.258224503445924,0.410977026611119
832,Within,0.810991682991523,0.764203701280474,0.865577661654414
832,Between,0.173251937265457,0.249805118847868,0.278008922588756
833,Within,0.478575097315945,0.471323959477824,0.398812581096621
833,Between,-0.0202870556229912,-0.0147542222712663,0.199182000662096
834,Within,0.742733818913015,0.783789457144388,0.82484509537576
834,Between,0.133338744478943,0.167574368061374,0.263073739107103
835,Within,0.541187958504458,0.567314273742604,0.619566904218897
835,Between,0.363322723429934,0.413118223595458,0.512709223926506
836,Within,0.710611508135797,0.536584200020908,0.833880851383843
836,Between,0.342580079851574,0.34634469611368,0.594809369412624
837,Within,0.674355818945195,0.761369473002639,0.891889954088806
837,Between,-0.0254587538608658,0.087287156094397,-0.167300382514261
838,Within,0.362036082585741,0.40682405156542,0.563581942994298
838,Between,0.284018778721877,0.261887445314978,0.507176390574781
839,Within,0.826629713545723,0.732364921650158,0.783122886517
839,Between,0.0886405260427918,0.0604367223019035,-0.112815214963553
840,Within,0.804876300031361,0.848383127060084,0.906392229765047
840,Between,0.588811242650638,0.581063726299972,0.770877876891296
841,Within,0.857779664702572,0.826587676895206,0.803193686039681
841,Between,0.0400066132099319,0.109108945117996,0.120019839629796
842,Within,0.638100129754593,0.630848991916472,0.797625162193241
842,Between,0.250821778611528,0.154919333848297,0.414962501379366
843,Within,0.584849771388118,0.826587676895206,0.725213716521266
843,Between,0.441861231502926,0.429236624888557,0.483342081807282
844,Within,0.8472390798656,0.813648103130841,0.854703741362213
844,Between,0.218217890235992,0.221854855073259,0.316415940842189
845,Within,0.720339834423176,0.727804495919789,0.761395472654548
845,Between,0.199524661891576,0.199524661891576,0.304933917230522
846,Within,0.514667798821543,0.389899847592078,0.701819725665741
846,Between,0.319992382278943,0.297404684706312,0.244700057036839
847,Within,0.870136540574445,0.855634264898204,0.928145643279408
847,Between,0.118923745075814,0.185593117315285,0.326139361495792
848,Within,0.59459330272587,0.551086475697148,0.507579648668426
848,Between,0.125410889305764,0.0368855556781659,0.293240167641419
849,Within,0.518793974014619,0.724072165171482,0.794986449389308
849,Between,0.368932393686311,0.312463149754733,0.658807845868412
850,Within,0.641960888708737,0.61583457347059,0.802451110885921
850,Between,0.274797389802336,0.319060056616135,0.507176390574781
851,Within,0.76862061084076,0.855634264898204,0.862885402736324
851,Between,-0.0329269444903317,-0.178192876065325,0.298279379500652
852,Within,0.57283988921151,0.717862645973917,0.855634264898204
852,Between,-0.0424183890298908,-0.0553283335172488,0.206559111797729
853,Within,0.819378575707602,0.812127437869482,0.884638816250686
853,Between,0.3780769457012,0.512709223926506,0.527463446197772
854,Within,0.813648103130841,0.832309756872374,0.899491710341893
854,Between,0.485045057167881,0.457380890409257,0.70266983566906
855,Within,0.703360370297676,0.703360370297676,0.761369473002639
855,Between,0.152752523165195,0.221854855073259,0.28368325730679
856,Within,0.530263792725227,0.655031743954692,0.530263792725227
856,Between,0.0832858007696626,-0.0949070752956621,0.275036830448653
857,Within,0.746867197326398,0.790374024355121,0.855634264898204
857,Between,0.0188230813105261,0.00752923252421043,0.203289278153682
858,Within,0.630763896463817,0.585975927484138,0.817380433879147
858,Between,-0.0150584650484209,-0.0903507902905251,0.0602338601936834
859,Within,0.765127803402855,0.66062254245027,0.821112764627454
859,Between,-0.0433989903920472,0.0229759360899074,0.0995623897229319
860,Within,0.466541343538326,0.612102242722284,0.313515782857755
860,Between,0.407585390243733,0.416806779163274,0.634431557664453
861,Within,0.828577426124067,0.88083005660036,0.903224041090199
861,Between,0.18912217153786,0.320052905679456,0.316415940842189
862,Within,0.77587174867888,0.797625162193241,0.920894505441287
862,Between,0.208403389581637,0.225001889636812,0.219469056285087
863,Within,0.705410511429949,0.683016526940109,0.873365395103746
863,Between,0.326437167751768,0.241600389691986,0.287707334289694
864,Within,0.743700819611562,0.781839323181386,0.791373949073842
864,Between,0.122023382522994,0.133644657048994,0.575253089036972
865,Within,0.780057126396081,0.780057126396081,0.83604208762068
865,Between,-0.0109108945117996,0.174574312188794,0.229128784747792
866,Within,0.66062254245027,0.705410511429949,0.765127803402855
866,Between,-0.245288945259803,-0.116189500386222,-0.0977467225471396
867,Within,0.697945849933336,0.656890211701963,0.854703741362213
867,Between,0.20901749134537,0.22523436567389,0.172979992837547
868,Within,0.668087203946883,0.798718780137614,0.806183441634228
868,Between,0.101435278114956,0.108812389250589,0.295084445425327
869,Within,0.544920289252765,0.552384950749378,0.612102242722284
869,Between,-0.176936964318945,-0.199524661891576,-0.176936964318945
870,Within,0.884562387348666,0.645693219457043,0.709142842178256
870,Between,0.459319089494467,0.398882367192563,0.713153323162461
871,Within,0.54585978662891,0.49907180491786,0.631637753099167
871,Between,0.0639984764557886,0.120467720387367,-0.00752923252421043
872,Within,0.750198480409628,0.563581942994298,0.768860134151161
872,Between,0.112500944818406,0.0165985000551746,0.322748612183951
873,Within,0.725113783812037,0.77587174867888,0.826629713545723
873,Between,0.184466196843155,0.207053894415787,0.304933917230522
874,Within,0.667104681107074,0.725113783812037,0.797625162193241
874,Between,0.349563735525877,0.445063106571606,0.423440607466913
875,Within,0.593440588980751,0.567314273742604,0.675551865443496
875,Between,0.161878499270524,-0.161878499270524,0.289875452182101
876,Within,0.64942555020535,0.772592464899468,0.742733818913015
876,Between,0.134567698978862,0.203670030886926,0.349148624377588
877,Within,0.790374024355121,0.790374024355121,0.826629713545723
877,Between,0.276641667586244,0.416806779163274,0.402052556892008
878,Within,0.62703156571551,0.750198480409628,0.645693219457043
878,Between,0.0639984764557886,0.0828215577663147,0.376461626210521
879,Within,0.533723297007845,0.690481188436723,0.802451110885921
879,Between,0.143853667144847,0.143853667144847,0.094058166979323
880,Within,0.634496227212124,0.709142842178256,0.746466149661322
880,Between,0.258198889747161,0.374388390133384,0.60492311312192
881,Within,0.478575097315945,0.471323959477824,0.464072821639704
881,Between,0.230534722988537,0.304305834344868,0.195493445094279
882,Within,0.58009102704963,0.514830786506546,0.862885402736324
882,Between,0.352785589214854,0.316415940842189,0.680112424568843
883,Within,0.488935328028166,0.294854129116222,0.354571421089128
883,Between,-0.188230813105261,-0.248464673298944,0.0225876975726313
884,Within,0.728080412476383,0.757203628975438,0.711438574476923
884,Between,0.210247667365545,0.274797389802336,0.219469056285087
885,Within,0.638100129754593,0.652602405430834,0.77587174867888
885,Between,-0.122023382522994,-0.273099951360987,-0.0426113399286646
886,Within,0.62703156571551,0.63822855796043,0.776324795647775
886,Between,0.136476556009214,0.136476556009214,0.0903696114115064
887,Within,0.536584200020908,0.674355818945195,0.76862061084076
887,Between,0.381881307912987,0.334600765028522,0.290957186981323
888,Within,0.754118335164519,0.754118335164519,0.870136540574445
888,Between,0.233406208250523,0.222112359464208,0.504458579122099
889,Within,0.481470666531552,0.537455627756152,0.477738335783246
889,Between,0.225491819910525,0.116382874792529,0.229128784747792
890,Within,0.665673519978407,0.703117655477193,0.840412818972739
890,Between,0.0903507902905251,0.154349266746314,0.286110835919996
891,Within,0.694213519185029,0.735269157416402,0.806183441634228
891,Between,0.254587538608658,0.258224503445924,0.330963800191255
892,Within,0.884638816250686,0.833880851383843,0.862885402736324
892,Between,-0.0941154065526303,0.0376461626210521,0.372697009948416
893,Within,0.567314273742604,0.511329312518005,0.720339834423176
893,Between,0.0331970001103493,-0.0147542222712663,0.217624778501179
894,Within,0.656890211701963,0.488935328028166,0.761395472654548
894,Between,0.0254587538608658,0.00363696483726654,0.0763762615825973
895,Within,0.49907180491786,0.655031743954692,0.421091835399445
895,Between,0.259541797747321,0.0561694935423306,0.451292827426311
896,Within,0.810991682991523,0.678425734810216,0.670627737858375
896,Between,0.207053894415787,0.274816987133681,0.463047800238941
897,Within,0.634496227212124,0.481470666531552,0.768860134151161
897,Between,0.350109312375785,0.414107788831573,0.474341649025257
898,Within,0.536584200020908,0.630848991916472,0.638100129754593
898,Between,0.0400066132099319,0.0436435780471985,0.0618284022335312
899,Within,0.634496227212124,0.66062254245027,0.701678180681642
899,Between,0.225001889636812,0.258198889747161,0.307994389912685
900,Within,0.544920289252765,0.634496227212124,0.679284196191803
900,Between,0.302714987465708,0.372988109555961,0.463081855825517
901,Within,0.538061789677068,0.608243762243642,0.608243762243642
901,Between,0.210818510677892,0.169407731794735,0.158113883008419
902,Within,0.500328510830306,0.507579648668426,0.38431030542038
902,Between,0.221313334068995,0.127255167089672,0.330125723319585
903,Within,0.638100129754593,0.616346716240232,0.833880851383843
903,Between,0.396429167262053,0.400066132099319,0.447346674983784
904,Within,0.848383127060084,0.862885402736324,0.906392229765047
904,Between,0.197426626186218,0.145048133524568,0.322329185610152
905,Within,0.862168402858827,0.888294718096973,0.903224041090199
905,Between,0.22684616742072,0.201026278446004,0.418651056947183
906,Within,0.753930811157935,0.753930811157935,0.8472390798656
906,Between,0.289875452182101,0.478106265287362,0.34634469611368
907,Within,0.834385673847048,0.842183670798889,0.873375658606256
907,Between,0.119878055954039,0.132788000441397,0.243444667475895
908,Within,0.492667658776472,0.597172919729057,0.664354873198576
908,Between,-0.131761569173682,-0.0602338601936834,0.0263523138347365
909,Within,0.794986449389308,0.873365395103746,0.888294718096973
909,Between,0.110402107996995,0.0368007026656649,0.213056699643323
910,Within,0.764203701280474,0.733011713473107,0.764203701280474
910,Between,0.304933917230522,0.312463149754733,0.557163206791572
911,Within,0.688858094621435,0.652602405430834,0.790374024355121
911,Between,0.390824137552309,0.378736793091929,0.632571026759923
912,Within,0.697945849933336,0.664354873198576,0.656890211701963
912,Between,0.20337230420499,-0.0794120425943295,0.193687908766657
913,Within,0.783122886517,0.754118335164519,0.732364921650158
913,Between,0.0451753951452626,0.00376461626210521,0.199524661891576
914,Within,0.683016526940109,0.686748857688416,0.903224041090199
914,Between,0.126131244777378,0.115319995225032,0.254064364480148
915,Within,0.607427086980297,0.719759493476653,0.840412818972739
915,Between,0.207246062380323,0.251794281396654,0.313774412201985
916,Within,0.630848991916472,0.790374024355121,0.884638816250686
916,Between,0.276641667586244,0.403896834675916,0.536684835117313
917,Within,0.739616059488278,0.761369473002639,0.855634264898204
917,Between,0.0558581226871247,0.075678746866427,0.0774806217918181
918,Within,0.678425734810216,0.772001698232315,0.857779664702572
918,Between,0.30246155656096,0.285863056505785,0.575414668579388
919,Within,0.674355818945195,0.725113783812037,0.826629713545723
919,Between,0.287320222144057,0.323689870516722,0.512812042054582
920,Within,0.79539568908784,0.834385673847048,0.857779664702572
920,Between,0.0129099444873581,-0.0590168890850654,0.239756111908078
921,Within,0.641960888708737,0.608369911973977,0.64942555020535
921,Between,-0.0165985000551746,-0.0479512223816156,0.00553283335172488
922,Within,0.645351267592713,0.478575097315945,0.696109232459556
922,Between,0.545544725589981,0.501901147542783,0.563729549776314
923,Within,0.761369473002639,0.696109232459556,0.797625162193241
923,Between,0.122527494926596,0.133338744478943,0.250460614629365
924,Within,0.790374024355121,0.804876300031361,0.848383127060084
924,Between,0.135140619404334,0.172979992837547,0.180187492539112
925,Within,0.464072821639704,0.485826235154065,0.565588751373389
925,Between,0.319992382278943,0.244700057036839,0.414107788831573
926,Within,0.77587174867888,0.841131989221963,0.899141091926926
926,Between,0.108812389250589,0.0885253336275981,0.435249557002357
927,Within,0.441008706985695,0.47845284248448,0.515896977983266
927,Between,-0.0436840449803679,-0.0254823595718813,0.0837277528790385
928,Within,0.6940217287139,0.772001698232315,0.709617722617583
928,Between,0.356422554052121,0.345511659540321,0.432798815634718
929,Within,0.641960888708737,0.641960888708737,0.821112764627454
929,Between,0.109108945117996,0.0800132264198639,0.465531499170117
930,Within,0.787597692135998,0.787597692135998,0.810991682991523
930,Between,0.284696238211797,0.372988109555961,0.446864981496997
931,Within,0.739001488164708,0.854703741362213,0.884562387348666
931,Between,0.392808733735264,0.455874356123953,0.518939978512642
932,Within,0.791254118641001,0.843506749117294,0.735269157416402
932,Between,0.323756998541048,0.218347743202102,0.617397066985255
933,Within,0.339642098095901,0.664354873198576,0.791254118641001
933,Between,0.169407731794735,0.00752923252421043,0.109173871601051
934,Within,0.817380433879147,0.828577426124067,0.8472390798656
934,Between,0.370970413401187,0.432798815634718,0.545544725589981
935,Within,0.674355818945195,0.710611508135797,0.819378575707602
935,Between,0.0571726113011571,0.0534840557333405,0.0663940002206986
936,Within,0.746466149661322,0.739001488164708,0.936815017824959
936,Between,0.318931861794228,0.372988109555961,0.372988109555961
937,Within,0.716607503674869,0.709142842178256,0.877097725852053
937,Between,0.221854855073259,0.229128784747792,0.305505046330389
938,Within,0.235136837143316,0.313515782857755,0.362036082585741
938,Between,-0.265576000882794,-0.24897750082762,-0.800416558216199
939,Within,0.563581942994298,0.724072165171482,0.623299234967204
939,Between,0.182066634240658,0.145265931574993,0.304090016763652
940,Within,0.77587174867888,0.739616059488278,0.877387678412565
940,Between,0.418250956285652,0.403703096936586,0.443709710146518
941,Within,0.839774418368987,0.892027048845279,0.753930811157935
941,Between,0.136476556009214,0.182583500606921,0.125410889305764
942,Within,0.652602405430834,0.674355818945195,0.826629713545723
942,Between,0.285863056505785,0.309838667696593,0.31352722326441
943,Within,0.514667798821543,0.631637753099167,0.686223731762058
943,Between,0.354101334510392,0.374388390133384,0.431561001434541
944,Within,0.619566904218897,0.675551865443496,0.787521787892694
944,Between,0.320052905679456,0.341874694703055,0.505538112380049
945,Within,0.667104681107074,0.471323959477824,0.543835337859028
945,Between,-0.112745909955263,-0.127293769304329,-0.123656804467062
946,Within,0.414288713062034,0.399359390068807,0.630763896463817
946,Between,0.16229644498393,0.0663940002206986,0.261887445314978
947,Within,0.533723297007845,0.365768413334048,0.63822855796043
947,Between,0.333143203078651,0.0910333171203289,0.443545311075645
948,Within,0.577051774436276,0.678425734810216,0.779799695184157
948,Between,0.127255167089672,0.105123833682773,0.403896834675916
949,Within,0.862885402736324,0.819378575707602,0.855634264898204
949,Between,-0.0147542222712663,-0.0479512223816156,0.0405741112459825
950,Within,0.855634264898204,0.797625162193241,0.870136540574445
950,Between,0.594621879913638,0.493904167354976,0.662412647981968
951,Within,0.791254118641001,0.809915772382534,0.817380433879147
951,Between,-0.0677630927178939,0.101644639076841,0.0865861740284199
952,Within,0.343374428844208,0.313515782857755,0.317248113606062
952,Between,-0.118033778170131,-0.296928723209235,-0.0922138891954147
953,Within,0.757663141906242,0.903224041090199,0.921885694831732
953,Between,0.229641591988418,0.271052370871575,0.429166253879994
954,Within,0.710611508135797,0.761369473002639,0.928145643279408
954,Between,0.416233107765348,0.452270606273171,0.735164969559576
955,Within,0.841131989221963,0.891889954088806,0.848383127060084
955,Between,0.172382238802325,0.0426113399286646,0.275036830448653
956,Within,0.670627737858375,0.701819725665741,0.670627737858375
956,Between,0.391249575708648,0.218867336906323,0.565568693598639
957,Within,0.355305754067898,0.485826235154065,0.522081924344667
957,Between,0.473979390464431,0.47582366824834,0.665784279990894
958,Within,0.812127437869482,0.841131989221963,0.913643367603167
958,Between,0.406578556307363,0.455518567714731,0.771746333731569
959,Within,0.569253777484434,0.662829740906533,0.686223731762058
959,Between,0.17317234805684,0.278581603395786,0.312463149754733
960,Within,0.74860770737679,0.670627737858375,0.779799695184157
960,Between,0.46475800154489,0.29139588985751,0.461069445977073
961,Within,0.809915772382534,0.839774418368987,0.832309756872374
961,Between,0.246856864778583,0.216224991046934,0.24145124000241
962,Within,0.55722840604504,0.635763953205751,0.841452291007611
962,Between,0.381881307912987,0.421887921122919,0.461894534332851
963,Within,0.833880851383843,0.797625162193241,0.783122886517
963,Between,0.26728775460947,0.301169300968417,0.685160159703149
964,Within,0.906392229765047,0.826629713545723,0.906392229765047
964,Between,0.553283335172488,0.479512223816156,0.599390279770195
965,Within,0.567314273742604,0.683016526940109,0.82484509537576
965,Between,0.360059518889387,0.374607378238454,0.490990253030983
966,Within,0.848383127060084,0.884638816250686,0.891889954088806
966,Between,0.28368325730679,0.280046292469524,0.530996866240915
967,Within,0.809915772382534,0.794986449389308,0.585975927484138
967,Between,0.35496936030205,0.37118623463057,0.627052474036109
968,Within,0.44041502830018,0.664354873198576,0.85843607211052
968,Between,0.0922138891954147,0.333814278887401,0.260043167531069
969,Within,0.623597854078352,0.609095578402111,0.812127437869482
969,Between,0.154349266746314,0.0941154065526303,0.316227766016838
970,Within,0.754118335164519,0.59459330272587,0.696109232459556
970,Between,0.490030409179643,0.395123333883981,0.48034601374131
971,Within,0.750198480409628,0.697945849933336,0.750198480409628
971,Between,0.336950611048139,0.335148736122748,0.582005600901331
972,Within,0.500328510830306,0.478575097315945,0.529333062182787
972,Between,0.308698533492627,0.493164730335783,0.764217101207358
973,Within,0.335313868929187,0.421091835399445,0.592647768339959
973,Between,0.462932740999247,0.453765756028965,0.65085593289003
974,Within,0.551086475697148,0.58734216488775,0.819378575707602
974,Between,0.348568501158667,0.418651056947183,0.51824205727823
975,Within,0.686748857688416,0.63822855796043,0.63822855796043
975,Between,0.318931861794228,0.362176860003615,0.517138103587251
976,Within,0.670627737858375,0.655031743954692,0.857779664702572
976,Between,0.156763611632205,0.188116333958646,0.376232667917292
977,Within,0.656890211701963,0.716607503674869,0.742733818913015
977,Between,0.397060212971647,0.48034601374131,0.670160164332634
978,Within,0.582243596735831,0.772592464899468,0.899491710341893
978,Between,0.301169300968417,0.316227766016838,0.395284707521047
979,Within,0.761369473002639,0.833880851383843,0.717862645973917
979,Between,0.167829278335655,0.129099444873581,0.331970001103493
980,Within,0.803193686039681,0.772001698232315,0.787597692135998
980,Between,0.153013447925659,0.176255996977658,0.00968439543833286
981,Within,0.511329312518005,0.518793974014619,0.802451110885921
981,Between,0.0193687908766657,0.040674460840998,0.348638235779983
982,Within,0.855634264898204,0.884638816250686,0.77587174867888
982,Between,-0.0461069445977073,-0.0682382780046069,0.0368855556781659
983,Within,0.529333062182787,0.645351267592713,0.703360370297676
983,Between,0.137518415224327,0.0445482190163312,0.220804215993989
984,Within,0.478575097315945,0.59459330272587,0.732364921650158
984,Between,0.0848367780597815,0.136476556009214,-0.0553283335172488
985,Within,0.655031743954692,0.64723374700285,0.678425734810216
985,Between,-0.287320222144057,-0.269135397957724,-0.192759136375127
986,Within,0.553657783580751,0.74860770737679,0.764203701280474
986,Between,0.109108945117996,0.20003306604966,0.18912217153786
987,Within,0.670627737858375,0.553657783580751,0.772001698232315
987,Between,-0.0677630927178939,0.0602338601936834,0.161878499270524
988,Within,0.655031743954692,0.584849771388118,0.64723374700285
988,Between,-0.00376461626210521,0.0639984764557886,0.052704627669473
989,Within,0.701678180681642,0.62703156571551,0.600905250477364
989,Between,0.160366868359809,0.0864899964187737,0.237847490151628
990,Within,0.623597854078352,0.725113783812037,0.783122886517
990,Between,0.489400114073678,0.237170824512628,0.481870881549467
991,Within,0.653157880953656,0.656890211701963,0.522526304762925
991,Between,0.392831167972466,0.413118223595458,0.420495334731091
992,Within,0.949899056793769,0.949899056793769,0.928145643279408
992,Between,0.18912217153786,0.221854855073259,0.469168464007384
993,Within,0.592647768339959,0.584849771388118,0.740809710424949
993,Between,0.165643115532629,0.0338815463589469,0.244700057036839
994,Within,0.877097725852053,0.791254118641001,0.83604208762068
994,Between,0.372544112349475,0.521930612846047,0.365167001213842
995,Within,0.563581942994298,0.727804495919789,0.892027048845279
995,Between,-0.191995429367366,0.0225876975726313,0.150584650484209
996,Within,0.597172919729057,0.608369911973977,0.772592464899468
996,Between,0.0338815463589469,0.240935440774734,0.124232336649472
997,Within,0.720339834423176,0.798718780137614,0.884562387348666
997,Between,0.203611866569196,0.167574368061374,0.219828740897716
998,Within,0.709142842178256,0.690481188436723,0.742733818913015
998,Between,0.330963800191255,0.240039679259592,0.476442393681917
999,Within,0.862885402736324,0.77587174867888,0.877387678412565
999,Between,0.450003779273624,0.372544112349475,0.549594779604671
1000,Within,0.740809710424949,0.764203701280474,0.881173655558097
1000,Between,-0.196396101212393,0.0509175077217316,-0.0654653670707977
