sample1	sample2	ref	scaffold	length	common	commonPct	single	singlePct	singleAgree	singleAgreePct	multi	multiPct	sharedAlleles	sharedAllelesPct	variants	variantPct	commonVariant	commonVariantPct	variantExact	variantExactPct	AnotB	AnotBpct	BnotA	BnotApct	Agaps	AgapPct	Bgaps	BgapPct	gapJaccardSim	sample1_hh	sample2_hh	HH_type	sample1_host	sample2_host
A1005	C1045	na	NZ_CP010816.1	4528118	314622	6.9482	311513	99.0118	310452	99.6594	3109	0.9882	313561	99.6628	4717	1.4993	3656	77.5069	669	14.1827	3190	67.6277	713	15.1155	54276	50.2027	26816	100	0.9939	005	045	Between	Human	Human
A1005	D1024	na	NZ_CP014641.1	4165587	26278	0.6308	25638	97.5645	25376	98.9781	640	2.4355	26008	98.9725	980	3.7294	710	72.449	167	17.0408	392	40	319	32.551	8164	0	0	0	0.998	005	024	Between	Human	Animal
A1005	O1005	na	NZ_CP014641.1	4165587	24178	0.5804	23530	97.3199	23292	98.9885	648	2.6801	23933	98.9867	957	3.9581	712	74.3992	169	17.6594	405	42.3197	310	32.3929	8164	0	0	0	0.998	005	005	Within	Human	Human
A1005	P1080	na	NZ_CP014641.1	4165587	35071	0.8419	34763	99.1218	34226	98.4553	308	0.8782	34525	98.4432	971	2.7687	425	43.7693	126	12.9763	448	46.138	333	34.2945	8164	100	42747	22.7782	0.9917	005	080	Between	Human	Animal
A1005	P1103	na	NZ_CP014641.1	4165587	34287	0.8231	33808	98.603	33452	98.947	479	1.397	33918	98.9238	942	2.7474	573	60.828	145	15.3928	423	44.9045	321	34.0764	8164	100	21524	37.6882	0.9968	005	103	Between	Human	Animal
A1005	P2009	na	NZ_CP014641.1	4165587	34169	0.8203	33799	98.9171	33377	98.7514	370	1.0829	33741	98.7474	876	2.5637	448	51.1416	95	10.8447	439	50.1142	284	32.4201	8164	0	0	0	0.998	005	009	Between	Human	Animal
A1005	P2093	na	NZ_CP014641.1	4165587	29208	0.7012	28725	98.3463	28352	98.7015	483	1.6537	28827	98.6956	947	3.2423	566	59.7677	131	13.8332	385	40.6547	363	38.3316	8164	0	12309	0	0.9951	005	093	Between	Human	Animal
A1005	P3053	na	NZ_CP014641.1	4165587	41006	0.9844	40617	99.0514	40050	98.604	389	0.9486	40431	98.5978	1098	2.6777	523	47.6321	166	15.1184	327	29.7814	556	50.6375	8164	100	33076	24.5223	0.994	005	053	Between	Human	Animal
A1005	P3093	na	NZ_CP014641.1	4165587	44411	1.0661	43883	98.8111	43293	98.6555	528	1.1889	43815	98.658	1251	2.8169	655	52.3581	179	14.3086	451	36.0512	538	43.0056	8164	0	12263	0	0.9951	005	093	Between	Human	Animal
A1009	C1009	na	NZ_CP076282.1	4831855	3643590	75.4077	3640571	99.9171	3639995	99.9842	3019	0.0829	3643014	99.9842	12808	0.3515	12232	95.5028	9356	73.0481	545	4.2552	2082	16.2555	253240	82.6801	121203	100	0.9718	009	009	Within	Human	Human
A1009	P3050	na	NZ_CP076282.1	4831855	3164978	65.5023	3162860	99.9331	3149890	99.5899	2118	0.0669	3151975	99.5892	16308	0.5153	3305	20.2661	1233	7.5607	11872	72.7986	2811	17.2369	253240	44.9171	59660	100	0.9594	009	050	Between	Human	Animal
A1009	S1030	na	NZ_CP076282.1	4831855	2874516	59.4909	2871270	99.8871	2859200	99.5796	3246	0.1129	2862409	99.5788	16422	0.5713	4315	26.2757	1119	6.814	11247	68.4874	3579	21.7939	253240	18.4323	14893	100	0.9504	009	030	Between	Human	Environment
A1009	W1055	na	NZ_CP076282.1	4831855	2384747	49.3547	2370555	99.4049	2360291	99.567	14192	0.5951	2374392	99.5658	25540	1.071	15185	59.4558	1105	4.3265	9133	35.7596	14015	54.8747	253240	66.9314	79884	100	0.9623	009	055	Between	Human	Environment
A1011	A1020	na	NZ_CP022279.1	4907118	3677259	74.9372	3675242	99.9451	3672821	99.9341	2017	0.0549	3674833	99.934	16344	0.4445	13918	85.1566	12113	74.1128	1671	10.2239	2011	12.3042	201701	68.6437	260928	63.1025	0.957	011	020	Between	Human	Human
A1011	A1049	na	NZ_CP053284.1	5244439	448582	8.5535	445526	99.3187	441624	99.1242	3056	0.6813	444638	99.1208	8294	1.8489	4350	52.4476	1541	18.5797	3662	44.1524	2560	30.8657	122636	69.9672	145454	67.5244	0.9811	011	049	Between	Human	Human
A1011	A1049	na	NZ_LR134231.1	4594692	1115499	24.278	1114229	99.8861	1111284	99.7357	1270	0.1139	1112528	99.7337	4608	0.4131	1637	35.5252	427	9.2665	1993	43.2509	2054	44.5747	69169	62.0798	71381	50.2473	0.9849	011	049	Between	Human	Human
A1011	A1053	na	NZ_LR134231.1	4594692	993084	21.6137	990071	99.6966	988157	99.8067	3013	0.3034	991139	99.8041	5195	0.5231	3250	62.5602	385	7.411	1896	36.4966	2712	52.204	69169	19.9974	34664	36.2855	0.9828	011	053	Between	Human	Human
A1011	A1058	na	NZ_LR134231.1	4594692	593069	12.9077	592043	99.827	589070	99.4978	1026	0.173	590080	99.496	4485	0.7562	1496	33.3556	490	10.9253	1730	38.573	2128	47.447	69169	62.0798	103098	41.0629	0.9807	011	058	Between	Human	Human
A1011	A1064	na	NZ_LR134231.1	4594692	769876	16.7558	768222	99.7852	765596	99.6582	1654	0.2148	767235	99.657	4685	0.6085	2044	43.6286	431	9.1996	1608	34.3223	2541	54.2369	69169	62.0798	43970	83.3978	0.9904	011	064	Between	Human	Human
A1011	A1080	na	NZ_CP053284.1	5244439	350306	6.6796	346422	98.8913	342257	98.7977	3884	1.1087	346102	98.7999	9170	2.6177	4966	54.1549	1506	16.4231	3929	42.8462	3042	33.1734	122636	47.8962	111019	55.4013	0.9765	011	080	Between	Human	Human
A1011	A1081	na	NZ_CP053284.1	5244439	450834	8.5964	445820	98.8878	442189	99.1855	5014	1.1122	447157	99.1844	9632	2.1365	5955	61.8252	1484	15.407	3776	39.2027	3570	37.064	122636	52.5319	189025	36.0794	0.9624	011	081	Between	Human	Human
A1011	A1085	na	NZ_CP022279.1	4907118	3620537	73.7813	3618644	99.9477	3616197	99.9324	1893	0.0523	3618089	99.9324	16289	0.4499	13841	84.9715	12188	74.8235	1549	9.5095	1996	12.2537	201701	68.6437	327116	65.3838	0.9432	011	085	Between	Human	Human
A1011	A1092	na	NZ_LR134231.1	4594692	1175492	25.5837	1173518	99.8321	1169831	99.6858	1974	0.1679	1171777	99.684	6195	0.527	2480	40.0323	580	9.3624	2076	33.5109	3370	54.3987	69169	86.507	61818	79.671	0.9927	011	092	Between	Human	Human
A1011	A1098	na	NZ_LR134231.1	4594692	561268	12.2156	558195	99.4525	554991	99.426	3073	0.5475	558031	99.4233	6619	1.1793	3382	51.0953	411	6.2094	1577	23.8254	4446	67.1703	69169	62.0798	61832	68.7055	0.9898	011	098	Between	Human	Human
A1011	A1108	na	NZ_CP100544.1	4679910	2455444	52.4678	2450788	99.8104	2444545	99.7453	4656	0.1896	2449181	99.7449	11026	0.449	4763	43.1979	207	1.8774	3795	34.4186	6745	61.1736	70317	50.6464	67203	46.7628	0.9838	011	108	Between	Human	Human
A1011	C1009	na	NZ_LR134231.1	4594692	1021169	22.225	1017971	99.6868	1014891	99.6974	3198	0.3132	1018070	99.6965	6748	0.6608	3649	54.0753	523	7.7504	1785	26.4523	4283	63.4707	69169	82.3722	53202	82.2638	0.9922	011	009	Between	Human	Human
A1011	C1033	na	NZ_LR134231.1	4594692	1147346	24.9711	1145443	99.8341	1143287	99.8118	1903	0.1659	1145163	99.8097	4534	0.3952	2351	51.8527	549	12.1085	1883	41.5307	1967	43.3833	69169	100	75077	87.4848	0.997	011	033	Between	Human	Human
A1011	C1038	na	NZ_CP053284.1	5244439	400514	7.6369	395495	98.7469	392734	99.3019	5019	1.2531	397723	99.3031	9921	2.4771	7130	71.8678	2891	29.1402	2648	26.6909	3236	32.6177	122636	79.5003	173519	60.1139	0.9772	011	038	Between	Human	Human
A1011	C1038	na	NZ_CP022279.1	4907118	3506141	71.4501	3502132	99.8857	3499998	99.9391	4009	0.1143	3503992	99.9387	17364	0.4952	15215	87.6238	11569	66.6264	1813	10.4411	3127	18.0085	201701	67.0096	146224	95.3065	0.9766	011	038	Between	Human	Human
A1011	C1038	na	NZ_LR134231.1	4594692	754916	16.4302	751224	99.5109	749705	99.7978	3692	0.4891	753385	99.7972	5644	0.7476	4113	72.8738	841	14.9008	1284	22.7498	3027	53.6322	69169	44.452	39077	61.9828	0.9869	011	038	Between	Human	Human
A1011	C1049	na	NZ_CP053284.1	5244439	459465	8.761	456209	99.2913	451966	99.0699	3256	0.7087	455194	99.0704	8672	1.8874	4401	50.7495	1526	17.5969	3735	43.0696	2777	32.0226	122636	69.9672	256245	40.5862	0.9596	011	049	Between	Human	Human
A1011	C1075	na	NZ_CP053284.1	5244439	480815	9.1681	478064	99.4278	473501	99.0455	2751	0.5722	476229	99.0462	8828	1.836	4242	48.0517	1863	21.1033	3883	43.985	2617	29.6443	122636	79.9488	386679	27.0904	0.9343	011	075	Between	Human	Human
A1011	C1103	na	NZ_CP100544.1	4679910	2479573	52.9833	2475335	99.8291	2473535	99.9273	4238	0.1709	2477764	99.927	6154	0.2482	4345	70.6045	183	2.9737	3704	60.1885	1972	32.0442	70317	25.5173	56220	36.3785	0.9805	011	103	Between	Human	Human
A1011	C1109	na	NZ_CP100544.1	4679910	1959700	41.8747	1954774	99.7486	1950963	99.805	4926	0.2514	1955855	99.8038	8850	0.4516	5005	56.5537	167	1.887	3298	37.2655	5126	57.9209	70317	53.9869	56979	69.2395	0.9889	011	109	Between	Human	Human
A1011	C2068	na	NZ_CP022279.1	4907118	3680013	74.9934	3678241	99.9518	3675851	99.935	1772	0.0482	3677601	99.9345	15994	0.4346	13582	84.9193	12003	75.0469	1790	11.1917	1767	11.0479	201701	79.8033	258077	70.6898	0.9646	011	068	Between	Human	Human
A1011	D1060	na	NZ_LR134231.1	4594692	1099329	23.9261	1095097	99.615	1093108	99.8184	4232	0.385	1097321	99.8173	6589	0.5994	4581	69.525	530	8.0437	1920	29.1395	3868	58.7039	69169	52.6291	42940	64.7671	0.9876	011	060	Between	Human	Animal
A1011	O1004	na	NZ_LR134231.1	4594692	998616	21.7341	994986	99.6365	992052	99.7051	3630	0.3635	995641	99.7021	6979	0.6989	4004	57.3721	549	7.8665	2088	29.9183	4086	58.5471	69169	62.0798	46667	79.793	0.9909	011	004	Between	Human	Human
A1011	O1011	na	NZ_CP053284.1	5244439	303587	5.7887	300825	99.0902	297197	98.794	2762	0.9098	299918	98.7915	7041	2.3193	3372	47.8909	790	11.22	3587	50.9445	2241	31.8279	122636	39.8366	116849	47.5417	0.9716	011	011	Within	Human	Human
A1011	O1021	na	NZ_CP053284.1	5244439	469656	8.9553	462547	98.4863	458991	99.2312	7109	1.5137	466034	99.2288	12109	2.5783	8487	70.0884	2010	16.5992	3556	29.3666	5419	44.7518	122636	73.7084	137001	67.5411	0.9825	011	021	Between	Human	Human
A1011	O1021	na	NZ_CP022279.1	4907118	2610431	53.1968	2602367	99.6911	2600947	99.9454	8064	0.3089	2609004	99.9453	16310	0.6248	14883	91.2508	6974	42.759	985	6.0392	7878	48.3017	201701	76.5599	207883	77.7885	0.9661	011	021	Between	Human	Human
A1011	O1034	na	NZ_CP053284.1	5244439	406849	7.7577	402984	99.05	399032	99.0193	3865	0.95	402856	99.0186	8961	2.2025	4968	55.4402	1643	18.335	3320	37.0494	3239	36.1455	122636	64.1753	228890	43.7581	0.9594	011	034	Between	Human	Human
A1011	O1038	na	NZ_LR134231.1	4594692	1237095	26.9244	1235872	99.9011	1231965	99.6839	1223	0.0989	1233173	99.683	5562	0.4496	1640	29.4858	444	7.9827	2320	41.7116	2717	48.8493	69169	100	118258	57.4498	0.988	011	038	Between	Human	Human
A1011	O1042	na	NZ_CP022279.1	4907118	3701597	75.4332	3698966	99.9289	3697826	99.9692	2631	0.0711	3700448	99.969	16036	0.4332	14887	92.8349	12613	78.6543	1245	7.7638	1506	9.3914	201701	86.1538	221091	92.0919	0.9818	011	042	Between	Human	Human
A1011	O1045	na	NZ_CP053284.1	5244439	281198	5.3618	280103	99.6106	278030	99.2599	1095	0.3894	279125	99.2628	4542	1.6152	2469	54.3593	1517	33.3994	797	17.5473	1827	40.2246	122636	86.1093	306093	44.1889	0.9575	011	045	Between	Human	Human
A1011	O1045	na	NZ_CP022279.1	4907118	3688420	75.1647	3684368	99.8901	3683206	99.9685	4052	0.1099	3687243	99.9681	17578	0.4766	16401	93.3041	12867	73.1995	1178	6.7016	2495	14.1939	201701	79.8033	214883	86.2213	0.9736	011	045	Between	Human	Human
A1011	O1060	na	NZ_CP022279.1	4907118	3704265	75.4876	3702315	99.9474	3700048	99.9388	1950	0.0526	3701993	99.9387	16166	0.4364	13894	85.9458	12148	75.1454	1637	10.1262	1830	11.3201	201701	68.6437	288141	57.164	0.9513	011	060	Between	Human	Human
A1011	O1108	na	NZ_LR134231.1	4594692	535702	11.6591	534342	99.7461	531810	99.5261	1360	0.2539	533156	99.5247	4273	0.7976	1727	40.4166	410	9.5951	1571	36.7657	2173	50.8542	69169	62.0798	88781	46.5054	0.9834	011	108	Between	Human	Human
A1011	P1004	na	NZ_LR134231.1	4594692	864554	18.8164	863202	99.8436	860911	99.7346	1352	0.1564	862251	99.7336	3869	0.4475	1566	40.4756	256	6.6167	2348	60.6875	1166	30.137	69169	75.5729	67840	71.7453	0.9911	011	004	Between	Human	Animal
A1011	P1005	na	NZ_LR134231.1	4594692	749717	16.317	745217	99.3998	743583	99.7807	4500	0.6002	748061	99.7791	6410	0.855	4754	74.1654	483	7.5351	1786	27.8627	3818	59.5632	69169	62.0798	32957	100	0.992	011	005	Between	Human	Animal
A1011	P1020	na	NZ_LR134231.1	4594692	1166759	25.3936	1165291	99.8742	1159445	99.4983	1468	0.1258	1160893	99.4972	7958	0.6821	2092	26.288	656	8.2433	1772	22.2669	5345	67.1651	69169	82.3722	88599	53.2467	0.986	011	020	Between	Human	Animal
A1011	P1021	na	NZ_LR134231.1	4594692	963661	20.9734	959482	99.5663	957571	99.8008	4179	0.4337	961719	99.7985	6479	0.6723	4537	70.0262	632	9.7546	1753	27.0566	3456	53.3416	69169	75.5729	57519	83.5237	0.9933	011	021	Between	Human	Animal
A1011	P1038	na	NZ_LR134231.1	4594692	779658	16.9687	777375	99.7072	775447	99.752	2283	0.2928	777709	99.75	4550	0.5836	2601	57.1648	463	10.1758	1679	36.9011	2194	48.2198	69169	62.0798	42619	76.7029	0.9898	011	038	Between	Human	Animal
A1011	P1055	na	NZ_LR134231.1	4594692	570192	12.4098	568497	99.7027	566533	99.6545	1695	0.2973	568213	99.6529	3976	0.6973	1997	50.2264	372	9.3561	1861	46.8058	1557	39.16	69169	62.0798	47164	79.2172	0.9908	011	055	Between	Human	Animal
A1011	P1084	na	NZ_LR134231.1	4594692	828437	18.0303	827438	99.8794	826107	99.8391	999	0.1206	827095	99.838	2568	0.31	1226	47.7414	259	10.0857	899	35.0078	1377	53.6215	69169	100	116509	71.5129	0.9883	011	084	Between	Human	Animal
A1011	P1090	na	NZ_LR134231.1	4594692	1258285	27.3856	1257071	99.9035	1253458	99.7126	1214	0.0965	1254651	99.7112	5444	0.4327	1810	33.2476	619	11.3703	2330	42.7994	2349	43.1484	69169	86.507	92755	50.5073	0.985	011	090	Between	Human	Animal
A1011	P2066	na	NZ_LR134231.1	4594692	922125	20.0694	920406	99.8136	918321	99.7735	1719	0.1864	920022	99.7719	4152	0.4503	2049	49.3497	406	9.7784	1845	44.4364	1752	42.1965	69169	62.0798	53230	77.2515	0.9911	011	066	Between	Human	Animal
A1011	P3031	na	NZ_LR134231.1	4594692	189769	4.1302	188293	99.2222	186728	99.1688	1476	0.7778	188189	99.1674	3382	1.7822	1802	53.2821	412	12.1821	1282	37.9066	1529	45.2099	69169	90.5492	65131	87.605	0.9955	011	031	Between	Human	Animal
A1011	P3092	na	NZ_LR134231.1	4594692	961467	20.9256	955119	99.3398	953514	99.832	6348	0.6602	959827	99.8294	8223	0.8553	6583	80.0559	488	5.9346	1820	22.133	5436	66.1073	69169	62.0798	41192	100	0.9938	011	092	Between	Human	Animal
A1011	S1019	na	NZ_LR134231.1	4594692	778323	16.9396	776560	99.7735	774329	99.7127	1763	0.2265	776083	99.7122	4331	0.5565	2091	48.2798	366	8.4507	1797	41.4916	2015	46.5251	69169	90.5492	65915	81.5869	0.9938	011	019	Between	Human	Environment
A1011	S1030	na	NZ_LR134231.1	4594692	949297	20.6607	946671	99.7234	943995	99.7173	2626	0.2766	946597	99.7156	5778	0.6087	3078	53.271	605	10.4708	1682	29.1104	3227	55.8498	69169	100	67621	86.1212	0.9955	011	030	Between	Human	Environment
A1011	S1084	na	NZ_CP100544.1	4679910	2584985	55.2358	2580696	99.8341	2579985	99.9724	4289	0.1659	2584270	99.9723	5269	0.2038	4554	86.4301	294	5.5798	4344	82.4445	630	11.9567	70317	68.8169	55636	88.5092	0.9937	011	084	Between	Human	Environment
A1011	W1110	na	NZ_LR134231.1	4594692	1260128	27.4257	1258821	99.8963	1255552	99.7403	1307	0.1037	1256835	99.7387	5115	0.4059	1822	35.6207	564	11.0264	2230	43.5973	2160	42.2287	69169	44.452	82294	34.7	0.9792	011	110	Between	Human	Environment
A1020	A1085	na	NZ_CP022279.1	4907118	4004507	81.6061	4002477	99.9493	4001057	99.9645	2030	0.0507	4003084	99.9645	20822	0.52	19399	93.1659	18190	87.3595	1149	5.5182	1111	5.3357	260928	95.516	327116	83.5184	0.9751	020	085	Between	Human	Human
A1020	C1038	na	NZ_CP022279.1	4907118	3534268	72.0233	3530197	99.8848	3528872	99.9625	4071	0.1152	3532933	99.9622	17986	0.5089	16651	92.5776	12896	71.7002	1449	8.0563	2608	14.5002	260928	64.0399	146224	96.4643	0.9683	020	038	Between	Human	Human
A1020	C2068	na	NZ_CP022279.1	4907118	3986795	81.2451	3985105	99.9576	3983490	99.9595	1690	0.0424	3985169	99.9592	17695	0.4438	16069	90.811	14600	82.5092	1346	7.6067	1244	7.0302	260928	84.0864	258077	85.5268	0.9738	020	068	Between	Human	Human
A1020	O1021	na	NZ_CP022279.1	4907118	2595502	52.8926	2587493	99.6914	2585820	99.9353	8009	0.3086	2593813	99.9349	16865	0.6498	15176	89.9852	7285	43.196	1214	7.1983	7858	46.5935	260928	70.0274	207883	75.389	0.9599	020	021	Between	Human	Human
A1020	O1042	na	NZ_CP022279.1	4907118	3836796	78.1884	3834283	99.9345	3831892	99.9376	2513	0.0655	3834388	99.9372	17834	0.4648	15426	86.4977	13374	74.9916	2038	11.4276	1779	9.9753	260928	75.8504	221091	79.7065	0.9691	020	042	Between	Human	Human
A1020	O1045	na	NZ_CP022279.1	4907118	3942210	80.3366	3938183	99.8978	3935463	99.9309	4027	0.1022	3939466	99.9304	20154	0.5112	17410	86.3848	13739	68.1701	2154	10.6877	3015	14.9598	260928	69.5575	214883	86.9361	0.9703	020	045	Between	Human	Human
A1020	O1060	na	NZ_CP022279.1	4907118	4107348	83.7018	4105655	99.9588	4105492	99.996	1693	0.0412	4107185	99.996	20438	0.4976	20275	99.2025	19517	95.4937	458	2.2409	219	1.0715	260928	100	288141	92.4853	0.994	020	060	Between	Human	Human
A1024	A1083	na	NZ_CP045206.1	4944436	3447422	69.7233	3443097	99.8745	3439123	99.8846	4325	0.1255	3443404	99.8834	11430	0.3316	7412	64.8469	3396	29.7113	5514	48.2415	1995	17.4541	129967	63.6754	123089	88.302	0.981	024	083	Between	Human	Human
A1024	C1034	na	NZ_CP045206.1	4944436	3141838	63.5429	3137218	99.853	3107289	99.046	4620	0.147	3111818	99.0445	35962	1.1446	5942	16.523	1509	4.1961	4655	12.9442	29423	81.8169	129967	43.2287	225916	21.3535	0.9445	024	034	Between	Human	Human
A1024	C1076	na	NZ_CP045206.1	4944436	3210981	64.9413	3206448	99.8588	3202670	99.8822	4533	0.1412	3207153	99.8808	9845	0.3066	6017	61.1173	1760	17.8771	5583	56.709	2141	21.7471	129967	57.2161	138083	60.1493	0.9733	024	076	Between	Human	Human
A1024	C1083	na	NZ_CP045206.1	4944436	3416544	69.0988	3409863	99.8045	3406305	99.8957	6681	0.1955	3412929	99.8942	12627	0.3696	9012	71.3709	2862	22.6657	5444	43.114	3571	28.2807	129967	63.6754	110296	92.4993	0.9828	024	083	Between	Human	Human
A1024	D1060	na	NZ_CP049936.1	4731796	1118167	23.6309	1111507	99.4044	1108298	99.7113	6660	0.5956	1114926	99.7102	10786	0.9646	7545	69.9518	1575	14.6023	4100	38.0122	4245	39.3566	51352	39.5544	44022	54.9907	0.9884	024	060	Between	Human	Animal
A1024	O1020	na	NZ_CP045206.1	4944436	3430700	69.3851	3424568	99.8213	3420556	99.8828	6132	0.1787	3426620	99.8811	12763	0.372	8683	68.0326	3011	23.5916	5415	42.4273	3733	29.2486	129967	70.5594	108472	100	0.9838	024	020	Between	Human	Human
A1024	P1066	na	NZ_CP101274.1	4892441	632706	12.9323	628228	99.2922	625223	99.5217	4478	0.7078	629656	99.5179	7873	1.2443	4823	61.26	561	7.1256	4400	55.8872	2632	33.4307	40876	0	88612	0	0.9735	024	066	Between	Human	Animal
A1024	P1084	na	NZ_CP049936.1	4731796	1157200	24.4558	1152467	99.591	1149391	99.7331	4733	0.409	1154058	99.7285	8973	0.7754	5831	64.9838	1353	15.0786	3888	43.33	2786	31.0487	51352	100	129902	54.234	0.9832	024	084	Between	Human	Animal
A1024	P1085	na	NZ_CP049936.1	4731796	1208766	25.5456	1204669	99.6611	1200731	99.6731	4097	0.3389	1204777	99.67	9368	0.775	5379	57.4189	1441	15.3822	3686	39.3467	3308	35.3117	51352	100	170614	38.4289	0.9745	024	085	Between	Human	Animal
A1024	P1111	na	NZ_CP045206.1	4944436	2491306	50.3861	2485522	99.7678	2482371	99.8732	5784	0.2322	2488108	99.8716	9800	0.3934	6602	67.3673	1003	10.2347	3586	36.5918	4955	50.5612	129967	61.3533	145220	74.0614	0.9748	024	111	Between	Human	Animal
A1024	P1111	na	NZ_CP101274.1	4892441	754977	15.4315	749129	99.2254	746260	99.617	5848	0.7746	752057	99.6132	9487	1.2566	6567	69.221	1098	11.5737	4386	46.2317	3403	35.8701	40876	16.7066	42321	17.19	0.9858	024	111	Between	Human	Animal
A1024	P2009	na	NZ_CP049936.1	4731796	683036	14.435	679669	99.5071	677541	99.6869	3367	0.4929	680886	99.6852	6204	0.9083	4054	65.3449	940	15.1515	1947	31.383	2769	44.6325	51352	83.2256	115016	37.3226	0.9825	024	009	Between	Human	Animal
A1024	P2068	na	NZ_CP101274.1	4892441	717278	14.6609	711743	99.2283	708559	99.5526	5535	0.7717	714033	99.5476	9732	1.3568	6487	66.6564	1264	12.9881	3767	38.7074	4202	43.1771	40876	16.7066	24258	32.6531	0.9895	024	068	Between	Human	Animal
A1024	P2076	na	NZ_CP101274.1	4892441	1171333	23.9417	1167850	99.7026	1164450	99.7089	3483	0.2974	1167901	99.707	7650	0.6531	4218	55.1373	783	10.2353	5047	65.9739	1531	20.0131	40876	16.7066	150216	6.8315	0.9637	024	076	Between	Human	Animal
A1024	P3092	na	NZ_CP101274.1	4892441	1044401	21.3472	1035656	99.1627	1032528	99.698	8745	0.8373	1041217	99.6951	12611	1.2075	9427	74.7522	1323	10.4908	5274	41.8206	5376	42.6295	40876	0	63328	0	0.9787	024	092	Between	Human	Animal
A1024	S1066	na	NZ_CP101274.1	4892441	878266	17.9515	871800	99.2638	868467	99.6177	6466	0.7362	874873	99.6137	10506	1.1962	7113	67.7042	973	9.2614	4513	42.9564	4618	43.9558	40876	16.7066	49366	21.1097	0.9843	024	066	Between	Human	Environment
A1030	P2110	na	NZ_CP096837.1	4837912	3329167	68.8141	3325265	99.8828	3289633	98.9284	3902	0.1172	3293464	98.9276	44102	1.3247	8399	19.0445	4610	10.453	32645	74.0216	6459	14.6456	177604	59.3872	133967	77.4123	0.976	030	110	Between	Human	Animal
A1030	S1110	na	NZ_CP096837.1	4837912	3268844	67.5672	3242814	99.2037	3207786	98.9198	26030	0.7963	3233426	98.9165	65821	2.0136	30403	46.1904	4955	7.528	31881	48.4359	26994	41.0112	177604	38.846	93187	69.6546	0.9686	030	110	Between	Human	Environment
A1031	C1031	na	NZ_CP088131.1	4785944	2806001	58.63	2803058	99.8951	2802745	99.9888	2943	0.1049	2805686	99.9888	7490	0.2669	7175	95.7944	4756	63.498	1489	19.8798	416	5.5541	143097	100	220187	67.3686	0.9834	031	031	Within	Human	Human
A1031	C1045	na	NZ_CP073981.1	4774884	2033312	42.5835	2029850	99.8297	2027085	99.8638	3462	0.1703	2030524	99.8629	7310	0.3595	4522	61.8605	1185	16.2107	2880	39.3981	2794	38.2216	130781	50.2389	75917	83.8943	0.9771	031	045	Between	Human	Human
A1031	C1076	na	NZ_CP073981.1	4774884	2823322	59.1286	2819821	99.876	2816636	99.887	3501	0.124	2820118	99.8865	8151	0.2887	4947	60.6919	1674	20.5374	3099	38.0199	2751	33.7505	130781	59.8466	129719	74.0817	0.9725	031	076	Between	Human	Human
A1031	C1085	na	NZ_CP088131.1	4785944	2434584	50.8695	2429675	99.7984	2427420	99.9072	4909	0.2016	2432299	99.9061	9005	0.3699	6720	74.6252	2388	26.5186	3800	42.1988	2462	27.3404	143097	83.4944	122420	89.0541	0.9873	031	085	Between	Human	Human
A1031	C1092	na	NZ_CP088131.1	4785944	1927301	40.27	1919174	99.5783	1915977	99.8334	8127	0.4217	1924073	99.8325	12116	0.6287	8888	73.3575	1015	8.3774	3878	32.0073	6837	56.4295	143097	78.1561	147617	80.0545	0.9833	031	092	Between	Human	Human
A1031	C1110	na	NZ_CP073981.1	4774884	1993535	41.7504	1991142	99.88	1987265	99.8053	2393	0.12	1989639	99.8046	7743	0.3884	3847	49.6836	1564	20.1989	3813	49.2445	1898	24.5125	130781	63.7424	151955	54.0377	0.9671	031	110	Between	Human	Human
A1031	C2048	na	NZ_CP073981.1	4774884	2962002	62.033	2956145	99.8023	2954012	99.9278	5857	0.1977	2959824	99.9265	9402	0.3174	7224	76.8347	1884	20.0383	3742	39.8	3336	35.4818	130781	69.4573	255047	52.4931	0.9481	031	048	Between	Human	Human
A1031	D1109	na	NZ_CP073981.1	4774884	1958284	41.0122	1949949	99.5744	1947038	99.8507	8335	0.4256	1955336	99.8495	12481	0.6373	9533	76.3801	1701	13.6287	3713	29.7492	6334	50.7491	130781	41.9373	51858	100	0.9833	031	109	Between	Human	Animal
A1031	O1031	na	NZ_CP088131.1	4785944	2890889	60.4037	2887669	99.8886	2887662	99.9998	3220	0.1114	2890881	99.9997	7797	0.2697	7789	99.8974	7209	92.4586	271	3.4757	171	2.1932	143097	100	158788	90.9596	0.9965	031	031	Within	Human	Human
A1031	O1031	na	NZ_CP073981.1	4774884	2849074	59.6679	2845964	99.8908	2845950	99.9995	3110	0.1092	2849060	99.9995	7758	0.2723	7744	99.8195	7223	93.1039	133	1.7144	333	4.2923	130781	100	163239	84.6146	0.993	031	031	Within	Human	Human
A1031	O1034	na	NZ_CP088131.1	4785944	2329037	48.6641	2325431	99.8452	2322364	99.8681	3606	0.1548	2325948	99.8674	7605	0.3265	4516	59.382	1123	14.7666	3570	46.9428	2403	31.5976	143097	83.4944	188704	61.5382	0.9728	031	034	Between	Human	Human
A1031	P1064	na	NZ_CP073981.1	4774884	2011590	42.1286	2000136	99.4306	1997329	99.8597	11454	0.5694	2008730	99.8578	15229	0.7571	12369	81.22	1338	8.7859	3754	24.6503	9489	62.3088	130781	47.9695	75888	93.3942	0.9815	031	064	Between	Human	Animal
A1031	P2090	na	NZ_CP073981.1	4774884	1421710	29.7748	1416415	99.6276	1413935	99.8249	5295	0.3724	1419186	99.8225	8364	0.5883	5840	69.8231	979	11.7049	3458	41.3439	3406	40.7221	130781	55.4607	130871	53.7407	0.9682	031	090	Between	Human	Animal
A1031	P2109	na	NZ_CP073981.1	4774884	1939246	40.6135	1934722	99.7667	1931901	99.8542	4524	0.2333	1936405	99.8535	8603	0.4436	5762	66.9766	1723	20.0279	3713	43.1594	2654	30.8497	130781	84.9496	97422	100	0.9929	031	109	Between	Human	Animal
A1031	S1024	na	NZ_CP073981.1	4774884	1981979	41.5084	1976454	99.7212	1972863	99.8183	5525	0.2788	1978342	99.8165	10079	0.5085	6442	63.9151	1238	12.283	4399	43.6452	3966	39.3491	130781	55.4607	66108	92.1885	0.9807	031	024	Between	Human	Environment
A1031	W1081	na	NZ_CP073981.1	4774884	1989053	41.6566	1980529	99.5715	1978361	99.8905	8524	0.4285	1986842	99.8888	11826	0.5946	9615	81.3039	1380	11.6692	3151	26.6447	6462	54.6423	130781	55.4607	65414	100	0.9793	031	081	Between	Human	Environment
A1033	C2111	na	NZ_CP042892.1	5165075	483716	9.3651	480398	99.3141	476743	99.2392	3318	0.6859	480022	99.2363	8195	1.6942	4501	54.9237	1418	17.3032	3566	43.5143	2777	33.8865	175526	37.746	121015	58.173	0.9662	033	111	Between	Human	Human
A1033	P1066	na	NZ_CP067311.1	4631526	908882	19.6238	904617	99.5307	899575	99.4426	4265	0.4693	903797	99.4405	9910	1.0904	4825	48.6882	840	8.4763	3783	38.1736	4899	49.4349	77263	71.5129	100830	58.7474	0.9852	033	066	Between	Human	Animal
A1033	P1119	na	NZ_CP067311.1	4631526	1513702	32.6826	1510084	99.761	1504670	99.6415	3618	0.239	1508226	99.6382	10622	0.7017	5146	48.4466	1607	15.129	4491	42.2802	3941	37.1022	77263	91.4124	220915	32.756	0.9645	033	119	Between	Human	Animal
A1033	P2034	na	NZ_CP067311.1	4631526	711535	15.3629	706950	99.3556	704112	99.5986	4585	0.6444	708644	99.5937	8001	1.1245	5110	63.867	870	10.8736	3407	42.5822	3226	40.32	77263	84.268	102723	60.4879	0.987	033	034	Between	Human	Animal
A1033	P2109	na	NZ_CP067311.1	4631526	734838	15.866	729922	99.331	726292	99.5027	4916	0.669	731164	99.5	9219	1.2546	5545	60.1475	983	10.6628	3783	41.0348	3759	40.7745	77263	83.3646	79215	72.716	0.9909	033	109	Between	Human	Animal
A1033	P3064	na	NZ_CP038180.1	4541147	1278154	28.1461	1274113	99.6838	1269975	99.6752	4041	0.3162	1273996	99.6747	8961	0.7011	4803	53.5989	936	10.4453	5651	63.0622	2078	23.1894	59118	48.9597	47943	63.4107	0.9889	033	064	Between	Human	Animal
A1038	C2111	na	NZ_CP092449.1	4627225	1375401	29.7241	1369679	99.584	1367174	99.8171	5722	0.416	1372870	99.816	9735	0.7078	7204	74.001	1789	18.377	4802	49.3272	2710	27.8377	108237	83.9066	76758	100	0.9908	038	111	Between	Human	Human
A1038	D1093	na	NZ_CP092449.1	4627225	1970737	42.59	1964192	99.6679	1960754	99.825	6545	0.3321	1967272	99.8242	11623	0.5898	8158	70.1884	1893	16.2867	5922	50.9507	3359	28.8996	108237	83.9066	88794	94.1629	0.9875	038	093	Between	Human	Animal
A1038	P2011	na	NZ_CP092449.1	4627225	1934879	41.8151	1926859	99.5855	1925683	99.939	8020	0.4145	1933689	99.9385	11757	0.6076	10567	89.8784	3477	29.5739	4090	34.7878	3031	25.7804	108237	83.5842	106468	80.4852	0.9887	038	011	Between	Human	Animal
A1042	C1053	na	NZ_LR025101.1	5059899	2193628	43.3532	2183916	99.5573	2163036	99.0439	9712	0.4427	2172659	99.0441	31228	1.4236	10259	32.8519	717	2.296	24067	77.0687	6054	19.3864	176076	27.1536	59076	34.2305	0.9614	042	053	Between	Human	Human
A1042	S1053	na	NZ_LR025101.1	5059899	2737437	54.1006	2724907	99.5423	2700560	99.1065	12530	0.4577	2712961	99.1059	37583	1.3729	13107	34.8748	881	2.3441	27889	74.2064	8381	22.3	176076	69.7915	161518	77.1208	0.9809	042	053	Between	Human	Environment
A1045	C1005	na	NZ_CP058571.1	5146040	883898	17.1763	878249	99.3609	872880	99.3887	5649	0.6391	878472	99.3861	11141	1.2604	5715	51.297	181	1.6246	2161	19.3968	8719	78.2605	0	0	158229	0	0.9693	045	005	Between	Human	Human
A1045	O1009	na	NZ_CP058571.1	5146040	425504	8.2686	422800	99.3645	418453	98.9719	2704	0.6355	421108	98.9669	7207	1.6938	2811	39.0037	191	2.6502	1406	19.5088	5507	76.4118	0	0	226715	0	0.9559	045	009	Between	Human	Human
A1045	O1069	na	NZ_CP058571.1	5146040	637138	12.3811	633615	99.4471	629819	99.4009	3523	0.5529	633286	99.3954	7420	1.1646	3568	48.0863	145	1.9542	2070	27.8976	5148	69.3801	0	0	239640	0	0.9534	045	069	Between	Human	Human
A1045	O1120	na	NZ_CP058571.1	5146040	680470	13.2232	677735	99.5981	672460	99.2217	2735	0.4019	675161	99.2198	8216	1.2074	2907	35.3822	273	3.3228	1864	22.6874	5911	71.945	0	0	183967	0	0.9643	045	120	Between	Human	Human
A1048	A1075	na	NZ_LS992166.1	4850393	1635485	33.7186	1633499	99.8786	1631710	99.8905	1986	0.1214	1633687	99.8901	8893	0.5438	7095	79.7819	5282	59.395	1791	20.1394	939	10.5589	231436	58.6443	148327	92.9878	0.9751	048	075	Between	Human	Human
A1048	S1085	na	NZ_LS992166.1	4850393	1335184	27.5273	1332399	99.7914	1326151	99.5311	2785	0.2086	1328866	99.5268	9762	0.7311	3444	35.2797	793	8.1233	6431	65.8779	1979	20.2725	231436	33.2952	94084	80.477	0.9616	048	085	Between	Human	Environment
A1049	A1053	na	NZ_LR134231.1	4594692	1096247	23.859	1093974	99.7927	1091654	99.7879	2273	0.2073	1093890	99.785	5003	0.4564	2646	52.8883	447	8.9346	1909	38.1571	2416	48.291	71381	45.4028	34664	100	0.9904	049	053	Between	Human	Human
A1049	A1058	na	NZ_LR134231.1	4594692	728784	15.8614	728319	99.9362	727997	99.9558	465	0.0638	728455	99.9549	2834	0.3889	2505	88.391	2106	74.3119	269	9.4919	355	12.5265	71381	100	103098	77.5408	0.993	049	058	Between	Human	Human
A1049	A1064	na	NZ_LR134231.1	4594692	862887	18.7801	861637	99.8551	859508	99.7529	1250	0.1449	860744	99.7516	4014	0.4652	1871	46.6119	685	17.0653	1259	31.3652	2010	50.0747	71381	64.1641	43970	100	0.9923	049	064	Between	Human	Human
A1049	A1080	na	NZ_CP053284.1	5244439	399812	7.6235	396147	99.0833	392027	98.96	3665	0.9167	395651	98.9593	8855	2.2148	4694	53.0096	1371	15.4828	3266	36.8831	3568	40.2936	145454	46.6134	111019	62.4118	0.9751	049	080	Between	Human	Human
A1049	A1081	na	NZ_CP053284.1	5244439	739716	14.1048	734414	99.2832	730197	99.4258	5302	0.7168	735428	99.4203	10314	1.3943	6026	58.4254	1080	10.4712	3616	35.0591	4809	46.6259	145454	66.8418	189025	52.2016	0.9694	049	081	Between	Human	Human
A1049	A1092	na	NZ_LR134231.1	4594692	1337850	29.1173	1336331	99.8865	1332540	99.7163	1519	0.1135	1334042	99.7154	6317	0.4722	2509	39.7182	1051	16.6376	1657	26.2308	3432	54.3296	71381	75.4374	61818	87.2206	0.9915	049	092	Between	Human	Human
A1049	A1098	na	NZ_LR134231.1	4594692	677776	14.7513	674952	99.5833	674467	99.9281	2824	0.4167	677282	99.9271	4875	0.7193	4381	89.8667	1655	33.9487	284	5.8256	2598	53.2923	71381	86.7037	61832	100	0.995	049	098	Between	Human	Human
A1049	C1009	na	NZ_LR134231.1	4594692	1076043	23.4193	1073425	99.7567	1070008	99.6817	2618	0.2433	1072605	99.6805	6537	0.6075	3099	47.4071	521	7.97	1556	23.803	4377	66.9573	71381	47.4034	53202	73.813	0.9874	049	009	Between	Human	Human
A1049	C1033	na	NZ_LR134231.1	4594692	1221925	26.5943	1220615	99.8928	1217237	99.7233	1310	0.1072	1218523	99.7216	5091	0.4166	1689	33.1762	434	8.5248	2207	43.351	2354	46.2385	71381	63.5435	75077	67.4268	0.9876	049	033	Between	Human	Human
A1049	C1038	na	NZ_CP053284.1	5244439	477190	9.099	472386	98.9933	468188	99.1113	4804	1.0067	472927	99.1066	10068	2.1099	5805	57.6579	1360	13.5081	3030	30.0954	4918	48.8478	145454	89.5988	173519	66.0383	0.9784	049	038	Between	Human	Human
A1049	C1038	na	NZ_LR134231.1	4594692	821532	17.88	817748	99.5394	815600	99.7373	3784	0.4606	819355	99.735	6290	0.7656	4113	65.3895	405	6.4388	1750	27.8219	3695	58.744	71381	58.6697	39077	100	0.9929	049	038	Between	Human	Human
A1049	C1049	na	NZ_CP053284.1	5244439	758549	14.4639	755482	99.5957	751305	99.4471	3067	0.4043	754342	99.4454	8321	1.097	4114	49.4412	1269	15.2506	3075	36.9547	3490	41.9421	145454	91.2783	256245	51.9456	0.97	049	049	Within	Human	Human
A1049	C1075	na	NZ_CP053284.1	5244439	802216	15.2965	799704	99.6869	794462	99.3445	2512	0.3131	796940	99.3423	8821	1.0996	3545	40.1882	1246	14.1254	3857	43.7252	3232	36.6398	145454	79.6472	386679	31.1711	0.9352	049	075	Between	Human	Human
A1049	D1060	na	NZ_LR134231.1	4594692	1195199	26.0126	1191353	99.6782	1189061	99.8076	3846	0.3218	1192875	99.8056	6588	0.5512	4264	64.7237	501	7.6047	1970	29.9029	3704	56.2234	71381	66.3132	42940	100	0.9926	049	060	Between	Human	Animal
A1049	O1004	na	NZ_LR134231.1	4594692	1128921	24.5701	1125720	99.7165	1122873	99.7471	3201	0.2835	1126039	99.7447	6666	0.5905	3784	56.7657	662	9.931	1713	25.6976	3997	59.961	71381	63.5435	46667	100	0.9938	049	004	Between	Human	Human
A1049	O1011	na	NZ_CP053284.1	5244439	422675	8.0595	420041	99.3768	416749	99.2163	2634	0.6232	419346	99.2124	6543	1.548	3214	49.1212	692	10.5762	3166	48.3876	2297	35.1062	145454	42.4932	116849	53.7771	0.9716	049	011	Between	Human	Human
A1049	O1021	na	NZ_CP053284.1	5244439	690885	13.1737	682958	98.8526	678330	99.3224	7927	1.1474	686190	99.3204	13756	1.9911	9061	65.8694	1555	11.3042	2875	20.9	8024	58.3309	145454	71.05	137001	66.5681	0.9795	049	021	Between	Human	Human
A1049	O1034	na	NZ_CP053284.1	5244439	658728	12.5605	654855	99.412	650631	99.355	3873	0.588	654438	99.3487	9129	1.3859	4839	53.0069	1304	14.2841	3167	34.6916	4037	44.2217	145454	96.5199	228890	60.1713	0.9726	049	034	Between	Human	Human
A1049	O1038	na	NZ_LR134231.1	4594692	1398626	30.44	1398079	99.9609	1392773	99.6205	547	0.0391	1393306	99.6196	6424	0.4593	1104	17.1856	583	9.0753	2482	38.6364	3334	51.8991	71381	74.8098	118258	55.1354	0.9806	049	038	Between	Human	Human
A1049	O1045	na	NZ_CP053284.1	5244439	545976	10.4106	544579	99.7441	541010	99.3446	1397	0.2559	542394	99.3439	5612	1.0279	2030	36.1725	668	11.9031	1000	17.819	3756	66.928	145454	89.189	306093	53.6477	0.9585	049	045	Between	Human	Human
A1049	O1064	na	NZ_CP019273.1	5050984	1979832	39.197	1976729	99.8433	1975594	99.9426	3103	0.1567	1978695	99.9426	4752	0.24	3615	76.0732	736	15.4882	1078	22.6852	2709	57.0076	132633	96.0975	236672	52.7532	0.9735	049	064	Between	Human	Human
A1049	O1108	na	NZ_LR134231.1	4594692	662823	14.4258	661803	99.8461	661568	99.9645	1020	0.1539	662585	99.9641	2979	0.4494	2741	92.0107	1776	59.6173	247	8.2914	771	25.8812	71381	100	88781	84.9056	0.9952	049	108	Between	Human	Human
A1049	P1004	na	NZ_LR134231.1	4594692	950419	20.6852	949682	99.9225	947325	99.7518	737	0.0775	948047	99.7504	3451	0.3631	1079	31.2663	365	10.5766	2116	61.3156	873	25.297	71381	74.1892	67840	89.26	0.9925	049	004	Between	Human	Animal
A1049	P1005	na	NZ_LR134231.1	4594692	798661	17.3823	794038	99.4212	791687	99.7039	4623	0.5788	796270	99.7006	7280	0.9115	4889	67.1566	374	5.1374	1687	23.1731	4798	65.9066	71381	50.2473	32957	100	0.9915	049	005	Between	Human	Animal
A1049	P1020	na	NZ_LR134231.1	4594692	1317766	28.6802	1316897	99.9341	1309985	99.4751	869	0.0659	1310839	99.4743	8609	0.6533	1682	19.5377	863	10.0244	1771	20.5715	5939	68.9859	71381	61.3202	88599	55.7038	0.9837	049	020	Between	Human	Animal
A1049	P1021	na	NZ_LR134231.1	4594692	1063475	23.1457	1058910	99.5707	1056656	99.7871	4565	0.4293	1061184	99.7846	7200	0.677	4909	68.1806	444	6.1667	2025	28.125	4149	57.625	71381	63.5435	57519	87.3311	0.9913	049	021	Between	Human	Animal
A1049	P1038	na	NZ_LR134231.1	4594692	825608	17.9687	823775	99.778	821009	99.6642	1833	0.222	822819	99.6622	4948	0.5993	2159	43.6338	383	7.7405	1685	34.0542	2611	52.7688	71381	63.5435	42619	100	0.9928	049	038	Between	Human	Animal
A1049	P1055	na	NZ_LR134231.1	4594692	668606	14.5517	667392	99.8184	665297	99.6861	1214	0.1816	666487	99.6831	3742	0.5597	1623	43.3725	455	12.1593	1675	44.7622	1435	38.3485	71381	63.5435	47164	100	0.9937	049	055	Between	Human	Animal
A1049	P1084	na	NZ_LR134231.1	4594692	841955	18.3245	841286	99.9205	839571	99.7961	669	0.0795	840235	99.7957	2636	0.3131	916	34.7496	263	9.9772	1218	46.2064	1087	41.2367	71381	50.2473	116509	36.2144	0.9745	049	084	Between	Human	Animal
A1049	P1090	na	NZ_LR134231.1	4594692	1458857	31.7509	1458287	99.9609	1455157	99.7854	570	0.0391	1455715	99.7846	4686	0.3212	1544	32.9492	997	21.2761	1953	41.6773	1651	35.2326	71381	74.1892	92755	63.0931	0.9863	049	090	Between	Human	Animal
A1049	P2020	na	NZ_CP019273.1	5050984	329742	6.5283	327539	99.3319	326599	99.713	2203	0.6681	328783	99.7092	3499	1.0611	2540	72.5922	437	12.4893	1714	48.9854	1162	33.2095	132633	51.9147	132035	49.0908	0.9729	049	020	Between	Human	Animal
A1049	P2066	na	NZ_LR134231.1	4594692	994098	21.6358	992833	99.8727	989717	99.6862	1265	0.1273	990952	99.6835	4746	0.4774	1600	33.7126	404	8.5124	1762	37.126	2416	50.906	71381	50.2473	53230	77.2515	0.9882	049	066	Between	Human	Animal
A1049	P3031	na	NZ_LR134231.1	4594692	217392	4.7314	216257	99.4779	214144	99.0229	1135	0.5221	215260	99.0193	3723	1.7126	1591	42.7344	500	13.43	1172	31.48	1803	48.4287	71381	56.2881	65131	67.3827	0.9869	049	031	Between	Human	Animal
A1049	P3092	na	NZ_LR134231.1	4594692	1036180	22.5517	1030045	99.4079	1028264	99.8271	6135	0.5921	1034368	99.8251	8183	0.7897	6371	77.8565	357	4.3627	1749	21.3736	5412	66.1371	71381	50.2473	41192	100	0.9909	049	092	Between	Human	Animal
A1049	S1019	na	NZ_LR134231.1	4594692	776272	16.895	775166	99.8575	772757	99.6892	1106	0.1425	773847	99.6876	3766	0.4851	1341	35.6081	271	7.196	1604	42.5916	1781	47.2916	71381	42.3712	65915	54.7265	0.9832	049	019	Between	Human	Environment
A1049	S1030	na	NZ_LR134231.1	4594692	997629	21.7126	995926	99.8293	992605	99.6665	1703	0.1707	994280	99.6643	5537	0.555	2188	39.516	550	9.9332	1636	29.5467	3154	56.9623	71381	63.5435	67621	74.4872	0.9891	049	030	Between	Human	Environment
A1049	W1110	na	NZ_LR134231.1	4594692	1474386	32.0889	1473814	99.9612	1470385	99.7673	572	0.0388	1470942	99.7664	4932	0.3345	1488	30.1703	939	19.0389	2142	43.4307	1802	36.5369	71381	83.8599	82294	84.2236	0.9918	049	110	Between	Human	Environment
A1050	A1051	na	NZ_CP047876.1	4775730	2338354	48.9633	2326948	99.5122	2325366	99.932	11406	0.4878	2336726	99.9304	13726	0.587	12098	88.1393	1320	9.6168	5997	43.6908	5882	42.853	24248	100	53997	76.4783	0.9937	050	051	Between	Human	Human
A1050	A1071	na	NZ_CP032986.1	4677021	1059531	22.654	1054646	99.5389	1051484	99.7002	4885	0.4611	1056344	99.6992	8232	0.7769	5045	61.2852	336	4.0816	5473	66.4845	2186	26.5549	26079	100	69998	46.6456	0.9903	050	071	Between	Human	Human
A1050	C1048	na	NZ_AP025220.2	4733210	764311	16.1478	761267	99.6017	758911	99.6905	3044	0.3983	761947	99.6907	5822	0.7617	3458	59.3954	443	7.6091	4779	82.0852	551	9.4641	19400	100	193388	10.7592	0.9629	050	048	Between	Human	Human
A1050	C1051	na	NZ_CP047876.1	4775730	2704880	56.638	2695682	99.6599	2693605	99.923	9198	0.3401	2702744	99.921	12228	0.4521	10092	82.5319	1336	10.9257	7077	57.8754	3173	25.9486	24248	100	37256	100	0.9973	050	051	Between	Human	Human
A1050	D1093	na	NZ_CP047876.1	4775730	2133004	44.6634	2124208	99.5876	2121686	99.8813	8796	0.4124	2130422	99.879	12116	0.568	9534	78.6893	1275	10.5233	5854	48.3163	4315	35.6141	24248	100	44125	51.1751	0.9915	050	093	Between	Human	Animal
A1050	P1024	na	NZ_CP047876.1	4775730	630374	13.1995	625874	99.2861	623107	99.5579	4500	0.7139	627558	99.5533	8216	1.3034	5400	65.7254	1011	12.3053	4018	48.9046	2447	29.7833	24248	100	67961	53.0701	0.9892	050	024	Between	Human	Animal
A1050	P1048	na	NZ_CP047876.1	4775730	1757355	36.7976	1750632	99.6174	1748363	99.8704	6723	0.3826	1755041	99.8683	9636	0.5483	7322	75.9859	868	9.0079	4254	44.1469	4027	41.7912	24248	100	70882	53.1856	0.9898	050	048	Between	Human	Animal
A1050	P1068	na	NZ_CP047876.1	4775730	2683189	56.1839	2672175	99.5895	2668481	99.8618	11014	0.4105	2679425	99.8597	15800	0.5889	12036	76.1772	1612	10.2025	6672	42.2278	6451	40.8291	24248	100	51447	37.5649	0.9896	050	068	Between	Human	Animal
A1050	P1108	na	NZ_CP047876.1	4775730	2310924	48.3889	2298507	99.4627	2296895	99.9299	12417	0.5373	2309260	99.928	14818	0.6412	13154	88.7704	1712	11.5535	6383	43.076	6060	40.8962	24248	100	47297	69.571	0.9935	050	108	Between	Human	Animal
A1050	P1109	na	NZ_CP032986.1	4677021	1059774	22.6592	1054017	99.4568	1050937	99.7078	5757	0.5432	1056662	99.7064	9027	0.8518	5915	65.5256	402	4.4533	5368	59.466	2966	32.857	26079	100	40713	47.211	0.9939	050	109	Between	Human	Animal
A1050	P2020	na	NZ_CP047876.1	4775730	2347717	49.1593	2331402	99.3051	2329329	99.9111	16315	0.6949	2345606	99.9101	19095	0.8133	16984	88.9447	1412	7.3946	5248	27.4836	11724	61.3983	24248	100	58419	42.3099	0.9928	050	020	Between	Human	Animal
A1050	P2024	na	NZ_CP047876.1	4775730	634858	13.2934	630339	99.2882	627610	99.5671	4519	0.7118	632082	99.5627	8220	1.2948	5444	66.2287	1034	12.5791	4022	48.9294	2416	29.3917	24248	100	70133	51.4537	0.9887	050	024	Between	Human	Animal
A1050	P2038	na	NZ_CP047876.1	4775730	2317493	48.5265	2296381	99.089	2294052	99.8986	21112	0.911	2315108	99.8971	24181	1.0434	21796	90.1369	1438	5.9468	5242	21.6782	16982	70.2287	24248	100	146353	24.7368	0.9727	050	038	Between	Human	Animal
A1050	P2120	na	NZ_CP047876.1	4775730	1669258	34.9529	1659037	99.3877	1657607	99.9138	10221	0.6123	1667784	99.9117	12267	0.7349	10793	87.984	1545	12.5948	5696	46.4335	4505	36.7245	24248	100	29402	100	0.9974	050	120	Between	Human	Animal
A1050	P3031	na	NZ_LR134296.1	4693367	250057	5.3279	246716	98.6639	244854	99.2453	3341	1.3361	248150	99.2374	5635	2.2535	3728	66.1579	716	12.7063	2656	47.134	1810	32.1207	12177	55.0792	67007	19.398	0.986	050	031	Between	Human	Animal
A1050	P3057	na	NZ_CP047876.1	4775730	1923997	40.287	1917048	99.6388	1914848	99.8852	6949	0.3612	1921758	99.8836	10060	0.5229	7821	77.7435	1164	11.5706	5528	54.9503	2436	24.2147	24248	100	64251	67.7935	0.9916	050	057	Between	Human	Animal
A1050	P3076	na	NZ_CP047876.1	4775730	2116348	44.3146	2107907	99.6012	2106419	99.9294	8441	0.3988	2114812	99.9274	10636	0.5026	9100	85.5585	1160	10.9064	4999	47.0008	3838	36.085	24248	100	89446	39.303	0.9827	050	076	Between	Human	Animal
A1050	P3099	na	NZ_CP047876.1	4775730	2697154	56.4763	2687585	99.6452	2686240	99.95	9569	0.3548	2695770	99.9487	11653	0.432	10269	88.1232	1456	12.4946	6269	53.7973	3396	29.1427	24248	100	86946	38.609	0.9852	050	099	Between	Human	Animal
A1050	S1009	na	NZ_AP025220.2	4733210	695651	14.6972	689250	99.0799	686478	99.5978	6401	0.9201	692851	99.5975	9638	1.3855	6838	70.9483	725	7.5223	3873	40.1847	4589	47.6136	19400	69.9278	79018	17.2391	0.9847	050	009	Between	Human	Environment
A1050	S1031	na	NZ_CP032986.1	4677021	1041367	22.2656	1036404	99.5234	1033470	99.7169	4963	0.4766	1038407	99.7158	8136	0.7813	5176	63.6185	350	4.3019	5095	62.6229	2476	30.4326	26079	100	77821	42.1891	0.9886	050	031	Between	Human	Environment
A1050	S1050	na	NZ_CP047876.1	4775730	2102148	44.0173	2069700	98.4564	2067266	99.8824	32448	1.5436	2099643	99.8808	35645	1.6956	33140	92.9724	1695	4.7552	5859	16.4371	27514	77.1889	24248	100	48337	57.0184	0.9934	050	050	Within	Human	Environment
A1050	S1064	na	NZ_LR134296.1	4693367	652506	13.9027	647924	99.2978	645177	99.576	4582	0.7022	649718	99.5727	7731	1.1848	4943	63.9374	707	9.145	4514	58.3883	2108	27.2668	12177	55.0792	24561	26.538	0.9949	050	064	Between	Human	Environment
A1050	S1076	na	NZ_CP032986.1	4677021	871940	18.6431	865176	99.2243	863020	99.7508	6764	0.7757	869750	99.7488	9125	1.0465	6935	76	699	7.6603	4305	47.1781	3664	40.1534	26079	78.0897	31299	65.7082	0.9964	050	076	Between	Human	Environment
A1050	S1090	na	NZ_CP032986.1	4677021	745045	15.9299	736311	98.8277	733198	99.5772	8734	1.1723	741885	99.5759	12183	1.6352	9023	74.0622	718	5.8935	3693	30.3127	7288	59.8211	26079	21.9103	5372	100	0.9956	050	090	Between	Human	Environment
A1050	W1019	na	NZ_CP047876.1	4775730	2172603	45.4926	2165019	99.6509	2163087	99.9108	7584	0.3491	2170619	99.9087	10298	0.474	8314	80.7341	1109	10.7691	5909	57.3801	2576	25.0146	24248	100	49147	46.4749	0.9888	050	019	Between	Human	Environment
A1050	W1092	na	NZ_CP047876.1	4775730	2683062	56.1812	2664961	99.3254	2662469	99.9065	18101	0.6746	2680510	99.9049	21625	0.806	19073	88.1988	1145	5.2948	6849	31.6717	12972	59.9861	24248	100	111255	34.3832	0.98	050	092	Between	Human	Environment
A1051	C1051	na	NZ_CP047876.1	4775730	2905111	60.8307	2896402	99.7002	2895133	99.9562	8709	0.2998	2903829	99.9559	11829	0.4072	10547	89.1622	2471	20.8893	5997	50.6974	2174	18.3786	53997	76.4783	37256	100	0.9957	051	051	Within	Human	Human
A1051	D1004	na	NZ_CP018995.1	4708839	2194981	46.6141	2188006	99.6822	2186776	99.9438	6975	0.3178	2193730	99.943	9618	0.4382	8367	86.9931	2420	25.1612	3539	36.7956	3003	31.2227	140544	91.3671	173776	76.9588	0.981	051	004	Between	Human	Animal
A1051	D1093	na	NZ_CP047876.1	4775730	2294377	48.0424	2285938	99.6322	2282762	99.8611	8439	0.3678	2291146	99.8592	12531	0.5462	9300	74.2159	1445	11.5314	5859	46.756	4645	37.0681	53997	89.0846	44125	84.7003	0.9898	051	093	Between	Human	Animal
A1051	O1051	na	NZ_LR536431.1	5114416	1474106	28.8226	1469461	99.6849	1466100	99.7713	4645	0.3151	1470726	99.7707	9435	0.64	6055	64.1759	1875	19.8728	5128	54.3508	1853	19.6396	221844	100	400100	66.9835	0.9602	051	051	Within	Human	Human
A1051	O1051	na	NZ_CP018995.1	4708839	2863690	60.8152	2855539	99.7154	2854608	99.9674	8151	0.2846	2862755	99.9673	10970	0.3831	10035	91.4768	2328	21.2215	4368	39.8177	3292	30.0091	140544	95.0869	185749	79.6957	0.9866	051	051	Within	Human	Human
A1051	P1024	na	NZ_CP047876.1	4775730	657357	13.7645	653447	99.4052	650357	99.5271	3910	0.5948	654196	99.5191	8087	1.2302	4926	60.9126	1134	14.0225	4033	49.8702	2391	29.566	53997	89.0846	67961	90.8109	0.9923	051	024	Between	Human	Animal
A1051	P1048	na	NZ_CP047876.1	4775730	1790555	37.4928	1784346	99.6532	1781869	99.8612	6209	0.3468	1788043	99.8597	9444	0.5274	6932	73.4011	968	10.2499	4212	44.5997	3855	40.8196	53997	100	70882	82.9675	0.9929	051	048	Between	Human	Animal
A1051	P1068	na	NZ_CP047876.1	4775730	2878217	60.2676	2868004	99.6452	2863479	99.8422	10213	0.3548	2873627	99.8405	15975	0.555	11385	71.2676	1650	10.3286	6780	42.4413	6899	43.1862	53997	89.0846	51447	78.0143	0.9896	051	068	Between	Human	Animal
A1051	P1108	na	NZ_CP047876.1	4775730	2474385	51.8117	2462526	99.5207	2460524	99.9187	11859	0.4793	2472326	99.9168	14626	0.5911	12567	85.9223	1459	9.9754	6289	42.9988	6247	42.7116	53997	89.0846	47297	100	0.9934	051	108	Between	Human	Animal
A1051	P2020	na	NZ_CP047876.1	4775730	2478207	51.8917	2462324	99.3591	2459730	99.8947	15883	0.6409	2475574	99.8938	19214	0.7753	16581	86.2965	1535	7.989	5249	27.3186	12025	62.5846	53997	89.0846	58419	67.6287	0.9877	051	020	Between	Human	Animal
A1051	P2024	na	NZ_CP047876.1	4775730	660460	13.8295	656573	99.4115	653469	99.5272	3887	0.5885	657287	99.5196	8075	1.2226	4902	60.7059	1131	14.0062	4047	50.1176	2376	29.4241	53997	89.0846	70133	91.0869	0.9919	051	024	Between	Human	Animal
A1051	P2038	na	NZ_CP047876.1	4775730	2453417	51.3726	2432003	99.1272	2429663	99.9038	21414	0.8728	2451036	99.903	24704	1.0069	22323	90.3619	1569	6.3512	5479	22.1786	17110	69.26	53997	89.0846	146353	34.8295	0.9735	051	038	Between	Human	Animal
A1051	P2120	na	NZ_CP047876.1	4775730	1766060	36.9799	1756424	99.4544	1754484	99.8895	9636	0.5456	1764069	99.8873	12341	0.6988	10350	83.8668	1495	12.1141	5680	46.0254	4443	36.0019	53997	76.4783	29402	100	0.9947	051	120	Between	Human	Animal
A1051	P3057	na	NZ_CP047876.1	4775730	2072181	43.3898	2065867	99.6953	2063283	99.8749	6314	0.3047	2069555	99.8733	10128	0.4888	7502	74.0719	1442	14.2378	5521	54.5122	2500	24.684	53997	100	64251	100	0.9959	051	057	Between	Human	Animal
A1051	P3076	na	NZ_CP047876.1	4775730	2254319	47.2037	2245814	99.6227	2243674	99.9047	8505	0.3773	2252122	99.9025	11390	0.5053	9193	80.7112	1117	9.8068	5434	47.7085	4406	38.6831	53997	100	89446	62.4567	0.9867	051	076	Between	Human	Animal
A1051	P3099	na	NZ_CP047876.1	4775730	2874195	60.1834	2864750	99.6714	2863065	99.9412	9445	0.3286	2872476	99.9402	11908	0.4143	10189	85.5643	1180	9.9093	6691	56.1891	3521	29.5684	53997	89.0846	86946	55.6	0.9852	051	099	Between	Human	Animal
A1051	S1050	na	NZ_CP047876.1	4775730	2257204	47.2641	2223680	98.5148	2220964	99.8779	33524	1.4852	2254412	99.8763	37048	1.6413	34256	92.4638	1509	4.0731	5601	15.1182	29392	79.3349	53997	89.0846	48337	100	0.9934	051	050	Between	Human	Environment
A1051	S1103	na	NZ_CP018995.1	4708839	1888242	40.0999	1880664	99.5987	1878112	99.8643	7578	0.4013	1885652	99.8628	10626	0.5627	8036	75.6258	842	7.924	5599	52.6915	3729	35.0932	140544	43.2235	65071	90.2261	0.9805	051	103	Between	Human	Environment
A1051	W1019	na	NZ_CP047876.1	4775730	2308850	48.3455	2302203	99.7121	2299582	99.8862	6647	0.2879	2306170	99.8839	10063	0.4358	7383	73.3678	1030	10.2355	5883	58.4617	2788	27.7055	53997	89.0846	49147	72.5375	0.9887	051	019	Between	Human	Environment
A1051	W1051	na	NZ_CP018995.1	4708839	2891903	61.4144	2886495	99.813	2885168	99.954	5408	0.187	2890572	99.954	8939	0.3091	7608	85.1102	2293	25.6516	4454	49.8266	1143	12.7867	140544	90.398	233654	60.7997	0.972	051	051	Within	Human	Environment
A1051	W1092	na	NZ_CP047876.1	4775730	2872552	60.149	2853534	99.3379	2849892	99.8724	19018	0.6621	2868840	99.8708	23939	0.8334	20227	84.4939	1383	5.7772	7002	29.2493	15129	63.1981	53997	87.3937	111255	40.0764	0.9829	051	092	Between	Human	Environment
A1051	W1120	na	NZ_CP018995.1	4708839	2881560	61.1947	2870543	99.6177	2865607	99.828	11017	0.3823	2876584	99.8273	17324	0.6012	12348	71.2768	1475	8.5142	5129	29.6063	10372	59.8707	140544	61.2321	125090	53.5486	0.9635	051	120	Between	Human	Environment
A1053	A1058	na	NZ_LR134231.1	4594692	1075340	23.404	1073014	99.7837	1070151	99.7332	2326	0.2163	1072437	99.73	5647	0.5251	2744	48.5922	495	8.7657	2449	43.3682	2371	41.9869	34664	100	103098	32.377	0.9835	053	058	Between	Human	Human
A1053	A1064	na	NZ_LR134231.1	4594692	1457537	31.7222	1454833	99.8145	1452359	99.8299	2704	0.1855	1455035	99.8283	5544	0.3804	3042	54.8701	506	9.127	2109	38.0411	2724	49.1342	34664	62.6039	43970	48.1123	0.9911	053	064	Between	Human	Human
A1053	A1092	na	NZ_LR134231.1	4594692	2771668	60.3233	2766313	99.8068	2762499	99.8621	5355	0.1932	2767820	99.8612	9860	0.3557	6012	60.9736	793	8.0426	4422	44.8479	4281	43.4178	34664	73.6816	61818	31.4633	0.9872	053	092	Between	Human	Human
A1053	A1098	na	NZ_LR134231.1	4594692	1021283	22.2275	1015637	99.4472	1012825	99.7231	5646	0.5528	1018419	99.7196	8857	0.8672	5993	67.664	512	5.7807	2409	27.1988	5693	64.2768	34664	62.6039	61832	32.0692	0.9869	053	098	Between	Human	Human
A1053	C1009	na	NZ_LR134231.1	4594692	2596535	56.5116	2588316	99.6835	2585105	99.8759	8219	0.3165	2593280	99.8746	12106	0.4662	8851	73.1125	773	6.3853	3942	32.5624	7101	58.6569	34664	73.6816	53202	42.098	0.9904	053	009	Between	Human	Human
A1053	C1033	na	NZ_LR134231.1	4594692	2702292	58.8133	2696772	99.7957	2693880	99.8928	5520	0.2043	2699375	99.8921	8832	0.3268	5915	66.9724	538	6.0915	4686	53.0571	3393	38.4171	34664	73.6816	75077	29.5643	0.9856	053	033	Between	Human	Human
A1053	C1038	na	NZ_LR134231.1	4594692	720283	15.6764	715373	99.3183	713624	99.7555	4910	0.6817	718505	99.7532	6924	0.9613	5146	74.3212	608	8.7811	2068	29.8671	3956	57.1346	34664	62.6039	39077	56.3503	0.9933	053	038	Between	Human	Human
A1053	D1060	na	NZ_LR134231.1	4594692	2790244	60.7276	2780217	99.6406	2778336	99.9323	10027	0.3594	2788332	99.9315	12362	0.443	10450	84.5332	805	6.5119	4410	35.6738	6774	54.797	34664	58.418	42940	39.2198	0.9903	053	060	Between	Human	Animal
A1053	D1076	na	NZ_CP010167.1	4630919	309523	6.6838	308319	99.611	307307	99.6718	1204	0.389	308502	99.6701	2460	0.7948	1439	58.4959	307	12.4797	1099	44.6748	889	36.1382	103980	81.2224	106339	100	0.9887	053	076	Between	Human	Animal
A1053	O1004	na	NZ_LR134231.1	4594692	2322870	50.5555	2315436	99.68	2311967	99.8502	7434	0.32	2319363	99.849	11449	0.4929	7942	69.3685	821	7.1709	3666	32.0203	6564	57.3325	34664	73.6816	46667	47.7361	0.9918	053	004	Between	Human	Human
A1053	O1038	na	NZ_LR134231.1	4594692	2884349	62.7757	2880044	99.8507	2874798	99.8179	4305	0.1493	2879065	99.8168	9925	0.3441	4641	46.7607	411	4.1411	5001	50.3879	4232	42.6398	34664	62.6039	118258	22.4907	0.975	053	038	Between	Human	Human
A1053	O1108	na	NZ_LR134231.1	4594692	999411	21.7514	996714	99.7301	994339	99.7617	2697	0.2699	997004	99.7592	5485	0.5488	3078	56.1167	519	9.4622	2219	40.4558	2498	45.5424	34664	100	88781	36.144	0.9863	053	108	Between	Human	Human
A1053	P1004	na	NZ_LR134231.1	4594692	1607719	34.9908	1604475	99.7982	1602483	99.8758	3244	0.2018	1605703	99.8746	5457	0.3394	3441	63.0566	290	5.3143	3629	66.5017	1359	24.9038	34664	73.6816	67840	33.1368	0.9872	053	004	Between	Human	Animal
A1053	P1005	na	NZ_LR134231.1	4594692	1598876	34.7983	1590477	99.4747	1588492	99.8752	8399	0.5253	1596848	99.8732	10700	0.6692	8672	81.0467	687	6.4206	2804	26.2056	6827	63.8037	34664	36.2855	32957	39.1298	0.9907	053	005	Between	Human	Animal
A1053	P1020	na	NZ_LR134231.1	4594692	2817273	61.3158	2812480	99.8299	2802534	99.6464	4793	0.1701	2807287	99.6455	15616	0.5543	5630	36.0528	911	5.8338	4321	27.6703	9995	64.0049	34664	100	88599	36.6652	0.9866	053	020	Between	Human	Animal
A1053	P1021	na	NZ_LR134231.1	4594692	1983571	43.1709	1976169	99.6268	1974387	99.9098	7402	0.3732	1981756	99.9085	9445	0.4762	7630	80.7835	629	6.6596	3250	34.4097	4924	52.1334	34664	73.6816	57519	37.9753	0.9894	053	021	Between	Human	Animal
A1053	P1038	na	NZ_LR134231.1	4594692	1467985	31.9496	1463820	99.7163	1461565	99.846	4165	0.2837	1465705	99.8447	6741	0.4592	4461	66.1771	548	8.1294	2842	42.1599	2874	42.6346	34664	73.6816	42619	53.6404	0.9929	053	038	Between	Human	Animal
A1053	P1051	na	NZ_CP010167.1	4630919	281244	6.0732	280373	99.6903	278989	99.5064	871	0.3097	279851	99.5047	2735	0.9725	1342	49.0676	512	18.7203	1253	45.8135	853	31.1883	103980	60.9579	90712	76.7385	0.9851	053	051	Between	Human	Animal
A1053	P1055	na	NZ_LR134231.1	4594692	979668	21.3217	976823	99.7096	975467	99.8612	2845	0.2904	978290	99.8593	4563	0.4658	3185	69.8006	477	10.4536	2331	51.0848	1428	31.2952	34664	73.6816	47164	47.8755	0.9919	053	055	Between	Human	Animal
A1053	P1084	na	NZ_LR134231.1	4594692	2292987	49.9051	2289359	99.8418	2287845	99.9339	3628	0.1582	2291465	99.9336	5459	0.2381	3937	72.1194	352	6.4481	3187	58.3807	1754	32.1304	34664	36.2855	116509	11.7296	0.9725	053	084	Between	Human	Animal
A1053	P1090	na	NZ_LR134231.1	4594692	2944660	64.0883	2940035	99.8429	2936927	99.8943	4625	0.1571	2941513	99.8931	8417	0.2858	5270	62.6114	711	8.4472	4882	58.0017	2412	28.6563	34664	73.6816	92755	23.6203	0.9817	053	090	Between	Human	Animal
A1053	P2066	na	NZ_LR134231.1	4594692	2023397	44.0377	2019813	99.8229	2016859	99.8537	3584	0.1771	2020422	99.853	6910	0.3415	3935	56.9465	496	7.178	3289	47.5977	2855	41.3169	34664	36.2855	53230	23.8907	0.9863	053	066	Between	Human	Animal
A1053	P3031	na	NZ_LR134231.1	4594692	282471	6.1478	280274	99.2222	278430	99.3421	2197	0.7778	280606	99.3398	4357	1.5425	2492	57.1953	452	10.3741	1468	33.6929	2046	46.9589	34664	47.3402	65131	23.7445	0.9847	053	031	Between	Human	Animal
A1053	P3092	na	NZ_LR134231.1	4594692	2138444	46.5416	2125881	99.4125	2124625	99.9409	12563	0.5875	2137162	99.94	14144	0.6614	12862	90.9361	773	5.4652	3626	25.6363	9317	65.8725	34664	36.2855	41192	31.0619	0.9889	053	092	Between	Human	Animal
A1053	S1019	na	NZ_LR134231.1	4594692	1537474	33.462	1533900	99.7675	1531763	99.8607	3574	0.2325	1535314	99.8595	5948	0.3869	3788	63.6853	321	5.3968	3055	51.3618	2352	39.5427	34664	21.0218	65915	11.6756	0.9813	053	019	Between	Human	Environment
A1053	S1030	na	NZ_LR134231.1	4594692	2550772	55.5156	2545263	99.784	2541945	99.8696	5509	0.216	2547417	99.8685	9564	0.3749	6209	64.9205	926	9.6821	4071	42.5659	4274	44.6884	34664	73.6816	67621	32.4515	0.9872	053	030	Between	Human	Environment
A1053	S1108	na	NZ_CP010167.1	4630919	305046	6.5872	302124	99.0421	301039	99.6409	2922	0.9579	303929	99.6338	4183	1.3713	3066	73.2967	201	4.8052	944	22.5675	2921	69.8303	103980	48.0083	91853	63.5472	0.9762	053	108	Between	Human	Environment
A1053	W1110	na	NZ_LR134231.1	4594692	2974464	64.737	2969644	99.838	2966643	99.8989	4820	0.162	2971430	99.898	8622	0.2899	5588	64.8109	819	9.499	4913	56.9821	2466	28.6013	34664	100	82294	42.9873	0.9893	053	110	Between	Human	Environment
A1055	A1080	na	NZ_CP062811.1	5007575	2479727	49.5195	2476481	99.8691	2475779	99.9717	3246	0.1309	2479016	99.9713	5140	0.2073	4429	86.1673	1442	28.0545	2044	39.7665	1413	27.4903	130154	89.6492	204794	69.4112	0.9792	055	080	Between	Human	Human
A1055	C1050	na	NZ_AP025662.1	4906821	3697581	75.3559	3694346	99.9125	3686258	99.7811	3235	0.0875	3689436	99.7797	11376	0.3077	3231	28.4019	128	1.1252	1315	11.5594	9712	85.3727	0	0	141092	0	0.9712	055	050	Between	Human	Human
A1055	C1119	na	NZ_AP025662.1	4906821	350872	7.1507	350383	99.8606	347810	99.2657	489	0.1394	348281	99.2616	3065	0.8735	474	15.4649	10	0.3263	374	12.2023	2630	85.8075	0	0	111530	0	0.9773	055	119	Between	Human	Human
A1055	D1049	na	NZ_CP062811.1	5007575	1863450	37.2126	1853957	99.4906	1836646	99.0663	9493	0.5094	1846014	99.0643	27572	1.4796	10136	36.7619	951	3.4492	2258	8.1895	23843	86.4754	130154	75.741	157584	60.2878	0.9775	055	049	Between	Human	Animal
A1057	A1092	na	NZ_CP049852.1	4993321	3631830	72.7338	3623436	99.7689	3622308	99.9689	8394	0.2311	3630687	99.9685	9618	0.2648	8475	88.116	283	2.9424	2525	26.2529	6638	69.0164	73986	53.8088	82730	48.3513	0.9844	057	092	Between	Human	Human
A1057	C1011	na	NZ_CP049852.1	4993321	3658115	73.2602	3648168	99.7281	3646906	99.9654	9947	0.2719	3656838	99.9651	11285	0.3085	10008	88.6841	404	3.58	2998	26.5662	7657	67.8511	73986	0	0	0	0.9852	057	011	Between	Human	Human
A1057	C1092	na	NZ_CP049852.1	4993321	3346275	67.015	3334012	99.6335	3332675	99.9599	12263	0.3665	3344919	99.9595	13698	0.4094	12342	90.1007	389	2.8398	2720	19.8569	10389	75.8432	73986	53.8088	58403	66.0189	0.9887	057	092	Between	Human	Human
A1057	P1051	na	NZ_CP076654.1	4820788	3070259	63.6879	3067565	99.9123	3063916	99.881	2694	0.0877	3066568	99.8798	7403	0.2411	3712	50.1418	1232	16.6419	4086	55.1938	1787	24.1389	159418	59.7222	181068	74.1401	0.9678	057	051	Between	Human	Animal
A1058	A1064	na	NZ_LR134231.1	4594692	817353	17.7891	816385	99.8816	813605	99.6595	968	0.1184	814557	99.6579	4615	0.5646	1819	39.415	929	20.13	1692	36.6631	1966	42.6002	103098	50.711	43970	100	0.9861	058	064	Between	Human	Human
A1058	A1092	na	NZ_LR134231.1	4594692	1296121	28.2091	1294688	99.8894	1290148	99.6493	1433	0.1106	1291567	99.6486	7225	0.5574	2671	36.9689	1284	17.7716	2201	30.4637	3552	49.1626	103098	59.2689	61818	87.2206	0.9873	058	092	Between	Human	Human
A1058	A1093	na	NZ_CP060061.1	5326222	596664	11.2024	592832	99.3578	587223	99.0539	3832	0.6422	591000	99.0507	10012	1.678	4348	43.4279	672	6.7119	4791	47.8526	3491	34.8682	245105	19.8805	186577	22.6373	0.9341	058	093	Between	Human	Human
A1058	A1098	na	NZ_CP060061.1	5326222	740544	13.9037	735383	99.3031	732970	99.6719	5161	0.6969	738114	99.6719	11823	1.5965	9393	79.4468	4753	40.2013	1719	14.5395	4392	37.1479	245105	63.8979	185971	62.3753	0.9607	058	098	Between	Human	Human
A1058	A1098	na	NZ_LR134231.1	4594692	1300455	28.3034	1295592	99.6261	1294899	99.9465	4863	0.3739	1299759	99.9465	8055	0.6194	7359	91.3594	2599	32.2657	381	4.73	4648	57.7033	103098	68.3369	61832	100	0.9908	058	098	Between	Human	Human
A1058	A1119	na	NZ_CP060061.1	5326222	603923	11.3387	600862	99.4931	593881	98.8382	3061	0.5069	596864	98.8311	11853	1.9627	4794	40.4455	1929	16.2744	5695	48.0469	3547	29.9249	245105	36.005	193301	36.3531	0.9432	058	119	Between	Human	Human
A1058	C1009	na	NZ_LR134231.1	4594692	1065736	23.1949	1063455	99.786	1059262	99.6057	2281	0.214	1061519	99.6043	7216	0.6771	2999	41.5604	771	10.6846	2005	27.7855	4309	59.7145	103098	39.0803	53202	73.813	0.9829	058	009	Between	Human	Human
A1058	C1033	na	NZ_LR134231.1	4594692	1217367	26.4951	1216175	99.9021	1212036	99.6597	1192	0.0979	1213212	99.6587	5852	0.4807	1697	28.9986	537	9.1763	2763	47.2146	2433	41.5755	103098	50.2667	75077	67.4268	0.983	058	033	Between	Human	Human
A1058	C1038	na	NZ_LR134231.1	4594692	523815	11.4004	520684	99.4023	518357	99.5531	3131	0.5977	521452	99.5489	5813	1.1097	3450	59.3497	366	6.2962	1973	33.9412	2945	50.6623	103098	48.1484	39077	100	0.9859	058	038	Between	Human	Human
A1058	C1093	na	NZ_CP060061.1	5326222	736552	13.8288	734924	99.779	727897	99.0438	1628	0.221	729497	99.0422	9249	1.2557	2194	23.7215	723	7.8171	6294	68.0506	1697	18.3479	245105	36.3877	270928	43.1008	0.9319	058	093	Between	Human	Human
A1058	C2068	na	NZ_CP060061.1	5326222	324932	6.1006	324124	99.7513	320162	98.7776	808	0.2487	320957	98.7767	5475	1.685	1500	27.3973	710	12.968	1240	22.6484	3474	63.4521	245105	82.9751	419015	43.3665	0.9373	058	068	Between	Human	Human
A1058	D1060	na	NZ_LR134231.1	4594692	1187117	25.8367	1183181	99.6684	1180312	99.7575	3936	0.3316	1184227	99.7566	7387	0.6223	4497	60.8772	633	8.5691	2455	33.2341	3788	51.2793	103098	52.5442	42940	100	0.9868	058	060	Between	Human	Animal
A1058	O1004	na	NZ_LR134231.1	4594692	1092842	23.7849	1089755	99.7175	1085243	99.586	3087	0.2825	1088295	99.5839	8279	0.7576	3732	45.0779	714	8.6242	2305	27.8415	4886	59.0168	103098	50.2667	46667	100	0.9875	058	004	Between	Human	Human
A1058	O1011	na	NZ_CP060061.1	5326222	527352	9.9011	524388	99.4379	517371	98.6619	2964	0.5621	520280	98.659	10315	1.956	3243	31.4397	442	4.285	6846	66.3694	2418	23.4416	245105	29.5951	141390	46.0174	0.9511	058	011	Between	Human	Human
A1058	O1038	na	NZ_LR134231.1	4594692	1368106	29.7758	1367765	99.9751	1361721	99.5581	341	0.0249	1362046	99.5571	7385	0.5398	1325	17.9418	1008	13.6493	3012	40.7854	3343	45.2674	103098	65.2709	118258	55.1354	0.9792	058	038	Between	Human	Human
A1058	O1092	na	NZ_CP060061.1	5326222	707964	13.292	705958	99.7167	699721	99.1165	2006	0.2833	701690	99.1138	8810	1.2444	2536	28.7855	717	8.1385	5780	65.6073	1794	20.3632	245105	38.8507	293475	38.3719	0.9286	058	092	Between	Human	Human
A1058	O1108	na	NZ_CP060061.1	5326222	781727	14.677	778845	99.6313	776152	99.6542	2882	0.3687	779018	99.6535	9549	1.2215	6840	71.6305	4316	45.1985	2012	21.0703	2443	25.5838	245105	60.091	134494	100	0.9772	058	108	Between	Human	Human
A1058	O1108	na	NZ_LR134231.1	4594692	1282268	27.9076	1281105	99.9093	1280774	99.9742	1163	0.0907	1281933	99.9739	4212	0.3285	3877	92.0465	2783	66.0731	256	6.0779	1004	23.8367	103098	90.5818	88781	100	0.9968	058	108	Between	Human	Human
A1058	P1004	na	NZ_LR134231.1	4594692	938306	20.4215	937609	99.9257	934728	99.6927	697	0.0743	935415	99.6919	4165	0.4439	1274	30.5882	597	14.3337	2623	62.9772	813	19.5198	103098	58.8906	67840	89.26	0.9885	058	004	Between	Human	Animal
A1058	P1005	na	NZ_LR134231.1	4594692	818275	17.8091	813577	99.4259	810861	99.6662	4698	0.5741	815521	99.6634	7816	0.9552	5062	64.7646	443	5.6679	1957	25.0384	4807	61.502	103098	41.0629	32957	100	0.9846	058	005	Between	Human	Animal
A1058	P1020	na	NZ_LR134231.1	4594692	1273801	27.7233	1273101	99.945	1265753	99.4228	700	0.055	1266439	99.422	9071	0.7121	1709	18.8403	1049	11.5643	2379	26.2264	5627	62.0329	103098	48.7284	88599	55.7038	0.9791	058	020	Between	Human	Animal
A1058	P1021	na	NZ_LR134231.1	4594692	1074803	23.3923	1070102	99.5626	1067151	99.7242	4701	0.4374	1071818	99.7223	8182	0.7613	5197	63.5175	597	7.2965	2570	31.4104	4175	51.0266	103098	50.2667	57519	87.3311	0.9868	058	021	Between	Human	Animal
A1058	P1038	na	NZ_LR134231.1	4594692	814078	17.7178	812136	99.7614	808634	99.5688	1942	0.2386	810555	99.5672	5934	0.7289	2411	40.6303	509	8.5777	2282	38.4564	2774	46.7476	103098	50.2667	42619	100	0.9865	058	038	Between	Human	Animal
A1058	P1055	na	NZ_LR134231.1	4594692	676720	14.7283	675519	99.8225	672565	99.5627	1201	0.1775	673738	99.5593	4668	0.6898	1686	36.1183	535	11.461	2393	51.2639	1556	33.3333	103098	50.2667	47164	100	0.9875	058	055	Between	Human	Animal
A1058	P1084	na	NZ_LR134231.1	4594692	841109	18.3061	840443	99.9208	838496	99.7683	666	0.0792	839152	99.7673	2964	0.3524	1007	33.9744	360	12.1457	1366	46.0864	1161	39.17	103098	41.0629	116509	36.2144	0.9702	058	084	Between	Human	Animal
A1058	P1090	na	NZ_LR134231.1	4594692	1418731	30.8776	1418357	99.9736	1414380	99.7196	374	0.0264	1414743	99.7189	5815	0.4099	1827	31.4187	1480	25.4514	2392	41.135	1920	33.0181	103098	75.4137	92755	80.594	0.9888	058	090	Between	Human	Animal
A1058	P2066	na	NZ_LR134231.1	4594692	947073	20.6123	945980	99.8846	941970	99.5761	1093	0.1154	943025	99.5726	5591	0.5903	1543	27.5979	490	8.7641	2275	40.6904	2616	46.7895	103098	41.0629	53230	77.2515	0.9837	058	066	Between	Human	Animal
A1058	P3031	na	NZ_LR134231.1	4594692	236574	5.1489	235410	99.508	232754	98.8718	1164	0.492	233897	98.8684	4425	1.8705	1748	39.5028	616	13.9209	1582	35.7514	1964	44.3842	103098	44.3646	65131	67.3827	0.9823	058	031	Between	Human	Animal
A1058	P3092	na	NZ_LR134231.1	4594692	1055699	22.9765	1048648	99.3321	1046399	99.7855	7051	0.6679	1053413	99.7835	9694	0.9183	7408	76.4184	463	4.7762	2266	23.3753	5981	61.698	103098	41.0629	41192	100	0.9864	058	092	Between	Human	Animal
A1058	S1019	na	NZ_LR134231.1	4594692	747789	16.2751	746733	99.8588	743646	99.5866	1056	0.1412	744689	99.5854	4489	0.6003	1389	30.9423	364	8.1087	2181	48.5854	1775	39.5411	103098	34.7165	65915	54.7265	0.9786	058	019	Between	Human	Environment
A1058	S1030	na	NZ_LR134231.1	4594692	987934	21.5016	986318	99.8364	981855	99.5475	1616	0.1636	983436	99.5447	6729	0.6811	2231	33.155	681	10.1204	2117	31.4608	3648	54.2131	103098	50.2667	67621	74.4872	0.9846	058	030	Between	Human	Environment
A1058	W1110	na	NZ_LR134231.1	4594692	1434696	31.2251	1434332	99.9746	1429784	99.6829	364	0.0254	1430142	99.6826	6084	0.4241	1530	25.1479	1178	19.3623	2883	47.3866	2027	33.3169	103098	81.7087	82294	100	0.9939	058	110	Between	Human	Environment
A1060	C1069	na	NZ_CP023386.1	4900891	4188291	85.4598	4184800	99.9166	4181035	99.91	3491	0.0834	4184503	99.9096	11340	0.2708	7552	66.5961	4131	36.4286	3008	26.5256	3647	32.1605	241194	92.5856	200016	100	0.9854	060	069	Between	Human	Human
A1060	O1104	na	NZ_CP023386.1	4900891	4314216	88.0292	4313398	99.981	4301855	99.7324	818	0.019	4302665	99.7323	14810	0.3433	3259	22.0054	2547	17.1978	6746	45.5503	5463	36.8872	241194	71.7447	231235	95.3108	0.971	060	104	Between	Human	Human
A1060	W1060	na	NZ_CP023386.1	4900891	4346425	88.6864	4340879	99.8724	4340878	100	5546	0.1276	4346424	100	16619	0.3824	16618	99.994	11469	69.0114	50	0.3009	4996	30.062	241194	97.5912	233870	100	0.9984	060	060	Within	Human	Environment
A1062	A1071	na	NZ_CP055109.1	4785356	2570992	53.7262	2562907	99.6855	2553892	99.6483	8085	0.3145	2561916	99.647	18636	0.7249	9560	51.2986	1713	9.1919	9290	49.8498	7031	37.7281	89220	100	183339	57.7553	0.9789	062	071	Between	Human	Human
A1062	A1098	na	NZ_AP022261.1	4907327	2818947	57.4436	2750342	97.5663	2746506	99.8605	68605	2.4337	2815077	99.8627	72777	2.5817	68907	94.6824	1885	2.5901	9741	13.3847	61250	84.1612	11092	0	33059	0	0.991	062	098	Between	Human	Human
A1062	A1109	na	NZ_AP022261.1	4907327	3716556	75.7348	3696115	99.45	3690957	99.8604	20441	0.55	3711359	99.8602	26267	0.7068	21070	80.2147	1280	4.873	12807	48.757	11647	44.3408	11092	100	24259	45.8799	0.9973	062	109	Between	Human	Human
A1062	C1033	na	NZ_AP022261.1	4907327	3628662	73.9438	3613743	99.5889	3610910	99.9216	14919	0.4111	3625813	99.9215	18491	0.5096	15642	84.5925	962	5.2025	13313	71.9972	3692	19.9665	11092	0	112521	0	0.9748	062	033	Between	Human	Human
A1062	C1076	na	NZ_CP019903.1	4978170	2139325	42.9741	2135614	99.8265	2116353	99.0981	3711	0.1735	2119988	99.0961	23707	1.1082	4370	18.4334	855	3.6065	20156	85.0213	2385	10.0603	178123	62.5629	157819	78.355	0.9726	062	076	Between	Human	Human
A1062	C1108	na	NZ_AP022261.1	4907327	2822255	57.511	2799120	99.1803	2798371	99.9732	23135	0.8197	2821500	99.9732	24217	0.8581	23462	96.8824	1091	4.5051	9817	40.5376	13259	54.7508	11092	100	16742	67.4591	0.9986	062	108	Between	Human	Human
A1062	C1109	na	NZ_AP022261.1	4907327	3410965	69.5076	3396113	99.5646	3391844	99.8743	14852	0.4354	3406667	99.874	19663	0.5765	15365	78.1417	911	4.6331	12017	61.1148	6209	31.5771	11092	0	63644	0	0.9848	062	109	Between	Human	Human
A1062	O1090	na	NZ_AP022261.1	4907327	3751668	76.4503	3729175	99.4005	3726941	99.9401	22493	0.5995	3749411	99.9398	25447	0.6783	23190	91.1306	2023	7.9499	12504	49.1374	10481	41.1876	11092	0	8010	0	0.9961	062	090	Between	Human	Human
A1062	P1076	na	NZ_CP055109.1	4785356	2266930	47.3722	2258453	99.6261	2254324	99.8172	8477	0.3739	2262773	99.8166	14548	0.6417	10391	71.4256	2172	14.9299	7709	52.9901	3982	27.3715	89220	31.2845	48260	69.4882	0.9828	062	076	Between	Human	Animal
A1062	P2011	na	NZ_CP055109.1	4785356	2388547	49.9137	2373467	99.3687	2368421	99.7874	15080	0.6313	2383453	99.7867	21142	0.8851	16048	75.9058	1596	7.549	9392	44.4234	9550	45.1708	89220	100	131748	68.0921	0.9881	062	011	Between	Human	Animal
A1062	P2031	na	NZ_CP055109.1	4785356	3256151	68.0441	3242275	99.5739	3236079	99.8089	13876	0.4261	3249897	99.8079	21027	0.6458	14773	70.2573	1385	6.5868	13143	62.5054	5889	28.0068	89220	31.2845	39695	73.7045	0.9846	062	031	Between	Human	Animal
A1062	P3076	na	NZ_CP055109.1	4785356	2547028	53.2255	2538618	99.6698	2535005	99.8577	8410	0.3302	2543376	99.8566	13971	0.5485	10319	73.8601	2189	15.6682	7859	56.2522	3181	22.7686	89220	31.2845	48507	63.1414	0.9822	062	076	Between	Human	Animal
A1062	S1111	na	NZ_AP022261.1	4907327	3831441	78.0759	3814174	99.5493	3813674	99.9869	17267	0.4507	3830937	99.9868	18690	0.4878	18186	97.3034	1470	7.8652	13305	71.1878	3608	19.3044	11092	100	20370	100	0.9981	062	111	Between	Human	Environment
A1064	A1092	na	NZ_LR134231.1	4594692	1765934	38.4342	1763726	99.875	1759992	99.7883	2208	0.125	1762180	99.7874	6732	0.3812	2978	44.2365	872	12.9531	2527	37.5371	3170	47.0885	43970	83.3978	61818	66.8915	0.9919	064	092	Between	Human	Human
A1064	A1098	na	NZ_LR134231.1	4594692	773865	16.8426	770307	99.5402	767243	99.6022	3558	0.4598	770765	99.5994	7214	0.9322	4114	57.028	659	9.135	1908	26.4486	4546	63.0164	43970	100	61832	78.0049	0.9936	064	098	Between	Human	Human
A1064	C1009	na	NZ_LR134231.1	4594692	1470285	31.9996	1466362	99.7332	1462895	99.7636	3923	0.2668	1466796	99.7627	7886	0.5364	4397	55.757	550	6.9744	2340	29.6728	4795	60.804	43970	63.6479	53202	56.0768	0.9901	064	009	Between	Human	Human
A1064	C1033	na	NZ_LR134231.1	4594692	1619676	35.251	1617536	99.8679	1614073	99.7859	2140	0.1321	1616196	99.7851	5961	0.368	2481	41.6205	392	6.5761	2968	49.7903	2530	42.4425	43970	83.3978	75077	54.9116	0.9891	064	033	Between	Human	Human
A1064	C1038	na	NZ_LR134231.1	4594692	620903	13.5135	617455	99.4447	615533	99.6887	3448	0.5553	618957	99.6866	5811	0.9359	3865	66.5118	506	8.7076	1931	33.2301	2858	49.1826	43970	80.2502	39077	85.2292	0.9951	064	038	Between	Human	Human
A1064	D1060	na	NZ_LR134231.1	4594692	1587734	34.5558	1582700	99.6829	1580321	99.8497	5034	0.3171	1585334	99.8488	7807	0.4917	5407	69.2584	493	6.3148	2683	34.3666	4323	55.3734	43970	71.1872	42940	64.7671	0.9928	064	060	Between	Human	Animal
A1064	O1004	na	NZ_LR134231.1	4594692	1554412	33.8306	1549974	99.7145	1545905	99.7375	4438	0.2855	1550298	99.7353	9114	0.5863	5000	54.8607	722	7.9219	2624	28.7909	5486	60.1931	43970	83.3978	46667	79.793	0.995	064	004	Between	Human	Human
A1064	O1038	na	NZ_LR134231.1	4594692	1844246	40.1386	1842929	99.9286	1837751	99.719	1317	0.0714	1839058	99.7187	7146	0.3875	1958	27.3999	695	9.7257	3104	43.4369	3304	46.2357	43970	100	118258	46.9575	0.9829	064	038	Between	Human	Human
A1064	O1108	na	NZ_LR134231.1	4594692	757244	16.4808	755828	99.813	753510	99.6933	1416	0.187	754917	99.6927	4384	0.5789	2057	46.9206	687	15.6706	1853	42.2673	1783	40.6706	43970	100	88781	57.0741	0.989	064	108	Between	Human	Human
A1064	P1004	na	NZ_LR134231.1	4594692	1360074	29.601	1358492	99.8837	1355886	99.8082	1582	0.1163	1357461	99.8079	4520	0.3323	1907	42.1903	356	7.8761	2954	65.354	1159	25.6416	43970	83.3978	67840	61.0053	0.9907	064	004	Between	Human	Animal
A1064	P1005	na	NZ_LR134231.1	4594692	1179854	25.6786	1173958	99.5003	1171390	99.7813	5896	0.4997	1177239	99.7784	8822	0.7477	6207	70.3582	506	5.7357	2574	29.1771	5361	60.7685	43970	83.3978	32957	100	0.9975	064	005	Between	Human	Animal
A1064	P1020	na	NZ_LR134231.1	4594692	1707860	37.1703	1705974	99.8896	1695675	99.3963	1886	0.1104	1697541	99.3958	12864	0.7532	2545	19.7839	751	5.838	2632	20.4602	9357	72.7379	43970	80.2502	88599	44.0739	0.9852	064	020	Between	Human	Animal
A1064	P1021	na	NZ_LR134231.1	4594692	1501558	32.6803	1496205	99.6435	1493532	99.8213	5353	0.3565	1498846	99.8194	8429	0.5614	5717	67.8254	551	6.537	2998	35.5677	4462	52.9363	43970	83.3978	57519	70.8548	0.9928	064	021	Between	Human	Animal
A1064	P1038	na	NZ_LR134231.1	4594692	1140745	24.8275	1138346	99.7897	1135441	99.7448	2399	0.2103	1137813	99.743	5636	0.4941	2704	47.9773	391	6.9375	2689	47.7111	2262	40.1348	43970	83.3978	42619	76.7029	0.9953	064	038	Between	Human	Animal
A1064	P1055	na	NZ_CP010171.1	4807161	302463	6.2919	299123	98.8957	296779	99.2164	3340	1.1043	300059	99.2052	5964	1.9718	3560	59.6915	475	7.9645	1438	24.1113	3606	60.4628	88682	34.5515	53026	62.8673	0.9831	064	055	Between	Human	Animal
A1064	P1055	na	NZ_LR134231.1	4594692	1158609	25.2162	1156784	99.8425	1154649	99.8154	1825	0.1575	1156456	99.8142	4479	0.3866	2326	51.9312	587	13.1056	2335	52.1322	1274	28.4438	43970	83.3978	47164	79.2172	0.9952	064	055	Between	Human	Animal
A1064	P1084	na	NZ_LR134231.1	4594692	1181621	25.7171	1180382	99.8951	1178782	99.8645	1239	0.1049	1180012	99.8638	3097	0.2621	1488	48.0465	284	9.1702	1440	46.4966	1317	42.525	43970	83.3978	116509	36.2144	0.98	064	084	Between	Human	Animal
A1064	P1090	na	NZ_LR134231.1	4594692	1894203	41.2259	1892680	99.9196	1889560	99.8352	1523	0.0804	1891071	99.8347	5544	0.2927	2412	43.5065	944	17.0274	2872	51.8038	1682	30.3391	43970	83.3978	92755	42.4602	0.9844	064	090	Between	Human	Animal
A1064	P2066	na	NZ_LR134231.1	4594692	1399788	30.4653	1397976	99.8706	1394455	99.7481	1812	0.1294	1396252	99.7474	5744	0.4103	2208	38.4401	449	7.8169	2659	46.2918	2549	44.3767	43970	83.3978	53230	77.2515	0.9938	064	066	Between	Human	Animal
A1064	P3031	na	NZ_LR134231.1	4594692	231368	5.0355	230093	99.4489	227680	98.9513	1275	0.5511	228937	98.9493	4013	1.7345	1582	39.4219	363	9.0456	1633	40.6927	1817	45.2778	43970	87.7894	65131	67.3827	0.992	064	031	Between	Human	Animal
A1064	P3092	na	NZ_LR134231.1	4594692	1423852	30.9891	1415298	99.3992	1413363	99.8633	8554	0.6008	1421884	99.8618	10763	0.7559	8795	81.7151	394	3.6607	2450	22.7632	7296	67.7878	43970	83.3978	41192	100	0.9964	064	092	Between	Human	Animal
A1064	S1019	na	NZ_LR134231.1	4594692	1084485	23.603	1082504	99.8173	1079458	99.7186	1981	0.1827	1081423	99.7177	5318	0.4904	2256	42.422	334	6.2806	2526	47.4991	2309	43.4186	43970	71.1872	65915	54.7265	0.9889	064	019	Between	Human	Environment
A1064	S1030	na	NZ_LR134231.1	4594692	1355529	29.5021	1353243	99.8314	1349329	99.7108	2286	0.1686	1351596	99.7099	6726	0.4962	2793	41.5254	596	8.8611	2165	32.1885	3719	55.2929	43970	83.3978	67621	60.6084	0.9906	064	030	Between	Human	Environment
A1064	W1110	na	NZ_LR134231.1	4594692	1905481	41.4714	1904055	99.9252	1901110	99.8453	1426	0.0748	1902523	99.8448	5418	0.2843	2460	45.4042	1093	20.1735	2870	52.9716	1361	25.12	43970	80.2502	82294	46.8078	0.9863	064	110	Between	Human	Environment
A1066	O1066	na	NZ_CP008697.1	5056598	3678487	72.7463	3673129	99.8543	3672967	99.9956	5358	0.1457	3678325	99.9956	7328	0.1992	7166	97.7893	2023	27.6064	4151	56.6457	791	10.7942	27224	100	62038	43.6571	0.9927	066	066	Within	Human	Human
A1066	S1090	na	NZ_CP019005.1	4690903	1592352	33.9455	1582450	99.3782	1581913	99.9661	9902	0.6218	1591801	99.9654	10456	0.6566	9905	94.7303	25	0.2391	554	5.2984	9807	93.793	10637	0	0	0	0.9977	066	090	Between	Human	Environment
A1068	A1080	na	NZ_LR882052.1	4569920	515034	11.2701	514704	99.9359	512715	99.6136	330	0.0641	513038	99.6125	2815	0.5466	819	29.0941	514	18.2593	1332	47.3179	957	33.9964	121666	90.6342	94562	100	0.9916	068	080	Between	Human	Human
A1068	A1084	na	NZ_LR882052.1	4569920	273298	5.9804	272819	99.8247	270678	99.2152	479	0.1753	271150	99.214	3294	1.2053	1146	34.7905	687	20.8561	1560	47.3588	998	30.2975	121666	81.8281	101112	89.7767	0.9886	068	084	Between	Human	Human
A1068	D1042	na	NZ_LR882052.1	4569920	890165	19.4788	887774	99.7314	883715	99.5428	2391	0.2686	886075	99.5405	7061	0.7932	2971	42.0762	614	8.6957	2846	40.3059	3361	47.5995	121666	65.6009	97383	74.9915	0.9824	068	042	Between	Human	Animal
A1068	D1058	na	NZ_LR882052.1	4569920	748971	16.3891	747315	99.7789	744077	99.5667	1656	0.2211	745713	99.565	5177	0.6912	1919	37.0678	295	5.6983	2943	56.8476	1737	33.5523	121666	83.5254	80518	100	0.9908	068	058	Between	Human	Animal
A1068	O1005	na	NZ_LR882052.1	4569920	823514	18.0203	822494	99.8761	819154	99.5939	1020	0.1239	820155	99.5921	4534	0.5506	1175	25.9153	179	3.9479	3318	73.1804	870	19.1884	121666	41.5284	34405	100	0.9808	068	005	Between	Human	Human
A1068	O1064	na	NZ_LR882052.1	4569920	750744	16.4279	748938	99.7594	746111	99.6225	1806	0.2406	747896	99.6206	4904	0.6532	2056	41.925	276	5.6281	2662	54.2822	1708	34.8287	121666	50.9962	67515	69.0558	0.9788	068	064	Between	Human	Human
A1068	O1069	na	NZ_LR882052.1	4569920	99340	2.1738	99153	99.8118	98714	99.5572	187	0.1882	98899	99.5561	722	0.7268	281	38.9197	106	14.6814	323	44.7368	285	39.4737	121666	92.3315	108010	100	0.9963	068	069	Between	Human	Human
A1068	P2051	na	NZ_LR882052.1	4569920	296894	6.4967	296736	99.9468	294999	99.4146	158	0.0532	295151	99.4129	2221	0.7481	478	21.5218	331	14.9032	1018	45.8352	879	39.5768	121666	90.6342	186903	70.0326	0.9747	068	051	Between	Human	Animal
A1068	S1081	na	NZ_CP028732.1	4906030	644502	13.1369	640997	99.4562	636944	99.3677	3505	0.5438	640399	99.3634	8660	1.3437	4557	52.6212	1200	13.8568	3288	37.9677	3657	42.2286	160162	47.2259	176530	45.7191	0.9612	068	081	Between	Human	Environment
A1069	S1004	na	NZ_CP025920.1	5118381	1619607	31.643	1611005	99.4689	1603836	99.555	8602	0.5311	1612357	99.5524	17123	1.0572	9873	57.6593	1579	9.2215	4684	27.355	10083	58.8857	147938	69.0188	128421	83.9092	0.984	069	004	Between	Human	Environment
A1069	S1085	na	NZ_LR130552.1	4841046	2140210	44.2097	2135461	99.7781	2133408	99.9039	4749	0.2219	2138135	99.903	6975	0.3259	4900	70.2509	245	3.5125	3583	51.3692	2902	41.6057	138671	18.5201	74885	43.2797	0.9663	069	085	Between	Human	Environment
A1071	P1076	na	NZ_CP055109.1	4785356	1704171	35.6122	1700866	99.8061	1693843	99.5871	3305	0.1939	1697121	99.5863	11422	0.6702	4372	38.277	1427	12.4934	5892	51.5847	3619	31.6845	183339	15.4392	48260	69.4882	0.9632	071	076	Between	Human	Animal
A1071	P1109	na	NZ_CP032986.1	4677021	3925925	83.9407	3915083	99.7238	3913784	99.9668	10842	0.2762	3924605	99.9664	13437	0.3423	12117	90.1764	1824	13.5745	4203	31.2793	6682	49.7284	69998	62.0118	40713	86.2673	0.9912	071	109	Between	Human	Animal
A1071	P2011	na	NZ_CP055109.1	4785356	2193446	45.8366	2183832	99.5617	2176757	99.676	9614	0.4383	2186328	99.6755	17470	0.7965	10352	59.2559	1157	6.6228	6757	38.6777	8490	48.5976	183339	73.5855	131748	95.7479	0.9865	071	011	Between	Human	Animal
A1071	P2031	na	NZ_CP055109.1	4785356	2635815	55.0809	2630154	99.7852	2621797	99.6823	5661	0.2148	2627418	99.6814	14768	0.5603	6371	43.1406	1094	7.4079	8796	59.5612	4335	29.354	183339	24.5943	39695	100	0.9693	071	031	Between	Human	Animal
A1071	P3076	na	NZ_CP055109.1	4785356	1953192	40.816	1950943	99.8849	1942727	99.5789	2249	0.1151	1944955	99.5783	11575	0.5926	3338	28.838	1449	12.5184	6615	57.149	3275	28.2937	183339	19.5665	48507	77.3373	0.9654	071	076	Between	Human	Animal
A1071	S1031	na	NZ_CP032986.1	4677021	3763089	80.4591	3754332	99.7673	3749806	99.8794	8757	0.2327	3758526	99.8787	13841	0.3678	9278	67.0327	763	5.5126	5485	39.6286	7219	52.1566	69998	65.8962	77821	51.6275	0.9854	071	031	Between	Human	Environment
A1071	S1076	na	NZ_CP032986.1	4677021	1875042	40.0905	1865577	99.4952	1863690	99.8989	9465	0.5048	1873113	99.8971	11695	0.6237	9766	83.5058	729	6.2334	3550	30.3549	6955	59.4699	69998	54.4558	31299	100	0.9916	071	076	Between	Human	Environment
A1071	S1090	na	NZ_CP032986.1	4677021	1532489	32.7663	1518617	99.0948	1513699	99.6762	13872	0.9052	1527515	99.6754	19150	1.2496	14176	74.0261	834	4.3551	3484	18.1932	14327	74.8146	69998	7.5559	5372	100	0.9861	071	090	Between	Human	Environment
A1075	A1076	na	NZ_CP011134.1	5000386	1234713	24.6924	1231607	99.7484	1226375	99.5752	3106	0.2516	1229433	99.5724	8677	0.7028	3397	39.1495	441	5.0824	5879	67.7538	1933	22.2773	160903	31.0342	71899	74.3251	0.9729	075	076	Between	Human	Human
A1075	A1084	na	NZ_CP011134.1	5000386	534741	10.694	531838	99.4571	526941	99.0792	2903	0.5429	529785	99.0732	8731	1.6328	3775	43.2367	1014	11.6138	4275	48.9635	2948	33.7647	160903	61.6583	186482	61.1925	0.9684	075	084	Between	Human	Human
A1075	C1004	na	NZ_CP011134.1	5000386	1354386	27.0856	1352755	99.8796	1346227	99.5174	1631	0.1204	1347825	99.5156	8483	0.6263	1922	22.6571	368	4.3381	7141	84.1801	853	10.0554	160903	9.8768	34060	41.9671	0.966	075	004	Between	Human	Human
A1075	C1090	na	NZ_CP011134.1	5000386	889622	17.7911	885535	99.5406	880849	99.4708	4087	0.4594	884877	99.4666	9513	1.0693	4768	50.1209	893	9.3872	4679	49.1853	3312	34.8155	160903	55.3501	123571	88.9278	0.9779	075	090	Between	Human	Human
A1075	O1053	na	NZ_CP011134.1	5000386	918211	18.3628	915098	99.661	910181	99.4627	3113	0.339	913242	99.4588	8945	0.9742	3976	44.4494	1062	11.8726	4964	55.4947	2475	27.6691	160903	40.369	96282	69.2393	0.9726	075	053	Between	Human	Human
A1075	S1085	na	NZ_LS992166.1	4850393	789700	16.2812	786745	99.6258	781910	99.3854	2955	0.3742	784791	99.3784	8361	1.0588	3452	41.2869	599	7.1642	4911	58.737	2404	28.7525	148327	44.4909	94084	69.1223	0.9754	075	085	Between	Human	Environment
A1075	S1109	na	NZ_CP011134.1	5000386	1003661	20.0717	993695	99.007	988043	99.4312	9966	0.993	997909	99.4269	15905	1.5847	10153	63.8353	381	2.3955	6313	39.6919	8379	52.6815	160903	24.4278	41635	87.7699	0.9724	075	109	Between	Human	Environment
A1076	A1084	na	NZ_CP011134.1	5000386	1039091	20.7802	1035185	99.6241	1032314	99.7227	3906	0.3759	1036193	99.7211	6964	0.6702	4066	58.386	347	4.9828	1656	23.7794	4651	66.7863	71899	74.3251	186482	30.53	0.9684	076	084	Between	Human	Human
A1076	C1004	na	NZ_CP011134.1	5000386	4265247	85.2984	4261848	99.9203	4260162	99.9604	3399	0.0797	4263523	99.9596	5645	0.1323	3921	69.4597	757	13.4101	3447	61.0629	1299	23.0115	71899	44.0215	34060	41.9671	0.9845	076	004	Between	Human	Human
A1076	C1090	na	NZ_CP011134.1	5000386	2315187	46.3002	2309448	99.7521	2307050	99.8962	5739	0.2479	2312747	99.8946	8446	0.3648	6006	71.1106	614	7.2697	2146	25.4085	5457	64.6105	71899	59.4528	123571	35.7268	0.9765	076	090	Between	Human	Human
A1076	O1053	na	NZ_CP011134.1	5000386	2305805	46.1125	2301226	99.8014	2298270	99.8715	4579	0.1986	2302815	99.8703	7876	0.3416	4886	62.0366	581	7.3768	2310	29.3296	4781	60.7034	71899	58.8937	96282	26.1586	0.9762	076	053	Between	Human	Human
A1076	S1109	na	NZ_CP011134.1	5000386	2505335	50.1028	2486260	99.2386	2484700	99.9373	19075	0.7614	2503745	99.9365	20955	0.8364	19365	92.4123	743	3.5457	2855	13.6244	17191	82.0377	71899	59.4528	41635	87.7699	0.9917	076	109	Between	Human	Environment
A1080	A1081	na	NZ_CP053284.1	5244439	876093	16.7052	869607	99.2597	865187	99.4917	6486	0.7403	871612	99.4885	11739	1.3399	7258	61.8281	1461	12.4457	4392	37.4137	4894	41.6901	111019	94.8693	189025	54.2415	0.9799	080	081	Between	Human	Human
A1080	A1084	na	NZ_LR882052.1	4569920	274641	6.0098	274106	99.8052	272735	99.4998	535	0.1948	273263	99.4983	2224	0.8098	846	38.0396	341	15.3327	783	35.2068	1065	47.8867	94562	88.0449	101112	89.7767	0.9896	080	084	Between	Human	Human
A1080	C1038	na	NZ_CP053284.1	5244439	399025	7.6085	393314	98.5688	389309	98.9817	5711	1.4312	394963	98.982	10735	2.6903	6673	62.1612	1549	14.4294	3396	31.6348	5001	46.5859	111019	94.8693	173519	59.2592	0.9841	080	038	Between	Human	Human
A1080	C1049	na	NZ_CP053284.1	5244439	879974	16.7792	875756	99.5207	870672	99.4195	4218	0.4793	874843	99.4169	10380	1.1796	5249	50.5684	1486	14.316	4255	40.9923	4094	39.4412	111019	90.0639	256245	39.7709	0.9649	080	049	Between	Human	Human
A1080	C1075	na	NZ_CP053284.1	5244439	976604	18.6217	973170	99.6484	967125	99.3788	3434	0.3516	970522	99.3772	10681	1.0937	4599	43.0578	1637	15.3263	4849	45.3984	3767	35.2682	111019	94.8693	386679	31.6454	0.9431	080	075	Between	Human	Human
A1080	D1042	na	NZ_LR882052.1	4569920	1021171	22.3455	1018271	99.716	1016061	99.783	2900	0.284	1018937	99.7812	5416	0.5304	3182	58.7518	337	6.2223	1263	23.3198	3672	67.7991	94562	71.8206	97383	87.5985	0.9833	080	042	Between	Human	Animal
A1080	D1049	na	NZ_CP062811.1	5007575	1969215	39.3247	1960562	99.5606	1942019	99.0542	8653	0.4394	1950573	99.0533	27726	1.408	9084	32.7635	698	2.5175	1339	4.8294	25491	91.939	204794	67.6724	157584	64.2883	0.9657	080	049	Between	Human	Animal
A1080	D1058	na	NZ_LR882052.1	4569920	842887	18.4442	840953	99.7706	839226	99.7946	1934	0.2294	841139	99.7926	3806	0.4515	2058	54.0725	167	4.3878	1507	39.5954	1971	51.7867	94562	82.5332	80518	86.0292	0.9875	080	058	Between	Human	Animal
A1080	O1005	na	NZ_LR882052.1	4569920	878961	19.2336	877823	99.8705	876452	99.8438	1138	0.1295	877582	99.8431	2633	0.2996	1254	47.6263	137	5.2032	1693	64.2993	667	25.3323	94562	37.3839	34405	100	0.9827	080	005	Between	Human	Human
A1080	O1011	na	NZ_CP053284.1	5244439	499755	9.5292	496328	99.3143	492164	99.161	3427	0.6857	495545	99.1576	8292	1.6592	4082	49.2282	1005	12.1201	4149	50.0362	2647	31.9223	111019	80.4016	116849	75.1654	0.9899	080	011	Between	Human	Human
A1080	O1021	na	NZ_CP053284.1	5244439	864083	16.4762	853719	98.8006	850207	99.5886	10364	1.1994	860481	99.5831	15115	1.7493	11513	76.1694	1983	13.1194	3633	24.0357	8511	56.3083	111019	94.8693	137001	61.6777	0.9844	080	021	Between	Human	Human
A1080	O1034	na	NZ_CP053284.1	5244439	725123	13.8265	720310	99.3363	715299	99.3043	4813	0.6637	720050	99.3004	10832	1.4938	5759	53.1665	1484	13.7001	4265	39.3741	4272	39.4387	111019	90.0639	228890	43.5991	0.9655	080	034	Between	Human	Human
A1080	O1045	na	NZ_CP053284.1	5244439	663153	12.6449	661431	99.7403	657853	99.4591	1722	0.2597	659556	99.4576	6268	0.9452	2671	42.6133	1017	16.2253	1379	22.0006	3623	57.8015	111019	94.8693	306093	40.8209	0.9592	080	045	Between	Human	Human
A1080	O1064	na	NZ_LR882052.1	4569920	856076	18.7328	854491	99.8149	853335	99.8647	1585	0.1851	854914	99.8643	2840	0.3317	1678	59.0845	116	4.0845	1134	39.9296	1464	51.5493	94562	49.6711	67515	69.0558	0.9784	080	064	Between	Human	Human
A1080	O1069	na	NZ_LR882052.1	4569920	119083	2.6058	118795	99.7582	118455	99.7138	288	0.2418	118740	99.712	699	0.587	356	50.9299	82	11.731	246	35.1931	351	50.2146	94562	94.4883	108010	89.376	0.9906	080	069	Between	Human	Human
A1080	P2051	na	NZ_LR882052.1	4569920	367732	8.0468	367209	99.8578	365867	99.6345	523	0.1422	366379	99.6321	2157	0.5866	804	37.274	296	13.7228	880	40.7974	924	42.8373	94562	100	186903	70.0326	0.9786	080	051	Between	Human	Animal
A1081	C1038	na	NZ_CP053284.1	5244439	547666	10.4428	540689	98.726	536821	99.2846	6977	1.274	543727	99.2808	11833	2.1606	7894	66.7117	1862	15.7357	3876	32.7559	5089	43.0068	189025	65.495	173519	66.8993	0.9718	081	038	Between	Human	Human
A1081	C1049	na	NZ_CP053284.1	5244439	3056882	58.2881	3046882	99.6729	3044268	99.9142	10000	0.3271	3054226	99.9131	15156	0.4958	12500	82.4756	3311	21.8461	6523	43.0391	3912	25.8116	189025	94.1706	256245	72.6945	0.9768	081	049	Between	Human	Human
A1081	C1075	na	NZ_CP053284.1	5244439	3249515	61.9612	3240996	99.7378	3239654	99.9586	8519	0.2622	3248162	99.9584	13580	0.4179	12227	90.0368	4462	32.8571	5779	42.5552	1811	13.3358	189025	100	386679	52.9082	0.9565	081	075	Between	Human	Human
A1081	D1057	na	NZ_CP067232.1	4622610	2732338	59.1081	2726618	99.7907	2724468	99.9211	5720	0.2093	2730130	99.9192	10031	0.3671	7823	77.9882	2278	22.7096	3648	36.3673	3410	33.9946	20808	100	22729	100	0.9996	081	057	Between	Human	Animal
A1081	O1011	na	NZ_CP053284.1	5244439	1118842	21.3339	1112867	99.466	1110707	99.8059	5975	0.534	1116635	99.8027	9410	0.841	7203	76.5462	1702	18.0871	4385	46.5994	2681	28.491	189025	60.4195	116849	95.6816	0.9815	081	011	Between	Human	Human
A1081	O1021	na	NZ_CP053284.1	5244439	2737196	52.1924	2713703	99.1417	2706960	99.7515	23493	0.8583	2730365	99.7504	31388	1.1467	24557	78.2369	2298	7.3213	7310	23.2892	20572	65.541	189025	54.2415	137001	61.6777	0.9672	081	021	Between	Human	Human
A1081	O1034	na	NZ_CP053284.1	5244439	2342686	44.6699	2333457	99.6061	2330660	99.8801	9229	0.3939	2339834	99.8783	14410	0.6151	11558	80.2082	3394	23.5531	6015	41.7418	3882	26.9396	189025	94.1706	228890	76.3292	0.9774	081	034	Between	Human	Human
A1081	O1045	na	NZ_CP053284.1	5244439	2743062	52.3042	2735898	99.7388	2728692	99.7366	7164	0.2612	2735809	99.7356	15777	0.5752	8524	54.028	1578	10.0019	4421	28.0218	9087	57.5965	189025	80.2492	306093	50.4507	0.9537	081	045	Between	Human	Human
A1081	P1066	na	NZ_CP067232.1	4622610	2089067	45.1924	2084337	99.7736	2080307	99.8067	4730	0.2264	2084990	99.8048	10325	0.4942	6248	60.5133	1825	17.6755	3499	33.8886	4309	41.7337	20808	100	30825	51.8281	0.9952	081	066	Between	Human	Animal
A1081	P1076	na	NZ_CP067232.1	4622610	2461803	53.2557	2456808	99.7971	2455328	99.9398	4995	0.2029	2460306	99.9392	8690	0.353	7193	82.7733	2630	30.2647	2851	32.8078	2613	30.069	20808	100	91239	24.8983	0.9847	081	076	Between	Human	Animal
A1081	P1110	na	NZ_CP067232.1	4622610	2623493	56.7535	2619140	99.8341	2612166	99.7337	4353	0.1659	2616490	99.7331	13355	0.5091	6352	47.5627	2243	16.7952	4243	31.7709	6368	47.6825	20808	100	71734	29.0225	0.9889	081	110	Between	Human	Animal
A1081	P2005	na	NZ_CP067232.1	4622610	3257977	70.4792	3245952	99.6309	3244344	99.9505	12025	0.3691	3256335	99.9496	16581	0.5089	14939	90.0971	3703	22.3328	3281	19.7877	8390	50.6001	20808	100	48626	39.1766	0.9925	081	005	Between	Human	Animal
A1081	S1083	na	NZ_CP067232.1	4622610	2216297	47.9447	2206880	99.5751	2203590	99.8509	9417	0.4249	2212937	99.8484	13810	0.6231	10450	75.6698	1526	11.05	3879	28.0883	7371	53.3744	20808	100	18097	100	0.9994	081	083	Between	Human	Environment
A1083	C1034	na	NZ_CP045206.1	4944436	3650811	73.8368	3647997	99.9229	3616207	99.1286	2814	0.0771	3618965	99.1277	36144	0.99	4298	11.8913	1700	4.7034	2686	7.4314	31457	87.0324	123089	49.058	225916	15.2402	0.941	083	034	Between	Human	Human
A1083	C1076	na	NZ_CP045206.1	4944436	3754938	75.9427	3752413	99.9328	3747146	99.8596	2525	0.0672	3749649	99.8591	9722	0.2589	4433	45.5976	2117	21.7754	4255	43.7667	2895	29.7778	123089	53.9114	138083	48.5541	0.9735	083	076	Between	Human	Human
A1083	C1083	na	NZ_CP045206.1	4944436	4228117	85.5126	4222775	99.8737	4222081	99.9836	5342	0.1263	4227413	99.9833	11470	0.2713	10766	93.8622	6174	53.8274	1009	8.7969	3092	26.9573	123089	94.9955	110296	100	0.9967	083	083	Within	Human	Human
A1083	O1020	na	NZ_CP045206.1	4944436	4283016	86.6229	4278721	99.8997	4275933	99.9348	4295	0.1003	4280211	99.9345	12461	0.2909	9656	77.4898	6021	48.3188	1901	15.2556	4008	32.1644	123089	88.302	108472	86.4656	0.9899	083	020	Between	Human	Human
A1083	P1111	na	NZ_CP045206.1	4944436	2560087	51.7771	2555548	99.8227	2551888	99.8568	4539	0.1773	2556398	99.8559	9291	0.3629	5602	60.2949	1177	12.6682	2116	22.7747	5699	61.3389	123089	53.9114	145220	46.1169	0.9715	083	111	Between	Human	Animal
A1084	A1092	na	NZ_CP075627.1	4966561	2374423	47.8082	2371059	99.8583	2361176	99.5832	3364	0.1417	2364497	99.582	15017	0.6324	5091	33.9016	1890	12.5857	4268	28.4211	8474	56.4294	166593	64.2902	118288	79.1298	0.9798	084	092	Between	Human	Human
A1084	C1004	na	NZ_CP011134.1	5000386	1125300	22.5043	1122470	99.7485	1118203	99.6199	2830	0.2515	1120986	99.6166	7356	0.6537	3042	41.354	344	4.6765	5978	81.267	884	12.0174	186482	24.5686	34060	59.222	0.9638	084	004	Between	Human	Human
A1084	C1090	na	NZ_CP011134.1	5000386	756662	15.1321	751834	99.3619	748757	99.5907	4828	0.6381	753534	99.5866	8368	1.1059	5240	62.6195	745	8.903	3469	41.4555	3572	42.6864	186482	57.2356	123571	81.4924	0.9774	084	090	Between	Human	Human
A1084	D1042	na	NZ_LR882052.1	4569920	551268	12.063	548769	99.5467	546157	99.524	2499	0.4533	548640	99.5233	5612	1.018	2984	53.1718	569	10.139	2160	38.489	2763	49.2338	101112	76.0652	97383	79.1935	0.9869	084	042	Between	Human	Animal
A1084	D1058	na	NZ_LR882052.1	4569920	466390	10.2056	464605	99.6173	462364	99.5177	1785	0.3827	464140	99.5176	4257	0.9128	2007	47.1459	333	7.8224	2235	52.5018	1497	35.1656	101112	78.5357	80518	86.0292	0.9885	084	058	Between	Human	Animal
A1084	O1004	na	NZ_CP075627.1	4966561	2577500	51.8971	2569093	99.6738	2563016	99.7635	8407	0.3262	2571364	99.7619	15681	0.6084	9545	60.8698	1587	10.1205	6181	39.4171	7117	45.3861	166593	66.1835	224202	71.3201	0.9648	084	004	Between	Human	Human
A1084	O1005	na	NZ_LR882052.1	4569920	493739	10.8041	492456	99.7401	490373	99.577	1283	0.2599	491649	99.5767	3530	0.715	1440	40.7932	185	5.2408	2352	66.6289	838	23.7394	101112	39.9448	34405	100	0.9834	084	005	Between	Human	Human
A1084	O1030	na	NZ_CP075627.1	4966561	3005725	60.5192	3002892	99.9057	2991644	99.6254	2833	0.0943	2994439	99.6245	15903	0.5291	4617	29.0323	1997	12.5574	6769	42.5643	6803	42.7781	166593	78.6762	279837	66.597	0.9606	084	030	Between	Human	Human
A1084	O1053	na	NZ_CP011134.1	5000386	778007	15.5589	774160	99.5055	770483	99.525	3847	0.4945	774292	99.5225	8100	1.0411	4385	54.1358	838	10.3457	4186	51.679	2750	33.9506	186482	51.1706	96282	69.1313	0.9695	084	053	Between	Human	Human
A1084	O1064	na	NZ_LR882052.1	4569920	495545	10.8436	493788	99.6454	491866	99.6108	1757	0.3546	493612	99.6099	3844	0.7757	1911	49.7138	218	5.6712	2072	53.9022	1432	37.2529	101112	51.3342	67515	69.0558	0.9814	084	064	Between	Human	Human
A1084	O1069	na	NZ_LR882052.1	4569920	75254	1.6467	74891	99.5176	74563	99.562	363	0.4824	74923	99.5602	769	1.0219	438	56.9571	90	11.7035	319	41.4824	331	43.0429	101112	83.8526	108010	78.5612	0.9892	084	069	Between	Human	Human
A1084	P1030	na	NZ_CP075627.1	4966561	2544216	51.2269	2541300	99.8854	2534677	99.7394	2916	0.1146	2537549	99.738	10523	0.4136	3856	36.6435	1132	10.7574	7012	66.635	2165	20.574	166593	62.8466	190607	60.0786	0.9654	084	030	Between	Human	Animal
A1084	P2051	na	NZ_LR882052.1	4569920	218538	4.7821	218136	99.8161	216577	99.2853	402	0.1839	216975	99.2848	2270	1.0387	707	31.1454	331	14.5815	990	43.6123	935	41.1894	101112	100	186903	59.877	0.9773	084	051	Between	Human	Animal
A1084	S1055	na	NZ_CP075627.1	4966561	2391924	48.1606	2353409	98.3898	2347785	99.761	38515	1.6102	2386167	99.7593	44725	1.8698	38968	87.128	1045	2.3365	6142	13.7328	36004	80.5008	166593	64.355	205677	57.7328	0.9657	084	055	Between	Human	Environment
A1084	S1109	na	NZ_CP011134.1	5000386	847443	16.9476	839021	99.0062	835160	99.5398	8422	0.9938	843524	99.5376	12499	1.4749	8580	68.6455	532	4.2563	5356	42.8514	6238	49.908	186482	29.598	41635	100	0.9699	084	109	Between	Human	Environment
A1084	W1064	na	NZ_CP075627.1	4966561	3050181	61.4143	3047230	99.9033	3046621	99.98	2951	0.0967	3049567	99.9799	10642	0.3489	10028	94.2304	7576	71.1896	1577	14.8186	1039	9.7632	166593	83.815	210531	85.614	0.9793	084	064	Between	Human	Environment
A1085	C1038	na	NZ_CP022279.1	4907118	3468154	70.676	3464255	99.8876	3461862	99.9309	3899	0.1124	3465747	99.9306	17908	0.5164	15501	86.5591	11836	66.0934	2086	11.6484	2965	16.5568	327116	62.4879	146224	96.4643	0.9547	085	038	Between	Human	Human
A1085	C2068	na	NZ_CP022279.1	4907118	3916073	79.8039	3914382	99.9568	3912674	99.9564	1691	0.0432	3914354	99.9561	17407	0.4445	15688	90.1247	14210	81.6338	1483	8.5196	1113	6.394	327116	78.1026	258077	82.9989	0.9623	085	068	Between	Human	Human
A1085	O1021	na	NZ_CP022279.1	4907118	2546924	51.9026	2538928	99.6861	2537186	99.9314	7996	0.3139	2545172	99.9312	16703	0.6558	14951	89.5109	7077	42.3696	1239	7.4178	7881	47.1831	327116	69.4668	207883	75.389	0.9461	085	021	Between	Human	Human
A1085	O1042	na	NZ_CP022279.1	4907118	3777433	76.9786	3774783	99.9298	3772480	99.939	2650	0.0702	3775114	99.9386	17760	0.4702	15441	86.9426	13216	74.4144	1926	10.8446	1771	9.9718	327116	72.3627	221091	79.7065	0.9552	085	042	Between	Human	Human
A1085	O1045	na	NZ_CP022279.1	4907118	3875406	78.9752	3871310	99.8943	3868392	99.9246	4096	0.1057	3872470	99.9242	20148	0.5199	17212	85.4278	13477	66.89	2183	10.8348	3192	15.8428	327116	66.8885	214883	86.9361	0.9585	085	045	Between	Human	Human
A1085	O1060	na	NZ_CP022279.1	4907118	4022431	81.9714	4020730	99.9577	4019496	99.9693	1701	0.0423	4021190	99.9691	20290	0.5044	19049	93.8837	18119	89.3001	1115	5.4953	736	3.6274	327116	85.1212	288141	88.3272	0.9715	085	060	Between	Human	Human
A1090	C1030	na	NZ_CP022959.1	4746918	2136073	44.9992	2133230	99.8669	2125441	99.6349	2843	0.1331	2128259	99.6342	11601	0.5431	3787	32.6437	983	8.4734	2686	23.1532	7634	65.8047	173347	73.0246	224038	43.6038	0.9563	090	030	Between	Human	Human
A1092	A1098	na	NZ_LR134231.1	4594692	1210688	26.3497	1205263	99.5519	1200786	99.6285	5425	0.4481	1206167	99.6266	10803	0.8923	6282	58.1505	1004	9.2937	3416	31.6208	6074	56.2251	61818	76.756	61832	78.4545	0.9921	092	098	Between	Human	Human
A1092	C1009	na	NZ_LR134231.1	4594692	2948569	64.1734	2942436	99.792	2937945	99.8474	6133	0.208	2944046	99.8466	11758	0.3988	7235	61.5326	1245	10.5885	2986	25.3955	7220	61.405	61818	71.5018	53202	88.7147	0.994	092	009	Between	Human	Human
A1092	C1011	na	NZ_CP049852.1	4993321	3412412	68.3395	3399393	99.6185	3399217	99.9948	13019	0.3815	3412235	99.9948	13258	0.3885	13081	98.665	646	4.8725	6179	46.6058	6449	48.6423	82730	0	0	0	0.9834	092	011	Between	Human	Human
A1092	C1033	na	NZ_LR134231.1	4594692	3235721	70.423	3232651	99.9051	3227839	99.8511	3070	0.0949	3230871	99.8501	8603	0.2659	3753	43.6243	791	9.1945	4442	51.6332	3203	37.2312	61818	90.1356	75077	87.1119	0.9942	092	033	Between	Human	Human
A1092	C1038	na	NZ_LR134231.1	4594692	816831	17.7777	812194	99.4323	809276	99.6407	4637	0.5677	813872	99.6377	7985	0.9776	5026	62.943	607	7.6018	3272	40.9768	3334	41.7533	61818	48.2578	39077	61.9828	0.9885	092	038	Between	Human	Human
A1092	C1092	na	NZ_CP049852.1	4993321	3185394	63.7931	3170258	99.5248	3170078	99.9943	15136	0.4752	3185214	99.9943	15422	0.4841	15242	98.8328	521	3.3783	5809	37.667	9109	59.065	82730	84.7685	58403	81.715	0.9907	092	092	Within	Human	Human
A1092	D1060	na	NZ_LR134231.1	4594692	3095478	67.3707	3087262	99.7346	3083269	99.8707	8216	0.2654	3091444	99.8697	12967	0.4189	8933	68.8903	938	7.2337	4476	34.5184	6981	53.8367	61818	68.3199	42940	86.6442	0.992	092	060	Between	Human	Animal
A1092	O1004	na	NZ_CP075627.1	4966561	2241054	45.1229	2233539	99.6647	2225758	99.6516	7515	0.3353	2233205	99.6498	16338	0.729	8489	51.9586	1346	8.2385	8816	53.9601	5316	32.5376	118288	43.3755	224202	45.4479	0.9511	092	004	Between	Human	Human
A1092	O1004	na	NZ_LR134231.1	4594692	2772102	60.3327	2765934	99.7775	2760660	99.8093	6168	0.2225	2766775	99.8078	12442	0.4488	7115	57.1853	1181	9.492	4155	33.395	6566	52.7729	61818	77.3561	46667	100	0.9953	092	004	Between	Human	Human
A1092	O1030	na	NZ_CP075627.1	4966561	2477116	49.8759	2474021	99.8751	2462661	99.5408	3095	0.1249	2465721	99.54	16608	0.6705	5213	31.3885	2231	13.4333	9045	54.4617	5029	30.2806	118288	73.1807	279837	44.0942	0.9535	092	030	Between	Human	Human
A1092	O1038	na	NZ_LR134231.1	4594692	3696856	80.4593	3695089	99.9522	3689187	99.8403	1767	0.0478	3690932	99.8398	9114	0.2465	3190	35.0011	1483	16.2717	4347	47.6959	3100	34.0136	61818	79.671	118258	48.757	0.9819	092	038	Between	Human	Human
A1092	O1108	na	NZ_LR134231.1	4594692	1183712	25.7626	1181655	99.8262	1177961	99.6874	2057	0.1738	1180003	99.6867	6754	0.5706	3045	45.0844	1064	15.7536	3148	46.6094	2312	34.2316	61818	87.2206	88781	66.8195	0.9897	092	108	Between	Human	Human
A1092	P1004	na	NZ_LR134231.1	4594692	1939687	42.2158	1937652	99.8951	1933465	99.7839	2035	0.1049	1935483	99.7833	6743	0.3476	2539	37.6539	546	8.0973	4641	68.8269	1394	20.6733	61818	77.3561	67840	75.0029	0.9924	092	004	Between	Human	Animal
A1092	P1005	na	NZ_LR134231.1	4594692	1799977	39.1751	1792450	99.5818	1789799	99.8521	7527	0.4182	1797289	99.8507	10856	0.6031	8168	75.2395	893	8.2259	3073	28.3069	6220	57.2955	61818	66.8915	32957	100	0.9936	092	005	Between	Human	Animal
A1092	P1020	na	NZ_LR134231.1	4594692	3513142	76.4609	3510823	99.934	3499002	99.6633	2319	0.066	3501298	99.6629	15767	0.4488	3923	24.8811	1668	10.5791	3882	24.621	9969	63.227	61818	71.5018	88599	54.3121	0.9863	092	020	Between	Human	Animal
A1092	P1021	na	NZ_LR134231.1	4594692	2469162	53.7394	2462517	99.7309	2459075	99.8602	6645	0.2691	2465671	99.8586	10657	0.4316	7166	67.2422	844	7.9197	3865	36.2672	4648	43.6145	61818	77.3561	57519	87.3311	0.9945	092	021	Between	Human	Animal
A1092	P1030	na	NZ_CP075627.1	4966561	2090402	42.0895	2087501	99.8612	2079254	99.6049	2901	0.1388	2082123	99.604	12103	0.579	3824	31.5955	1042	8.6094	9117	75.3284	1722	14.2279	118288	43.3755	190607	48.0465	0.958	092	030	Between	Human	Animal
A1092	P1038	na	NZ_LR134231.1	4594692	1787165	38.8963	1784124	99.8298	1780668	99.8063	3041	0.1702	1783670	99.8044	7192	0.4024	3697	51.4043	798	11.0957	3285	45.6758	2697	37.5	61818	77.3561	42619	100	0.9942	092	038	Between	Human	Animal
A1092	P1055	na	NZ_LR134231.1	4594692	1180649	25.6959	1178470	99.8154	1175137	99.7172	2179	0.1846	1177284	99.715	6131	0.5193	2766	45.115	707	11.5316	3588	58.5223	1539	25.1019	61818	77.3561	47164	100	0.9952	092	055	Between	Human	Animal
A1092	P1084	na	NZ_LR134231.1	4594692	2356666	51.2911	2354836	99.9223	2352241	99.8898	1830	0.0777	2354054	99.8892	4987	0.2116	2375	47.6238	607	12.1716	2661	53.3587	1603	32.1436	61818	79.671	116509	56.0686	0.9823	092	084	Between	Human	Animal
A1092	P1090	na	NZ_LR134231.1	4594692	3743793	81.4808	3741952	99.9508	3736516	99.8547	1841	0.0492	3738332	99.8541	8671	0.2316	3210	37.02	1432	16.5148	4812	55.4953	2311	26.6521	61818	90.1356	92755	60.7256	0.9886	092	090	Between	Human	Animal
A1092	P2066	na	NZ_LR134231.1	4594692	2413431	52.5265	2411142	99.9052	2407487	99.8484	2289	0.0948	2409739	99.847	6729	0.2788	3037	45.133	828	12.3049	3171	47.1244	2445	36.3353	61818	66.8915	53230	77.2515	0.9927	092	066	Between	Human	Animal
A1092	P3031	na	NZ_LR134231.1	4594692	338542	7.3681	336519	99.4024	334253	99.3266	2023	0.5976	336249	99.3227	5065	1.4961	2772	54.7285	871	17.1964	2021	39.9013	1835	36.229	61818	70.6348	65131	73.2754	0.9913	092	031	Between	Human	Animal
A1092	P3092	na	NZ_LR134231.1	4594692	2432145	52.9338	2420786	99.533	2417688	99.872	11359	0.467	2428998	99.8706	14927	0.6137	11780	78.9174	734	4.9173	3987	26.71	9097	60.9433	61818	66.8915	41192	100	0.9954	092	092	Within	Human	Animal
A1092	S1019	na	NZ_LR134231.1	4594692	1773500	38.5989	1771243	99.8727	1767857	99.8088	2257	0.1273	1770097	99.8081	6259	0.3529	2856	45.6303	683	10.9123	3217	51.398	2161	34.5263	61818	70.6348	65915	72.8104	0.9911	092	019	Between	Human	Environment
A1092	S1030	na	NZ_LR134231.1	4594692	2640059	57.4589	2636682	99.8721	2632180	99.8293	3377	0.1279	2635517	99.828	9138	0.3461	4596	50.2955	1352	14.7954	3419	37.4152	3963	43.3684	61818	90.1356	67621	86.1951	0.9958	092	030	Between	Human	Environment
A1092	S1055	na	NZ_CP075627.1	4966561	1952235	39.3076	1918979	98.2965	1912121	99.6426	33256	1.7035	1945247	99.6421	40848	2.0924	33860	82.8927	1135	2.7786	8160	19.9765	29939	73.2937	118288	65.4733	205677	52.8965	0.9627	092	055	Between	Human	Environment
A1092	W1064	na	NZ_CP075627.1	4966561	2485032	50.0353	2481913	99.8745	2470528	99.5413	3119	0.1255	2473602	99.54	16549	0.6659	5119	30.9324	2119	12.8044	8926	53.9368	5138	31.0472	118288	79.1298	210531	72.7256	0.9708	092	064	Between	Human	Environment
A1092	W1110	na	NZ_LR134231.1	4594692	3762463	81.8872	3760531	99.9487	3755082	99.8551	1932	0.0513	3756981	99.8543	8745	0.2324	3263	37.3128	1392	15.9177	4877	55.769	2348	26.8496	61818	68.5868	82294	61.0883	0.9863	092	110	Between	Human	Environment
A1093	A1098	na	NZ_CP060061.1	5326222	686418	12.8875	679869	99.0459	669682	98.5016	6549	0.9541	676133	98.5016	17502	2.5498	7217	41.2353	1054	6.0222	3655	20.8833	12007	68.6036	186577	47.0278	185971	49.7443	0.9599	093	098	Between	Human	Human
A1093	A1119	na	NZ_CP060061.1	5326222	1218746	22.882	1210973	99.3622	1206477	99.6287	7773	0.6378	1214224	99.629	13067	1.0722	8545	65.3937	1151	8.8084	6261	47.9146	5137	39.3128	186577	58.9081	193301	71.7596	0.9689	093	119	Between	Human	Human
A1093	C1019	na	NZ_CP098201.1	5160718	4243044	82.2181	4237789	99.8762	4236956	99.9803	5255	0.1238	4242200	99.9801	8145	0.192	7301	89.6378	2423	29.7483	2796	34.3278	2644	32.4616	111487	82.6706	114623	79.0758	0.9908	093	019	Between	Human	Human
A1093	C1058	na	NZ_CP098201.1	5160718	4100173	79.4497	4084280	99.6124	4079657	99.8868	15893	0.3876	4095480	99.8855	20971	0.5115	16278	77.6215	616	2.9374	4263	20.3281	15919	75.9096	111487	28.9648	85528	40.7001	0.9742	093	058	Between	Human	Human
A1093	C1080	na	NZ_CP025849.1	4818782	315821	6.554	315084	99.7666	311976	99.0136	737	0.2334	312690	99.0086	4355	1.3789	1224	28.1056	527	12.101	2264	51.9862	1465	33.6395	147536	60.4802	142267	63.8391	0.9751	093	080	Between	Human	Human
A1093	C1093	na	NZ_CP060061.1	5326222	3109449	58.38	3097464	99.6146	3097112	99.9886	11985	0.3854	3109093	99.9886	14832	0.477	14476	97.5998	2896	19.5254	11280	76.0518	350	2.3598	186577	71.9279	270928	60.6161	0.9611	093	093	Within	Human	Human
A1093	C2068	na	NZ_CP060061.1	5326222	2065162	38.7735	2055741	99.5438	2039466	99.2083	9421	0.4562	2048820	99.2087	26283	1.2727	9941	37.8229	685	2.6062	6170	23.4753	17531	66.7009	186577	76.906	419015	29.949	0.9288	093	068	Between	Human	Human
A1093	D1021	na	NZ_CP025849.1	4818782	2144220	44.4971	2142361	99.9133	2126456	99.2576	1859	0.0867	2128295	99.2573	18030	0.8409	2105	11.675	303	1.6805	16615	92.152	982	5.4465	147536	35.6042	65578	79.975	0.9769	093	021	Between	Human	Animal
A1093	D1093	na	NZ_CP025849.1	4818782	1965770	40.7939	1958950	99.6531	1945227	99.2995	6820	0.3469	1951981	99.2985	21065	1.0716	7276	34.5407	698	3.3136	13906	66.0147	4620	21.9321	147536	33.7701	51339	74.8398	0.9745	093	093	Within	Human	Animal
A1093	O1011	na	NZ_CP060061.1	5326222	1483712	27.8567	1475055	99.4165	1473454	99.8915	8657	0.5835	1482077	99.8898	10902	0.7348	9267	85.0028	1000	9.1726	7311	67.0611	2255	20.6843	186577	49.4648	141390	62.7604	0.9705	093	011	Between	Human	Human
A1093	O1092	na	NZ_CP060061.1	5326222	3062226	57.4934	3049585	99.5872	3047875	99.9439	12641	0.4128	3060496	99.9435	15660	0.5114	13930	88.9527	1593	10.1724	11974	76.4623	1791	11.4368	186577	70.6352	293475	57.1684	0.9547	093	092	Between	Human	Human
A1093	O1108	na	NZ_CP060061.1	5326222	649524	12.1948	644649	99.2495	638589	99.06	4875	0.7505	643399	99.057	11551	1.7784	5426	46.9743	769	6.6574	3685	31.902	6288	54.4368	186577	8.7251	134494	13.5932	0.9457	093	108	Between	Human	Human
A1093	O1109	na	NZ_CP098201.1	5160718	3413809	66.1499	3402228	99.6608	3399557	99.9215	11581	0.3392	3411115	99.9211	15166	0.4443	12472	82.2366	1248	8.2289	3514	23.1702	10045	66.2337	111487	35.7252	74599	53.6455	0.9792	093	109	Between	Human	Human
A1093	P3066	na	NZ_CP025849.1	4818782	2054956	42.6447	2051982	99.8553	2036568	99.2488	2974	0.1447	2039478	99.2468	19155	0.9321	3677	19.196	817	4.2652	14724	76.8677	3133	16.356	147536	67.9163	123507	72.14	0.9803	093	066	Between	Human	Animal
A1093	S1024	na	NZ_CP025849.1	4818782	328894	6.8253	327092	99.4521	324011	99.0581	1802	0.5479	325781	99.0535	5399	1.6416	2286	42.3412	575	10.6501	2991	55.3991	1583	29.3202	147536	20.4757	30447	100	0.9754	093	024	Between	Human	Environment
A1093	W1019	na	NZ_CP098201.1	5160718	3927376	76.1013	3917170	99.7401	3916374	99.9797	10206	0.2599	3926569	99.9795	13039	0.332	12232	93.8109	2328	17.8541	3009	23.0769	7448	57.1209	111487	63.7716	78836	88.589	0.9897	093	019	Between	Human	Environment
A1098	A1109	na	NZ_AP022261.1	4907327	2951128	60.1372	2882005	97.6577	2875591	99.7774	69123	2.3423	2944615	99.7793	75924	2.5727	69411	91.4217	1315	1.732	65721	86.5616	7863	10.3564	33059	0	24259	0	0.9883	098	109	Between	Human	Human
A1098	A1119	na	NZ_CP060061.1	5326222	705153	13.2393	698999	99.1273	686468	98.2073	6154	0.8727	692532	98.2102	19945	2.8285	7324	36.721	1428	7.1597	14326	71.8275	3551	17.804	185971	47.9338	193301	53.5046	0.9595	098	119	Between	Human	Human
A1098	C1009	na	NZ_LR134231.1	4594692	1006135	21.8978	1000549	99.4448	996497	99.595	5586	0.5552	1002042	99.5932	10179	1.0117	6086	59.7898	621	6.1008	5218	51.2624	4144	40.7113	61832	50.042	53202	56.0768	0.9878	098	009	Between	Human	Human
A1098	C1033	na	NZ_AP022261.1	4907327	2880602	58.7	2817487	97.809	2812091	99.8085	63115	2.191	2875119	99.8097	68963	2.394	63480	92.0494	620	0.899	65117	94.4231	2644	3.8339	33059	100	112521	27.0803	0.9826	098	033	Between	Human	Human
A1098	C1033	na	NZ_LR134231.1	4594692	1153558	25.1063	1148456	99.5577	1144651	99.6687	5102	0.4423	1149696	99.6652	9285	0.8049	5423	58.406	436	4.6957	6497	69.9731	2208	23.7803	61832	68.7055	75077	54.9116	0.988	098	033	Between	Human	Human
A1098	C1038	na	NZ_LR134231.1	4594692	505260	10.9966	500406	99.0393	497774	99.474	4854	0.9607	502578	99.4692	7756	1.5351	5074	65.4203	416	5.3636	4241	54.6802	2707	34.902	61832	71.5875	39077	100	0.9935	098	038	Between	Human	Human
A1098	C1093	na	NZ_CP060061.1	5326222	843434	15.8355	838841	99.4554	825772	98.442	4593	0.5446	830306	98.4435	18567	2.2014	5439	29.2939	1018	5.4828	15705	84.5856	1587	8.5474	185971	53.9396	270928	46.9173	0.9476	098	093	Between	Human	Human
A1098	C1108	na	NZ_AP022261.1	4907327	2484062	50.6195	2420207	97.4294	2417377	99.8831	63855	2.5706	2481217	99.8855	66900	2.6932	64055	95.7474	1873	2.7997	54132	80.9148	11121	16.6233	33059	0	16742	0	0.9899	098	108	Between	Human	Human
A1098	C1109	na	NZ_AP022261.1	4907327	2821761	57.501	2758663	97.7639	2753102	99.7984	63098	2.2361	2816108	99.7997	68970	2.4442	63317	91.8037	687	0.9961	63050	91.4166	4138	5.9997	33059	0	63644	0	0.9803	098	109	Between	Human	Human
A1098	C2068	na	NZ_CP060061.1	5326222	418770	7.8624	415825	99.2968	406175	97.6793	2945	0.7032	409068	97.6832	13547	3.2349	3845	28.3827	1014	7.4851	8292	61.2091	4067	30.0214	185971	100	419015	42.6429	0.9385	098	068	Between	Human	Human
A1098	D1060	na	NZ_CP041359.1	5320024	3446604	64.7855	3407829	98.875	3403525	99.8737	38775	1.125	3442245	99.8735	43615	1.2654	39256	90.0057	1180	2.7055	35165	80.6259	6677	15.309	87530	24.2922	112901	27.7571	0.9702	098	060	Between	Human	Animal
A1098	D1060	na	NZ_LR134231.1	4594692	1127836	24.5465	1120411	99.3417	1117624	99.7513	7425	0.6583	1125009	99.7493	10655	0.9447	7828	73.4679	632	5.9315	5939	55.7391	3644	34.1999	61832	70.3729	42940	78.123	0.9917	098	060	Between	Human	Animal
A1098	O1004	na	NZ_LR134231.1	4594692	1029181	22.3993	1022618	99.3623	1018414	99.5889	6563	0.6377	1024918	99.5858	11291	1.0971	7028	62.2443	677	5.9959	5526	48.9416	4616	40.8821	61832	68.7055	46667	79.793	0.9924	098	004	Between	Human	Human
A1098	O1011	na	NZ_CP060061.1	5326222	618904	11.6199	613022	99.0496	600945	98.0299	5882	0.9504	606747	98.0357	18444	2.9801	6287	34.087	760	4.1206	14821	80.3568	2372	12.8606	185971	58.3354	141390	54.0745	0.9668	098	011	Between	Human	Human
A1098	O1038	na	NZ_LR134231.1	4594692	1277068	27.7944	1272273	99.6245	1266216	99.5239	4795	0.3755	1270960	99.5217	11475	0.8985	5367	46.7712	625	5.4466	7506	65.4118	3194	27.8344	61832	90.251	118258	55.1354	0.9835	098	038	Between	Human	Human
A1098	O1049	na	NZ_CP041359.1	5320024	3522306	66.2085	3485392	98.952	3482490	99.9167	36914	1.048	3519378	99.9169	40246	1.1426	37318	92.7247	671	1.6672	35759	88.8511	3404	8.458	87530	58.9912	135836	34.4857	0.9732	098	049	Between	Human	Human
A1098	O1090	na	NZ_AP022261.1	4907327	2942346	59.9582	2872262	97.6181	2866823	99.8106	70084	2.3819	2936837	99.8128	75891	2.5793	70382	92.7409	1768	2.3297	65033	85.6926	8858	11.672	33059	0	8010	0	0.9916	098	090	Between	Human	Human
A1098	O1092	na	NZ_CP060061.1	5326222	819363	15.3836	814115	99.3595	801099	98.4012	5248	0.6405	806277	98.4029	18966	2.3147	5880	31.0028	930	4.9035	15601	82.2577	2061	10.8668	185971	53.3051	293475	45.7426	0.944	098	092	Between	Human	Human
A1098	O1108	na	NZ_CP060061.1	5326222	777424	14.5962	771151	99.1931	767156	99.4819	6273	0.8069	773394	99.4816	14378	1.8494	10348	71.9711	4697	32.668	6079	42.2799	2569	17.8676	185971	49.4287	134494	71.8657	0.9709	098	108	Between	Human	Human
A1098	O1108	na	NZ_LR134231.1	4594692	1233337	26.8426	1228086	99.5742	1227639	99.9636	5251	0.4258	1232886	99.9634	7861	0.6374	7410	94.2628	2315	29.4492	4201	53.441	973	12.3776	61832	100	88781	75.0138	0.9931	098	108	Between	Human	Human
A1098	P1004	na	NZ_LR134231.1	4594692	868536	18.903	864745	99.5635	862237	99.71	3791	0.4365	866006	99.7087	6665	0.7674	4135	62.0405	403	6.0465	5316	79.7599	811	12.168	61832	80.9516	67840	75.2624	0.993	098	004	Between	Human	Animal
A1098	P1005	na	NZ_LR134231.1	4594692	781291	17.0042	774151	99.0861	771033	99.5972	7140	0.9139	778129	99.5953	10554	1.3508	7392	70.0398	568	5.3818	4974	47.1291	4599	43.5759	61832	68.7055	32957	100	0.9937	098	005	Between	Human	Animal
A1098	P1020	na	NZ_LR134231.1	4594692	1192070	25.9445	1187385	99.607	1180460	99.4168	4685	0.393	1185084	99.414	12368	1.0375	5382	43.5155	793	6.4117	5917	47.8412	5338	43.1598	61832	59.3414	88599	44.0739	0.9825	098	020	Between	Human	Animal
A1098	P1021	na	NZ_LR134231.1	4594692	1006430	21.9042	998303	99.1925	995471	99.7163	8127	0.8075	1003537	99.7125	11285	1.1213	8392	74.3642	588	5.2105	6008	53.2388	4092	36.2605	61832	68.7055	57519	70.8548	0.9917	098	021	Between	Human	Animal
A1098	P1038	na	NZ_LR134231.1	4594692	759180	16.523	754555	99.3908	751343	99.5743	4625	0.6092	755931	99.572	8200	1.0801	4951	60.378	480	5.8537	4776	58.2439	2600	31.7073	61832	68.7055	42619	76.7029	0.9914	098	038	Between	Human	Animal
A1098	P1055	na	NZ_LR134231.1	4594692	630254	13.717	626584	99.4177	624107	99.6047	3670	0.5823	627742	99.6014	6541	1.0378	4029	61.5961	491	7.5065	4403	67.3139	1452	22.1984	61832	68.7055	47164	79.2172	0.9925	098	055	Between	Human	Animal
A1098	P1084	na	NZ_LR134231.1	4594692	803778	17.4936	800798	99.6293	798346	99.6938	2980	0.3707	801307	99.6926	5691	0.708	3220	56.5806	273	4.797	4202	73.8359	1142	20.0668	61832	68.7055	116509	36.2144	0.9793	098	084	Between	Human	Animal
A1098	P1090	na	NZ_LR134231.1	4594692	1313024	28.577	1308152	99.6289	1304263	99.7027	4872	0.3711	1309094	99.7007	9794	0.7459	5864	59.8734	1046	10.68	6701	68.4194	1890	19.2975	61832	80.9516	92755	52.8748	0.9867	098	090	Between	Human	Animal
A1098	P2066	na	NZ_LR134231.1	4594692	901376	19.6178	897235	99.5406	892961	99.5236	4141	0.4594	897052	99.5203	8758	0.9716	4434	50.628	408	4.6586	5470	62.4572	2665	30.4293	61832	68.7055	53230	77.2515	0.9928	098	066	Between	Human	Animal
A1098	P3031	na	NZ_LR134231.1	4594692	229598	4.997	227020	98.8772	224256	98.7825	2578	1.1228	226800	98.7813	5773	2.5144	2975	51.533	494	8.5571	3110	53.8715	1883	32.6174	61832	67.4263	65131	67.3827	0.9899	098	031	Between	Human	Animal
A1098	P3092	na	NZ_LR134231.1	4594692	1003715	21.8451	993671	98.9993	991120	99.7433	10044	1.0007	1001103	99.7398	12974	1.2926	10362	79.8674	783	6.0351	5681	43.7876	5808	44.7665	61832	68.7055	41192	100	0.9955	098	092	Between	Human	Animal
A1098	S1019	na	NZ_LR134231.1	4594692	710909	15.4724	707259	99.4866	703931	99.5295	3650	0.5134	707544	99.5267	7369	1.0366	4004	54.3357	448	6.0795	4961	67.3226	1823	24.7388	61832	58.1269	65915	54.7265	0.9877	098	019	Between	Human	Environment
A1098	S1030	na	NZ_LR134231.1	4594692	933674	20.3207	928798	99.4778	924644	99.5528	4876	0.5222	929447	99.5473	9479	1.0152	5252	55.4067	543	5.7285	5074	53.5289	3493	36.8499	61832	68.7055	67621	60.6084	0.9896	098	030	Between	Human	Environment
A1098	S1111	na	NZ_AP022261.1	4907327	3005296	61.241	2938261	97.7694	2933886	99.8511	67035	2.2306	3000900	99.8537	71884	2.3919	67488	93.8846	1024	1.4245	67702	94.1823	3085	4.2916	33059	0	20370	0	0.9891	098	111	Between	Human	Environment
A1098	W1081	na	NZ_CP041359.1	5320024	575240	10.8127	566219	98.4318	562688	99.3764	9021	1.5682	571645	99.375	12741	2.2149	9146	71.784	460	3.6104	7304	57.3267	4705	36.928	87530	9.1077	86733	9.2272	0.9702	098	081	Between	Human	Environment
A1098	W1110	na	NZ_LR134231.1	4594692	1326349	28.867	1321472	99.6323	1317201	99.6768	4877	0.3677	1322039	99.675	9976	0.7521	5666	56.7963	844	8.4603	7053	70.6997	1909	19.1359	61832	81.3365	82294	69.1107	0.9893	098	110	Between	Human	Environment
A1099	C1051	na	NZ_LS483297.1	4705041	1930679	41.0343	1929189	99.9228	1925974	99.8333	1490	0.0772	1927428	99.8316	5293	0.2742	2042	38.5793	639	12.0725	2443	46.1553	2039	38.5226	121626	74.4931	119570	72.1602	0.9848	099	051	Between	Human	Human
A1099	C1099	na	NZ_LS483297.1	4705041	4009297	85.2128	4008723	99.9857	4008537	99.9954	574	0.0143	4009111	99.9954	6818	0.1701	6632	97.2719	6160	90.3491	251	3.6814	205	3.0067	121626	100	156299	80.1253	0.9924	099	099	Within	Human	Human
A1099	O1099	na	NZ_LS483297.1	4705041	2978238	63.2989	2977264	99.9673	2976939	99.9891	974	0.0327	2977912	99.9891	6065	0.2036	5739	94.6249	4839	79.7857	325	5.3586	338	5.573	121626	89.0106	153480	69.7237	0.9843	099	099	Within	Human	Human
A1099	P3108	na	NZ_CP042973.1	4957963	2797557	56.4255	2793824	99.8666	2773201	99.2618	3733	0.1334	2776883	99.261	25072	0.8962	4398	17.5415	784	3.127	2724	10.8647	21259	84.7918	154846	55.5778	156469	59.6776	0.9667	099	108	Between	Human	Animal
A1099	P3109	na	NZ_CP057657.1	4584354	3561318	77.6842	3552837	99.7619	3552353	99.9864	8481	0.2381	3560833	99.9864	13425	0.377	12940	96.3873	4706	35.054	2027	15.0987	6445	48.0074	198472	80.9847	148493	89.6083	0.9754	099	109	Between	Human	Animal
A1099	S1068	na	NZ_CP057657.1	4584354	3532909	77.0645	3501814	99.1198	3483833	99.4865	31095	0.8802	3514762	99.4863	51125	1.4471	32978	64.5046	2302	4.5027	4179	8.1741	43468	85.023	198472	21.659	44431	83.5048	0.9624	099	068	Between	Human	Environment
A1103	C1081	na	NZ_CP060073.1	4672168	4024642	86.1408	4023533	99.9724	4015056	99.7893	1109	0.0276	4016145	99.7889	10308	0.2561	1811	17.5689	790	7.664	656	6.364	8795	85.3221	36387	100	132461	30.794	0.9788	103	081	Between	Human	Human
A1103	C1103	na	NZ_CP060073.1	4672168	4092346	87.5899	4090502	99.9549	4090492	99.9998	1844	0.0451	4092336	99.9998	3143	0.0768	3133	99.6818	1451	46.1661	113	3.5953	1519	48.3296	36387	100	57193	71.2902	0.9951	103	103	Within	Human	Human
A1103	P1021	na	NZ_CP070873.1	4408369	3609829	81.8858	3606316	99.9027	3572206	99.0542	3513	0.0973	3575673	99.0538	54197	1.5014	20041	36.9781	16638	30.6991	18762	34.6182	18773	34.6384	65968	92.2553	86775	40.0058	0.9809	103	021	Between	Human	Animal
A1103	P1050	na	NZ_CP060073.1	4672168	3811810	81.5855	3810330	99.9612	3804276	99.8411	1480	0.0388	3805743	99.8408	8043	0.211	1976	24.5679	561	6.975	652	8.1064	6768	84.1477	36387	100	148569	24.6929	0.9749	103	050	Between	Human	Animal
A1103	P1058	na	NZ_CP060073.1	4672168	2404756	51.4698	2399277	99.7722	2397807	99.9387	5479	0.2278	2403257	99.9377	7310	0.304	5811	79.4938	409	5.5951	626	8.5636	6051	82.777	36387	100	48917	61.8946	0.9946	103	058	Between	Human	Animal
A1103	P2090	na	NZ_CP060073.1	4672168	2114765	45.263	2113124	99.9224	2110321	99.8674	1641	0.0776	2111943	99.8666	4723	0.2233	1901	40.2498	287	6.0766	418	8.8503	3927	83.1463	36387	66.7051	66376	34.9946	0.9879	103	090	Between	Human	Animal
A1103	P2108	na	NZ_CP060073.1	4672168	4127478	88.3418	4126935	99.9868	4121968	99.8796	543	0.0132	4122506	99.8795	5925	0.1436	953	16.0844	516	8.7089	386	6.5148	4997	84.3376	36387	100	218723	15.0121	0.9583	103	108	Between	Human	Animal
A1103	P3034	na	NZ_CP060073.1	4672168	4092972	87.6033	4092441	99.987	4084363	99.8026	531	0.013	4084886	99.8024	9191	0.2246	1105	12.0226	659	7.1701	668	7.268	7798	84.8439	36387	100	244440	14.9292	0.9542	103	034	Between	Human	Animal
A1103	S1108	na	NZ_CP060073.1	4672168	4134780	88.4981	4131529	99.9214	4130302	99.9703	3251	0.0786	4133552	99.9703	5137	0.1242	3909	76.095	783	15.2424	691	13.4514	3554	69.1843	36387	41.4654	20562	71.2285	0.994	103	108	Between	Human	Environment
A1104	C1084	na	NZ_CP022686.1	5055316	850020	16.8144	849288	99.9139	846390	99.6588	732	0.0861	847112	99.6579	4365	0.5135	1457	33.3792	834	19.1065	1763	40.3895	1679	38.4651	133940	81.9725	129293	85.2668	0.9887	104	084	Between	Human	Human
A1104	C2084	na	NZ_CP022686.1	5055316	858078	16.9738	857336	99.9135	854407	99.6584	742	0.0865	855141	99.6577	4412	0.5142	1475	33.4316	844	19.1296	1792	40.6165	1691	38.3273	133940	81.9725	129184	85.2528	0.9887	104	084	Between	Human	Human
A1104	O1049	na	NZ_CP022686.1	5055316	762905	15.0911	761409	99.8039	758706	99.645	1496	0.1961	760188	99.6439	4815	0.6311	2098	43.5722	716	14.8702	1420	29.4912	2373	49.2835	133940	66.6231	144770	57.9001	0.9765	104	049	Between	Human	Human
A1104	W1084	na	NZ_CP022686.1	5055316	668166	13.2171	664746	99.4882	662921	99.7255	3420	0.5118	666321	99.7239	5423	0.8116	3578	65.9782	263	4.8497	1677	30.9238	3292	60.7044	133940	81.9725	115800	91.7539	0.9914	104	084	Between	Human	Environment
A1108	C1051	na	NZ_CP054224.1	4721932	1750034	37.0618	1745368	99.7334	1744673	99.9602	4666	0.2666	1749333	99.9599	5536	0.3163	4835	87.3374	494	8.9234	2764	49.9277	2157	38.9632	131487	83.5794	113912	95.0251	0.9925	108	051	Between	Human	Human
A1108	C1103	na	NZ_CP100544.1	4679910	3000177	64.1076	2998494	99.9439	2989571	99.7024	1683	0.0561	2991231	99.7018	10947	0.3649	2001	18.279	359	3.2794	7812	71.362	2664	24.3354	67203	62.5463	56220	72.7179	0.9891	108	103	Between	Human	Human
A1108	C1109	na	NZ_CP100544.1	4679910	2799684	59.8235	2796738	99.8948	2787892	99.6837	2946	0.1052	2790816	99.6832	12840	0.4586	3972	30.9346	1068	8.3178	6021	46.8925	5491	42.7648	67203	63.4823	56979	74.9206	0.9916	108	109	Between	Human	Human
A1108	D1076	na	NZ_CP054224.1	4721932	1860490	39.401	1855269	99.7194	1854627	99.9654	5221	0.2806	1859841	99.9651	6066	0.326	5417	89.301	458	7.5503	3159	52.0772	2416	39.8286	131487	100	166959	81.3266	0.9898	108	076	Between	Human	Animal
A1108	S1084	na	NZ_CP100544.1	4679910	3721323	79.517	3719662	99.9554	3711783	99.7882	1661	0.0446	3713423	99.7877	9960	0.2676	2060	20.6827	436	4.3775	8554	85.8835	867	8.7048	67203	62.9659	55636	77.1838	0.9898	108	084	Between	Human	Environment
A1108	W1099	na	NZ_CP047594.1	4694065	1168481	24.8927	1164856	99.6898	1161078	99.6757	3625	0.3102	1164683	99.675	7635	0.6534	3837	50.2554	387	5.0688	5198	68.0812	1735	22.7243	89426	48.5317	110003	43.5815	0.9707	108	099	Between	Human	Environment
A1109	C1033	na	NZ_AP022261.1	4907327	3953831	80.57	3944748	99.7703	3941211	99.9103	9083	0.2297	3950281	99.9102	14777	0.3737	11227	75.9762	2447	16.5595	9568	64.7493	2236	15.1316	24259	54.1201	112521	11.6814	0.9774	109	033	Between	Human	Human
A1109	C1108	na	NZ_AP022261.1	4907327	2955109	60.2183	2935226	99.3272	2930667	99.8447	19883	0.6728	2950503	99.8441	24765	0.838	20159	81.4012	782	3.1577	9369	37.8316	14250	57.5409	24259	45.8799	16742	67.4591	0.9959	109	108	Between	Human	Human
A1109	C1109	na	NZ_AP022261.1	4907327	3664439	74.6728	3654970	99.7416	3653603	99.9626	9469	0.2584	3663053	99.9622	14536	0.3967	13150	90.4651	4169	28.6805	7165	49.2914	2504	17.2262	24259	30.0177	63644	11.4355	0.985	109	109	Within	Human	Human
A1109	O1042	na	NZ_CP015240.1	4863599	3159221	64.9564	3140175	99.3971	3137709	99.9215	19046	0.6029	3156701	99.9202	22680	0.7179	20160	88.8889	1562	6.8871	15861	69.9339	4837	21.3272	88730	86.7598	121753	73.1046	0.9876	109	042	Between	Human	Human
A1109	O1090	na	NZ_AP022261.1	4907327	3983729	81.1792	3965325	99.538	3959270	99.8473	18404	0.462	3977609	99.8464	25279	0.6346	19159	75.7902	1400	5.5382	11661	46.1292	11383	45.0295	24259	0	8010	0	0.9934	109	090	Between	Human	Human
A1109	O1109	na	NZ_CP015240.1	4863599	2944128	60.5339	2924281	99.3259	2923060	99.9582	19847	0.6741	2942887	99.9578	22810	0.7748	21569	94.5594	2821	12.3674	13484	59.1144	5405	23.6957	88730	47.7606	114221	48.8028	0.9755	109	109	Within	Human	Human
A1109	P1060	na	NZ_CP015240.1	4863599	3583645	73.683	3564955	99.4785	3561059	99.8907	18690	0.5215	3579666	99.889	23287	0.6498	19308	82.9132	1006	4.32	18769	80.5986	3065	13.1618	88730	91.216	197426	54.8732	0.9713	109	060	Between	Human	Animal
A1109	P2060	na	NZ_CP015240.1	4863599	2668135	54.8593	2652369	99.4091	2649973	99.9097	15766	0.5909	2665683	99.9081	18427	0.6906	15975	86.6934	600	3.2561	14813	80.3875	2665	14.4625	88730	91.216	262508	42.6585	0.9603	109	060	Between	Human	Animal
A1109	P3060	na	NZ_CP015240.1	4863599	2927003	60.1818	2911810	99.4809	2908960	99.9021	15193	0.5191	2924100	99.9008	18326	0.6261	15423	84.1591	404	2.2045	16252	88.6827	1508	8.2287	88730	91.216	249574	53.1786	0.9626	109	060	Between	Human	Animal
A1109	S1111	na	NZ_AP022261.1	4907327	4090484	83.3546	4078611	99.7097	4073426	99.8729	11873	0.2903	4085274	99.8726	18009	0.4403	12799	71.07	1338	7.4296	12393	68.8156	3762	20.8896	24259	45.8799	20370	100	0.9954	109	111	Between	Human	Environment
A1111	A1120	na	NZ_CP007390.1	4807977	1209960	25.1657	1208147	99.8502	1200602	99.3755	1813	0.1498	1202404	99.3755	10016	0.8278	2460	24.5607	713	7.1186	7895	78.8239	1223	12.2105	188260	75.4627	222409	79.7166	0.9724	111	120	Between	Human	Human
A1111	C1038	na	NZ_CP007390.1	4807977	1599677	33.2713	1595797	99.7575	1585744	99.37	3880	0.2425	1589571	99.3682	15287	0.9556	5181	33.8915	1472	9.6291	9333	61.0519	4087	26.7351	188260	68.1345	135591	91.5695	0.9833	111	038	Between	Human	Human
A1111	C1066	na	NZ_CP007390.1	4807977	522908	10.8758	522277	99.8793	518626	99.3009	631	0.1207	519250	99.3005	5007	0.9575	1349	26.9423	728	14.5396	2014	40.2237	2230	44.5376	188260	90.2077	241727	65.447	0.9713	111	066	Between	Human	Human
A1111	C1083	na	NZ_CP071441.1	4828326	3259052	67.4986	3244733	99.5606	3240740	99.8769	14319	0.4394	3255023	99.8764	19683	0.6039	15654	79.5306	2038	10.3541	7245	36.8084	9626	48.9051	72396	64.6016	108374	43.0786	0.9816	111	083	Between	Human	Human
A1111	O1005	na	NZ_CP014495.1	5061821	680139	13.4366	677360	99.5914	676783	99.9148	2779	0.4086	679543	99.9124	3709	0.5453	3113	83.931	449	12.1057	1259	33.9445	1819	49.0429	90001	86.9268	120579	68.9548	0.9884	111	005	Between	Human	Human
A1111	O1005	na	NZ_CP007390.1	4807977	1214191	25.2537	1209067	99.578	1201289	99.3567	5124	0.422	1206372	99.356	13678	1.1265	5859	42.8352	977	7.1429	8197	59.9284	3522	25.7494	188260	45.2502	72161	83.2153	0.9682	111	005	Between	Human	Human
A1111	P2004	na	NZ_CP007390.1	4807977	1418899	29.5114	1363307	96.082	1350416	99.0544	55592	3.918	1405580	99.0613	69711	4.913	56392	80.894	1535	2.2019	7707	11.0556	58964	84.5835	188260	72.3818	146084	89.8839	0.9812	111	004	Between	Human	Animal
A1111	P2090	na	NZ_CP007390.1	4807977	853257	17.7467	851240	99.7636	844806	99.2442	2017	0.2364	846791	99.2422	9034	1.0588	2568	28.4259	645	7.1397	6861	75.9464	1300	14.3901	188260	68.1345	140086	90.9663	0.9829	111	090	Between	Human	Animal
A1111	P3005	na	NZ_CP007390.1	4807977	2086063	43.3875	2083267	99.866	2071653	99.4425	2796	0.134	2074416	99.4417	15847	0.7597	4200	26.5034	1541	9.7242	11697	73.8121	2368	14.9429	188260	61.7205	115952	100	0.984	111	005	Between	Human	Animal
A1111	S1068	na	NZ_CP007390.1	4807977	642439	13.3619	637991	99.3076	632506	99.1403	4448	0.6924	636915	99.1402	10863	1.6909	5339	49.1485	1027	9.4541	4126	37.9821	5262	48.4397	188260	47.8854	62314	91.0598	0.9711	111	068	Between	Human	Environment
A1111	W1098	na	NZ_CP007390.1	4807977	1735690	36.1002	1732957	99.8425	1722856	99.4171	2733	0.1575	1725551	99.4159	14042	0.809	3903	27.7952	1323	9.4217	10470	74.562	1957	13.9368	188260	67.3547	145896	82.6178	0.9794	111	098	Between	Human	Environment
A1111	W1111	na	NZ_CP014495.1	5061821	4291486	84.7815	4284945	99.8476	4284509	99.9898	6541	0.1524	4291050	99.9898	7759	0.1808	7323	94.3807	879	11.3288	5783	74.5328	958	12.347	90001	100	112905	83.3276	0.994	111	111	Within	Human	Environment
A1119	C1093	na	NZ_CP060061.1	5326222	1567135	29.423	1563435	99.7639	1557975	99.6508	3700	0.2361	1561651	99.6501	10173	0.6491	4689	46.0926	1109	10.9014	6760	66.4504	2135	20.9869	193301	85.3037	270928	75.4038	0.9653	119	093	Between	Human	Human
A1119	C2068	na	NZ_CP060061.1	5326222	877658	16.4781	875828	99.7915	866769	98.9657	1830	0.2085	868574	98.965	11584	1.3199	2500	21.5815	723	6.2414	1359	11.7317	9123	78.7552	193301	91.8448	419015	40.6014	0.9382	119	068	Between	Human	Human
A1119	O1011	na	NZ_CP060061.1	5326222	1086509	20.3992	1081298	99.5204	1076481	99.5545	5211	0.4796	1081662	99.5539	10520	0.9682	5673	53.9259	725	6.8916	6701	63.6977	2638	25.076	193301	44.3319	141390	48.2078	0.9618	119	011	Between	Human	Human
A1119	O1092	na	NZ_CP060061.1	5326222	1542797	28.9661	1538475	99.7199	1532965	99.6419	4322	0.2801	1537257	99.6409	10785	0.6991	5245	48.6324	1159	10.7464	6323	58.6277	3003	27.8442	193301	90.9742	293475	74.0693	0.9676	119	092	Between	Human	Human
A1119	O1108	na	NZ_CP060061.1	5326222	668311	12.5476	664076	99.3663	656774	98.9004	4235	0.6337	660943	98.8975	12948	1.9374	5580	43.0955	1587	12.2567	3827	29.5567	6928	53.5063	193301	21.2254	134494	37.1191	0.9533	119	108	Between	Human	Human
A1119	O1119	na	NZ_CP025747.1	4918774	987148	20.069	984786	99.7607	978907	99.403	2362	0.2393	981214	99.3989	8859	0.8974	2925	33.0173	683	7.7097	5975	67.4455	2051	23.1516	27751	74.5234	53193	37.5689	0.9913	119	119	Within	Human	Human
A1120	C1038	na	NZ_CP007390.1	4807977	1807815	37.6003	1804499	99.8166	1800490	99.7778	3316	0.1834	1803792	99.7775	8358	0.4623	4335	51.8665	1120	13.4003	1809	21.6439	5229	62.5628	222409	52.5168	135591	85.8339	0.9727	120	038	Between	Human	Human
A1120	C1066	na	NZ_CP007390.1	4807977	283556	5.8976	283270	99.8991	280858	99.1485	286	0.1009	281142	99.1487	2833	0.9991	419	14.79	136	4.8006	369	13.0251	2310	81.539	222409	97.3077	241727	72.1235	0.9728	120	066	Between	Human	Human
A1120	C1085	na	NZ_CP062908.1	4747440	523515	11.0273	520367	99.3987	516894	99.3326	3148	0.6013	520003	99.3292	7476	1.428	3964	53.023	1003	13.4163	2857	38.2156	3233	43.2451	70197	67.5271	116252	45.4341	0.9805	120	085	Between	Human	Human
A1120	C1098	na	NZ_CP062908.1	4747440	627869	13.2254	625643	99.6455	621041	99.2644	2226	0.3545	623234	99.2618	7484	1.192	2849	38.0679	671	8.9658	2780	37.1459	3698	49.4121	70197	66.4929	190750	30.7423	0.9643	120	098	Between	Human	Human
A1120	O1005	na	NZ_CP007390.1	4807977	1365813	28.4072	1361715	99.7	1359671	99.8499	4098	0.3	1363753	99.8492	6780	0.4964	4720	69.6165	706	10.413	1244	18.3481	4568	67.3746	222409	33.1075	72161	76.1492	0.959	120	005	Between	Human	Human
A1120	P1053	na	NZ_CP069709.1	4620143	1312210	28.4019	1304189	99.3887	1301938	99.8274	8021	0.6113	1309907	99.8245	11181	0.8521	8878	79.4026	1283	11.4748	3010	26.9207	6143	54.9414	44670	38.3859	55015	38.1405	0.9847	120	053	Between	Human	Animal
A1120	P2004	na	NZ_CP007390.1	4807977	1605669	33.3959	1540780	95.9588	1533792	99.5465	64889	4.0412	1598588	99.559	72986	4.5455	65905	90.2981	1275	1.7469	1629	2.2319	69725	95.532	222409	78.4977	146084	89.4971	0.9768	120	004	Between	Human	Animal
A1120	P2090	na	NZ_CP007390.1	4807977	970479	20.1848	969082	99.8561	967159	99.8016	1397	0.1439	968549	99.8011	3697	0.3809	1767	47.7955	415	11.2253	1329	35.9481	1877	50.7709	222409	52.5168	140086	85.521	0.9724	120	090	Between	Human	Animal
A1120	P3005	na	NZ_CP007390.1	4807977	1515179	31.5139	1513645	99.8988	1511040	99.8279	1534	0.1012	1512557	99.827	4953	0.3269	2331	47.0624	898	18.1304	1928	38.9259	1994	40.2584	222409	48.9688	115952	92.6297	0.9737	120	005	Between	Human	Animal
A1120	P3071	na	NZ_CP069709.1	4620143	1307645	28.3031	1303047	99.6484	1299168	99.7023	4598	0.3516	1303714	99.6994	9381	0.7174	5450	58.0962	1164	12.4081	3115	33.2054	4719	50.3038	44670	28.9949	72711	33.5603	0.9801	120	071	Between	Human	Animal
A1120	S1068	na	NZ_CP007390.1	4807977	723885	15.0559	719206	99.3536	715367	99.4662	4679	0.6464	720015	99.4654	8908	1.2306	5038	56.5559	488	5.4782	1238	13.8976	6937	77.8738	222409	62.1261	62314	100	0.9662	120	068	Between	Human	Environment
A1120	S1120	na	NZ_CP069709.1	4620143	1194146	25.8465	1190643	99.7067	1187720	99.7545	3503	0.2933	1191181	99.7517	7477	0.6261	4512	60.3451	1243	16.6243	2750	36.7795	3145	42.0623	44670	38.3859	96368	24.6638	0.9768	120	120	Within	Human	Environment
A1120	W1098	na	NZ_CP007390.1	4807977	1893164	39.3755	1891734	99.9245	1889627	99.8886	1430	0.0755	1891050	99.8883	4923	0.26	2809	57.0587	1534	31.1599	1543	31.3427	1481	30.0833	222409	86.3207	145896	78.2681	0.9694	120	098	Between	Human	Environment
C1004	C1090	na	NZ_CP011134.1	5000386	2449637	48.989	2445004	99.8109	2442258	99.8877	4633	0.1891	2446853	99.8864	7663	0.3128	4879	63.6696	379	4.9458	921	12.0188	6205	80.9735	34060	41.9671	123571	16.6916	0.9735	004	090	Between	Human	Human
C1004	O1053	na	NZ_CP011134.1	5000386	2471383	49.4238	2468278	99.8744	2464991	99.8668	3105	0.1256	2468071	99.866	7389	0.299	4077	55.1766	1114	15.0765	913	12.3562	5212	70.5373	34060	59.222	96282	21.9345	0.9819	004	053	Between	Human	Human
C1004	S1109	na	NZ_CP011134.1	5000386	2708244	54.1607	2689429	99.3053	2688942	99.9819	18815	0.6947	2707754	99.9819	20209	0.7462	19719	97.5753	1109	5.4877	536	2.6523	18386	90.9793	34060	59.222	41635	81.0736	0.9926	004	109	Between	Human	Environment
C1005	C1034	na	NZ_AP022177.1	4733200	1656111	34.9892	1649778	99.6176	1648478	99.9212	6333	0.3824	1654792	99.9204	8859	0.5349	7540	85.1112	1584	17.8801	2533	28.5924	3975	44.8696	116626	73.379	107672	73.709	0.9846	005	034	Between	Human	Human
C1005	O1009	na	NZ_CP058571.1	5146040	402566	7.8228	398316	98.9443	395882	99.3889	4250	1.0557	400073	99.3807	7504	1.864	5011	66.7777	1046	13.9392	2658	35.4211	3262	43.4701	158229	49.7955	226715	35.7572	0.9491	005	009	Between	Human	Human
C1005	O1049	na	NZ_AP022177.1	4733200	1420667	30.0149	1417398	99.7699	1416552	99.9403	3269	0.2301	1419813	99.9399	5355	0.3769	4501	84.0523	1446	27.0028	2191	40.915	1531	28.5901	116626	73.379	68755	100	0.9888	005	049	Between	Human	Human
C1005	O1069	na	NZ_CP058571.1	5146040	603731	11.732	598113	99.0695	596249	99.6884	5618	0.9305	601811	99.682	8214	1.3605	6294	76.6253	1088	13.2457	4266	51.9357	2263	27.5505	158229	49.7955	239640	38.156	0.9509	005	069	Between	Human	Human
C1005	O1120	na	NZ_CP058571.1	5146040	675872	13.1338	670322	99.1788	665873	99.3363	5550	0.8212	671363	99.3329	10735	1.5883	6226	57.9972	1045	9.7345	5624	52.3894	3760	35.0256	158229	34.8147	183967	37.3556	0.9529	005	120	Between	Human	Human
C1005	P2080	na	NZ_AP022177.1	4733200	1638721	34.6218	1636451	99.8615	1632776	99.7754	2270	0.1385	1635024	99.7744	6596	0.4025	2899	43.9509	672	10.188	3482	52.7896	2389	36.2189	116626	50.0943	115306	51.0164	0.9751	005	080	Between	Human	Animal
C1005	P3069	na	NZ_AP022177.1	4733200	1647415	34.8055	1644861	99.845	1641806	99.8143	2554	0.155	1644340	99.8133	6405	0.3888	3330	51.9906	830	12.9586	3246	50.6792	2238	34.9415	116626	54.7948	106550	63.8329	0.9784	005	069	Between	Human	Animal
C1005	P3080	na	NZ_AP022177.1	4733200	1150829	24.314	1147318	99.6949	1145437	99.8361	3511	0.3051	1148926	99.8346	5728	0.4977	3825	66.7772	362	6.3198	2173	37.9365	3008	52.514	116626	50.0943	81417	70.9336	0.9823	005	080	Between	Human	Animal
C1009	C1033	na	NZ_LR134231.1	4594692	2910882	63.3531	2904694	99.7874	2900459	99.8542	6188	0.2126	2906606	99.8531	11052	0.3797	6776	61.3102	725	6.5599	7390	66.8657	2744	24.8281	53202	100	75077	84.6504	0.995	009	033	Between	Human	Human
C1009	C1038	na	NZ_LR134231.1	4594692	663530	14.4412	659073	99.3283	656430	99.599	4457	0.6717	660838	99.5943	7422	1.1186	4730	63.7295	489	6.5885	3612	48.6661	2900	39.073	53202	56.0768	39077	61.9828	0.9903	009	038	Between	Human	Human
C1009	C1053	na	NZ_CP024147.1	4639454	3689319	79.5205	3684514	99.8698	3682565	99.9471	4805	0.1302	3687365	99.947	7654	0.2075	5700	74.4709	999	13.052	5370	70.1594	1166	15.2339	91170	75.1618	107129	65.6442	0.986	009	053	Between	Human	Human
C1009	C1081	na	NZ_CP024147.1	4639454	3045798	65.6499	3040928	99.8401	3038575	99.9226	4870	0.1599	3043438	99.9225	7692	0.2525	5332	69.3188	576	7.4883	4694	61.0244	2341	30.4342	91170	63.3673	111162	45.7701	0.978	009	081	Between	Human	Human
C1009	D1060	na	NZ_LR134231.1	4594692	2858241	62.2075	2847688	99.6308	2844099	99.874	10553	0.3692	2854618	99.8732	14695	0.5141	11072	75.3454	888	6.0429	7238	49.2548	6033	41.0548	53202	63.5484	42940	71.5952	0.9924	009	060	Between	Human	Animal
C1009	O1004	na	NZ_LR134231.1	4594692	2417371	52.6123	2409000	99.6537	2404983	99.8333	8371	0.3463	2413306	99.8318	13293	0.5499	9228	69.42	1155	8.6888	6340	47.6943	5225	39.3064	53202	73.813	46667	74.9352	0.9933	009	004	Between	Human	Human
C1009	O1038	na	NZ_LR134231.1	4594692	3091547	67.2852	3086276	99.8295	3080763	99.8214	5271	0.1705	3086004	99.8207	11577	0.3745	6034	52.1206	823	7.1089	7776	67.1677	2745	23.7108	53202	82.2638	118258	47.705	0.9814	009	038	Between	Human	Human
C1009	O1108	na	NZ_LR134231.1	4594692	986718	21.4752	984044	99.729	980477	99.6375	2674	0.271	983130	99.6364	6779	0.687	3191	47.0718	570	8.4083	3871	57.1028	2196	32.3942	53202	73.813	88781	43.4034	0.9853	009	108	Between	Human	Human
C1009	P1004	na	NZ_LR134231.1	4594692	1635536	35.5962	1631659	99.763	1627815	99.7644	3877	0.237	1631671	99.7637	8110	0.4959	4245	52.3428	428	5.2774	6338	78.1504	1217	15.0062	53202	85.0983	67840	68.7618	0.9922	009	004	Between	Human	Animal
C1009	P1005	na	NZ_LR134231.1	4594692	1620051	35.2592	1611473	99.4705	1608938	99.8427	8578	0.5295	1617474	99.8409	11588	0.7153	9011	77.7615	826	7.1281	4967	42.8633	5001	43.1567	53202	56.0768	32957	73.6505	0.9917	009	005	Between	Human	Animal
C1009	P1020	na	NZ_LR134231.1	4594692	3014276	65.6034	3008731	99.816	2999053	99.6783	5545	0.184	3004575	99.6782	16686	0.5536	6985	41.8614	1547	9.2712	6427	38.5173	8210	49.2029	53202	100	88599	64.8766	0.992	009	020	Between	Human	Animal
C1009	P1021	na	NZ_LR134231.1	4594692	2075379	45.1691	2067784	99.634	2064911	99.8611	7595	0.366	2072450	99.8589	11041	0.532	8112	73.4716	819	7.4178	5903	53.4644	3429	31.057	53202	85.0983	57519	79.9544	0.9944	009	021	Between	Human	Animal
C1009	P1038	na	NZ_LR134231.1	4594692	1513382	32.9376	1508947	99.7069	1505954	99.8016	4435	0.2931	1510363	99.8005	8011	0.5293	4992	62.3143	678	8.4634	4947	61.7526	2010	25.0905	53202	73.813	42619	83.5707	0.9943	009	038	Between	Human	Animal
C1009	P1055	na	NZ_LR134231.1	4594692	944969	20.5665	941920	99.6773	938944	99.684	3049	0.3227	941965	99.6821	6456	0.6832	3452	53.4696	469	7.2646	4494	69.6097	1279	19.811	53202	73.813	47164	75.5746	0.9934	009	055	Between	Human	Animal
C1009	P1084	na	NZ_LR134231.1	4594692	2308223	50.2367	2303480	99.7945	2301087	99.8961	4743	0.2055	2305816	99.8957	7584	0.3286	5177	68.2621	510	6.7247	5378	70.9124	1581	20.8465	53202	82.2638	116509	54.3349	0.9819	009	084	Between	Human	Animal
C1009	P1090	na	NZ_LR134231.1	4594692	3135985	68.2523	3130618	99.8289	3125795	99.8459	5367	0.1711	3131142	99.8456	11210	0.3575	6367	56.7975	1042	9.2953	8068	71.9715	1889	16.851	53202	88.7147	92755	48.3047	0.9868	009	090	Between	Human	Animal
C1009	P1109	na	NZ_CP024147.1	4639454	2989238	64.4308	2978801	99.6508	2972891	99.8016	10437	0.3492	2983290	99.801	16808	0.5623	10860	64.6121	712	4.2361	3604	21.4422	12227	72.7451	91170	80.1174	175985	74.3024	0.9731	009	109	Between	Human	Animal
C1009	P2066	na	NZ_LR134231.1	4594692	2121758	46.1785	2116740	99.7635	2113374	99.841	5018	0.2365	2118355	99.8396	9017	0.425	5614	62.2602	715	7.9295	6125	67.9272	1940	21.5149	53202	56.0768	53230	55.5439	0.9896	009	066	Between	Human	Animal
C1009	P2069	na	NZ_CP024147.1	4639454	2561341	55.2078	2553241	99.6838	2549089	99.8374	8100	0.3162	2557155	99.8366	12678	0.495	8492	66.9822	742	5.8527	3079	24.2862	8666	68.3546	91170	82.0029	185009	70.5755	0.9714	009	069	Between	Human	Animal
C1009	P3031	na	NZ_LR134231.1	4594692	281530	6.1273	279696	99.3486	277591	99.2474	1834	0.6514	279395	99.2416	4473	1.5888	2338	52.2692	599	13.3915	2016	45.0704	1608	35.949	53202	71.9992	65131	69.8899	0.9908	009	031	Between	Human	Animal
C1009	P3050	na	NZ_CP076282.1	4831855	2923527	60.5053	2918578	99.8307	2909700	99.6958	4949	0.1693	2914596	99.6945	15137	0.5178	6206	40.9989	1526	10.0813	9892	65.3498	3234	21.3649	121203	52.134	59660	100	0.9825	009	050	Between	Human	Animal
C1009	P3092	na	NZ_LR134231.1	4594692	2182065	47.491	2169565	99.4271	2166695	99.8677	12500	0.5729	2179154	99.8666	15738	0.7212	12827	81.5034	676	4.2953	6141	39.0202	8163	51.8681	53202	56.0768	41192	72.014	0.9922	009	092	Between	Human	Animal
C1009	S1019	na	NZ_LR134231.1	4594692	1624223	35.35	1620054	99.7433	1617150	99.8207	4169	0.2567	1621293	99.8196	7580	0.4667	4650	61.3456	561	7.4011	4956	65.3826	1861	24.5515	53202	71.9992	65915	64.0977	0.9891	009	019	Between	Human	Environment
C1009	S1021	na	NZ_CP024147.1	4639454	2688565	57.95	2684420	99.8458	2679898	99.8315	4145	0.1542	2684027	99.8312	9034	0.336	4496	49.7675	433	4.793	3217	35.6099	5191	57.4607	91170	87.5036	194310	74.9334	0.9703	009	021	Between	Human	Environment
C1009	S1030	na	NZ_CP076282.1	4831855	2728449	56.4679	2722273	99.7736	2713846	99.6904	6176	0.2264	2719964	99.689	16178	0.5929	7693	47.5522	2151	13.2958	9200	56.8674	4162	25.7263	121203	22.6034	14893	100	0.9779	009	030	Between	Human	Environment
C1009	S1030	na	NZ_LR134231.1	4594692	2587482	56.3146	2580678	99.737	2577090	99.861	6804	0.263	2583858	99.8599	11682	0.4515	8058	68.9779	1566	13.4052	6226	53.2957	3439	29.4385	53202	100	67621	82.9594	0.9966	009	030	Between	Human	Environment
C1009	W1055	na	NZ_CP076282.1	4831855	2230564	46.1637	2214976	99.3012	2208116	99.6903	15588	0.6988	2223605	99.688	23653	1.0604	16694	70.5788	1412	5.9696	7355	31.0954	13865	58.6184	121203	58.1372	79884	81.4619	0.9788	009	055	Between	Human	Environment
C1009	W1110	na	NZ_LR134231.1	4594692	3146439	68.4799	3141200	99.8335	3136055	99.8362	5239	0.1665	3141263	99.8355	11260	0.3579	6084	54.032	880	7.8153	8053	71.5187	2209	19.6181	53202	73.813	82294	49.8129	0.9868	009	110	Between	Human	Environment
C1011	C1092	na	NZ_CP049852.1	4993321	3233025	64.747	3216536	99.49	3216136	99.9876	16489	0.51	3232623	99.9876	16963	0.5247	16561	97.6301	846	4.9873	6422	37.8589	9727	57.3425	0	0	58403	0	0.9883	011	092	Between	Human	Human
C1011	D1024	na	NZ_AP019675.1	4693292	686248	14.6219	682295	99.424	677684	99.3242	3953	0.576	681590	99.3212	9622	1.4021	4964	51.5901	1166	12.1181	4480	46.56	3518	36.562	146498	49.3474	77541	89.6313	0.979	011	024	Between	Human	Animal
C1011	P1005	na	NZ_CP055184.1	4757418	2894072	60.8328	2884410	99.6661	2878638	99.7999	9662	0.3339	2888257	99.7991	18688	0.6457	12873	68.8838	3590	19.2102	5538	29.634	8166	43.6965	82703	54.2616	88871	52.2386	0.9803	011	005	Between	Human	Animal
C1011	P1057	na	NZ_CP055184.1	4757418	2452250	51.5458	2448077	99.8298	2446645	99.9415	4173	0.1702	2450804	99.941	9373	0.3822	7927	84.5727	4024	42.9318	2156	23.0022	2179	23.2476	82703	82.8253	103006	67.4932	0.9895	011	057	Between	Human	Animal
C1011	P1066	na	NZ_CP055184.1	4757418	2417892	50.8236	2412911	99.794	2405946	99.7113	4981	0.206	2410878	99.7099	12489	0.5165	5475	43.8386	705	5.645	8486	67.9478	2935	23.5007	82703	64.5503	73285	54.1816	0.9838	011	066	Between	Human	Animal
C1011	P2071	na	NZ_CP055184.1	4757418	2365725	49.7271	2354964	99.5451	2349105	99.7512	10761	0.4549	2359832	99.7509	18517	0.7827	12624	68.1752	2343	12.6532	5198	28.0715	9887	53.3942	82703	75.9392	100107	63.8896	0.9878	011	071	Between	Human	Animal
C1011	P3051	na	NZ_CP055184.1	4757418	3095761	65.0723	3080854	99.5185	3074373	99.7896	14907	0.4815	3089233	99.7891	24784	0.8006	18256	73.6604	3788	15.2841	5687	22.9463	13582	54.8015	82703	54.2616	61381	82.4033	0.9861	011	051	Between	Human	Animal
C1011	P3092	na	NZ_AP019675.1	4693292	1269938	27.0586	1256813	98.9665	1251020	99.5391	13125	1.0335	1264064	99.5375	19615	1.5446	13741	70.0535	1046	5.3327	7165	36.5282	10113	51.5575	146498	53.3072	69964	92.6805	0.9809	011	092	Between	Human	Animal
C1011	S1066	na	NZ_CP055184.1	4757418	2842328	59.7452	2835487	99.7593	2831490	99.859	6841	0.2407	2838267	99.8571	15161	0.5334	11100	73.2142	4598	30.3278	2952	19.471	6364	41.9761	82703	75.9392	69047	88.8395	0.9933	011	066	Between	Human	Environment
C1019	C1058	na	NZ_CP098201.1	5160718	3975437	77.0326	3960728	99.63	3956267	99.8874	14709	0.37	3970906	99.886	19888	0.5003	15357	77.2174	859	4.3192	4143	20.8317	14484	72.8278	114623	36.6654	85528	56.896	0.9773	019	058	Between	Human	Human
C1019	O1019	na	NZ_AP021896.1	4574715	3787130	82.784	3785686	99.9619	3785583	99.9973	1444	0.0381	3787026	99.9973	6560	0.1732	6456	98.4146	5336	81.3415	650	9.9085	194	2.9573	156690	100	264847	80.0847	0.9755	019	019	Within	Human	Human
C1019	O1109	na	NZ_CP098201.1	5160718	3308811	64.1153	3297951	99.6718	3295418	99.9232	10860	0.3282	3306239	99.9223	14259	0.4309	11687	81.9623	1088	7.6303	3376	23.6763	9453	66.295	114623	34.7565	74599	53.6455	0.9785	019	109	Between	Human	Human
C1019	P1033	na	NZ_AP021896.1	4574715	2050057	44.8128	2047601	99.8802	2045208	99.8831	2456	0.1198	2047612	99.8807	6114	0.2982	3669	60.0098	1361	22.2604	2342	38.3055	2097	34.2983	156690	46.0948	75130	89.1495	0.978	019	033	Between	Human	Animal
C1019	P1111	na	NZ_AP021896.1	4574715	2622901	57.3347	2614191	99.6679	2611228	99.8867	8710	0.3321	2619894	99.8854	12844	0.4897	9837	76.5883	1341	10.4407	3299	25.6851	7767	60.4718	156690	39.5852	66359	92.1638	0.9774	019	111	Between	Human	Animal
C1019	P3075	na	NZ_AP021896.1	4574715	3700565	80.8917	3699053	99.9591	3694775	99.8843	1512	0.0409	3696254	99.8835	7549	0.204	3238	42.8931	1800	23.8442	3690	48.8806	1825	24.1754	156690	56.8364	88645	100	0.9829	019	075	Between	Human	Animal
C1019	S1053	na	NZ_AP021896.1	4574715	2215869	48.4373	2210987	99.7797	2208319	99.8793	4882	0.2203	2213163	99.8779	8579	0.3872	5873	68.4579	1107	12.9036	2654	30.936	4567	53.2346	156690	56.8364	107549	85.8279	0.9801	019	053	Between	Human	Environment
C1019	W1019	na	NZ_CP098201.1	5160718	3819959	74.0199	3810831	99.761	3810347	99.9873	9128	0.239	3819465	99.9871	11644	0.3048	11150	95.7575	2345	20.1391	2276	19.5465	6799	58.3906	114623	62.6017	78836	88.589	0.9893	019	019	Within	Human	Environment
C1021	C1024	na	NZ_CP010238.1	4797106	3928751	81.8984	3926217	99.9355	3926048	99.9957	2534	0.0645	3928577	99.9956	7032	0.179	6858	97.5256	5388	76.6212	245	3.4841	1110	15.785	60952	73.2101	57141	86.2043	0.9919	021	024	Between	Human	Human
C1021	C1049	na	NZ_CP010238.1	4797106	3152593	65.7186	3149421	99.8994	3146622	99.9111	3172	0.1006	3149763	99.9102	7086	0.2248	4256	60.0621	1546	21.8177	2437	34.3918	2503	35.3232	60952	13.3548	43751	16.779	0.9812	021	049	Between	Human	Human
C1021	C1080	na	NZ_CP010238.1	4797106	702043	14.6347	699592	99.6509	695885	99.4701	2451	0.3491	698302	99.4671	7726	1.1005	3985	51.5791	1981	25.6407	2717	35.167	2623	33.9503	60952	42.3087	64278	34.4737	0.983	021	080	Between	Human	Human
C1021	C1093	na	NZ_CP051738.1	5166012	791028	15.3122	790717	99.9607	790349	99.9535	311	0.0393	790656	99.953	729	0.0922	357	48.9712	50	6.8587	257	35.2538	420	57.6132	284441	46.8776	169607	62.8919	0.9488	021	093	Between	Human	Human
C1021	C2111	na	NZ_CP051738.1	5166012	1826281	35.3519	1824042	99.8774	1821962	99.886	2239	0.1226	1824196	99.8858	4387	0.2402	2302	52.4732	76	1.7324	802	18.2813	3494	79.6444	284441	16.8253	113534	41.2176	0.9394	021	111	Between	Human	Human
C1021	O1062	na	NZ_CP051738.1	5166012	1768880	34.2407	1765815	99.8267	1764952	99.9511	3065	0.1733	1768015	99.9511	3949	0.2232	3084	78.0957	25	0.6331	838	21.2206	3072	77.7918	284441	0	0	0	0.9449	021	062	Between	Human	Human
C1021	P1098	na	NZ_CP051738.1	5166012	1820265	35.2354	1816928	99.8167	1816502	99.9766	3337	0.1833	1819835	99.9764	4055	0.2228	3625	89.3958	322	7.9408	736	18.1504	2960	72.9963	284441	29.5313	92647	87.3207	0.9564	021	098	Between	Human	Animal
C1021	P2090	na	NZ_CP010238.1	4797106	2688855	56.0516	2684262	99.8292	2680740	99.8688	4593	0.1708	2685297	99.8677	9438	0.351	5880	62.3013	1767	18.7222	2694	28.5442	4471	47.3723	60952	30.296	61145	27.6049	0.9814	021	090	Between	Human	Animal
C1021	S1024	na	NZ_CP010238.1	4797106	394125	8.2159	391280	99.2781	389550	99.5579	2845	0.7219	392363	99.5529	5888	1.4939	4126	70.0747	1796	30.5027	2091	35.5129	1476	25.0679	60952	30.296	15053	100	0.9903	021	024	Between	Human	Environment
C1024	C1042	na	NZ_CP068802.1	4983069	3373728	67.7038	3354069	99.4173	3348176	99.8243	19659	0.5827	3367798	99.8242	26437	0.7836	20507	77.5693	1131	4.2781	3831	14.4911	21146	79.9864	87410	64.1986	162004	26.324	0.9667	024	042	Between	Human	Human
C1024	C1049	na	NZ_CP010238.1	4797106	3019829	62.9511	3015942	99.8713	3013488	99.9186	3887	0.1287	3017343	99.9177	7423	0.2458	4937	66.5095	1551	20.8945	3027	40.7787	2230	30.0418	57141	14.634	43751	16.779	0.982	024	049	Between	Human	Human
C1024	C1080	na	NZ_CP010238.1	4797106	652588	13.6038	649781	99.5699	646407	99.4807	2807	0.4301	649183	99.4782	7636	1.1701	4231	55.4086	1928	25.2488	3003	39.3269	2241	29.3478	57141	40.5978	64278	22.8507	0.9808	024	080	Between	Human	Human
C1024	P2090	na	NZ_CP010238.1	4797106	2615279	54.5178	2610160	99.8043	2606943	99.8768	5119	0.1957	2612022	99.8755	9667	0.3696	6410	66.3081	1975	20.4303	3003	31.0644	4105	42.4641	57141	40.5978	61145	27.6049	0.9823	024	090	Between	Human	Animal
C1024	S1024	na	NZ_CP010238.1	4797106	367923	7.6697	364926	99.1854	363316	99.5588	2997	0.8146	366278	99.5529	5907	1.6055	4262	72.1517	1808	30.6078	2342	39.6479	1220	20.6535	57141	40.5978	15053	100	0.9912	024	024	Within	Human	Environment
C1031	C1085	na	NZ_CP088131.1	4785944	2980245	62.2708	2977012	99.8915	2973494	99.8818	3233	0.1085	2976709	99.8814	8762	0.294	5226	59.6439	2309	26.3524	3265	37.2632	2930	33.4399	220187	58.1815	122420	93.4267	0.973	031	085	Between	Human	Human
C1031	C1092	na	NZ_CP088131.1	4785944	2497299	52.1799	2489425	99.6847	2485263	99.8328	7874	0.3153	2493105	99.8321	13080	0.5238	8886	67.9358	1084	8.2875	3434	26.2538	8258	63.1346	220187	52.1852	147617	80.0545	0.9679	031	092	Between	Human	Human
C1031	O1031	na	NZ_CP088131.1	4785944	3042006	63.5613	3038928	99.8988	3038676	99.9917	3078	0.1012	3041753	99.9917	7715	0.2536	7462	96.7207	4909	63.6293	366	4.744	1511	19.5852	220187	77.7099	158788	100	0.9866	031	031	Within	Human	Human
C1031	O1034	na	NZ_CP088131.1	4785944	2846628	59.4789	2844857	99.9378	2840769	99.8563	1771	0.0622	2842534	99.8562	7091	0.2491	2997	42.2648	1277	18.0087	2970	41.8841	2461	34.706	220187	60.6412	188704	67.2296	0.9617	031	034	Between	Human	Human
C1033	C1038	na	NZ_LR134231.1	4594692	754742	16.4264	750722	99.4674	748842	99.7496	4020	0.5326	752823	99.7457	6209	0.8227	4290	69.0933	517	8.3266	1951	31.4221	3412	54.9525	75077	39.562	39077	61.9828	0.9855	033	038	Between	Human	Human
C1033	C1108	na	NZ_AP022261.1	4907327	2859700	58.2741	2844628	99.473	2841758	99.8991	15072	0.527	2856816	99.8992	18324	0.6408	15440	84.2611	460	2.5104	2826	15.4224	14766	80.5828	112521	13.0047	16742	32.5409	0.9759	033	108	Between	Human	Human
C1033	C1109	na	NZ_AP022261.1	4907327	3563265	72.6111	3559575	99.8964	3556379	99.9102	3690	0.1036	3560041	99.9095	9104	0.2555	5880	64.587	2422	26.6037	2160	23.7258	4209	46.2324	112521	41.2998	63644	67.3119	0.9814	033	109	Between	Human	Human
C1033	D1060	na	NZ_LR134231.1	4594692	3023169	65.797	3015322	99.7404	3012640	99.9111	7847	0.2596	3020463	99.9105	11075	0.3663	8369	75.5666	760	6.8623	3134	28.298	6810	61.4898	75077	60.1329	42940	86.6442	0.9904	033	060	Between	Human	Animal
C1033	O1004	na	NZ_LR134231.1	4594692	2589461	56.3577	2583609	99.774	2578855	99.816	5852	0.226	2584643	99.8139	11110	0.429	6292	56.6337	681	6.1296	3293	29.64	6791	61.1251	75077	67.4268	46667	100	0.9935	033	004	Between	Human	Human
C1033	O1038	na	NZ_LR134231.1	4594692	3431577	74.6857	3429523	99.9401	3424806	99.8625	2054	0.0599	3426831	99.8617	7776	0.2266	3030	38.966	1032	13.2716	3408	43.8272	3237	41.6281	75077	87.4848	118258	57.4498	0.9862	033	038	Between	Human	Human
C1033	O1090	na	NZ_AP022261.1	4907327	3944112	80.3719	3932024	99.6935	3926960	99.8712	12088	0.3065	3939012	99.8707	17968	0.4556	12868	71.6162	1079	6.0051	4264	23.7311	11908	66.2734	112521	0	8010	0	0.9754	033	090	Between	Human	Human
C1033	O1108	na	NZ_LR134231.1	4594692	1123216	24.4459	1121356	99.8344	1117868	99.6889	1860	0.1656	1119711	99.6879	5747	0.5117	2242	39.0117	415	7.2212	2265	39.4119	2978	51.8183	75077	67.4268	88781	56.3972	0.9855	033	108	Between	Human	Human
C1033	P1004	na	NZ_LR134231.1	4594692	1781550	38.7741	1779496	99.8847	1776719	99.8439	2054	0.1153	1778755	99.8431	5219	0.2929	2424	46.4457	416	7.9709	3368	64.5334	1337	25.6179	75077	80.3149	67840	85.7429	0.9939	033	004	Between	Human	Animal
C1033	P1005	na	NZ_LR134231.1	4594692	1697906	36.9536	1690968	99.5914	1688975	99.8821	6938	0.4086	1695868	99.88	9317	0.5487	7279	78.126	597	6.4076	2624	28.1636	5723	61.4254	75077	54.9116	32957	100	0.9907	033	005	Between	Human	Animal
C1033	P1020	na	NZ_LR134231.1	4594692	3289418	71.5917	3286969	99.9255	3276317	99.6759	2449	0.0745	3278739	99.6754	13963	0.4245	3284	23.5193	911	6.5244	3087	22.1084	9788	70.0995	75077	84.6504	88599	77.2119	0.9888	033	020	Between	Human	Animal
C1033	P1021	na	NZ_LR134231.1	4594692	2299597	50.049	2293804	99.7481	2291753	99.9106	5793	0.2519	2297492	99.9085	8411	0.3658	6306	74.9732	826	9.8205	2672	31.7679	4318	51.3375	75077	80.3149	57519	100	0.9961	033	021	Between	Human	Animal
C1033	P1038	na	NZ_LR134231.1	4594692	1651560	35.945	1648624	99.8222	1646029	99.8426	2936	0.1778	1648938	99.8412	5952	0.3604	3330	55.9476	530	8.9046	2583	43.3972	2611	43.8676	75077	67.4268	42619	100	0.9925	033	038	Between	Human	Animal
C1033	P1045	na	NZ_LR778148.1	4729401	2733329	57.7944	2728508	99.8236	2726289	99.9187	4821	0.1764	2731073	99.9175	7731	0.2828	5475	70.8188	891	11.525	3484	45.0653	3114	40.2794	84731	43.31	74200	60.0782	0.979	033	045	Between	Human	Animal
C1033	P1051	na	NZ_LR778148.1	4729401	1744166	36.8792	1739391	99.7262	1737967	99.9181	4775	0.2738	1742725	99.9174	6929	0.3973	5488	79.2033	1158	16.7124	2705	39.0388	2538	36.6287	84731	63.4502	43218	71.542	0.9859	033	051	Between	Human	Animal
C1033	P1055	na	NZ_LR134231.1	4594692	1067446	23.2322	1065458	99.8138	1063059	99.7748	1988	0.1862	1065024	99.7731	4769	0.4468	2347	49.2137	457	9.5827	2418	50.7025	1741	36.5066	75077	67.4268	47164	100	0.9936	033	055	Between	Human	Animal
C1033	P1084	na	NZ_LR134231.1	4594692	2413299	52.5236	2411411	99.9218	2409707	99.9293	1888	0.0782	2411585	99.929	3911	0.1621	2197	56.1749	356	9.1025	1611	41.1915	1883	48.1463	75077	87.4848	116509	71.5129	0.9859	033	084	Between	Human	Animal
C1033	P1090	na	NZ_LR134231.1	4594692	3484310	75.8334	3482207	99.9396	3478016	99.8796	2103	0.0604	3480094	99.879	7175	0.2059	2959	41.2404	899	12.5296	3723	51.8885	2418	33.7003	75077	87.1119	92755	60.7256	0.9878	033	090	Between	Human	Animal
C1033	P2062	na	NZ_LR778148.1	4729401	2013866	42.5818	2011597	99.8873	2010088	99.925	2269	0.1127	2012348	99.9246	4626	0.2297	3108	67.1855	871	18.8284	2493	53.8911	1104	23.8651	84731	30.9922	45605	54.6892	0.981	033	062	Between	Human	Animal
C1033	P2066	na	NZ_LR134231.1	4594692	2256625	49.1137	2254197	99.8924	2251233	99.8685	2428	0.1076	2253631	99.8673	5846	0.2591	2852	48.7855	513	8.7752	2951	50.479	2241	38.3339	75077	54.9116	53230	77.2515	0.9898	033	066	Between	Human	Animal
C1033	P2075	na	NZ_LR778148.1	4729401	2509548	53.0627	2504045	99.7807	2501888	99.9139	5503	0.2193	2507369	99.9132	8126	0.3238	5947	73.1848	637	7.839	3795	46.7019	3352	41.2503	84731	10.2654	33293	26.0806	0.9787	033	075	Between	Human	Animal
C1033	P3031	na	NZ_LR134231.1	4594692	300328	6.5364	298423	99.3657	296681	99.4163	1905	0.6343	298563	99.4123	4115	1.3702	2350	57.1081	540	13.1227	1490	36.209	1923	46.7315	75077	80.191	65131	87.605	0.9942	033	031	Between	Human	Animal
C1033	P3038	na	NZ_LR778148.1	4729401	2630397	55.618	2613152	99.3444	2611148	99.9233	17245	0.6556	2628358	99.9225	19933	0.7578	17894	89.7707	1075	5.3931	3612	18.1207	14841	74.4544	84731	30.9922	20261	100	0.986	033	038	Between	Human	Animal
C1033	P3092	na	NZ_LR134231.1	4594692	2303418	50.1322	2292221	99.5139	2290223	99.9128	11197	0.4861	2301374	99.9113	13554	0.5884	11510	84.9196	638	4.7071	2888	21.3074	9513	70.1859	75077	54.9116	41192	100	0.9924	033	092	Between	Human	Animal
C1033	S1019	na	NZ_LR134231.1	4594692	1724816	37.5393	1722417	99.8609	1720336	99.8792	2399	0.1391	1722712	99.878	4968	0.288	2864	57.649	563	11.3325	2336	47.0209	1944	39.1304	75077	80.191	65915	81.5869	0.9924	033	019	Between	Human	Environment
C1033	S1030	na	NZ_LR134231.1	4594692	2618268	56.9846	2614504	99.8562	2610340	99.8407	3764	0.1438	2614051	99.8389	8550	0.3266	4333	50.6784	749	8.7602	3073	35.9415	4466	52.2339	75077	100	67621	100	0.9983	033	030	Between	Human	Environment
C1033	S1111	na	NZ_AP022261.1	4907327	4102945	83.6086	4097484	99.8669	4094360	99.9238	5461	0.1331	4099818	99.9238	9853	0.2401	6726	68.2635	1452	14.7366	4030	40.9012	3915	39.7341	112521	0	20370	0	0.9729	033	111	Between	Human	Environment
C1033	W1110	na	NZ_LR134231.1	4594692	3490564	75.9695	3488386	99.9376	3483871	99.8706	2178	0.0624	3486022	99.8699	7422	0.2126	2880	38.8036	745	10.0377	3637	49.003	2861	38.5476	75077	52.0772	82294	49.8129	0.9819	033	110	Between	Human	Environment
C1034	C1076	na	NZ_CP045206.1	4944436	3384005	68.4407	3380838	99.9064	3350481	99.1021	3167	0.0936	3353589	99.1012	34481	1.0189	4065	11.7891	1051	3.0481	30848	89.4638	2307	6.6906	225916	30.1347	138083	69.6357	0.9521	034	076	Between	Human	Human
C1034	C1083	na	NZ_CP045206.1	4944436	3605406	72.9184	3600316	99.8588	3569631	99.1477	5090	0.1412	3574657	99.1471	37008	1.0265	6259	16.9126	1502	4.0586	31207	84.325	3766	10.1762	225916	15.2402	110296	52.2739	0.9442	034	083	Between	Human	Human
C1034	O1020	na	NZ_CP045206.1	4944436	3633638	73.4894	3629323	99.8812	3598523	99.1514	4315	0.1188	3602761	99.1502	36541	1.0056	5664	15.5004	1569	4.2938	30910	84.5899	3606	9.8684	225916	22.0985	108472	63.6948	0.948	034	020	Between	Human	Human
C1034	O1049	na	NZ_AP022177.1	4733200	3497776	73.8988	3490164	99.7824	3488592	99.955	7612	0.2176	3496184	99.9545	10603	0.3031	9011	84.9854	1723	16.2501	5887	55.522	2465	23.2481	107672	60.219	68755	100	0.9893	034	049	Between	Human	Human
C1034	P1111	na	NZ_CP045206.1	4944436	2387192	48.2804	2382644	99.8095	2359862	99.0438	4548	0.1905	2364323	99.042	28015	1.1736	5146	18.3687	703	2.5094	22442	80.1071	4372	15.6059	225916	27.8511	145220	70.544	0.9472	034	111	Between	Human	Animal
C1034	P2080	na	NZ_AP022177.1	4733200	4057575	85.7258	4051388	99.8475	4047549	99.9052	6187	0.1525	4053672	99.9038	11332	0.2793	7429	65.5577	1357	11.9749	7092	62.5838	2415	21.3113	107672	57.3668	115306	57.8721	0.9786	034	080	Between	Human	Animal
C1034	P3069	na	NZ_AP022177.1	4733200	4058928	85.7544	4052690	99.8463	4049265	99.9155	6238	0.1537	4055443	99.9141	10971	0.2703	7486	68.2344	1393	12.6971	6723	61.2797	2316	21.1102	107672	63.9451	106550	66.3069	0.9811	034	069	Between	Human	Animal
C1034	P3080	na	NZ_AP022177.1	4733200	2539248	53.6476	2532166	99.7211	2530058	99.9168	7082	0.2789	2537097	99.9153	9715	0.3826	7564	77.859	750	7.72	4725	48.6361	3911	40.2573	107672	57.3668	81417	80.6588	0.9854	034	080	Between	Human	Animal
C1038	C1049	na	NZ_CP053284.1	5244439	526039	10.0304	520938	99.0303	516960	99.2364	5101	0.9697	521990	99.2303	10238	1.9462	6189	60.4513	1619	15.8136	5076	49.58	2700	26.3723	173519	79.7031	256245	58.3855	0.9671	038	049	Between	Human	Human
C1038	C1066	na	NZ_CP007390.1	4807977	391344	8.1395	390506	99.7859	387450	99.2174	838	0.2141	388282	99.2176	4125	1.0541	1063	25.7697	235	5.697	1035	25.0909	2798	67.8303	135591	87.1518	241727	46.5364	0.9646	038	066	Between	Human	Human
C1038	C1075	na	NZ_CP053284.1	5244439	554360	10.5704	549641	99.1487	544884	99.1345	4719	0.8513	549552	99.1327	10770	1.9428	5962	55.3575	1679	15.5896	5299	49.2015	2843	26.3974	173519	83.2439	386679	40.8427	0.9414	038	075	Between	Human	Human
C1038	C2068	na	NZ_CP022279.1	4907118	3511183	71.5529	3507298	99.8894	3504939	99.9327	3885	0.1106	3508795	99.932	17862	0.5087	15474	86.6308	11844	66.3084	3214	17.9935	1910	10.6931	146224	87.9555	258077	63.1808	0.9664	038	068	Between	Human	Human
C1038	D1060	na	NZ_LR134231.1	4594692	774768	16.8622	768597	99.2035	767450	99.8508	6171	0.7965	773589	99.8478	7734	0.9982	6555	84.7556	952	12.3093	3382	43.729	3050	39.4363	39077	62.469	42940	63.0741	0.9919	038	060	Between	Human	Animal
C1038	O1004	na	NZ_LR134231.1	4594692	762107	16.5867	756362	99.2462	754408	99.7417	5745	0.7538	760116	99.7388	8216	1.0781	6225	75.7668	856	10.4187	3606	43.89	3363	40.9323	39077	61.9828	46667	54.7282	0.9918	038	004	Between	Human	Human
C1038	O1005	na	NZ_CP007390.1	4807977	1717176	35.7151	1708991	99.5233	1704673	99.7473	8185	0.4767	1712800	99.7452	13395	0.7801	9019	67.3311	1080	8.0627	5222	38.9847	6564	49.0034	135591	69.5186	72161	100	0.9844	038	005	Between	Human	Human
C1038	O1011	na	NZ_CP053284.1	5244439	370403	7.0628	366022	98.8172	362403	99.0113	4381	1.1828	366733	99.0092	8635	2.3312	4965	57.4986	855	9.9016	4944	57.2554	2312	26.7748	173519	51.4399	116849	75.1654	0.9776	038	011	Between	Human	Human
C1038	O1021	na	NZ_CP053284.1	5244439	554323	10.5697	544878	98.2961	541150	99.3158	9445	1.7039	550531	99.3159	14546	2.6241	10754	73.931	2340	16.0869	4716	32.4213	6238	42.8846	173519	82.2371	137001	94.4701	0.989	038	021	Between	Human	Human
C1038	O1021	na	NZ_CP022279.1	4907118	2610935	53.2071	2601890	99.6536	2600494	99.9463	9045	0.3464	2609522	99.9459	17435	0.6678	16022	91.8956	7236	41.5027	1892	10.8517	7705	44.1927	146224	95.3065	207883	68.3615	0.9749	038	021	Between	Human	Human
C1038	O1034	na	NZ_CP053284.1	5244439	490799	9.3585	484889	98.7958	481040	99.2062	5910	1.2042	486880	99.2015	11038	2.249	7119	64.4954	2042	18.4997	4801	43.4952	3317	30.0507	173519	83.9084	228890	64.2234	0.9697	038	034	Between	Human	Human
C1038	O1038	na	NZ_LR134231.1	4594692	835270	18.179	831459	99.5437	828242	99.6131	3811	0.4563	832016	99.6104	7433	0.8899	4179	56.2223	423	5.6908	3749	50.4372	2731	36.7416	39077	100	118258	45.3906	0.9815	038	038	Within	Human	Human
C1038	O1042	na	NZ_CP022279.1	4907118	3499429	71.3133	3494705	99.865	3492127	99.9262	4724	0.135	3496811	99.9252	18319	0.5235	15701	85.7088	11381	62.1268	3545	19.3515	2540	13.8654	146224	92.9047	221091	73.0966	0.979	038	042	Between	Human	Human
C1038	O1045	na	NZ_CP053284.1	5244439	332079	6.332	329836	99.3246	326978	99.1335	2243	0.6754	329197	99.1321	6164	1.8562	3282	53.2446	1249	20.2628	1772	28.7476	2677	43.4296	173519	96.6326	306093	65.8571	0.9699	038	045	Between	Human	Human
C1038	O1045	na	NZ_CP022279.1	4907118	3491392	71.1495	3485462	99.8302	3482758	99.9224	5930	0.1698	3488666	99.9219	20181	0.578	17455	86.4922	12110	60.0069	3349	16.5948	3464	17.1647	146224	87.9555	214883	72.8001	0.9761	038	045	Between	Human	Human
C1038	O1060	na	NZ_CP022279.1	4907118	3561530	72.5789	3557657	99.8913	3556484	99.967	3873	0.1087	3560345	99.9667	17583	0.4937	16398	93.2605	12803	72.8147	2487	14.1443	1292	7.348	146224	96.4643	288141	59.6715	0.9627	038	060	Between	Human	Human
C1038	O1108	na	NZ_LR134231.1	4594692	479703	10.4404	476477	99.3275	474613	99.6088	3226	0.6725	477815	99.6064	5374	1.1203	3486	64.8679	351	6.5314	2553	47.5065	2039	37.9419	39077	100	88781	51.5978	0.9887	038	108	Between	Human	Human
C1038	P1004	na	NZ_LR134231.1	4594692	676653	14.7268	672914	99.4474	671618	99.8074	3739	0.5526	675333	99.8049	5301	0.7834	3981	75.099	343	6.4705	3910	73.7597	840	15.8461	39077	76.7536	67840	58.2812	0.9896	038	004	Between	Human	Animal
C1038	P1005	na	NZ_LR134231.1	4594692	620371	13.5019	613679	98.9213	612185	99.7566	6692	1.0787	618843	99.7537	8503	1.3706	6975	82.0299	824	9.6907	3241	38.116	4028	47.3715	39077	61.9828	32957	73.6505	0.9948	038	005	Between	Human	Animal
C1038	P1020	na	NZ_LR134231.1	4594692	790320	17.2007	786501	99.5168	781396	99.3509	3819	0.4832	785172	99.3486	9446	1.1952	4298	45.5007	560	5.9284	3140	33.2416	5044	53.3983	39077	85.2292	88599	44.0739	0.9865	038	020	Between	Human	Animal
C1038	P1021	na	NZ_LR134231.1	4594692	733138	15.9562	726224	99.0569	725248	99.8656	6914	0.9431	732137	99.8635	8312	1.1338	7311	87.9572	1199	14.4249	2962	35.6352	3671	44.1651	39077	61.9828	57519	50.8093	0.9892	038	021	Between	Human	Animal
C1038	P1038	na	NZ_LR134231.1	4594692	595255	12.9553	590859	99.2615	589119	99.7055	4396	0.7385	593479	99.7016	6554	1.101	4778	72.902	702	10.711	3150	48.0623	2345	35.7797	39077	61.9828	42619	60.2736	0.9927	038	038	Within	Human	Animal
C1038	P1055	na	NZ_LR134231.1	4594692	533304	11.607	529653	99.3154	528939	99.8652	3651	0.6846	532573	99.8629	4825	0.9047	4094	84.8497	741	15.3575	2670	55.3368	948	19.6477	39077	61.9828	47164	54.7918	0.9916	038	055	Between	Human	Animal
C1038	P1084	na	NZ_LR134231.1	4594692	525756	11.4427	523410	99.5538	522281	99.7843	2346	0.4462	524624	99.7847	3707	0.7051	2575	69.4632	293	7.904	2074	55.9482	1217	32.8298	39077	61.9828	116509	26.1945	0.9765	038	084	Between	Human	Animal
C1038	P1090	na	NZ_LR134231.1	4594692	862744	18.777	858853	99.549	856410	99.7156	3891	0.451	860265	99.7127	6873	0.7966	4394	63.9313	545	7.9296	3747	54.5177	1972	28.692	39077	76.7536	92755	40.4539	0.9834	038	090	Between	Human	Animal
C1038	P2004	na	NZ_CP007390.1	4807977	2040652	42.443	1959779	96.0369	1947804	99.389	80873	3.9631	2028420	99.4006	94238	4.618	82006	87.0201	2141	2.2719	5498	5.8342	85934	91.1883	135591	91.5695	146084	83.0324	0.9916	038	004	Between	Human	Animal
C1038	P2066	na	NZ_LR134231.1	4594692	663308	14.4364	659577	99.4375	657600	99.7003	3731	0.5625	661311	99.6989	5982	0.9018	3985	66.6165	428	7.1548	3074	51.3875	2153	35.9913	39077	61.9828	53230	55.5439	0.9903	038	066	Between	Human	Animal
C1038	P2090	na	NZ_CP007390.1	4807977	1203302	25.0272	1200003	99.7258	1198964	99.9134	3299	0.2742	1202257	99.9132	5690	0.4729	4645	81.6344	1464	25.7293	1725	30.3163	2107	37.0299	135591	95.3736	140086	95.5834	0.9963	038	090	Between	Human	Animal
C1038	P3005	na	NZ_CP007390.1	4807977	1950690	40.5719	1946209	99.7703	1940507	99.707	4481	0.2297	1944950	99.7057	11424	0.5856	5684	49.7549	1363	11.931	6408	56.0924	3410	29.8494	135591	80.0429	115952	92.6297	0.9921	038	005	Between	Human	Animal
C1038	P3031	na	NZ_LR134231.1	4594692	212163	4.6176	209290	98.6459	207738	99.2584	2873	1.3541	210586	99.2567	4703	2.2167	3126	66.4682	456	9.6959	1881	39.9957	2000	42.526	39077	70.9445	65131	49.6676	0.9886	038	031	Between	Human	Animal
C1038	P3092	na	NZ_LR134231.1	4594692	736053	16.0196	727957	98.9001	726951	99.8618	8096	1.0999	735013	99.8587	9379	1.2742	8339	88.9114	1097	11.6963	3180	33.9055	4766	50.8157	39077	61.9828	41192	72.014	0.993	038	092	Between	Human	Animal
C1038	S1019	na	NZ_LR134231.1	4594692	552889	12.0332	549520	99.3907	547918	99.7085	3369	0.6093	551268	99.7068	5171	0.9353	3550	68.6521	319	6.169	2870	55.5018	1686	32.6049	39077	47.6981	65915	37.2374	0.9852	038	019	Between	Human	Environment
C1038	S1030	na	NZ_LR134231.1	4594692	646927	14.0799	642673	99.3424	640241	99.6216	4254	0.6576	644459	99.6185	7060	1.0913	4592	65.0425	589	8.3428	3133	44.3768	2903	41.119	39077	61.9828	67621	43.5678	0.9871	038	030	Between	Human	Environment
C1038	S1068	na	NZ_CP007390.1	4807977	879453	18.2915	872509	99.2104	866944	99.3622	6944	0.7896	873826	99.3602	13129	1.4929	7502	57.1407	831	6.3295	3365	25.6303	8383	63.851	135591	66.2374	62314	91.0598	0.9822	038	068	Between	Human	Environment
C1038	W1098	na	NZ_CP007390.1	4807977	2437394	50.6948	2432384	99.7945	2426827	99.7715	5010	0.2055	2431786	99.7699	11902	0.4883	6294	52.8819	1443	12.124	6715	56.4191	3394	28.5162	135591	84.8213	145896	78.4531	0.9846	038	098	Between	Human	Environment
C1038	W1110	na	NZ_LR134231.1	4594692	885433	19.2708	881320	99.5355	880063	99.8574	4113	0.4645	884153	99.8554	6333	0.7152	5053	79.7884	990	15.6324	3340	52.7396	1178	18.601	39077	100	82294	57.8353	0.9899	038	110	Between	Human	Environment
C1042	O1108	na	NZ_AP022298.1	5121071	2925620	57.1291	2919998	99.8078	2893818	99.1034	5622	0.1922	2899360	99.1024	32580	1.1136	6320	19.3984	859	2.6366	28482	87.4217	2853	8.7569	111612	0	19761	0	0.9743	042	108	Between	Human	Human
C1042	P1030	na	NZ_CP087578.1	4853432	2492196	51.3491	2482813	99.6235	2480799	99.9189	9383	0.3765	2490163	99.9184	11944	0.4793	9911	82.9789	848	7.0998	7831	65.5643	3149	26.3647	113542	46.7571	91966	67.4043	0.9792	042	030	Between	Human	Animal
C1042	W1084	na	NZ_AP022298.1	5121071	2429981	47.4506	2418083	99.5104	2396913	99.1245	11898	0.4896	2408681	99.1234	33757	1.3892	12457	36.902	894	2.6483	22920	67.897	8813	26.1072	111612	16.0502	70262	30.3094	0.9709	042	084	Between	Human	Environment
C1045	C1050	na	NZ_LS992168.1	5031440	3771680	74.9622	3767273	99.8832	3766694	99.9846	4407	0.1168	3771097	99.9845	6263	0.1661	5680	90.6914	1536	24.525	1565	24.988	2598	41.4817	0	0	32741	0	0.9935	045	050	Between	Human	Human
C1045	C1060	na	NZ_LS992168.1	5031440	4002499	79.5498	3999303	99.9201	3996367	99.9266	3196	0.0799	3999553	99.9264	6155	0.1538	3209	52.1365	36	0.5849	5603	91.0317	448	7.2786	0	0	114779	0	0.9772	045	060	Between	Human	Human
C1045	C1076	na	NZ_CP073981.1	4774884	2263948	47.4137	2261519	99.8927	2257897	99.8398	2429	0.1073	2260302	99.839	7215	0.3187	3569	49.4664	1242	17.2141	2912	40.3604	2872	39.806	75917	63.7907	129719	43.5811	0.9744	045	076	Between	Human	Human
C1045	C1110	na	NZ_CP073981.1	4774884	1569771	32.8756	1568310	99.9069	1565035	99.7912	1461	0.0931	1566482	99.7905	5530	0.3523	2241	40.5244	818	14.792	2764	49.9819	1861	33.6528	75917	71.5834	151955	38.6391	0.9698	045	110	Between	Human	Human
C1045	C1111	na	NZ_LS992168.1	5031440	3485901	69.2824	3482045	99.8894	3481530	99.9852	3856	0.1106	3485380	99.9851	5640	0.1618	5119	90.7624	1356	24.0426	1792	31.773	2114	37.4823	0	0	42553	0	0.9915	045	111	Between	Human	Human
C1045	C2048	na	NZ_CP073981.1	4774884	2325320	48.699	2321285	99.8265	2321007	99.988	4035	0.1735	2325042	99.988	5678	0.2442	5400	95.1039	1555	27.3864	1692	29.7992	1298	22.8602	75917	82.1805	255047	40.6482	0.9561	045	048	Between	Human	Human
C1045	C2111	na	NZ_LS992168.1	5031440	2151627	42.7636	2148752	99.8664	2147416	99.9378	2875	0.1336	2150287	99.9377	4712	0.219	3372	71.562	582	12.3514	1122	23.8115	2757	58.5102	0	0	41045	0	0.9918	045	111	Between	Human	Human
C1045	D1109	na	NZ_CP073981.1	4774884	1610621	33.7311	1603813	99.5773	1601407	99.85	6808	0.4227	1608179	99.8484	10093	0.6267	7651	75.805	1141	11.3049	2768	27.4249	5736	56.8315	75917	36.9785	51858	47.7805	0.9835	045	109	Between	Human	Animal
C1045	O1005	na	NZ_LS992168.1	5031440	229465	4.5606	227382	99.0922	226021	99.4014	2083	0.9078	228076	99.3947	3876	1.6891	2487	64.1641	478	12.3323	1286	33.1785	1751	45.1754	0	0	28010	0	0.9944	045	005	Between	Human	Human
C1045	O1031	na	NZ_CP073981.1	4774884	1946921	40.7742	1943499	99.8242	1940835	99.8629	3422	0.1758	1944237	99.8621	7167	0.3681	4483	62.5506	1197	16.7015	2684	37.4494	2859	39.8912	75917	91.687	163239	44.4832	0.9725	045	031	Between	Human	Human
C1045	P1064	na	NZ_CP073981.1	4774884	1663922	34.8474	1654780	99.4506	1652058	99.8355	9142	0.5494	1661155	99.8337	12593	0.7568	9826	78.0275	940	7.4645	3012	23.918	8198	65.0997	75917	52.942	75888	65.146	0.9835	045	064	Between	Human	Animal
C1045	P2090	na	NZ_CP073981.1	4774884	1201902	25.1713	1197404	99.6258	1195218	99.8174	4498	0.3742	1199673	99.8145	7127	0.593	4898	68.7246	636	8.9238	2647	37.1405	3462	48.5758	75917	63.7907	130871	42.6718	0.9749	045	090	Between	Human	Animal
C1045	P2109	na	NZ_CP073981.1	4774884	1563636	32.7471	1559989	99.7668	1557333	99.8297	3647	0.2332	1560951	99.8283	7079	0.4527	4394	62.0709	870	12.2899	3354	47.3796	2543	35.9232	75917	52.942	97422	33.513	0.9772	045	109	Between	Human	Animal
C1045	S1024	na	NZ_CP073981.1	4774884	1638757	34.3204	1634179	99.7206	1631718	99.8494	4578	0.2794	1636259	99.8476	7800	0.476	5302	67.9744	872	11.1795	3061	39.2436	3549	45.5	75917	52.942	66108	53.9753	0.9826	045	024	Between	Human	Environment
C1045	W1081	na	NZ_CP073981.1	4774884	1688403	35.3601	1681296	99.5791	1679162	99.8731	7107	0.4209	1686220	99.8707	10185	0.6032	8002	78.5665	1216	11.9391	2905	28.5223	5765	56.6028	75917	52.942	65414	65.3988	0.9857	045	081	Between	Human	Environment
C1048	S1009	na	NZ_AP025220.2	4733210	3517930	74.3244	3502819	99.5705	3499531	99.9061	15111	0.4295	3514606	99.9055	19963	0.5675	16639	83.3492	1619	8.11	1139	5.7056	16736	83.8351	193388	49.7332	79018	100	0.9754	048	009	Between	Human	Environment
C1049	C1075	na	NZ_CP053284.1	5244439	3715154	70.8399	3710799	99.8828	3707417	99.9089	4355	0.1172	3711742	99.9082	11637	0.3132	8225	70.6797	4445	38.1971	3894	33.4622	2627	22.5745	256245	93.4816	386679	61.2847	0.9543	049	075	Between	Human	Human
C1049	C1080	na	NZ_CP010238.1	4797106	570490	11.8924	567141	99.413	564287	99.4968	3349	0.587	567586	99.491	7068	1.2389	4164	58.9134	1324	18.7323	2397	33.9134	2810	39.7566	43751	71.4498	64278	56.9635	0.9905	049	080	Between	Human	Human
C1049	O1011	na	NZ_CP053284.1	5244439	1133965	21.6222	1130404	99.686	1127617	99.7535	3561	0.314	1131149	99.7517	7654	0.675	4838	63.2088	1524	19.9112	3155	41.2203	2501	32.6757	256245	47.6895	116849	91.299	0.9668	049	011	Between	Human	Human
C1049	O1021	na	NZ_CP053284.1	5244439	2854648	54.4319	2834029	99.2777	2826794	99.7447	20619	0.7223	2847327	99.7435	29182	1.0223	21861	74.9126	2023	6.9324	5515	18.8986	20715	70.9855	256245	50.5442	137001	83.587	0.9666	049	021	Between	Human	Human
C1049	O1034	na	NZ_CP053284.1	5244439	2625339	50.0595	2619748	99.787	2618919	99.9684	5591	0.213	2624500	99.968	11082	0.4221	10243	92.4292	5981	53.9704	2089	18.8504	2094	18.8955	256245	85.6387	228890	92.9883	0.9837	049	034	Between	Human	Human
C1049	O1045	na	NZ_CP053284.1	5244439	3093728	58.9906	3088891	99.8437	3081446	99.759	4837	0.1563	3086262	99.7587	14150	0.4574	6684	47.2367	1988	14.0495	2676	18.9117	9178	64.8622	256245	68.6858	306093	57.2284	0.9497	049	045	Between	Human	Human
C1049	P2090	na	NZ_CP010238.1	4797106	2572525	53.6266	2566653	99.7717	2563466	99.8758	5872	0.2283	2569293	99.8744	9863	0.3834	6631	67.2311	1387	14.0627	3183	32.2721	4669	47.3385	43751	45.3292	61145	28.3016	0.985	049	090	Between	Human	Animal
C1049	S1024	na	NZ_CP010238.1	4797106	364105	7.5901	360161	98.9168	358216	99.46	3944	1.0832	362114	99.4532	6503	1.786	4512	69.3834	1106	17.0075	2477	38.0901	2276	34.9992	43751	16.779	15053	51.3718	0.9908	049	024	Between	Human	Environment
C1050	C1060	na	NZ_LS992168.1	5031440	3934598	78.2002	3931751	99.9276	3928820	99.9255	2847	0.0724	3931654	99.9252	5796	0.1473	2852	49.2063	40	0.6901	5473	94.4272	235	4.0545	32741	0	114779	0	0.9707	050	060	Between	Human	Human
C1050	C1111	na	NZ_LS992168.1	5031440	3488936	69.3427	3485341	99.897	3484948	99.9887	3595	0.103	3488535	99.9885	5131	0.1471	4730	92.1848	1264	24.6346	1968	38.3551	1812	35.3148	32741	0	42553	0	0.985	050	111	Between	Human	Human
C1050	C1119	na	NZ_AP025662.1	4906821	342471	6.9795	341631	99.7547	337597	98.8192	840	0.2453	338423	98.818	5819	1.6991	1771	30.4348	958	16.4633	3203	55.0438	1609	27.6508	141092	44.247	111530	51.9618	0.9694	050	119	Between	Human	Human
C1050	C2111	na	NZ_LS992168.1	5031440	2067052	41.0827	2064492	99.8762	2063423	99.9482	2560	0.1238	2065976	99.9479	4152	0.2009	3076	74.0848	576	13.8728	1361	32.7794	2111	50.843	32741	44.2595	41045	32.8103	0.9917	050	111	Between	Human	Human
C1050	O1005	na	NZ_LS992168.1	5031440	180824	3.5939	179657	99.3546	178698	99.4662	1167	0.6454	179860	99.4669	2422	1.3394	1458	60.1982	316	13.0471	1077	44.4674	959	39.5954	32741	44.2595	28010	61.4566	0.9937	050	005	Between	Human	Human
C1051	C1099	na	NZ_LS483297.1	4705041	1945373	41.3466	1944017	99.9303	1940618	99.8252	1356	0.0697	1941941	99.8236	5376	0.2763	1944	36.1607	653	12.1466	2038	37.9092	2477	46.0751	119570	72.1602	156299	60.3478	0.9773	051	099	Between	Human	Human
C1051	D1076	na	NZ_CP054224.1	4721932	1955543	41.414	1951930	99.8152	1951540	99.98	3613	0.1848	1955152	99.98	4233	0.2165	3842	90.7631	561	13.253	1581	37.3494	2048	48.3818	113912	100	166959	70.4424	0.9867	051	076	Between	Human	Animal
C1051	D1093	na	NZ_CP047876.1	4775730	2869130	60.0773	2863337	99.7981	2859335	99.8602	5793	0.2019	2865074	99.8586	10992	0.3831	6936	63.1004	1460	13.2824	3421	31.1226	5665	51.5375	37256	100	44125	51.1751	0.9924	051	093	Between	Human	Animal
C1051	O1099	na	NZ_LS483297.1	4705041	1555359	33.0573	1553813	99.9006	1550986	99.8181	1546	0.0994	1552493	99.8157	4931	0.317	2065	41.8779	582	11.8029	1966	39.8702	2167	43.9465	119570	66.6304	153480	57.1254	0.9736	051	099	Between	Human	Human
C1051	P1024	na	NZ_CP047876.1	4775730	889573	18.627	887165	99.7293	883214	99.5546	2408	0.2707	885578	99.5509	7946	0.8932	3951	49.7231	1685	21.2056	3187	40.1082	2776	34.9358	37256	100	67961	53.0701	0.9906	051	024	Between	Human	Animal
C1051	P1048	na	NZ_CP047876.1	4775730	2040539	42.7273	2036473	99.8007	2033482	99.8531	4066	0.1993	2037513	99.8517	7953	0.3897	4927	61.9515	1069	13.4415	2141	26.9207	4465	56.1423	37256	100	70882	53.1856	0.9905	051	048	Between	Human	Animal
C1051	P1068	na	NZ_CP047876.1	4775730	4003695	83.8342	3996478	99.8197	3990694	99.8553	7217	0.1803	3997844	99.8539	14528	0.3629	8677	59.726	1849	12.7271	3768	25.9361	8319	57.2618	37256	100	51447	49.5306	0.9895	051	068	Between	Human	Animal
C1051	P1108	na	NZ_CP047876.1	4775730	3277407	68.6263	3267627	99.7016	3265036	99.9207	9780	0.2984	3274757	99.9191	13427	0.4097	10777	80.2636	1541	11.4769	3652	27.1989	7510	55.9321	37256	100	47297	69.571	0.9936	051	108	Between	Human	Animal
C1051	P2020	na	NZ_CP047876.1	4775730	3123490	65.4034	3109110	99.5396	3105854	99.8953	14380	0.4604	3120190	99.8943	18516	0.5928	15216	82.1776	1058	5.714	2454	13.2534	14490	78.2566	37256	100	58419	42.3099	0.9903	051	020	Between	Human	Animal
C1051	P2024	na	NZ_CP047876.1	4775730	893231	18.7035	890851	99.7336	886910	99.5576	2380	0.2664	889248	99.5541	7898	0.8842	3915	49.5695	1670	21.1446	3167	40.0988	2761	34.9582	37256	100	70133	51.4537	0.9902	051	024	Between	Human	Animal
C1051	P2038	na	NZ_CP047876.1	4775730	3315675	69.4276	3292570	99.3032	3289340	99.9019	23105	0.6968	3312405	99.9014	27571	0.8315	24301	88.1397	1391	5.0452	2845	10.3188	22886	83.0075	37256	100	146353	24.7368	0.9741	051	038	Between	Human	Animal
C1051	P2120	na	NZ_CP047876.1	4775730	2141476	44.8408	2133525	99.6287	2131076	99.8852	7951	0.3713	2138968	99.8829	11354	0.5302	8846	77.9109	1595	14.0479	3694	32.5348	5136	45.2352	37256	100	29402	100	0.9983	051	120	Between	Human	Animal
C1051	P3057	na	NZ_CP047876.1	4775730	2674670	56.0055	2671160	99.8688	2668135	99.8868	3510	0.1312	2671597	99.8851	8273	0.3093	5200	62.8551	1991	24.0662	2979	36.0087	2822	34.111	37256	100	64251	67.7935	0.9943	051	057	Between	Human	Animal
C1051	P3076	na	NZ_CP047876.1	4775730	3025752	63.3568	3019773	99.8024	3016840	99.9029	5979	0.1976	3022760	99.9011	9898	0.3271	6906	69.7717	1232	12.447	3249	32.8248	5017	50.687	37256	100	89446	39.303	0.9844	051	076	Between	Human	Animal
C1051	P3099	na	NZ_CP047876.1	4775730	4005869	83.8797	3999508	99.8412	3997365	99.9464	6361	0.1588	4003696	99.9458	9584	0.2392	7411	77.3268	1356	14.1486	3471	36.2166	4162	43.4265	37256	100	86946	38.609	0.9855	051	099	Between	Human	Animal
C1051	S1050	na	NZ_CP047876.1	4775730	2865994	60.0116	2827946	98.6724	2824348	99.8728	38048	1.3276	2862320	99.8718	42707	1.4901	39033	91.3972	1519	3.5568	2950	6.9075	37738	88.3649	37256	100	48337	69.3734	0.9937	051	050	Between	Human	Environment
C1051	W1019	na	NZ_CP047876.1	4775730	3113295	65.1899	3109319	99.8723	3106157	99.8983	3976	0.1277	3110092	99.8971	8221	0.2641	5018	61.0388	1315	15.9956	3093	37.6232	3479	42.3185	37256	100	49147	46.4749	0.9888	051	019	Between	Human	Environment
C1051	W1092	na	NZ_CP047876.1	4775730	4001685	83.7921	3978677	99.425	3974616	99.8979	23008	0.575	3997550	99.8967	28710	0.7174	24575	85.5974	1757	6.1198	3413	11.8878	23075	80.3727	37256	100	111255	34.3832	0.9822	051	092	Between	Human	Environment
C1053	C1076	na	NZ_CP047710.1	4771912	2896539	60.6998	2881102	99.4671	2879922	99.959	15437	0.5329	2895354	99.9591	16652	0.5749	15467	92.8837	186	1.117	14484	86.9805	1908	11.4581	5664	0	27453	0	0.9931	053	076	Between	Human	Human
C1053	C1081	na	NZ_CP024147.1	4639454	3077044	66.3234	3074663	99.9226	3073438	99.9602	2381	0.0774	3075817	99.9601	4045	0.1315	2818	69.6663	484	11.9654	988	24.4252	2509	62.0272	107129	52.7327	111162	45.7701	0.974	053	081	Between	Human	Human
C1053	D1030	na	NZ_CP047710.1	4771912	3475436	72.8311	3455890	99.4376	3454695	99.9654	19546	0.5624	3474235	99.9654	20806	0.5987	19605	94.2276	182	0.8747	18579	89.2964	1931	9.281	5664	0	17086	0	0.9952	053	030	Between	Human	Animal
C1053	O1053	na	NZ_CP047710.1	4771912	3249902	68.1048	3230617	99.4066	3230069	99.983	19285	0.5934	3249353	99.9831	19875	0.6116	19326	97.2377	287	1.444	17532	88.2113	2059	10.3597	5664	0	6394	0	0.9975	053	053	Within	Human	Human
C1053	O1120	na	NZ_CP069980.1	5058969	2166187	42.8187	2160918	99.7568	2159507	99.9347	5269	0.2432	2164767	99.9344	6823	0.315	5403	79.188	194	2.8433	2170	31.8042	4296	62.9635	33560	84.3623	60951	64.9079	0.9924	053	120	Between	Human	Human
C1053	P1109	na	NZ_CP024147.1	4639454	3069546	66.1618	3061593	99.7409	3054918	99.782	7953	0.2591	3062843	99.7816	15125	0.4927	8422	55.6826	567	3.7488	1410	9.3223	13076	86.4529	107129	69.8784	175985	41.1319	0.9687	053	109	Between	Human	Animal
C1053	P2069	na	NZ_CP024147.1	4639454	2560375	55.187	2554407	99.7669	2549941	99.8252	5968	0.2331	2555879	99.8244	10869	0.4245	6373	58.6346	572	5.2627	1140	10.4885	9044	83.2091	107129	76.9428	185009	42.7504	0.9696	053	069	Between	Human	Animal
C1053	S1021	na	NZ_CP024147.1	4639454	2706975	58.3468	2705505	99.9457	2700497	99.8149	1470	0.0543	2701963	99.8148	6875	0.254	1863	27.0982	429	6.24	1026	14.9236	5397	78.5018	107129	86.8654	194310	52.0534	0.9719	053	021	Between	Human	Environment
C1053	S1053	na	NZ_LR025101.1	5059899	2241456	44.2984	2231333	99.5484	2229185	99.9037	10123	0.4516	2239284	99.9031	12729	0.5679	10557	82.9366	800	6.2849	6142	48.252	5659	44.4575	59076	40.6781	161518	25.4944	0.9653	053	053	Within	Human	Environment
C1055	P2030	na	NZ_CP098223.1	4841244	3671171	75.8312	3662456	99.7626	3650502	99.6736	8715	0.2374	3659166	99.673	21283	0.5797	9278	43.5935	776	3.6461	4928	23.1546	15071	70.8124	97335	70.4423	237077	26.7048	0.9562	055	030	Between	Human	Animal
C1057	W1057	na	NZ_CP027126.1	4877957	2858722	58.6049	2855208	99.8771	2854635	99.9799	3514	0.1229	2858142	99.9797	7543	0.2639	6963	92.3108	3904	51.7566	505	6.6949	2512	33.3024	236912	91.5179	164053	96.5249	0.9714	057	057	Within	Human	Environment
C1058	O1109	na	NZ_CP098201.1	5160718	3298287	63.9114	3279414	99.4278	3276833	99.9213	18873	0.5722	3295656	99.9202	22323	0.6768	19692	88.2139	1186	5.3129	11546	51.7224	9243	41.4057	85528	83.8041	74599	81.6901	0.9924	058	109	Between	Human	Human
C1058	W1019	na	NZ_CP098201.1	5160718	3675393	71.2186	3659765	99.5748	3655303	99.8781	15628	0.4252	3670875	99.8771	20575	0.5598	16057	78.0413	1222	5.9392	13332	64.7971	5879	28.5735	85528	40.7001	78836	41.1741	0.9806	058	019	Between	Human	Environment
C1060	C1111	na	NZ_LS992168.1	5031440	3570367	70.9611	3568399	99.9449	3566190	99.9381	1968	0.0551	3568156	99.9381	4193	0.1174	1982	47.2693	27	0.6439	283	6.7493	3864	92.1536	114779	19.352	42553	13.099	0.9709	060	111	Between	Human	Human
C1060	C2111	na	NZ_LS992168.1	5031440	2168550	43.1	2166512	99.906	2163967	99.8825	2038	0.094	2165994	99.8821	4611	0.2126	2055	44.5673	39	0.8458	550	11.928	3975	86.2069	114779	17.5755	41045	37.7683	0.9751	060	111	Between	Human	Human
C1060	O1005	na	NZ_LS992168.1	5031440	244176	4.853	243327	99.6523	241531	99.2619	849	0.3477	242369	99.26	2653	1.0865	846	31.8884	20	0.7539	47	1.7716	2561	96.5322	114779	0	28010	0	0.9716	060	005	Between	Human	Human
C1064	O1062	na	NZ_CP054353.1	5170495	3353525	64.8589	3351135	99.9287	3350365	99.977	2390	0.0713	3352754	99.977	5945	0.1773	5174	87.0311	2937	49.4029	706	11.8755	2127	35.778	201204	88.7984	180303	82.7607	0.9823	064	062	Between	Human	Human
C1066	O1005	na	NZ_CP007390.1	4807977	280175	5.8273	279183	99.6459	276867	99.1704	992	0.3541	277844	99.168	3454	1.2328	1123	32.513	161	4.6613	2276	65.8946	822	23.7985	241727	29.995	72161	74.9172	0.9515	066	005	Between	Human	Human
C1066	O1066	na	NZ_CP048359.1	4884114	4420301	90.5036	4419621	99.9846	4419546	99.9983	680	0.0154	4420224	99.9983	1298	0.0294	1221	94.0678	668	51.4638	180	13.8675	418	32.2034	103014	89.449	100864	100	0.995	066	066	Within	Human	Human
C1066	P2004	na	NZ_CP007390.1	4807977	324249	6.744	310617	95.7958	307376	98.9566	13632	4.2042	320858	98.9542	17103	5.2747	13712	80.1731	265	1.5494	2024	11.8342	14384	84.1022	241727	58.9727	146084	95.8928	0.9677	066	004	Between	Human	Animal
C1066	P2090	na	NZ_CP007390.1	4807977	200513	4.1704	200040	99.7641	198103	99.0317	473	0.2359	198569	99.0305	2503	1.2483	559	22.3332	120	4.7942	1880	75.1099	423	16.8997	241727	49.0533	140086	90.942	0.967	066	090	Between	Human	Animal
C1066	P3005	na	NZ_CP007390.1	4807977	589859	12.2683	589327	99.9098	585915	99.421	532	0.0902	586438	99.42	4250	0.7205	829	19.5059	309	7.2706	3329	78.3294	602	14.1647	241727	40.5184	115952	94.8367	0.9626	066	005	Between	Human	Animal
C1066	S1068	na	NZ_CP007390.1	4807977	153443	3.1914	152447	99.3509	150769	98.8993	996	0.6491	151749	98.896	2882	1.8782	1188	41.2214	223	7.7377	1257	43.6155	1281	44.4483	241727	34.8	62314	100	0.9609	066	068	Between	Human	Environment
C1066	W1098	na	NZ_CP007390.1	4807977	436002	9.0683	435485	99.8814	432415	99.295	517	0.1186	432917	99.2924	3792	0.8697	707	18.6445	212	5.5907	2926	77.1624	592	15.6118	241727	64.1683	145896	86.964	0.9628	066	098	Between	Human	Environment
C1069	C1090	na	NZ_LR134080.1	5030213	1535291	30.5214	1530320	99.6762	1518591	99.2336	4971	0.3238	1523510	99.2327	17537	1.1423	5756	32.822	939	5.3544	13622	77.6758	2685	15.3105	196204	68.6729	152401	85.9581	0.9743	069	090	Between	Human	Human
C1069	O1021	na	NZ_LR134080.1	5030213	1521841	30.254	1508787	99.1422	1499779	99.403	13054	0.8578	1512728	99.4012	22556	1.4822	13443	59.5983	1046	4.6373	11170	49.5212	7701	34.1417	196204	42.0751	114741	79.0284	0.9691	069	021	Between	Human	Human
C1069	O1104	na	NZ_CP023386.1	4900891	4164860	84.9817	4161484	99.9189	4152584	99.7861	3376	0.0811	4155921	99.7854	13435	0.3226	4496	33.4648	1210	9.0063	6188	46.0588	5775	42.9847	200016	74.0786	231235	78.3112	0.9696	069	104	Between	Human	Human
C1069	W1060	na	NZ_CP023386.1	4900891	4145178	84.5801	4137469	99.814	4133831	99.9121	7709	0.186	4141505	99.9114	15395	0.3714	11722	76.1416	4101	26.6385	3610	23.4492	7122	46.2618	200016	100	233870	94.8523	0.9863	069	060	Between	Human	Environment
C1075	O1011	na	NZ_CP053284.1	5244439	1199016	22.8626	1195807	99.7324	1192659	99.7367	3209	0.2676	1195839	99.735	7887	0.6578	4710	59.7185	1686	21.3769	2919	37.0103	2823	35.7931	386679	30.5737	116849	95.6816	0.9434	075	011	Between	Human	Human
C1075	O1021	na	NZ_CP053284.1	5244439	2987497	56.965	2967296	99.3238	2958730	99.7113	20201	0.6762	2978834	99.71	30281	1.0136	21618	71.3913	1852	6.116	5049	16.6738	22354	73.8219	386679	33.7624	137001	83.676	0.9369	075	021	Between	Human	Human
C1075	O1034	na	NZ_CP053284.1	5244439	2701259	51.5071	2696771	99.8339	2693314	99.8718	4488	0.1661	2697782	99.8713	11176	0.4137	7699	68.8887	3792	33.9298	2650	23.7115	3670	32.8382	386679	51.324	228890	86.8304	0.9483	075	034	Between	Human	Human
C1075	O1045	na	NZ_CP053284.1	5244439	3375613	64.3656	3371754	99.8857	3363669	99.7602	3859	0.1143	3367501	99.7597	14005	0.4149	5893	42.0778	2191	15.6444	1570	11.2103	9939	70.9675	386679	47.0287	306093	62.0436	0.9283	075	045	Between	Human	Human
C1076	C1083	na	NZ_CP045206.1	4944436	3718137	75.1984	3712876	99.8585	3709155	99.8998	5261	0.1415	3714377	99.8989	10678	0.2872	6918	64.7874	2079	19.4699	2813	26.3439	5300	49.6348	138083	48.5541	110296	60.2243	0.9761	076	083	Between	Human	Human
C1076	C1110	na	NZ_CP073981.1	4774884	2372008	49.6768	2370743	99.9467	2366248	99.8104	1265	0.0533	2367499	99.8099	6951	0.293	2442	35.1316	1247	17.9399	3471	49.9353	2086	30.0101	129719	74.0817	151955	50.2326	0.9692	076	110	Between	Human	Human
C1076	C2048	na	NZ_CP073981.1	4774884	3819271	79.9867	3814895	99.8854	3811368	99.9075	4376	0.1146	3815710	99.9068	9535	0.2497	5974	62.6534	1856	19.4651	3611	37.871	3713	38.9407	129719	100	255047	53.9497	0.9671	076	048	Between	Human	Human
C1076	D1030	na	NZ_CP047710.1	4771912	3460974	72.528	3457600	99.9025	3456557	99.9698	3374	0.0975	3459930	99.9698	4739	0.1369	3695	77.97	465	9.8122	2508	52.9226	1719	36.2735	27453	45.8711	17086	100	0.9958	076	030	Between	Human	Animal
C1076	D1109	na	NZ_CP073981.1	4774884	2252760	47.1794	2245350	99.6711	2241561	99.8313	7410	0.3289	2248925	99.8298	12176	0.5405	8341	68.5036	1226	10.069	3407	27.9813	6906	56.7181	129719	46.8621	51858	100	0.9811	076	109	Between	Human	Animal
C1076	O1020	na	NZ_CP045206.1	4944436	3738933	75.619	3734385	99.8784	3730099	99.8852	4548	0.1216	3734615	99.8845	10550	0.2822	6232	59.0711	2065	19.5735	2619	24.8246	5384	51.0332	138083	61.6144	108472	74.1334	0.9814	076	020	Between	Human	Human
C1076	O1031	na	NZ_CP073981.1	4774884	2606426	54.5862	2602877	99.8638	2599828	99.8829	3549	0.1362	2603359	99.8823	8022	0.3078	4955	61.7676	1623	20.2319	2642	32.9344	3147	39.2296	129719	74.0817	163239	47.9579	0.9656	076	031	Between	Human	Human
C1076	O1053	na	NZ_CP047710.1	4771912	3120271	65.3883	3116471	99.8782	3115748	99.9768	3800	0.1218	3119544	99.9767	4561	0.1462	3834	84.0605	156	3.4203	2023	44.3543	2319	50.8441	27453	0	6394	0	0.9929	076	053	Between	Human	Human
C1076	P1064	na	NZ_CP073981.1	4774884	2470345	51.7362	2459798	99.5731	2455850	99.8395	10547	0.4269	2466350	99.8383	15539	0.629	11544	74.2905	1181	7.6002	3775	24.2937	10031	64.5537	129719	52.8874	75888	100	0.9831	076	064	Between	Human	Animal
C1076	P1111	na	NZ_CP045206.1	4944436	2424272	49.0303	2419539	99.8048	2417923	99.9332	4733	0.1952	2422650	99.9331	7612	0.314	5990	78.6915	1395	18.3263	1066	14.0042	4995	65.6201	138083	84.6085	145220	90.4951	0.9884	076	111	Between	Human	Animal
C1076	P2090	na	NZ_CP073981.1	4774884	1555461	32.5759	1550627	99.6892	1547197	99.7788	4834	0.3108	1551988	99.7767	8833	0.5679	5360	60.6815	776	8.7852	3293	37.2807	4294	48.6132	129719	88.3317	130871	81.494	0.9861	076	090	Between	Human	Animal
C1076	P2109	na	NZ_CP073981.1	4774884	2122641	44.4543	2118998	99.8284	2116081	99.8623	3643	0.1716	2119705	99.8617	7529	0.3547	4593	61.0041	1117	14.836	3190	42.3695	2722	36.1535	129719	57.9036	97422	67.4673	0.9757	076	109	Between	Human	Animal
C1076	S1024	na	NZ_CP073981.1	4774884	2217635	46.4437	2212862	99.7848	2208589	99.8069	4773	0.2152	2213325	99.8056	9916	0.4471	5606	56.5349	998	10.0645	4229	42.6482	4327	43.6365	129719	51.8783	66108	92.1885	0.9816	076	024	Between	Human	Environment
C1076	W1081	na	NZ_CP073981.1	4774884	2335911	48.9208	2328125	99.6667	2324752	99.8551	7786	0.3333	2332486	99.8534	12386	0.5302	8961	72.3478	1356	10.9478	3290	26.5622	7292	58.8729	129719	57.9036	65414	100	0.9833	076	081	Between	Human	Environment
C1080	D1021	na	NZ_CP025849.1	4818782	284249	5.8988	283465	99.7242	281124	99.1741	784	0.2758	281885	99.1683	3151	1.1085	787	24.9762	62	1.9676	2705	85.8458	256	8.1244	142267	15.764	65578	34.1441	0.966	080	021	Between	Human	Animal
C1080	D1093	na	NZ_CP025849.1	4818782	279296	5.796	276881	99.1353	275084	99.351	2415	0.8647	277464	99.3441	4590	1.6434	2758	60.0871	457	9.9564	1781	38.8017	1804	39.3028	142267	32.5177	51339	80.3658	0.9767	080	093	Between	Human	Animal
C1080	P2090	na	NZ_CP010238.1	4797106	531295	11.0753	527392	99.2654	524933	99.5337	3903	0.7346	528791	99.5287	8049	1.515	5545	68.8905	2369	29.4322	2177	27.0468	2874	35.7063	64278	22.8507	61145	27.6049	0.9799	080	090	Between	Human	Animal
C1080	P3066	na	NZ_CP025849.1	4818782	290774	6.0342	288740	99.3005	286728	99.3032	2034	0.6995	288702	99.2874	4516	1.5531	2444	54.1187	554	12.2675	1565	34.6546	1992	44.1098	142267	61.6411	123507	58.8582	0.9745	080	066	Between	Human	Animal
C1080	S1024	na	NZ_CP025849.1	4818782	281247	5.8365	279740	99.4642	277710	99.2743	1507	0.5358	279185	99.2668	4089	1.4539	2027	49.572	619	15.1382	1866	45.6346	1280	31.3035	142267	21.246	30447	100	0.9766	080	024	Between	Human	Environment
C1080	S1024	na	NZ_CP010238.1	4797106	427717	8.9161	423679	99.0559	421019	99.3722	4038	0.9441	425013	99.3678	8359	1.9543	5655	67.6516	2321	27.7665	3070	36.7269	2255	26.9769	64278	22.8507	15053	100	0.9895	080	024	Between	Human	Environment
C1081	C1103	na	NZ_CP060073.1	4672168	3793138	81.1858	3791152	99.9476	3783250	99.7916	1986	0.0524	3785211	99.791	10493	0.2766	2566	24.4544	665	6.3376	8204	78.1855	1305	12.4369	132461	43.1938	57193	100	0.9832	081	103	Between	Human	Human
C1081	P1050	na	NZ_CP060073.1	4672168	3622745	77.5388	3621225	99.958	3613459	99.7855	1520	0.042	3614959	99.7851	11144	0.3076	3358	30.1328	1906	17.1034	5294	47.5054	3709	33.2825	132461	74.4529	148569	57.7415	0.9739	081	050	Between	Human	Animal
C1081	P1058	na	NZ_CP060073.1	4672168	2224293	47.6073	2219012	99.7626	2213902	99.7697	5281	0.2374	2219148	99.7687	11054	0.497	5909	53.4558	728	6.5859	5490	49.6653	4148	37.5249	132461	52.8299	48917	100	0.9813	081	058	Between	Human	Animal
C1081	P1109	na	NZ_CP024147.1	4639454	2640565	56.9154	2632969	99.7123	2627904	99.8076	7596	0.2877	2635481	99.8075	13120	0.4969	8036	61.25	537	4.093	2016	15.3659	10418	79.4055	111162	36.6474	175985	25.9812	0.9552	081	109	Between	Human	Animal
C1081	P2069	na	NZ_CP024147.1	4639454	2367864	51.0376	2362127	99.7577	2358357	99.8404	5737	0.2423	2364072	99.8399	9847	0.4159	6055	61.4908	447	4.5395	1867	18.9601	7412	75.2717	111162	41.2506	185009	27.8084	0.9546	081	069	Between	Human	Animal
C1081	P2090	na	NZ_CP060073.1	4672168	1961830	41.9897	1960024	99.9079	1954385	99.7123	1806	0.0921	1956161	99.711	8363	0.4263	2694	32.2133	965	11.5389	5093	60.8992	2048	24.4888	132461	57.2991	66376	71.7639	0.9775	081	090	Between	Human	Animal
C1081	P2108	na	NZ_CP060073.1	4672168	3871876	82.8711	3871058	99.9789	3863267	99.7987	818	0.0211	3864058	99.7981	10363	0.2676	2545	24.5585	1821	17.5721	6031	58.1974	2326	22.4452	132461	55.2744	218723	26.0658	0.9481	081	108	Between	Human	Animal
C1081	P3034	na	NZ_CP060073.1	4672168	3864588	82.7151	3863900	99.9822	3854738	99.7629	688	0.0178	3855410	99.7625	12349	0.3195	3171	25.6782	2564	20.7628	5580	45.1858	4093	33.1444	132461	74.3811	244440	34.3749	0.9525	081	034	Between	Human	Animal
C1081	S1021	na	NZ_CP024147.1	4639454	2419507	52.1507	2417061	99.8989	2413246	99.8422	2446	0.1011	2415683	99.842	6588	0.2723	2764	41.9551	390	5.9199	1849	28.0662	4215	63.98	111162	45.7701	194310	33.4625	0.9535	081	021	Between	Human	Environment
C1081	S1108	na	NZ_CP060073.1	4672168	3842691	82.2464	3839237	99.9101	3831392	99.7957	3454	0.0899	3834821	99.7952	11884	0.3093	4014	33.7765	746	6.2773	8050	67.7381	3015	25.3702	132461	16.0032	20562	100	0.9759	081	108	Between	Human	Environment
C1083	O1020	na	NZ_CP045206.1	4944436	4162418	84.1839	4154995	99.8217	4152989	99.9517	7423	0.1783	4160383	99.9511	13337	0.3204	11302	84.7417	4590	34.4155	3616	27.1125	3995	29.9543	110296	92.4993	108472	86.4656	0.9893	083	020	Between	Human	Human
C1083	P1111	na	NZ_CP045206.1	4944436	2531255	51.194	2525526	99.7737	2522748	99.89	5729	0.2263	2528443	99.8889	9423	0.3723	6611	70.1581	1139	12.0874	2547	27.0296	5440	57.7311	110296	60.2243	145220	46.1169	0.9741	083	111	Between	Human	Animal
C1083	P2005	na	NZ_CP029492.1	4423666	1122440	25.3735	1115012	99.3382	1109018	99.4624	7428	0.6618	1116398	99.4617	14296	1.2737	8254	57.7364	1171	8.1911	6851	47.9225	5389	37.6959	37833	54.2569	20016	100	0.9959	083	005	Between	Human	Animal
C1083	P2011	na	NZ_CP029492.1	4423666	1962880	44.3722	1954690	99.5828	1946006	99.5557	8190	0.4172	1954128	99.5541	18187	0.9265	9435	51.8777	1689	9.2869	9291	51.0859	6033	33.172	37833	54.2569	33917	59.6839	0.9927	083	011	Between	Human	Animal
C1083	P2085	na	NZ_CP029492.1	4423666	1736202	39.248	1729457	99.6115	1721105	99.5171	6745	0.3885	1727807	99.5165	16619	0.9572	8224	49.4855	1669	10.0427	7301	43.9316	6843	41.1758	37833	54.2569	68377	34.8626	0.9849	083	085	Between	Human	Animal
C1083	P3004	na	NZ_CP029492.1	4423666	1891793	42.7653	1886040	99.6959	1876463	99.4922	5753	0.3041	1882163	99.491	17349	0.9171	7719	44.4925	2180	12.5656	8131	46.8673	6191	35.6851	37833	81.043	61016	46.5779	0.988	083	004	Between	Human	Animal
C1084	C2084	na	NZ_CP022686.1	5055316	4580177	90.6012	4579580	99.987	4579579	100	597	0.013	4580176	100	4945	0.108	4944	99.9798	4842	97.9171	36	0.728	47	0.9505	129293	100	129184	100	1	084	084	Within	Human	Human
C1084	O1049	na	NZ_CP022686.1	5055316	4242441	83.9204	4240615	99.957	4237133	99.9179	1826	0.043	4238949	99.9177	6905	0.1628	3413	49.428	1692	24.504	1545	22.3751	3433	49.7176	129293	60.8788	144770	51.8851	0.9746	084	049	Between	Human	Human
C1084	W1084	na	NZ_CP022686.1	5055316	3477870	68.7963	3462390	99.5549	3461665	99.9791	15480	0.4451	3477143	99.9791	17261	0.4963	16534	95.7882	1227	7.1085	719	4.1655	15103	87.4978	129293	92.5851	115800	100	0.9971	084	084	Within	Human	Environment
C1085	C1092	na	NZ_CP088131.1	4785944	2048426	42.8009	2039890	99.5833	2037496	99.8826	8536	0.4167	2046013	99.8822	11650	0.5687	9237	79.2876	949	8.1459	3232	27.7425	7193	61.7425	122420	83.6669	147617	75.9472	0.9847	085	092	Between	Human	Human
C1085	C1098	na	NZ_CP062908.1	4747440	2403063	50.6181	2400606	99.8978	2393768	99.7152	2457	0.1022	2396195	99.7142	10445	0.4347	3577	34.2461	1250	11.9674	5094	48.7697	3802	36.4002	116252	74.2275	190750	55.5512	0.9678	085	098	Between	Human	Human
C1085	O1031	na	NZ_CP088131.1	4785944	2589523	54.1068	2584391	99.8018	2582068	99.9101	5132	0.1982	2587170	99.9091	9329	0.3603	6976	74.7776	2410	25.8334	2610	27.9773	3981	42.6734	122420	89.0541	158788	76.0807	0.9839	085	031	Between	Human	Human
C1085	O1034	na	NZ_CP088131.1	4785944	2546053	53.1986	2542509	99.8608	2539843	99.8951	3544	0.1392	2543361	99.8943	7030	0.2761	4338	61.707	930	13.229	2958	42.0768	2860	40.6828	122420	100	188704	69.0457	0.9808	085	034	Between	Human	Human
C1090	O1021	na	NZ_LR134080.1	5030213	3267599	64.9595	3242933	99.2451	3237002	99.8171	24666	0.7549	3261562	99.8152	31660	0.9689	25623	80.9318	1745	5.5117	7560	23.8787	21094	66.6267	152401	59.9517	114741	86.7266	0.9816	090	021	Between	Human	Human
C1090	O1053	na	NZ_CP011134.1	5000386	2017800	40.3529	2012273	99.7261	2010620	99.9179	5527	0.2739	2016122	99.9168	8379	0.4153	6701	79.9737	1794	21.4107	4225	50.4237	2063	24.6211	123571	60.6971	96282	67.9753	0.9814	090	053	Between	Human	Human
C1090	O1053	na	NZ_CP070930.1	4668053	2245049	48.0939	2241648	99.8485	2239307	99.8956	3401	0.1515	2242688	99.8948	6755	0.3009	4394	65.0481	1472	21.7913	2538	37.5722	2342	34.6706	92039	93.4571	147947	50.4302	0.978	090	053	Between	Human	Human
C1090	P2092	na	NZ_CP070930.1	4668053	1751690	37.5251	1744170	99.5707	1741474	99.8454	7520	0.4293	1748966	99.8445	11079	0.6325	8355	75.4129	1200	10.8313	2744	24.7676	6894	62.2258	92039	60.2636	93733	56.9703	0.9773	090	092	Between	Human	Animal
C1090	S1109	na	NZ_CP011134.1	5000386	1717017	34.3377	1700741	99.0521	1698539	99.8705	16276	0.9479	1714770	99.8691	18648	1.0861	16401	87.9505	763	4.0916	5192	27.8421	12159	65.2027	123571	35.7268	41635	87.7699	0.9802	090	109	Between	Human	Environment
C1092	D1049	na	NZ_CP085488.1	4672036	1341749	28.7187	1331005	99.1993	1325006	99.5493	10744	0.8007	1335680	99.5477	17790	1.3259	11721	65.8853	1634	9.1849	7058	39.674	7999	44.9635	55532	32.9396	36226	52.0621	0.9881	092	049	Between	Human	Animal
C1092	O1031	na	NZ_CP088131.1	4785944	2035121	42.5229	2026651	99.5838	2023382	99.8387	8470	0.4162	2031816	99.8376	12536	0.616	9231	73.6359	1026	8.1844	7123	56.8204	3995	31.8682	147617	80.0545	158788	71.3681	0.9806	092	031	Between	Human	Human
C1092	O1034	na	NZ_CP088131.1	4785944	1973650	41.2385	1966206	99.6228	1964521	99.9143	7444	0.3772	1971946	99.9137	10145	0.514	8441	83.2035	1198	11.8088	6697	66.0128	1944	19.1621	147617	95.8927	188704	83.1106	0.9857	092	034	Between	Human	Human
C1092	P3064	na	NZ_CP042585.1	4733770	1259530	26.6073	1253702	99.5373	1247334	99.4921	5828	0.4627	1253094	99.489	13186	1.0469	6750	51.1907	1187	9.002	8382	63.5674	3104	23.5401	76170	71.2945	61882	100	0.9928	092	064	Between	Human	Animal
C1092	W1099	na	NZ_CP085488.1	4672036	1051715	22.5108	1047304	99.5806	1041883	99.4824	4411	0.4194	1046268	99.4821	11144	1.0596	5697	51.1217	1503	13.4871	5128	46.0158	3799	34.0901	55532	70.7466	66307	64.6433	0.9907	092	099	Between	Human	Environment
C1093	C2068	na	NZ_CP060061.1	5326222	2822931	53.0006	2820153	99.9016	2798807	99.2431	2778	0.0984	2801555	99.2428	24821	0.8793	3445	13.8794	700	2.8202	790	3.1828	23255	93.6908	270928	79.8493	419015	41.7007	0.9303	093	068	Between	Human	Human
C1093	C2111	na	NZ_CP051738.1	5166012	1167821	22.6059	1166455	99.883	1165171	99.8899	1366	0.117	1166532	99.8896	2778	0.2379	1489	53.5997	133	4.7876	570	20.5184	2059	74.1181	169607	22.9224	113534	33.2729	0.9548	093	111	Between	Human	Human
C1093	O1011	na	NZ_CP060061.1	5326222	1916010	35.9732	1912645	99.8244	1910644	99.8954	3365	0.1756	1913983	99.8942	6303	0.329	4276	67.8407	1149	18.2294	1909	30.2872	2818	44.7089	270928	39.2636	141390	56.9856	0.9519	093	011	Between	Human	Human
C1093	O1062	na	NZ_CP051738.1	5166012	1136829	22.0059	1135105	99.8484	1134100	99.9115	1724	0.1516	1135817	99.911	2742	0.2412	1730	63.0926	33	1.2035	1031	37.6003	1649	60.1386	169607	0	0	0	0.9672	093	062	Between	Human	Human
C1093	O1092	na	NZ_CP060061.1	5326222	4361799	81.8929	4359885	99.9561	4358264	99.9628	1914	0.0439	4360167	99.9626	6113	0.1401	4481	73.3028	2973	48.6341	1034	16.9148	1924	31.4739	270928	96.1381	293475	92.1322	0.9864	093	092	Between	Human	Human
C1093	O1108	na	NZ_CP060061.1	5326222	786305	14.7629	783703	99.6691	776283	99.0532	2602	0.3309	778829	99.0492	10726	1.3641	3250	30.3002	777	7.2441	1918	17.8818	7715	71.928	270928	24.0422	134494	37.5742	0.9417	093	108	Between	Human	Human
C1093	P1098	na	NZ_CP051738.1	5166012	1091649	21.1314	1089657	99.8175	1088816	99.9228	1992	0.1825	1090800	99.9222	2965	0.2716	2116	71.3659	151	5.0927	938	31.6358	1840	62.0573	169607	44.8861	92647	82.9309	0.9733	093	098	Between	Human	Animal
C1099	O1099	na	NZ_LS483297.1	4705041	3034273	64.4898	3033542	99.9759	3033330	99.993	731	0.0241	3034060	99.993	6212	0.2047	5999	96.5712	5364	86.349	193	3.1069	235	3.783	156299	83.9116	153480	92.4537	0.9834	099	099	Within	Human	Human
C1103	C1109	na	NZ_CP100544.1	4679910	2423951	51.7948	2421625	99.904	2415591	99.7508	2326	0.096	2417890	99.75	8697	0.3588	2636	30.3093	385	4.4268	2201	25.3076	6020	69.2193	56220	58.3618	56979	55.8399	0.9893	103	109	Between	Human	Human
C1103	P1050	na	NZ_CP060073.1	4672168	3682056	78.8083	3679701	99.936	3674161	99.8494	2355	0.064	3676492	99.8489	8368	0.2273	2804	33.5086	560	6.6922	1257	15.0215	6298	75.2629	57193	100	148569	29.6293	0.9741	103	050	Between	Human	Animal
C1103	P1058	na	NZ_CP060073.1	4672168	2344496	50.18	2338298	99.7356	2337014	99.9451	6198	0.2644	2343191	99.9443	7803	0.3328	6498	83.2757	473	6.0618	1416	18.1469	5662	72.5618	57193	100	48917	74.5221	0.9928	103	058	Between	Human	Animal
C1103	P2090	na	NZ_CP060073.1	4672168	2054869	43.9811	2052226	99.8714	2049724	99.8781	2643	0.1286	2052344	99.8771	5413	0.2634	2888	53.353	347	6.4105	1344	24.8291	3495	64.5668	57193	88.5913	66376	44.2765	0.986	103	090	Between	Human	Animal
C1103	P2108	na	NZ_CP060073.1	4672168	3868049	82.7892	3866264	99.9539	3861705	99.8821	1785	0.0461	3863467	99.8815	6669	0.1724	2087	31.294	371	5.5631	1502	22.5221	4608	69.0958	57193	100	218723	18.9024	0.9582	103	108	Between	Human	Animal
C1103	P3034	na	NZ_CP060073.1	4672168	3830632	81.9883	3829106	99.9602	3821657	99.8055	1526	0.0398	3823158	99.8049	9446	0.2466	1972	20.8766	507	5.3674	1373	14.5353	7264	76.9003	57193	100	244440	17.9304	0.9533	103	034	Between	Human	Animal
C1103	S1084	na	NZ_CP100544.1	4679910	3174738	67.8376	3173770	99.9695	3170533	99.898	968	0.0305	3171494	99.8978	4398	0.1385	1154	26.2392	230	5.2296	3047	69.2815	1090	24.784	56220	55.7382	55636	54.7775	0.9864	103	084	Between	Human	Environment
C1103	S1108	na	NZ_CP060073.1	4672168	3952696	84.6009	3948237	99.8872	3947141	99.9722	4459	0.1128	3951599	99.9722	6182	0.1564	5085	82.2549	755	12.2129	1950	31.5432	3363	54.3999	57193	26.3774	20562	71.2285	0.9896	103	108	Between	Human	Environment
C1104	P1104	na	NZ_CP022086.2	5256950	2549762	48.5027	2547791	99.9227	2547555	99.9907	1971	0.0773	2549526	99.9907	3793	0.1488	3557	93.778	1959	51.6478	301	7.9357	1446	38.1229	135846	91.101	131429	100	0.9952	104	104	Within	Human	Animal
C1108	C1109	na	NZ_AP022261.1	4907327	2893474	58.9623	2877593	99.4511	2873484	99.8572	15881	0.5489	2889331	99.8568	20338	0.7029	16195	79.6293	514	2.5273	14338	70.4986	5153	25.3368	16742	32.5409	63644	22.9935	0.9858	108	109	Between	Human	Human
C1108	C2111	na	NZ_LR134216.1	4647667	1367116	29.4151	1360755	99.5347	1358086	99.8039	6361	0.4653	1364425	99.8032	9449	0.6912	6758	71.5208	552	5.8419	6945	73.4998	1646	17.4198	64961	58.3966	49241	82.0576	0.9898	108	111	Between	Human	Human
C1108	D1030	na	NZ_LR134216.1	4647667	2831814	60.9298	2822324	99.6649	2817510	99.8294	9490	0.3351	2826956	99.8284	14659	0.5177	9801	66.8599	402	2.7423	11104	75.7487	2976	20.3015	64961	72.3727	102372	52.2975	0.9821	108	030	Between	Human	Animal
C1108	O1062	na	NZ_LR134216.1	4647667	2869961	61.7506	2860285	99.6629	2856146	99.8553	9676	0.3371	2865793	99.8548	15075	0.5253	10907	72.3516	1309	8.6833	10934	72.5307	2533	16.8027	64961	58.3966	93961	41.232	0.9797	108	062	Between	Human	Human
C1108	O1090	na	NZ_AP022261.1	4907327	2933310	59.7741	2911653	99.2617	2909705	99.9331	21657	0.7383	2931339	99.9328	23952	0.8166	21981	91.771	930	3.8828	14141	59.0389	8598	35.8968	16742	0	8010	0	0.995	108	090	Between	Human	Human
C1108	P1042	na	NZ_LR134216.1	4647667	2630751	56.6037	2619289	99.5643	2614714	99.8253	11462	0.4357	2626120	99.824	16653	0.633	12022	72.1912	946	5.6807	11028	66.2223	4282	25.7131	64961	58.3966	38554	100	0.9916	108	042	Between	Human	Animal
C1108	P1048	na	NZ_LR134216.1	4647667	1953144	42.0242	1946043	99.6364	1942813	99.834	7101	0.3636	1949883	99.833	10960	0.5611	7699	70.2464	681	6.2135	8016	73.1387	1986	18.1204	64961	72.3727	98121	61.3875	0.9847	108	048	Between	Human	Animal
C1108	P1068	na	NZ_LR134216.1	4647667	2119057	45.594	2103462	99.2641	2097124	99.6987	15595	0.7359	2112657	99.698	22605	1.0667	16205	71.6877	1443	6.3835	7027	31.086	13265	58.6817	64961	72.3727	133620	38.1814	0.975	108	068	Between	Human	Animal
C1108	P2004	na	NZ_LR134216.1	4647667	2188690	47.0922	2137603	97.6659	2129869	99.6382	51087	2.3341	2180757	99.6375	59620	2.724	51687	86.6941	1711	2.8698	8073	13.5408	49410	82.8749	64961	57.5792	70710	56.3951	0.9841	108	004	Between	Human	Animal
C1108	P2099	na	NZ_AP022295.1	4665448	2435247	52.1975	2420797	99.4066	2405306	99.3601	14450	0.5934	2419678	99.3607	34152	1.4024	18583	54.4126	4645	13.601	11497	33.6642	15629	45.7631	52265	76.2786	60554	66.8478	0.9928	108	099	Between	Human	Animal
C1108	S1111	na	NZ_AP022261.1	4907327	3015458	61.4481	2998012	99.4214	2997302	99.9763	17446	0.5786	3014746	99.9764	18584	0.6163	17872	96.1687	791	4.2563	15112	81.3173	2631	14.1573	16742	67.4591	20370	100	0.997	108	111	Between	Human	Environment
C1108	W1098	na	NZ_LR134216.1	4647667	1854111	39.8934	1845610	99.5415	1842465	99.8296	8501	0.4585	1850920	99.8279	12370	0.6672	9179	74.2037	898	7.2595	7800	63.0558	3262	26.3703	64961	100	88280	91.7025	0.9925	108	098	Between	Human	Environment
C1109	O1090	na	NZ_AP022261.1	4907327	3589290	73.1414	3576830	99.6529	3571394	99.848	12460	0.3471	3583794	99.8469	18523	0.5161	13027	70.3288	884	4.7724	6135	33.121	10829	58.4625	63644	0	8010	0	0.9854	109	090	Between	Human	Human
C1109	P1064	na	NZ_CP010178.1	4741552	1721598	36.3087	1713110	99.507	1712044	99.9378	8488	0.493	1720517	99.9372	10255	0.5957	9174	89.4588	1062	10.3559	5940	57.923	2858	27.8693	59359	76.6725	64008	78.198	0.9931	109	064	Between	Human	Animal
C1109	S1053	na	NZ_CP010178.1	4741552	2081951	43.9086	2075380	99.6844	2073376	99.9034	6571	0.3156	2079928	99.9028	9551	0.4588	7528	78.819	1108	11.6009	6417	67.1867	1716	17.9667	59359	78.9771	63225	67.2993	0.9901	109	053	Between	Human	Environment
C1109	S1064	na	NZ_CP010178.1	4741552	1752068	36.9514	1743339	99.5018	1742150	99.9318	8729	0.4982	1750866	99.9314	10693	0.6103	9491	88.759	1159	10.8389	5870	54.8957	3364	31.4598	59359	100	67523	100	0.9979	109	064	Between	Human	Environment
C1109	S1084	na	NZ_CP100544.1	4679910	3123569	66.7442	3121305	99.9275	3115615	99.8177	2264	0.0725	3117853	99.817	8450	0.2705	2734	32.355	526	6.2249	6638	78.5562	1125	13.3136	56979	88.4765	55636	79.5294	0.9948	109	084	Between	Human	Environment
C1109	S1111	na	NZ_AP022261.1	4907327	3677289	74.9347	3671276	99.8365	3666651	99.874	6013	0.1635	3672650	99.8738	11375	0.3093	6736	59.2176	941	8.2725	6567	57.7319	3490	30.6813	63644	0	20370	0	0.9829	109	111	Between	Human	Environment
C1110	C2048	na	NZ_CP073981.1	4774884	2530310	52.9921	2526935	99.8666	2524170	99.8906	3375	0.1334	2527510	99.8893	6943	0.2744	4143	59.6716	881	12.689	1819	26.199	3840	55.3075	151955	58.4969	255047	52.4931	0.9454	110	048	Between	Human	Human
C1110	D1109	na	NZ_CP073981.1	4774884	1737899	36.3967	1731867	99.6529	1728547	99.8083	6032	0.3471	1734532	99.8063	10496	0.6039	7129	67.9211	1233	11.7473	2498	23.7995	6189	58.9653	151955	41.1194	51858	100	0.9757	110	109	Between	Human	Animal
C1110	O1031	na	NZ_CP073981.1	4774884	1834478	38.4193	1832108	99.8708	1828392	99.7972	2370	0.1292	1830746	99.7966	7566	0.4124	3834	50.6741	1564	20.6714	1861	24.5969	3684	48.6915	151955	62.0506	163239	67.0214	0.9656	110	031	Between	Human	Human
C1110	P1064	na	NZ_CP073981.1	4774884	1692558	35.4471	1684038	99.4966	1680676	99.8004	8520	0.5034	1689136	99.7978	12781	0.7551	9359	73.2259	963	7.5346	2670	20.8904	8547	66.8727	151955	45.2805	75888	100	0.9803	110	064	Between	Human	Animal
C1110	P2090	na	NZ_CP073981.1	4774884	1231812	25.7977	1228322	99.7167	1225718	99.788	3490	0.2833	1229158	99.7845	6666	0.5412	4012	60.186	631	9.4659	2238	33.5734	3233	48.4998	151955	50.2326	130871	52.6488	0.9682	110	090	Between	Human	Animal
C1110	P2109	na	NZ_CP073981.1	4774884	1706092	35.7305	1703220	99.8317	1700613	99.8469	2872	0.1683	1703463	99.8459	6764	0.3965	4135	61.1325	1348	19.929	2159	31.919	2608	38.5571	151955	50.2326	97422	67.4673	0.9715	110	109	Between	Human	Animal
C1110	S1024	na	NZ_CP073981.1	4774884	1602858	33.5685	1599372	99.7825	1596436	99.8164	3486	0.2175	1599884	99.8145	7459	0.4654	4485	60.1287	1098	14.7205	2540	34.0528	3399	45.5691	151955	46.0715	66108	92.1885	0.9789	110	024	Between	Human	Environment
C1110	W1081	na	NZ_CP073981.1	4774884	1712637	35.8676	1706217	99.6251	1703048	99.8143	6420	0.3749	1709431	99.8128	10555	0.6163	7349	69.6258	999	9.4647	2307	21.8569	6674	63.2307	151955	50.2326	65414	100	0.9802	110	081	Between	Human	Environment
C1111	C2111	na	NZ_LS992168.1	5031440	2010428	39.9573	2008023	99.8804	2007101	99.9541	2405	0.1196	2009501	99.9539	3881	0.193	2954	76.1144	641	16.5164	957	24.6586	2198	56.6349	42553	0	41045	0	0.9834	111	111	Within	Human	Human
C1111	D1075	na	NZ_CP097213.1	4840702	2466486	50.9531	2463324	99.8718	2460239	99.8748	3162	0.1282	2463397	99.8748	6571	0.2664	3482	52.9904	350	5.3264	2700	41.0896	3444	52.4121	160175	73.0532	174533	81.1497	0.9765	111	075	Between	Human	Animal
C1111	O1005	na	NZ_LS992168.1	5031440	186712	3.7109	185137	99.1565	184114	99.4474	1575	0.8435	185681	99.4478	2811	1.5055	1780	63.3227	288	10.2455	1333	47.4208	1109	39.4522	42553	0	28010	0	0.986	111	005	Between	Human	Human
C1111	W1081	na	NZ_CP048934.1	5151952	528196	10.2523	523623	99.1342	521889	99.6688	4573	0.8658	526445	99.6685	6933	1.3126	5182	74.744	766	11.0486	1228	17.7124	4511	65.0656	61165	37.3972	23557	100	0.9917	111	081	Between	Human	Environment
C2048	D1109	na	NZ_CP073981.1	4774884	2370581	49.6469	2360905	99.5918	2359471	99.9393	9676	0.4082	2369111	99.938	12053	0.5084	10583	87.8039	1535	12.7354	3438	28.524	6358	52.7504	255047	20.2845	51858	100	0.9509	048	109	Between	Human	Animal
C2048	O1031	na	NZ_CP073981.1	4774884	2728807	57.1492	2723092	99.7906	2721116	99.9274	5715	0.2094	2726791	99.9261	9043	0.3314	7027	77.7065	1823	20.1592	3141	34.734	3647	40.3295	255047	52.4931	163239	64.2922	0.9448	048	031	Between	Human	Human
C2048	P1064	na	NZ_CP073981.1	4774884	2540886	53.2136	2528045	99.4946	2525890	99.9148	12841	0.5054	2538698	99.9139	15811	0.6223	13623	86.1615	1287	8.1399	4073	25.7605	10044	63.5254	255047	27.8294	75888	100	0.9555	048	064	Between	Human	Animal
C2048	P2090	na	NZ_CP073981.1	4774884	1634111	34.2231	1627604	99.6018	1625357	99.8619	6507	0.3982	1631816	99.8596	9262	0.5668	6967	75.2213	858	9.2637	4128	44.5692	3800	41.0279	255047	52.9781	130871	86.4118	0.9635	048	090	Between	Human	Animal
C2048	P2109	na	NZ_CP073981.1	4774884	2227553	46.6515	2221515	99.7289	2220047	99.9339	6038	0.2711	2226042	99.9322	8242	0.37	6731	81.6671	1064	12.9095	3988	48.3863	2628	31.8855	255047	36.9077	97422	67.4673	0.9451	048	109	Between	Human	Animal
C2048	S1024	na	NZ_CP073981.1	4774884	2301136	48.1925	2295218	99.7428	2292975	99.9023	5918	0.2572	2298857	99.901	8905	0.387	6626	74.4076	1115	12.5211	3698	41.5272	3712	41.6844	255047	44.2158	66108	92.0282	0.9548	048	024	Between	Human	Environment
C2048	W1081	na	NZ_CP073981.1	4774884	2392307	50.1019	2382717	99.5991	2381267	99.9391	9590	0.4009	2390819	99.9378	11921	0.4983	10433	87.5178	1083	9.0848	3518	29.5109	6912	57.9817	255047	36.9077	65414	100	0.9541	048	081	Between	Human	Environment
C2068	O1011	na	NZ_CP060061.1	5326222	1155115	21.6873	1152929	99.8108	1141854	99.0394	2186	0.1892	1144016	99.0391	13583	1.1759	2484	18.2876	340	2.5031	11999	88.3384	1002	7.3769	419015	27.5186	141390	93.008	0.9359	068	011	Between	Human	Human
C2068	O1021	na	NZ_CP022279.1	4907118	2583963	52.6574	2576008	99.6921	2574789	99.9527	7955	0.3079	2582733	99.9524	16283	0.6302	15053	92.4461	7208	44.267	865	5.3123	7664	47.0675	258077	68.0495	207883	73.7703	0.9561	068	021	Between	Human	Human
C2068	O1042	na	NZ_CP022279.1	4907118	3842831	78.3114	3839913	99.9241	3837464	99.9362	2918	0.0759	3840355	99.9356	17414	0.4532	14938	85.7816	12291	70.5811	2033	11.6745	2335	13.4088	258077	76.8674	221091	87.4545	0.9726	068	042	Between	Human	Human
C2068	O1045	na	NZ_CP022279.1	4907118	3934301	80.1754	3930521	99.9039	3927555	99.9245	3780	0.0961	3931318	99.9242	19472	0.4949	16489	84.6806	12992	66.7214	2038	10.4663	3386	17.3891	258077	79.1783	214883	100	0.9779	068	045	Between	Human	Human
C2068	O1060	na	NZ_CP022279.1	4907118	4010811	81.7346	4009233	99.9607	4007683	99.9613	1578	0.0393	4009253	99.9612	17610	0.4391	16052	91.1528	14718	83.5775	1166	6.6212	1204	6.837	258077	91.4816	288141	83.5265	0.9745	068	060	Between	Human	Human
C2068	O1092	na	NZ_CP060061.1	5326222	2844794	53.4111	2841840	99.8962	2820322	99.2428	2954	0.1038	2823240	99.2423	25259	0.8879	3705	14.668	793	3.1395	23275	92.1454	1084	4.2915	419015	46.8969	293475	87.0759	0.9329	068	092	Between	Human	Human
C2068	O1108	na	NZ_CP060061.1	5326222	377412	7.0859	376147	99.6648	370513	98.5022	1265	0.3352	371747	98.499	7797	2.0659	2132	27.3439	913	11.7096	3894	49.9423	2909	37.3092	419015	32.4516	134494	95.8504	0.9414	068	108	Between	Human	Human
C2084	O1049	na	NZ_CP022686.1	5055316	4279711	84.6576	4277850	99.9565	4274346	99.9181	1861	0.0435	4276199	99.9179	6972	0.1629	3460	49.6271	1707	24.4836	1547	22.1888	3490	50.0574	129184	60.8411	144770	51.8851	0.9746	084	049	Between	Human	Human
C2084	W1084	na	NZ_CP022686.1	5055316	3520529	69.6401	3504655	99.5491	3503936	99.9795	15874	0.4509	3519809	99.9795	17661	0.5017	16941	95.9232	1233	6.9815	737	4.173	15483	87.6677	129184	92.578	115800	100	0.9971	084	084	Within	Human	Environment
C2111	D1030	na	NZ_LR134216.1	4647667	1731071	37.246	1729150	99.889	1725186	99.7708	1921	0.111	1727086	99.7698	6344	0.3665	2359	37.1847	485	7.645	2050	32.314	3562	56.1475	49241	82.0576	102372	41.2945	0.9837	111	030	Between	Human	Animal
C2111	D1093	na	NZ_CP092449.1	4627225	1770173	38.2556	1766143	99.7723	1763894	99.8727	4030	0.2277	1767896	99.8714	8127	0.4591	5850	71.9823	2066	25.4214	2661	32.7427	2862	35.2159	76758	92.1337	88794	94.1629	0.9884	111	093	Between	Human	Animal
C2111	O1005	na	NZ_LS992168.1	5031440	83885	1.6672	83484	99.522	82732	99.0992	401	0.478	83130	99.1	1333	1.5891	578	43.3608	192	14.4036	509	38.1845	587	44.036	41045	32.8103	28010	61.4566	0.9916	111	005	Between	Human	Human
C2111	O1062	na	NZ_CP051738.1	5166012	2798587	54.1731	2791909	99.7614	2788363	99.873	6678	0.2386	2795015	99.8724	10295	0.3679	6723	65.3035	266	2.5838	5909	57.3968	3940	38.271	113534	0	0	0	0.978	111	062	Between	Human	Human
C2111	O1062	na	NZ_LR134216.1	4647667	1829407	39.3618	1827553	99.8987	1822712	99.7351	1854	0.1013	1824552	99.7346	7344	0.4014	2489	33.8916	675	9.1912	2402	32.707	3981	54.2075	49241	100	93961	50.6614	0.9893	111	062	Between	Human	Human
C2111	P1042	na	NZ_LR134216.1	4647667	1528609	32.8898	1524787	99.75	1521949	99.8139	3822	0.25	1525744	99.8126	7046	0.4609	4181	59.3386	505	7.1672	2096	29.7474	4185	59.3954	49241	82.0576	38554	100	0.9957	111	042	Between	Human	Animal
C2111	P1048	na	NZ_LR134216.1	4647667	1335508	28.735	1333750	99.8684	1330464	99.7536	1758	0.1316	1332204	99.7526	5553	0.4158	2249	40.5006	535	9.6344	1869	33.6575	2884	51.9359	49241	100	98121	58.5665	0.989	111	048	Between	Human	Animal
C2111	P1068	na	NZ_LR134216.1	4647667	1162160	25.0052	1156027	99.4723	1149903	99.4703	6133	0.5277	1156005	99.4704	12578	1.0823	6423	51.0654	417	3.3153	1257	9.9936	10737	85.3633	49241	100	133620	36.2393	0.981	111	068	Between	Human	Animal
C2111	P1098	na	NZ_CP051738.1	5166012	2884068	55.8277	2876506	99.7378	2873283	99.888	7562	0.2622	2880823	99.8875	11012	0.3818	7767	70.5321	463	4.2045	5771	52.4065	4548	41.3004	113534	51.9994	92647	60.8223	0.9799	111	098	Between	Human	Animal
C2111	P2004	na	NZ_LR134216.1	4647667	1501677	32.3103	1469385	97.8496	1461564	99.4677	32292	2.1504	1493652	99.4656	40711	2.711	32686	80.2879	817	2.0068	1912	4.6965	37574	92.2945	49241	88.1582	70710	53.141	0.99	111	004	Between	Human	Animal
C2111	P2011	na	NZ_CP092449.1	4627225	1803165	38.9686	1796887	99.6518	1794081	99.8438	6278	0.3482	1800310	99.8417	10712	0.5941	7857	73.3476	2038	19.0254	3264	30.4705	4898	45.7244	76758	91.2179	106468	75.5194	0.9905	111	011	Between	Human	Animal
C2111	W1098	na	NZ_LR134216.1	4647667	1306545	28.1118	1303184	99.7428	1300426	99.7884	3361	0.2572	1303769	99.7875	6563	0.5023	3787	57.7023	524	7.9842	1872	28.5235	3899	59.4088	49241	82.0576	88280	44.5061	0.9866	111	098	Between	Human	Environment
D1004	O1051	na	NZ_CP018995.1	4708839	2593272	55.0724	2586456	99.7372	2585229	99.9526	6816	0.2628	2592029	99.9521	10148	0.3913	8905	87.7513	2421	23.8569	3357	33.0804	3385	33.3563	173776	73.5625	185749	76.6448	0.9765	004	051	Between	Animal	Human
D1004	S1103	na	NZ_CP018995.1	4708839	1737165	36.8916	1730874	99.6379	1727714	99.8174	6291	0.3621	1733975	99.8164	9956	0.5731	6766	67.959	808	8.1157	5462	54.8614	3261	32.7541	173776	37.6801	65071	80.0664	0.971	004	103	Between	Animal	Environment
D1004	W1051	na	NZ_CP018995.1	4708839	2744820	58.2908	2740415	99.8395	2739245	99.9573	4405	0.1605	2743626	99.9565	8862	0.3229	7668	86.5267	3358	37.8921	3616	40.8034	1039	11.7242	173776	91.8815	233654	75.7916	0.9793	004	051	Between	Animal	Environment
D1004	W1120	na	NZ_CP018995.1	4708839	2739212	58.1717	2729495	99.6453	2725227	99.8436	9717	0.3547	2734911	99.843	16271	0.594	11970	73.5665	2343	14.3999	4203	25.8312	9442	58.0296	173776	52.6707	125090	63.4903	0.961	004	120	Between	Animal	Environment
D1009	S1055	na	NZ_LR025096.1	4830938	3228527	66.8302	3183526	98.6061	3180095	99.8922	45001	1.3939	3225031	99.8917	49468	1.5322	45972	92.9328	1235	2.4966	2691	5.4399	44668	90.2968	146367	73.149	84011	100	0.9868	009	055	Between	Animal	Environment
D1011	O1042	na	NZ_AP021891.1	4615626	3221900	69.8042	3218189	99.8848	3213801	99.8637	3711	0.1152	3217492	99.8632	9190	0.2852	4782	52.0348	1201	13.0686	3884	42.2633	3881	42.2307	110116	79.152	82888	93.9243	0.9918	011	042	Between	Animal	Human
D1011	P2120	na	NZ_AP021891.1	4615626	2484862	53.8359	2479520	99.785	2476282	99.8694	5342	0.215	2481591	99.8684	9462	0.3808	6191	65.4301	1154	12.1962	3669	38.7762	4152	43.8808	110116	68.9882	54484	100	0.9878	011	120	Between	Animal	Animal
D1011	W1031	na	NZ_CP101269.1	4808524	2733680	56.8507	2731176	99.9084	2728283	99.8941	2504	0.0916	2730766	99.8934	6119	0.2238	3205	52.3778	733	11.9791	2900	47.3934	2289	37.4081	208121	80.9769	207180	88.578	0.9724	011	031	Between	Animal	Environment
D1021	D1049	na	NZ_CP020058.1	4595238	2158293	46.968	2152179	99.7167	2142304	99.5412	6114	0.2833	2148372	99.5403	16411	0.7604	6490	39.5466	443	2.6994	846	5.1551	15065	91.7982	57731	74.4487	79416	47.0145	0.9862	021	049	Between	Animal	Animal
D1021	D1093	na	NZ_CP025849.1	4818782	1862708	38.6552	1854995	99.5859	1853494	99.9191	7713	0.4141	1861193	99.9187	9369	0.503	7854	83.8297	324	3.4582	1084	11.5701	7875	84.0538	65578	71.2617	51339	63.293	0.9891	021	093	Between	Animal	Animal
D1021	P2069	na	NZ_CP020058.1	4595238	1922651	41.8401	1913181	99.5075	1910374	99.8533	9470	0.4925	1919810	99.8522	12607	0.6557	9766	77.4649	344	2.7286	876	6.9485	11189	88.7523	57731	65.0621	16893	100	0.9911	021	069	Between	Animal	Animal
D1021	P3066	na	NZ_CP025849.1	4818782	1792909	37.2067	1789643	99.8178	1786541	99.8267	3266	0.1822	1789750	99.8238	6571	0.3665	3412	51.9251	280	4.2611	952	14.4879	5208	79.2573	65578	79.975	123507	41.4924	0.9814	021	066	Between	Animal	Animal
D1021	S1024	na	NZ_CP025849.1	4818782	382740	7.9427	380710	99.4696	378923	99.5306	2030	0.5304	380925	99.5258	3992	1.043	2177	54.5341	285	7.1393	661	16.5581	2957	74.0731	65578	34.1441	30447	73.6197	0.9893	021	024	Between	Animal	Environment
D1021	S1062	na	NZ_CP020058.1	4595238	3135410	68.2317	3135040	99.9882	3133461	99.9496	370	0.0118	3133830	99.9496	2327	0.0742	747	32.1014	389	16.7168	1287	55.3073	641	27.5462	57731	90.1769	75981	77.0798	0.9915	021	062	Between	Animal	Environment
D1021	W1099	na	NZ_CP069710.1	4761946	1630095	34.2317	1626181	99.7599	1623978	99.8645	3914	0.2401	1627877	99.8639	6756	0.4145	4538	67.1699	743	10.9976	2433	36.0124	3382	50.0592	110195	81.01	115076	80.9926	0.9884	021	099	Between	Animal	Environment
D1024	O1005	na	NZ_CP014641.1	4165587	1518147	36.445	1514495	99.7594	1513708	99.948	3652	0.2406	1517353	99.9477	4548	0.2996	3754	82.5418	389	8.5532	1984	43.6236	2027	44.569	0	0	0	0	1	024	005	Between	Animal	Human
D1024	P1053	na	NZ_CP055024.1	4564917	922533	20.2092	915584	99.2467	913739	99.7985	6949	0.7533	920643	99.7951	9129	0.9896	7239	79.2967	1033	11.3156	4628	50.6956	2938	32.1832	49178	39.8939	19396	100	0.9934	024	053	Between	Animal	Animal
D1024	P1080	na	NZ_CP014641.1	4165587	369561	8.8718	368614	99.7438	367026	99.5692	947	0.2562	367959	99.5665	2670	0.7225	1068	40	154	5.7678	826	30.9363	1488	55.7303	0	0	42747	0	0.9897	024	080	Between	Animal	Animal
D1024	P1103	na	NZ_CP014641.1	4165587	388161	9.3183	386895	99.6738	385000	99.5102	1266	0.3262	386253	99.5085	3373	0.869	1465	43.4331	274	8.1233	996	29.5286	1911	56.6558	0	0	21524	0	0.9948	024	103	Between	Animal	Animal
D1024	P2009	na	NZ_CP014641.1	4165587	308430	7.4042	307394	99.6641	306316	99.6493	1036	0.3359	307341	99.6469	2234	0.7243	1145	51.2534	164	7.3411	871	38.9884	1029	46.0609	0	0	0	0	1	024	009	Between	Animal	Animal
D1024	P2053	na	NZ_CP055024.1	4564917	1131343	24.7834	1122862	99.2504	1121266	99.8579	8481	0.7496	1129678	99.8528	10803	0.9549	9138	84.5876	1375	12.7279	3316	30.6952	5499	50.9025	49178	62.8736	42723	67.0318	0.9924	024	053	Between	Animal	Animal
D1024	P2069	na	NZ_CP055024.1	4564917	1608315	35.2321	1597691	99.3394	1596440	99.9217	10624	0.6606	1607020	99.9195	12917	0.8031	11622	89.9745	2100	16.2576	3504	27.127	6389	49.4619	49178	62.8736	38445	78.6422	0.994	024	069	Between	Animal	Animal
D1024	P2093	na	NZ_CP014641.1	4165587	1259467	30.235	1257141	99.8153	1256047	99.913	2326	0.1847	1258366	99.9126	3694	0.2933	2593	70.1949	445	12.0466	1587	42.9616	1499	40.5793	0	0	12309	0	0.997	024	093	Between	Animal	Animal
D1024	P3051	na	NZ_CP055024.1	4564917	1135446	24.8733	1125903	99.1595	1124067	99.8369	9543	0.8405	1133555	99.8335	12269	1.0805	10378	84.5872	1665	13.5708	3507	28.5842	6494	52.9301	49178	77.0202	36992	85.7807	0.9947	024	051	Between	Animal	Animal
D1024	P3053	na	NZ_CP014641.1	4165587	1578290	37.8888	1575032	99.7936	1573406	99.8968	3258	0.2064	1576641	99.8955	5278	0.3344	3629	68.7571	486	9.208	1745	33.0618	2819	53.4104	0	0	33076	0	0.9921	024	053	Between	Animal	Animal
D1024	P3092	na	NZ_AP019675.1	4693292	982628	20.9369	969494	98.6634	965796	99.6186	13134	1.3366	978856	99.6161	17631	1.7943	13859	78.6059	1670	9.472	5545	31.4503	8799	49.9064	77541	74.8649	69964	75.4874	0.991	024	092	Between	Animal	Animal
D1024	P3093	na	NZ_CP014641.1	4165587	1787924	42.9213	1785431	99.8606	1783628	99.899	2493	0.1394	1786113	99.8987	4742	0.2652	2931	61.8094	589	12.4209	2034	42.8933	1897	40.0042	0	0	12263	0	0.9971	024	093	Between	Animal	Animal
D1024	S1120	na	NZ_CP055024.1	4564917	1135816	24.8814	1129976	99.4858	1127098	99.7453	5840	0.5142	1132886	99.742	9099	0.8011	6169	67.7987	764	8.3965	4787	52.6102	3147	34.5862	49178	100	59607	82.5775	0.9976	024	120	Between	Animal	Environment
D1030	O1053	na	NZ_CP047710.1	4771912	3734210	78.254	3730123	99.8906	3729119	99.9731	4087	0.1094	3733202	99.973	5143	0.1377	4135	80.4005	170	3.3055	2343	45.5571	2595	50.4569	17086	0	6394	0	0.9951	030	053	Between	Animal	Human
D1030	O1062	na	NZ_LR134216.1	4647667	3876282	83.4027	3875375	99.9766	3868563	99.8242	907	0.0234	3869453	99.8238	8555	0.2207	1726	20.1753	854	9.9825	3944	46.1017	3766	44.021	102372	55.2905	93961	46.8588	0.9739	030	062	Between	Animal	Human
D1030	P1042	na	NZ_LR134216.1	4647667	3077571	66.2175	3074060	99.8859	3069196	99.8418	3511	0.1141	3072684	99.8412	8873	0.2883	3986	44.9228	643	7.2467	3439	38.758	4585	51.6736	102372	41.2945	38554	100	0.9843	030	042	Between	Animal	Animal
D1030	P1048	na	NZ_LR134216.1	4647667	2488532	53.5437	2487461	99.957	2482935	99.818	1071	0.043	2483988	99.8174	6330	0.2544	1786	28.2148	770	12.1643	2858	45.1501	2650	41.8641	102372	61.7366	98121	70.9002	0.9822	030	048	Between	Animal	Animal
D1030	P1068	na	NZ_LR134216.1	4647667	2474605	53.244	2463943	99.5691	2454575	99.6198	10662	0.4309	2465197	99.6198	20699	0.8365	11291	54.5485	693	3.348	2077	10.0343	17671	85.3713	102372	75.7326	133620	48.6095	0.9741	030	068	Between	Animal	Animal
D1030	P2004	na	NZ_LR134216.1	4647667	2833926	60.9752	2773969	97.8843	2763840	99.6349	59957	2.1157	2823543	99.6336	71155	2.5108	60772	85.4079	1109	1.5586	2546	3.5781	67202	94.4445	102372	56.4471	70710	66.8717	0.9827	030	004	Between	Animal	Animal
D1030	W1098	na	NZ_LR134216.1	4647667	2316376	49.8395	2313402	99.8716	2309784	99.8436	2974	0.1284	2312741	99.8431	7150	0.3087	3515	49.1608	663	9.2727	2301	32.1818	4013	56.1259	102372	61.7366	88280	65.6389	0.9833	030	098	Between	Animal	Environment
D1042	D1058	na	NZ_LR882052.1	4569920	2125301	46.5063	2116939	99.6065	2113055	99.8165	8362	0.3935	2121389	99.8159	12670	0.5962	8758	69.1239	779	6.1484	7967	62.8808	3736	29.487	97383	66.5866	80518	69.9657	0.9854	042	058	Between	Animal	Animal
D1042	O1005	na	NZ_LR882052.1	4569920	2019916	44.2002	2013377	99.6763	2010503	99.8573	6539	0.3237	2017028	99.857	9922	0.4912	7034	70.893	629	6.3394	7629	76.8897	1508	15.1985	97383	42.8463	34405	100	0.9861	042	005	Between	Animal	Human
D1042	O1064	na	NZ_LR882052.1	4569920	1940978	42.4729	1933001	99.589	1930307	99.8606	7977	0.411	1938260	99.86	11451	0.59	8733	76.2641	1097	9.5799	6531	57.0343	3497	30.5388	97383	54.6718	67515	69.0558	0.9841	042	064	Between	Animal	Human
D1042	O1069	na	NZ_LR882052.1	4569920	296001	6.4772	294874	99.6193	294060	99.7239	1127	0.3807	295176	99.7213	2003	0.6767	1178	58.8118	66	3.2951	1394	69.5956	526	26.2606	97383	74.9915	108010	72.6266	0.9853	042	069	Between	Animal	Human
D1042	P1083	na	NZ_CP073974.1	4694236	1011032	21.5377	1007212	99.6222	999706	99.2548	3820	0.3778	1003485	99.2535	12033	1.1902	4486	37.2808	761	6.3243	8461	70.315	2442	20.2942	127036	35.6009	62962	87.6148	0.9784	042	083	Between	Animal	Animal
D1042	P2051	na	NZ_LR882052.1	4569920	741838	16.2331	739846	99.7315	738241	99.7831	1992	0.2685	740219	99.7818	3961	0.5339	2342	59.1265	383	9.6693	2263	57.132	1179	29.7652	97383	87.5985	186903	55.814	0.9704	042	051	Between	Animal	Animal
D1045	D1058	na	NZ_CP019267.1	4740860	1924334	40.5904	1919130	99.7296	1915172	99.7938	5204	0.2704	1920361	99.7935	9683	0.5032	5710	58.9693	530	5.4735	898	9.274	8180	84.478	147464	46.2248	79840	74.2122	0.9697	045	058	Between	Animal	Animal
D1045	D1076	na	NZ_CP019267.1	4740860	2731838	57.6233	2730431	99.9485	2725231	99.8096	1407	0.0515	2726622	99.8091	7408	0.2712	2192	29.5896	818	11.0421	1517	20.4779	4895	66.0772	147464	62.696	71814	100	0.9772	045	076	Between	Animal	Animal
D1045	D1109	na	NZ_CP019267.1	4740860	2956329	62.3585	2949181	99.7582	2946985	99.9255	7148	0.2418	2954102	99.9247	10125	0.3425	7898	78.0049	808	7.9802	1323	13.0667	7625	75.3086	147464	55.2453	103037	100	0.9763	045	109	Between	Animal	Animal
D1045	P1038	na	NZ_CP019267.1	4740860	2398864	50.5998	2390057	99.6329	2387621	99.8981	8807	0.3671	2396412	99.8978	11670	0.4865	9218	78.9889	446	3.8218	1802	15.4413	9178	78.6461	147464	38.6901	44830	100	0.9775	045	038	Between	Animal	Animal
D1045	P1058	na	NZ_CP019267.1	4740860	2099191	44.2787	2092213	99.6676	2089319	99.8617	6978	0.3324	2096263	99.8605	10175	0.4847	7247	71.2236	303	2.9779	2336	22.9582	7084	69.6216	147464	29.6913	27647	100	0.974	045	058	Between	Animal	Animal
D1045	P1064	na	NZ_CP019267.1	4740860	1710855	36.0874	1706436	99.7417	1702485	99.7685	4419	0.2583	1706881	99.7677	8700	0.5085	4726	54.3218	334	3.8391	2511	28.8621	5534	63.6092	147464	47.0813	83968	93.9001	0.973	045	064	Between	Animal	Animal
D1045	P1099	na	NZ_CP019267.1	4740860	4182459	88.2215	4182038	99.9899	4177282	99.8863	421	0.0101	4177698	99.8862	6154	0.1471	1393	22.6357	1025	16.6558	2591	42.1027	2515	40.8677	147464	67.1683	148662	74.7192	0.9653	045	099	Between	Animal	Animal
D1045	P1110	na	NZ_CP019267.1	4740860	2949928	62.2235	2945267	99.842	2942327	99.9002	4661	0.158	2946982	99.9001	8583	0.291	5637	65.6763	1022	11.9073	1427	16.6259	5897	68.7056	147464	71.5286	104975	88.6402	0.9805	045	110	Between	Animal	Animal
D1045	P2060	na	NZ_CP019267.1	4740860	2457452	51.8356	2455392	99.9162	2452632	99.8876	2060	0.0838	2454671	99.8868	5269	0.2144	2488	47.2196	470	8.9201	2371	44.9991	2204	41.8296	147464	44.7363	120843	95.6712	0.9692	045	060	Between	Animal	Animal
D1045	P2064	na	NZ_CP019267.1	4740860	3766709	79.452	3761793	99.8695	3758890	99.9228	4916	0.1305	3763771	99.922	8319	0.2209	5381	64.6833	523	6.2868	2688	32.3116	4636	55.7279	147464	36.8782	52536	100	0.9783	045	064	Between	Animal	Animal
D1045	P2069	na	NZ_CP019267.1	4740860	2903556	61.2453	2894832	99.6995	2893126	99.9411	8724	0.3005	2901818	99.9401	11069	0.3812	9331	84.2985	671	6.062	1097	9.9106	8950	80.8564	147464	51.5034	91008	100	0.9716	045	069	Between	Animal	Animal
D1045	P2092	na	NZ_CP019267.1	4740860	3672760	77.4703	3667281	99.8508	3662957	99.8821	5479	0.1492	3668393	99.8811	10349	0.2818	5982	57.8027	558	5.3918	2807	27.1234	6665	64.4024	147464	49.7762	96103	67.668	0.9744	045	092	Between	Animal	Animal
D1045	P3011	na	NZ_CP019267.1	4740860	4015170	84.6929	4008877	99.8433	4005954	99.9271	6293	0.1567	4012222	99.9266	9919	0.247	6971	70.2793	755	7.6117	2590	26.1115	5920	59.6834	147464	40.7991	81029	100	0.972	045	011	Between	Animal	Animal
D1045	P3060	na	NZ_CP019267.1	4740860	2301840	48.5532	2297790	99.8241	2296127	99.9276	4050	0.1759	2300163	99.9271	6136	0.2666	4459	72.6695	433	7.0567	1206	19.6545	4225	68.8559	147464	53.7134	127461	95.8952	0.9747	045	060	Between	Animal	Animal
D1045	P3068	na	NZ_CP019267.1	4740860	3974937	83.8442	3974345	99.9851	3970116	99.8936	592	0.0149	3970703	99.8935	6164	0.1551	1930	31.3108	1368	22.1934	1364	22.1285	3405	55.2401	147464	66.6332	154052	85.6867	0.9665	045	068	Between	Animal	Animal
D1045	S1053	na	NZ_CP019267.1	4740860	2442355	51.5171	2440747	99.9342	2438697	99.916	1608	0.0658	2440299	99.9158	4199	0.1719	2143	51.036	550	13.0984	984	23.4342	2507	59.7047	147464	40.7991	68249	100	0.9705	045	053	Between	Animal	Environment
D1045	S1081	na	NZ_CP019267.1	4740860	4026747	84.9371	4021451	99.8685	4018871	99.9358	5296	0.1315	4024125	99.9349	8929	0.2217	6307	70.635	1143	12.801	1572	17.6056	5713	63.9825	147464	42.3256	95860	65.1001	0.9671	045	081	Between	Animal	Environment
D1045	S1099	na	NZ_CP019267.1	4740860	3484490	73.4991	3481404	99.9114	3478007	99.9024	3086	0.0886	3481071	99.9019	7028	0.2017	3609	51.3517	553	7.8685	2892	41.1497	3288	46.7843	147464	32.8528	68264	49.2925	0.9675	045	099	Between	Animal	Environment
D1049	P2069	na	NZ_CP020058.1	4595238	1728902	37.6238	1715788	99.2415	1708059	99.5495	13114	0.7585	1721103	99.5489	21675	1.2537	13876	64.0185	1549	7.1465	11066	51.0542	7717	35.6032	79416	39.9957	16893	100	0.9863	049	069	Between	Animal	Animal
D1049	S1019	na	NZ_CP076276.1	4860798	1888705	38.8559	1876891	99.3745	1872353	99.7582	11814	0.6255	1884083	99.7553	17176	0.9094	12554	73.0904	1224	7.1262	12279	71.4893	3109	18.1008	43933	30.46	56347	26.1487	0.9848	049	019	Between	Animal	Environment
D1049	S1062	na	NZ_CP020058.1	4595238	2758832	60.0368	2751377	99.7298	2739789	99.5788	7455	0.2702	2747185	99.5778	19507	0.7071	7860	40.2932	472	2.4196	17965	92.0951	997	5.111	79416	57.3701	75981	68.25	0.9833	049	062	Between	Animal	Environment
D1049	W1019	na	NZ_CP076276.1	4860798	1804422	37.1219	1791019	99.2572	1786654	99.7563	13403	0.7428	1799953	99.7523	18561	1.0286	14092	75.9226	1335	7.1925	11098	59.792	5304	28.576	43933	30.46	62906	21.3986	0.9835	049	019	Between	Animal	Environment
D1049	W1099	na	NZ_CP085488.1	4672036	963271	20.6178	957291	99.3792	951993	99.4466	5980	0.6208	957926	99.4451	12057	1.2517	6712	55.6689	950	7.8792	5954	49.3821	4259	35.3239	36226	52.0621	66307	32.808	0.9861	049	099	Between	Animal	Environment
D1057	P1066	na	NZ_CP067232.1	4622610	1906131	41.235	1901804	99.773	1898873	99.8459	4327	0.227	1903176	99.845	8474	0.4446	5519	65.1286	1398	16.4975	2997	35.367	3608	42.5773	22729	100	30825	51.8281	0.9953	057	066	Between	Animal	Animal
D1057	P1076	na	NZ_CP067232.1	4622610	2252136	48.72	2247474	99.793	2246145	99.9409	4662	0.207	2250796	99.9405	7937	0.3524	6597	83.117	2069	26.0678	2566	32.3296	2722	34.2951	22729	100	91239	24.8983	0.9851	057	076	Between	Animal	Animal
D1057	P1110	na	NZ_CP067232.1	4622610	2411377	52.1648	2407129	99.8238	2401132	99.7509	4248	0.1762	2405345	99.7499	11841	0.491	5809	49.0584	1635	13.808	3782	31.9399	5865	49.5313	22729	100	71734	29.0225	0.9885	057	110	Between	Animal	Animal
D1057	P2005	na	NZ_CP067232.1	4622610	2616971	56.6124	2606671	99.6064	2604818	99.9289	10300	0.3936	2615075	99.9275	13809	0.5277	11913	86.2698	1949	14.114	3418	24.752	7516	54.4283	22729	100	48626	39.1766	0.9928	057	005	Between	Animal	Animal
D1057	S1083	na	NZ_CP067232.1	4622610	1940686	41.9825	1932159	99.5606	1929939	99.8851	8527	0.4394	1938430	99.8838	11542	0.5947	9286	80.454	1280	11.0899	3425	29.6742	6071	52.5992	22729	100	18097	100	0.999	057	083	Between	Animal	Environment
D1058	D1076	na	NZ_CP019267.1	4740860	1386298	29.2415	1381709	99.669	1377172	99.6716	4589	0.331	1381729	99.6704	9628	0.6945	5059	52.5447	587	6.0968	6028	62.6091	2762	28.6872	79840	58.0035	71814	71.8258	0.9869	058	076	Between	Animal	Animal
D1058	D1109	na	NZ_CP019267.1	4740860	1801729	38.0043	1792706	99.4992	1789085	99.798	9023	0.5008	1798072	99.797	13110	0.7276	9453	72.1053	899	6.8574	7216	55.042	4553	34.7292	79840	80.228	103037	71.8208	0.9824	058	109	Between	Animal	Animal
D1058	O1005	na	NZ_LR882052.1	4569920	1734781	37.9609	1730563	99.7569	1728732	99.8942	4218	0.2431	1732940	99.8939	6245	0.36	4404	70.5204	292	4.6757	4085	65.4123	1728	27.6701	80518	45.7848	34405	100	0.9898	058	005	Between	Animal	Human
D1058	O1064	na	NZ_LR882052.1	4569920	1693781	37.0637	1688053	99.6618	1685946	99.8752	5728	0.3382	1691660	99.8748	8079	0.477	5958	73.7468	392	4.8521	3580	44.3124	3950	48.8922	80518	60.0934	67515	69.0558	0.9858	058	064	Between	Animal	Human
D1058	O1069	na	NZ_LR882052.1	4569920	264849	5.7955	264007	99.6821	263526	99.8178	842	0.3179	264364	99.8169	1381	0.5214	896	64.8805	78	5.6481	830	60.1014	427	30.9196	80518	100	108010	89.1853	0.9938	058	069	Between	Animal	Human
D1058	P1038	na	NZ_CP019267.1	4740860	1658914	34.9918	1648176	99.3527	1645481	99.8365	10738	0.6473	1656199	99.8363	13780	0.8307	11065	80.2975	851	6.1756	6493	47.119	5891	42.7504	79840	54.5453	44830	67.6534	0.9859	058	038	Between	Animal	Animal
D1058	P1058	na	NZ_AP021933.1	4928821	3831529	77.7372	3824555	99.818	3824033	99.9864	6974	0.182	3830998	99.9861	8165	0.2131	7634	93.4966	1215	14.8806	2271	27.8138	4381	53.6558	27978	20.895	5847	100	0.9955	058	058	Within	Animal	Animal
D1058	P1058	na	NZ_CP019267.1	4740860	1430461	30.173	1421391	99.3659	1418539	99.7994	9070	0.6341	1427579	99.7985	12242	0.8558	9360	76.4581	807	6.5921	6312	51.5602	4623	37.7634	79840	47.0115	27647	78.8766	0.9863	058	058	Within	Animal	Animal
D1058	P1064	na	NZ_CP019267.1	4740860	989964	20.8815	984205	99.4183	981366	99.7115	5759	0.5817	987093	99.71	8905	0.8995	6034	67.7597	585	6.5693	4969	55.8001	3036	34.0932	79840	83.6861	83968	73.3315	0.9856	058	064	Between	Animal	Animal
D1058	P1071	na	NZ_AP021933.1	4928821	3480015	70.6054	3477224	99.9198	3429819	98.6367	2791	0.0802	3432553	98.6362	50445	1.4496	2983	5.9134	273	0.5412	1662	3.2947	47943	95.0401	27978	48.2343	296029	4.5594	0.9396	058	071	Between	Animal	Animal
D1058	P1071	na	NZ_LR134295.1	4722738	663186	14.0424	661348	99.7229	647850	97.959	1838	0.2771	649652	97.9592	15954	2.4057	2420	15.1686	634	3.9739	1231	7.7159	13815	86.5927	68535	100	264453	25.448	0.956	058	071	Between	Animal	Animal
D1058	P1098	na	NZ_LR134295.1	4722738	1565046	33.1385	1557670	99.5287	1553111	99.7073	7376	0.4713	1560430	99.7051	12728	0.8133	8112	63.7335	1101	8.6502	4537	35.6458	6603	51.8777	68535	67.3656	66283	55.0473	0.9867	058	098	Between	Animal	Animal
D1058	P1099	na	NZ_CP019267.1	4740860	1960390	41.3509	1955000	99.7251	1950642	99.7771	5390	0.2749	1956009	99.7765	10334	0.5271	5953	57.606	624	6.0383	8220	79.5433	1297	12.5508	79840	46.7209	148662	37.8792	0.9673	058	099	Between	Animal	Animal
D1058	P1110	na	NZ_CP019267.1	4740860	1426849	30.0968	1420184	99.5329	1416617	99.7488	6665	0.4671	1423264	99.7487	10796	0.7566	7211	66.7933	800	7.4102	6141	56.8822	3581	33.1697	79840	66.7836	104975	55.1884	0.9767	058	110	Between	Animal	Animal
D1058	P2051	na	NZ_LR882052.1	4569920	603256	13.2006	601987	99.7896	600623	99.7734	1269	0.2104	601885	99.7727	2830	0.4691	1459	51.5548	222	7.8445	1256	44.3816	1197	42.2968	80518	86.0292	186903	56.9595	0.9709	058	051	Between	Animal	Animal
D1058	P2053	na	NZ_AP021933.1	4928821	2741064	55.613	2714717	99.0388	2686861	98.9739	26347	0.9612	2712911	98.9729	54551	1.9901	26398	48.3914	619	1.1347	1504	2.7571	52078	95.4666	27978	20.895	135850	4.3136	0.9691	058	053	Between	Animal	Animal
D1058	P2053	na	NZ_LR134295.1	4722738	903726	19.1356	894429	98.9713	889194	99.4147	9297	1.0287	898410	99.4118	15287	1.6916	9971	65.2254	1241	8.118	3910	25.5773	9305	60.8687	68535	36.9738	28764	100	0.99	058	053	Between	Animal	Animal
D1058	P2060	na	NZ_CP019267.1	4740860	1413934	29.8244	1408817	99.6381	1405403	99.7577	5117	0.3619	1410490	99.7564	8892	0.6289	5448	61.2686	501	5.6343	6662	74.9213	1541	17.3302	79840	83.6861	120843	74.9717	0.9857	058	060	Between	Animal	Animal
D1058	P2064	na	NZ_CP019267.1	4740860	1930271	40.7156	1922099	99.5766	1918514	99.8135	8172	0.4234	1926652	99.8125	12103	0.627	8484	70.0983	584	4.8252	8212	67.8509	2940	24.2915	79840	57.8983	52536	68.5815	0.9853	058	064	Between	Animal	Animal
D1058	P2069	na	NZ_CP019267.1	4740860	1790594	37.7694	1780415	99.4315	1777290	99.8245	10179	0.5685	1787419	99.8227	13762	0.7686	10587	76.9292	1212	8.8069	6636	48.2197	5222	37.9451	79840	76.2575	91008	74.622	0.9834	058	069	Between	Animal	Animal
D1058	P2092	na	NZ_CP019267.1	4740860	1900324	40.084	1892109	99.5677	1887858	99.7753	8215	0.4323	1896028	99.7739	12860	0.6767	8564	66.5941	645	5.0156	7911	61.5163	3917	30.4588	79840	91.2199	96103	75.6262	0.9861	058	092	Between	Animal	Animal
D1058	P3011	na	NZ_CP019267.1	4740860	1950336	41.1389	1941925	99.5687	1938643	99.831	8411	0.4313	1947021	99.83	12198	0.6254	8883	72.8234	911	7.4684	7789	63.8547	2800	22.9546	79840	83.6861	81029	85.6052	0.9871	058	011	Between	Animal	Animal
D1058	P3038	na	NZ_LR134295.1	4722738	1757494	37.2135	1741428	99.0859	1737451	99.7716	16066	0.9141	1753443	99.7695	20934	1.1911	16883	80.6487	1319	6.3008	4445	21.2334	14418	68.8736	68535	77.7763	104521	48.0401	0.9843	058	038	Between	Animal	Animal
D1058	P3060	na	NZ_CP019267.1	4740860	1256620	26.5062	1250794	99.5364	1248176	99.7907	5826	0.4636	1253986	99.7904	8678	0.6906	6044	69.6474	453	5.2201	5443	62.7218	2535	29.2118	79840	91.2199	127461	72.8646	0.985	058	060	Between	Animal	Animal
D1058	P3068	na	NZ_CP019267.1	4740860	1921339	40.5272	1915971	99.7206	1911336	99.7581	5368	0.2794	1916681	99.7576	10774	0.5608	6116	56.7663	799	7.416	8004	74.29	1743	16.1778	79840	76.2575	154052	49.7105	0.9757	058	068	Between	Animal	Animal
D1058	P3109	na	NZ_LR134295.1	4722738	1202430	25.4604	1193722	99.2758	1185599	99.3195	8708	0.7242	1194228	99.3179	17748	1.476	9546	53.7863	1295	7.2966	4307	24.2675	11253	63.4043	68535	36.9738	48270	60.2548	0.9858	058	109	Between	Animal	Animal
D1058	S1031	na	NZ_AP021933.1	4928821	3166706	64.2488	3162874	99.879	3125935	98.8321	3832	0.121	3129690	98.8311	41331	1.3052	4315	10.4401	654	1.5823	1881	4.5511	38368	92.831	27978	72.6607	228113	9.1091	0.9561	058	031	Between	Animal	Environment
D1058	S1053	na	NZ_CP019267.1	4740860	1314892	27.7353	1310455	99.6626	1307391	99.7662	4437	0.3374	1311804	99.7652	7959	0.6053	4871	61.2012	567	7.124	5870	73.753	1355	17.0248	79840	76.2575	68249	78.0143	0.9882	058	053	Between	Animal	Environment
D1058	S1060	na	NZ_AP021933.1	4928821	3867737	78.4718	3862990	99.8773	3861779	99.9687	4747	0.1227	3866514	99.9684	6540	0.1691	5317	81.2997	880	13.4557	2225	34.0214	3218	49.2049	27978	20.895	49801	11.7628	0.9866	058	060	Between	Animal	Environment
D1058	S1081	na	NZ_CP019267.1	4740860	1981101	41.7878	1972786	99.5803	1968945	99.8053	8315	0.4197	1977214	99.8038	12690	0.6406	8803	69.3696	903	7.1158	8078	63.6564	3168	24.9645	79840	85.0376	95860	85.4642	0.9908	058	081	Between	Animal	Environment
D1058	S1099	na	NZ_CP019267.1	4740860	1682639	35.4923	1676475	99.6337	1673008	99.7932	6164	0.3663	1679143	99.7922	10013	0.5951	6517	65.0854	544	5.4329	7685	76.7502	1528	15.2602	79840	39.2923	68264	58.3748	0.9807	058	099	Between	Animal	Environment
D1060	O1004	na	NZ_LR134231.1	4594692	2568775	55.9074	2558313	99.5927	2554840	99.8642	10462	0.4073	2565271	99.8636	14567	0.5671	11063	75.9456	1129	7.7504	6489	44.5459	6453	44.2988	42940	86.6442	46667	88.3708	0.9961	060	004	Between	Animal	Human
D1060	O1038	na	NZ_LR134231.1	4594692	3228384	70.2633	3221189	99.7771	3216550	99.856	7195	0.2229	3223708	99.8552	12384	0.3836	7708	62.2416	611	4.9338	7502	60.5782	3890	31.4115	42940	78.123	118258	38.7999	0.9793	060	038	Between	Animal	Human
D1060	O1049	na	NZ_CP041359.1	5320024	3465494	65.1406	3458557	99.7998	3456458	99.9393	6937	0.2002	3463371	99.9387	9746	0.2812	7623	78.2167	932	9.5629	6229	63.9134	2278	23.3737	112901	71.7815	135836	52.7357	0.9768	060	049	Between	Animal	Human
D1060	O1108	na	NZ_LR134231.1	4594692	1100854	23.9593	1096535	99.6077	1094209	99.7879	4319	0.3923	1098507	99.7868	7118	0.6466	4771	67.0273	582	8.1765	3503	49.2133	2627	36.9064	42940	100	88781	56.5414	0.9896	060	108	Between	Animal	Human
D1060	P1004	na	NZ_LR134231.1	4594692	1770921	38.5428	1765268	99.6808	1763411	99.8948	5653	0.3192	1769046	99.8941	7878	0.4449	6003	76.1995	446	5.6613	5843	74.1686	1381	17.5298	42940	100	67840	81.2647	0.9945	060	004	Between	Animal	Animal
D1060	P1005	na	NZ_LR134231.1	4594692	1735793	37.7782	1724961	99.376	1723173	99.8963	10832	0.624	1733970	99.895	13056	0.7522	11233	86.0371	1137	8.7086	5055	38.7178	6428	49.2341	42940	64.7671	32957	83.1356	0.9944	060	005	Between	Animal	Animal
D1060	P1020	na	NZ_LR134231.1	4594692	3144811	68.4444	3137164	99.7568	3127647	99.6966	7647	0.2432	3135256	99.6962	17889	0.5688	8334	46.5873	814	4.5503	6228	34.8147	9593	53.6251	42940	71.5952	88599	38.9734	0.9846	060	020	Between	Animal	Animal
D1060	P1021	na	NZ_LR134231.1	4594692	2212097	48.1446	2201846	99.5366	2200416	99.9351	10251	0.4634	2210642	99.9342	12261	0.5543	10806	88.1331	1284	10.4722	5631	45.9261	4803	39.173	42940	86.6442	57519	78.395	0.9942	060	021	Between	Animal	Animal
D1060	P1038	na	NZ_LR134231.1	4594692	1620050	35.2592	1613826	99.6158	1611822	99.8758	6224	0.3842	1618026	99.8751	8658	0.5344	6634	76.6228	758	8.7549	4734	54.6778	2803	32.3747	42940	86.6442	42619	86.9729	0.997	060	038	Between	Animal	Animal
D1060	P1055	na	NZ_LR134231.1	4594692	1066407	23.2095	1061822	99.5701	1060350	99.8614	4585	0.4299	1064912	99.8598	6452	0.605	4957	76.8289	586	9.0825	4013	62.1978	1552	24.0546	42940	86.6442	47164	88.6948	0.9962	060	055	Between	Animal	Animal
D1060	P1084	na	NZ_CP049936.1	4731796	3596247	76.0017	3590983	99.8536	3586054	99.8627	5264	0.1464	3591268	99.8616	11696	0.3252	6717	57.4299	1690	14.4494	6013	51.4107	3259	27.8642	44022	100	129902	37.4213	0.9817	060	084	Between	Animal	Animal
D1060	P1084	na	NZ_LR134231.1	4594692	2530077	55.0652	2524440	99.7772	2523115	99.9475	5637	0.2228	2528730	99.9468	7406	0.2927	6059	81.812	634	8.5606	4871	65.771	1702	22.9814	42940	64.7671	116509	30.8397	0.9772	060	084	Between	Animal	Animal
D1060	P1085	na	NZ_CP049936.1	4731796	3613505	76.3665	3609071	99.8773	3603435	99.8438	4434	0.1227	3607823	99.8428	11474	0.3175	5792	50.4793	1470	12.8116	5722	49.8693	3638	31.7065	44022	100	170614	28.4889	0.973	060	085	Between	Animal	Animal
D1060	P1090	na	NZ_LR134231.1	4594692	3295183	71.7172	3288020	99.7826	3284910	99.9054	7163	0.2174	3292044	99.9047	11156	0.3386	8017	71.8627	914	8.1929	7438	66.6726	2257	20.2313	42940	100	92755	57.5387	0.9884	060	090	Between	Animal	Animal
D1060	P2009	na	NZ_CP049936.1	4731796	2325545	49.1472	2319860	99.7555	2318072	99.9229	5685	0.2445	2323741	99.9224	9072	0.3901	7268	80.1146	1791	19.7421	2323	25.6063	4460	49.1623	44022	60.1086	115016	22.9994	0.9774	060	009	Between	Animal	Animal
D1060	P2066	na	NZ_LR134231.1	4594692	2241697	48.7888	2235307	99.7149	2232487	99.8738	6390	0.2851	2238849	99.873	9687	0.4321	6839	70.5998	662	6.8339	5882	60.7206	2862	29.5448	42940	64.7671	53230	67.306	0.9911	060	066	Between	Animal	Animal
D1060	P3031	na	NZ_LR134231.1	4594692	327360	7.1247	324374	99.0879	322526	99.4303	2986	0.9121	325486	99.4275	5354	1.6355	3480	64.9981	694	12.9623	2163	40.3997	2174	40.6052	42940	64.7671	65131	54.9876	0.9885	060	031	Between	Animal	Animal
D1060	P3092	na	NZ_LR134231.1	4594692	2391212	52.0429	2375714	99.3519	2374567	99.9517	15498	0.6481	2390045	99.9512	17069	0.7138	15902	93.163	1391	8.1493	5773	33.8215	9503	55.674	42940	64.7671	41192	86.8518	0.9937	060	092	Between	Animal	Animal
D1060	S1019	na	NZ_LR134231.1	4594692	1691951	36.824	1686490	99.6772	1684506	99.8824	5461	0.3228	1689938	99.881	7785	0.4601	5772	74.1426	464	5.9602	4965	63.7765	2095	26.9107	42940	64.7671	65915	54.7265	0.9883	060	019	Between	Animal	Environment
D1060	S1030	na	NZ_LR134231.1	4594692	2675034	58.2201	2666934	99.6972	2663352	99.8657	8100	0.3028	2671422	99.865	12272	0.4588	8660	70.5671	886	7.2197	6291	51.263	4446	36.2288	42940	86.6442	67621	66.8505	0.992	060	030	Between	Animal	Environment
D1060	W1081	na	NZ_CP041359.1	5320024	506846	9.5271	501585	98.962	498762	99.4372	5261	1.038	503986	99.4357	8452	1.6676	5592	66.1619	744	8.8027	3615	42.7709	3764	44.5338	112901	50.7267	86733	66.9365	0.9835	060	081	Between	Animal	Environment
D1060	W1081	na	NZ_CP039403.1	4702395	3117965	66.3059	3099286	99.4009	3072362	99.1313	18679	0.5991	3090819	99.1294	46040	1.4766	18894	41.0382	754	1.6377	3543	7.6955	41176	89.4353	12689	100	162200	12.9562	0.9675	060	081	Between	Animal	Environment
D1060	W1110	na	NZ_LR134231.1	4594692	3313946	72.1255	3306534	99.7763	3303627	99.9121	7412	0.2237	3311006	99.9113	11156	0.3366	8216	73.6465	886	7.9419	7371	66.0721	2390	21.4234	42940	84.9511	82294	54.2409	0.9879	060	110	Between	Animal	Environment
D1075	P2066	na	NZ_CP074407.1	4928781	1153471	23.4028	1150883	99.7756	1145650	99.5453	2588	0.2244	1148230	99.5456	7995	0.6931	2754	34.4465	204	2.5516	6783	84.8405	863	10.7942	180125	71.9606	154472	91.9125	0.9692	075	066	Between	Animal	Animal
D1075	P3066	na	NZ_CP074407.1	4928781	1295327	26.2809	1292825	99.8068	1287046	99.553	2502	0.1932	1289525	99.5521	8534	0.6588	2732	32.0131	268	3.1404	7345	86.0675	827	9.6906	180125	72.1699	138694	93.043	0.9688	075	066	Between	Animal	Animal
D1076	D1109	na	NZ_CP019267.1	4740860	2096529	44.2225	2090218	99.699	2086095	99.8027	6311	0.301	2092371	99.8017	10993	0.5243	6835	62.1759	780	7.0954	3924	35.6954	5942	54.0526	71814	70.6993	103037	44.2375	0.9785	076	109	Between	Animal	Animal
D1076	P1038	na	NZ_CP019267.1	4740860	1737993	36.6599	1730820	99.5873	1727279	99.7954	7173	0.4127	1734419	99.7944	11036	0.635	7462	67.6151	446	4.0413	3689	33.427	6459	58.5266	71814	78.5279	44830	81.9139	0.9903	076	038	Between	Animal	Animal
D1076	P1051	na	NZ_CP010167.1	4630919	1780931	38.4574	1777624	99.8143	1776501	99.9368	3307	0.1857	1779786	99.9357	4755	0.267	3610	75.9201	458	9.632	2728	57.3712	1309	27.5289	106339	84.65	90712	84.7727	0.9904	076	051	Between	Animal	Animal
D1076	P1058	na	NZ_CP019267.1	4740860	1601581	33.7825	1595143	99.598	1591809	99.791	6438	0.402	1598204	99.7891	10037	0.6267	6660	66.3545	525	5.2306	3681	36.6743	5451	54.3091	71814	42.5251	27647	52.0418	0.985	076	058	Between	Animal	Animal
D1076	P1064	na	NZ_CP019267.1	4740860	1530503	32.2832	1525571	99.6778	1521896	99.7591	4932	0.3222	1526808	99.7586	9014	0.589	5319	59.0082	599	6.6452	3457	38.3515	4642	51.4977	71814	54.4044	83968	30.414	0.9773	076	064	Between	Animal	Animal
D1076	P1099	na	NZ_CP019267.1	4740860	2731411	57.6143	2729841	99.9425	2723886	99.7819	1570	0.0575	2725436	99.7812	8216	0.3008	2241	27.276	770	9.372	4927	59.9684	2305	28.055	71814	43.2102	148662	24.2591	0.9648	076	099	Between	Animal	Animal
D1076	P1110	na	NZ_CP019267.1	4740860	2195089	46.3015	2189965	99.7666	2185304	99.7872	5124	0.2334	2190390	99.7859	10364	0.4721	5665	54.6604	770	7.4296	4176	40.2933	5000	48.2439	71814	90.4072	104975	48.3677	0.9812	076	110	Between	Animal	Animal
D1076	P2060	na	NZ_CP019267.1	4740860	1868883	39.4208	1866427	99.8686	1862085	99.7674	2456	0.1314	1864520	99.7665	7182	0.3843	2819	39.2509	458	6.3771	4408	61.3757	2055	28.6132	71814	63.9973	120843	87.9248	0.9785	076	060	Between	Animal	Animal
D1076	P2064	na	NZ_CP019267.1	4740860	2585056	54.5272	2580400	99.8199	2576295	99.8409	4656	0.1801	2580908	99.8395	9152	0.354	5004	54.6766	554	6.0533	4547	49.6831	3509	38.3413	71814	72.9858	52536	86.3237	0.9879	076	064	Between	Animal	Animal
D1076	P2069	na	NZ_CP019267.1	4740860	2073104	43.7284	2065317	99.6244	2061619	99.8209	7787	0.3756	2069364	99.8196	11956	0.5767	8216	68.7186	653	5.4617	3966	33.1716	6950	58.1298	71814	63.9973	91008	48.1551	0.9782	076	069	Between	Animal	Animal
D1076	P2092	na	NZ_CP019267.1	4740860	2548263	53.7511	2542972	99.7924	2538232	99.8136	5291	0.2076	2543457	99.8114	10686	0.4193	5880	55.0253	838	7.842	4381	40.9976	4946	46.2849	71814	90.4072	96103	54.5488	0.9833	076	092	Between	Animal	Animal
D1076	P3011	na	NZ_CP019267.1	4740860	2695869	56.8646	2689953	99.7806	2685596	99.838	5916	0.2194	2691479	99.8372	10846	0.4023	6456	59.5242	852	7.8554	5110	47.1141	4459	41.1119	71814	63.9973	81029	58.7913	0.9805	076	011	Between	Animal	Animal
D1076	P3060	na	NZ_CP019267.1	4740860	1789196	37.7399	1784681	99.7477	1780985	99.7929	4515	0.2523	1785473	99.7919	8633	0.4825	4910	56.8748	605	7.008	4084	47.3068	3615	41.8742	71814	90.4072	127461	91.548	0.9837	076	060	Between	Animal	Animal
D1076	P3068	na	NZ_CP019267.1	4740860	2652119	55.9417	2650317	99.9321	2645057	99.8015	1802	0.0679	2646833	99.8007	7904	0.298	2618	33.1225	936	11.8421	4536	57.3887	2188	27.6822	71814	82.5786	154052	41.5256	0.9766	076	068	Between	Animal	Animal
D1076	S1053	na	NZ_CP019267.1	4740860	1896457	40.0024	1894003	99.8706	1889995	99.7884	2454	0.1294	1892419	99.7871	6849	0.3611	2811	41.0425	512	7.4755	3886	56.7382	2281	33.3041	71814	63.9973	68249	51.5378	0.9808	076	053	Between	Animal	Environment
D1076	S1081	na	NZ_CP019267.1	4740860	2738704	57.7681	2733579	99.8129	2728628	99.8189	5125	0.1871	2733712	99.8177	10728	0.3917	5736	53.4676	964	8.9858	4970	46.3274	4356	40.604	71814	72.9858	95860	48.4832	0.9833	076	081	Between	Animal	Environment
D1076	S1099	na	NZ_CP019267.1	4740860	2481660	52.3462	2477918	99.8492	2473148	99.8075	3742	0.1508	2476856	99.8064	8986	0.3621	4182	46.5391	702	7.8122	5102	56.7772	2922	32.5172	71814	33.6174	68264	37.081	0.9805	076	099	Between	Animal	Environment
D1076	S1108	na	NZ_CP010167.1	4630919	1892674	40.8704	1874018	99.0143	1872814	99.9358	18656	0.9857	1891448	99.9352	20123	1.0632	18897	93.9075	327	1.625	2233	11.0968	17505	86.99	106339	84.65	91853	63.5472	0.9822	076	108	Between	Animal	Environment
D1093	P1024	na	NZ_CP047876.1	4775730	682945	14.3003	680040	99.5746	675850	99.3839	2905	0.4254	678706	99.3793	8317	1.2178	4078	49.0321	1263	15.1858	3872	46.5552	2704	32.5117	44125	100	67961	100	0.9931	093	024	Between	Animal	Animal
D1093	P1048	na	NZ_CP047876.1	4775730	1611005	33.7332	1606885	99.7443	1603609	99.7961	4120	0.2557	1607696	99.7946	8191	0.5084	4882	59.602	947	11.5615	3162	38.6033	3747	45.7453	44125	84.7003	70882	60.6049	0.9908	093	048	Between	Animal	Animal
D1093	P1068	na	NZ_CP047876.1	4775730	2847841	59.6315	2840217	99.7323	2834285	99.7911	7624	0.2677	2841847	99.7895	14956	0.5252	8962	59.9224	1813	12.1222	5404	36.1327	7025	46.9711	44125	84.7003	51447	78.0143	0.9928	093	068	Between	Animal	Animal
D1093	P1108	na	NZ_CP047876.1	4775730	2518053	52.726	2508431	99.6179	2505215	99.8718	9622	0.3821	2514791	99.8705	13825	0.549	10563	76.4051	1665	12.0434	5014	36.2676	6255	45.2441	44125	84.7003	47297	100	0.9939	093	108	Between	Animal	Animal
D1093	P2011	na	NZ_CP092449.1	4627225	2557139	55.2629	2550010	99.7212	2546750	99.8722	7129	0.2788	2553832	99.8707	12274	0.48	8967	73.0569	2273	18.5188	3803	30.9842	5543	45.1605	88794	86.677	106468	75.5194	0.9832	093	011	Between	Animal	Animal
D1093	P2020	na	NZ_CP047876.1	4775730	2376456	49.7611	2362655	99.4193	2359209	99.8541	13801	0.5807	2372959	99.8528	18037	0.759	14540	80.6121	1263	7.0023	4049	22.4483	12170	67.4724	44125	84.7003	58419	67.6287	0.9906	093	020	Between	Animal	Animal
D1093	P2024	na	NZ_CP047876.1	4775730	685569	14.3553	682643	99.5732	678451	99.3859	2926	0.4268	681330	99.3817	8334	1.2156	4095	49.1361	1258	15.0948	3899	46.7843	2687	32.2414	44125	100	70133	100	0.9927	093	024	Between	Animal	Animal
D1093	P2038	na	NZ_CP047876.1	4775730	2442032	51.1342	2422444	99.1979	2419112	99.8625	19588	0.8021	2438651	99.8615	24007	0.9831	20626	85.9166	1413	5.8858	4338	18.0697	17719	73.8076	44125	84.7003	146353	34.8295	0.9739	093	038	Between	Animal	Animal
D1093	P2120	na	NZ_CP047876.1	4775730	1763603	36.9284	1755540	99.5428	1752907	99.85	8063	0.4572	1760910	99.8473	11504	0.6523	8811	76.5908	1294	11.2483	4585	39.8557	4923	42.7938	44125	51.1751	29402	100	0.9923	093	120	Between	Animal	Animal
D1093	P3057	na	NZ_CP047876.1	4775730	2130802	44.6173	2126552	99.8005	2122330	99.8015	4250	0.1995	2126538	99.7999	9650	0.4529	5386	55.8135	1340	13.886	4749	49.2124	3039	31.4922	44125	84.7003	64251	90.7908	0.9929	093	057	Between	Animal	Animal
D1093	P3066	na	NZ_CP025849.1	4818782	1844071	38.2684	1835663	99.5441	1833223	99.8671	8408	0.4559	1841580	99.8649	11296	0.6126	8805	77.9479	872	7.7195	6274	55.5418	3624	32.0822	51339	100	123507	50.436	0.9846	093	066	Between	Animal	Animal
D1093	P3076	na	NZ_CP047876.1	4775730	2309232	48.3535	2302734	99.7186	2299690	99.8678	6498	0.2814	2306143	99.8662	10562	0.4574	7473	70.7536	1433	13.5675	4248	40.2197	4341	41.1002	44125	84.7003	89446	55.8236	0.987	093	076	Between	Animal	Animal
D1093	P3099	na	NZ_CP047876.1	4775730	2864752	59.9856	2857964	99.7631	2854736	99.8871	6788	0.2369	2861479	99.8857	10816	0.3776	7543	69.7393	1140	10.5399	5497	50.8229	3689	34.1069	44125	84.7003	86946	55.6	0.9856	093	099	Between	Animal	Animal
D1093	S1024	na	NZ_CP025849.1	4818782	357060	7.4098	353157	98.9069	351574	99.5518	3903	1.0931	355442	99.5469	5965	1.6706	4347	72.8751	822	13.7804	2745	46.0184	1989	33.3445	51339	43.6588	30447	73.6197	0.9923	093	024	Between	Animal	Environment
D1093	S1050	na	NZ_CP047876.1	4775730	2245038	47.0093	2212969	98.5716	2208968	99.8192	32069	1.4284	2240936	99.8173	36995	1.6479	32893	88.912	1436	3.8816	4793	12.9558	30001	81.0947	44125	84.7003	48337	100	0.9938	093	050	Between	Animal	Environment
D1093	W1019	na	NZ_CP047876.1	4775730	2358395	49.3829	2353487	99.7919	2349810	99.8438	4908	0.2081	2354656	99.8415	9701	0.4113	5962	61.4576	1283	13.2254	4896	50.469	3108	32.0379	44125	84.7003	49147	72.5375	0.9927	093	019	Between	Animal	Environment
D1093	W1092	na	NZ_CP047876.1	4775730	2854409	59.7691	2837598	99.4111	2833491	99.8553	16811	0.5889	2850226	99.8535	22130	0.7753	17947	81.0981	1279	5.7795	5291	23.9087	15084	68.1609	44125	51.1751	111255	34.3832	0.9752	093	092	Between	Animal	Environment
D1098	P1024	na	NZ_CP019271.1	4765102	677486	14.2177	673396	99.3963	666550	98.9834	4090	0.6037	670574	98.9798	11699	1.7268	4787	40.918	829	7.0861	7437	63.5695	3095	26.4553	46194	87.0936	126181	49.4686	0.9804	098	024	Between	Animal	Animal
D1098	P2024	na	NZ_CP019271.1	4765102	681342	14.2986	677200	99.3921	670373	98.9919	4142	0.6079	674451	98.9886	11736	1.7225	4845	41.2832	831	7.0808	7497	63.8804	3082	26.2611	46194	87.0936	126102	49.5282	0.9804	098	024	Between	Animal	Animal
D1109	O1031	na	NZ_CP073981.1	4774884	1845066	38.6411	1836990	99.5623	1834211	99.8487	8076	0.4377	1842250	99.8474	12089	0.6552	9273	76.7061	1716	14.1947	6003	49.6567	3649	30.1845	51858	100	163239	33.6102	0.9764	109	031	Between	Animal	Human
D1109	P1005	na	NZ_CP019245.1	4729175	1552860	32.8357	1542709	99.3463	1541182	99.901	10151	0.6537	1551300	99.8995	12154	0.7827	10594	87.1647	1355	11.1486	4191	34.4825	5920	48.7082	162725	68.475	109199	88.8103	0.9831	109	005	Between	Animal	Animal
D1109	P1009	na	NZ_CP019245.1	4729175	2394952	50.6421	2271812	94.8584	2269175	99.8839	123140	5.1416	2392112	99.8814	126959	5.3011	124119	97.7631	2559	2.0156	3721	2.9309	119530	94.1485	162725	95.8009	173722	94.8786	0.9943	109	009	Between	Animal	Animal
D1109	P1038	na	NZ_CP019267.1	4740860	2236780	47.1809	2223168	99.3914	2221376	99.9194	13612	0.6086	2234967	99.9189	15740	0.7037	13927	88.4816	906	5.756	6116	38.8564	8353	53.0686	103037	36.2578	44830	86.5826	0.9843	109	038	Between	Animal	Animal
D1109	P1058	na	NZ_CP019267.1	4740860	2035225	42.9294	2023818	99.4395	2022358	99.9279	11407	0.5605	2033745	99.9273	13454	0.6611	11974	88.9996	2035	15.1256	4981	37.0224	5739	42.6565	103037	23.2751	27647	78.8766	0.9815	109	058	Between	Animal	Animal
D1109	P1058	na	NZ_CP019245.1	4729175	1931652	40.8454	1923771	99.592	1922832	99.9512	7881	0.408	1930686	99.95	9585	0.4962	8619	89.9218	1781	18.5811	4571	47.6891	2562	26.7293	162725	49.7059	77949	93.3033	0.9796	109	058	Between	Animal	Animal
D1109	P1064	na	NZ_CP073981.1	4774884	1793383	37.5587	1778805	99.1871	1776245	99.8561	14578	0.8129	1790754	99.8534	18098	1.0092	15469	85.4735	2534	14.0015	6213	34.3298	8419	46.519	51858	100	75888	93.3942	0.9949	109	064	Between	Animal	Animal
D1109	P1064	na	NZ_CP019267.1	4740860	1470162	31.0104	1461628	99.4195	1459524	99.8561	8534	0.5805	1468033	99.8552	11125	0.7567	8996	80.8629	1326	11.9191	5007	45.0067	4166	37.4472	103037	64.604	83968	79.4315	0.9847	109	064	Between	Animal	Animal
D1109	P1075	na	NZ_CP019245.1	4729175	2137967	45.208	2123229	99.3107	2121735	99.9296	14738	0.6893	2136445	99.9288	17034	0.7967	15512	91.0649	1822	10.6963	3283	19.2732	11079	65.0405	162725	87.8857	199683	85.1099	0.9831	109	075	Between	Animal	Animal
D1109	P1093	na	NZ_CP019245.1	4729175	2002756	42.349	1996068	99.6661	1994636	99.9283	6688	0.3339	2001295	99.9271	9120	0.4554	7659	83.9803	1373	15.0548	4124	45.2193	2894	31.7325	162725	76.3337	167448	74.5593	0.9819	109	093	Between	Animal	Animal
D1109	P1099	na	NZ_CP019267.1	4740860	2987092	63.0074	2979581	99.7486	2976143	99.8846	7511	0.2514	2983619	99.8837	11695	0.3915	8222	70.3035	803	6.8662	8398	71.8085	2125	18.1702	103037	87.1939	148662	54.8849	0.9808	109	099	Between	Animal	Animal
D1109	P1110	na	NZ_CP019267.1	4740860	2230316	47.0445	2221074	99.5856	2218747	99.8952	9242	0.4144	2227953	99.8941	12280	0.5506	9917	80.7573	1093	8.9007	5781	47.0765	4920	40.0651	103037	36.2578	104975	35.6571	0.9688	109	110	Between	Animal	Animal
D1109	P2060	na	NZ_CP019267.1	4740860	2040806	43.0472	2033660	99.6498	2032240	99.9302	7146	0.3502	2039361	99.9292	9248	0.4532	7803	84.375	893	9.6561	6086	65.8088	1949	21.0748	103037	79.8005	120843	87.9248	0.987	109	060	Between	Animal	Animal
D1109	P2064	na	NZ_CP019267.1	4740860	2977733	62.81	2967129	99.6439	2966001	99.962	10604	0.3561	2976583	99.9614	12546	0.4213	11396	90.8337	2131	16.9855	6745	53.7622	2797	22.294	103037	77.5867	52536	100	0.985	109	064	Between	Animal	Animal
D1109	P2064	na	NZ_CP019245.1	4729175	1960011	41.4451	1951191	99.55	1949947	99.9362	8820	0.45	1958746	99.9355	11129	0.5678	9864	88.6333	2222	19.9659	3883	34.8908	4178	37.5416	162725	80.0061	138419	89.3996	0.9864	109	064	Between	Animal	Animal
D1109	P2069	na	NZ_CP019267.1	4740860	2654101	55.9835	2640553	99.4895	2639340	99.9541	13548	0.5105	2652858	99.9532	15634	0.5891	14391	92.0494	2389	15.2808	5409	34.5977	7463	47.7357	103037	79.8005	91008	90.2932	0.9889	109	069	Between	Animal	Animal
D1109	P2075	na	NZ_CP019245.1	4729175	2517333	53.2299	2510645	99.7343	2508505	99.9148	6688	0.2657	2515155	99.9135	10103	0.4013	7925	78.442	1586	15.6983	4474	44.2839	3030	29.9911	162725	100	216190	82.2656	0.9873	109	075	Between	Animal	Animal
D1109	P2090	na	NZ_CP073981.1	4774884	1342990	28.1261	1333303	99.2787	1331193	99.8417	9687	0.7213	1340824	99.8387	12375	0.9215	10209	82.497	1398	11.297	6075	49.0909	4173	33.7212	51858	89.1049	130871	30.0066	0.9779	109	090	Between	Animal	Animal
D1109	P2092	na	NZ_CP019267.1	4740860	2967874	62.602	2956783	99.6263	2953995	99.9057	11091	0.3737	2965045	99.9047	14690	0.495	11861	80.742	1856	12.6344	7454	50.742	4914	33.4513	103037	77.5867	96103	74.7042	0.9878	109	092	Between	Animal	Animal
D1109	P2092	na	NZ_CP019245.1	4729175	1935216	40.9208	1925047	99.4745	1923643	99.9271	10169	0.5255	1933784	99.926	12430	0.6423	10998	88.4795	1896	15.2534	3963	31.8825	5997	48.2462	162725	64.5691	77347	90.4831	0.9785	109	092	Between	Animal	Animal
D1109	P2109	na	NZ_CP073981.1	4774884	1750071	36.6516	1741168	99.4913	1738190	99.829	8903	0.5087	1747021	99.8257	13036	0.7449	9986	76.6033	1751	13.432	7295	55.9604	3468	26.6033	51858	100	97422	53.2128	0.9903	109	109	Within	Animal	Animal
D1109	P3011	na	NZ_CP019267.1	4740860	2977389	62.8027	2964972	99.583	2963165	99.9391	12417	0.417	2975552	99.9383	14864	0.4992	13027	87.6413	1369	9.2102	7879	53.0073	5243	35.2731	103037	79.8005	81029	100	0.9917	109	011	Between	Animal	Animal
D1109	P3060	na	NZ_CP019267.1	4740860	1875154	39.553	1867111	99.5711	1865640	99.9212	8043	0.4289	1873664	99.9205	9900	0.528	8410	84.9495	809	8.1717	5318	53.7172	3528	35.6364	103037	77.5867	127461	76.8737	0.9833	109	060	Between	Animal	Animal
D1109	P3068	na	NZ_CP019267.1	4740860	2923215	61.66	2915878	99.749	2912324	99.8781	7337	0.251	2919623	99.8771	11676	0.3994	8084	69.236	817	6.9973	7491	64.1572	2912	24.94	103037	92.7832	154052	67.5882	0.9813	109	068	Between	Animal	Animal
D1109	S1005	na	NZ_CP019245.1	4729175	2004901	42.3943	1993112	99.412	1991071	99.8976	11789	0.588	2002818	99.8961	14787	0.7375	12704	85.9133	1655	11.1923	3602	24.3592	8805	59.5455	162725	72.1346	111574	100	0.9884	109	005	Between	Animal	Environment
D1109	S1024	na	NZ_CP073981.1	4774884	1694119	35.4798	1684661	99.4417	1682310	99.8604	9458	0.5583	1691714	99.858	12943	0.764	10538	81.4185	1802	13.9226	6660	51.4564	3827	29.5681	51858	89.1049	66108	67.4669	0.9938	109	024	Between	Animal	Environment
D1109	S1053	na	NZ_CP019267.1	4740860	1984654	41.8627	1977905	99.6599	1975637	99.8853	6749	0.3401	1982354	99.8841	9475	0.4774	7175	75.7256	657	6.934	6218	65.6253	2298	24.2533	103037	79.8005	68249	100	0.9883	109	053	Between	Animal	Environment
D1109	S1081	na	NZ_CP019267.1	4740860	3001918	63.3201	2990677	99.6255	2988287	99.9201	11241	0.3745	2999489	99.9191	14356	0.4782	11927	83.0802	1273	8.8674	7801	54.3396	4798	33.4216	103037	84.8035	95860	100	0.9869	109	081	Between	Animal	Environment
D1109	S1085	na	NZ_CP019245.1	4729175	1724996	36.4756	1719955	99.7078	1718519	99.9165	5041	0.2922	1723522	99.9146	7480	0.4336	6006	80.2941	1217	16.2701	3915	52.3396	1675	22.393	162725	60.0203	96818	90.4925	0.9817	109	085	Between	Animal	Environment
D1109	S1099	na	NZ_CP019267.1	4740860	2576448	54.3456	2567179	99.6402	2564744	99.9051	9269	0.3598	2573982	99.9043	12257	0.4757	9791	79.8809	987	8.0525	8162	66.5905	2765	22.5585	103037	62.1398	68264	91.7321	0.9891	109	099	Between	Animal	Environment
D1109	S1109	na	NZ_CP019245.1	4729175	1908897	40.3643	1898131	99.436	1895385	99.8553	10766	0.564	1906090	99.853	14727	0.7715	11920	80.9398	1350	9.1668	4275	29.0283	8171	55.4831	162725	76.3337	124172	82.4936	0.9812	109	109	Within	Animal	Environment
D1109	S1119	na	NZ_CP019245.1	4729175	2571500	54.3752	2562672	99.6567	2559331	99.8696	8828	0.3433	2568103	99.8679	13823	0.5375	10426	75.425	1697	12.2766	4830	34.9418	6030	43.6229	162725	100	186956	100	0.9932	109	119	Between	Animal	Environment
D1109	W1081	na	NZ_CP073981.1	4774884	1779461	37.2671	1766915	99.295	1764149	99.8435	12546	0.705	1776621	99.8404	16242	0.9127	13402	82.5145	1430	8.8043	7021	43.2274	7080	43.5907	51858	89.1049	65414	63.5063	0.9902	109	081	Between	Animal	Environment
O1004	O1020	na	NZ_CP066839.1	4705802	2392077	50.8325	2386852	99.7816	2383413	99.8559	5225	0.2184	2388621	99.8555	8918	0.3728	5462	61.2469	438	4.9114	3795	42.5544	4484	50.2803	42103	43.1941	92563	27.0616	0.9781	004	020	Between	Human	Human
O1004	O1030	na	NZ_CP075627.1	4966561	2714216	54.6498	2705700	99.6862	2699244	99.7614	8516	0.3138	2707683	99.7593	16848	0.6207	10315	61.2239	2106	12.5	7336	43.5423	6405	38.0164	224202	91.1339	279837	68.368	0.9737	004	030	Between	Human	Human
O1004	O1038	na	NZ_LR134231.1	4594692	2863921	62.3311	2858911	99.8251	2852349	99.7705	5010	0.1749	2857309	99.7691	12235	0.4272	5623	45.9583	705	5.7622	7246	59.2235	4040	33.02	46667	79.793	118258	35.2289	0.98	004	038	Between	Human	Human
O1004	O1108	na	NZ_LR134231.1	4594692	1003490	21.8402	999811	99.6334	995957	99.6145	3679	0.3666	999604	99.6128	8076	0.8048	4190	51.8821	610	7.5532	4646	57.5285	2467	30.5473	46667	100	88781	56.3972	0.9903	004	108	Between	Human	Human
O1004	P1004	na	NZ_LR134231.1	4594692	1809514	39.3827	1804792	99.739	1800981	99.7888	4722	0.261	1805669	99.7875	8888	0.4912	5043	56.7394	443	4.9842	6810	76.6202	1410	15.8641	46667	100	67840	75.0029	0.9952	004	004	Within	Human	Animal
O1004	P1005	na	NZ_LR134231.1	4594692	1693106	36.8492	1683023	99.4045	1679710	99.8032	10083	0.5955	1689740	99.8012	13868	0.8191	10502	75.7283	1140	8.2204	5630	40.5971	6433	46.3874	46667	79.793	32957	100	0.9969	004	005	Between	Human	Animal
O1004	P1020	na	NZ_LR134231.1	4594692	2760700	60.0845	2755363	99.8067	2746733	99.6868	5337	0.1933	2752027	99.6858	15946	0.5776	7273	45.6102	2046	12.8308	4688	29.3992	8383	52.5712	46667	74.9352	88599	45.11	0.9856	004	020	Between	Human	Animal
O1004	P1021	na	NZ_LR134231.1	4594692	2091759	45.5256	2082400	99.5526	2079126	99.8428	9359	0.4474	2088429	99.8408	13113	0.6269	9783	74.6054	1078	8.2208	6396	48.776	4810	36.6812	46667	100	57519	87.3311	0.9973	004	021	Between	Human	Animal
O1004	P1030	na	NZ_CP075627.1	4966561	2364311	47.6046	2355879	99.6434	2353620	99.9041	8432	0.3566	2361997	99.9021	12096	0.5116	9782	80.8697	1770	14.6329	7694	63.6078	2062	17.047	224202	88.3119	190607	80.5485	0.9746	004	030	Between	Human	Animal
O1004	P1038	na	NZ_LR134231.1	4594692	1530107	33.3016	1524995	99.6659	1521227	99.7529	5112	0.3341	1526300	99.7512	9435	0.6166	5628	59.6502	833	8.8288	5387	57.0959	2853	30.2385	46667	100	42619	100	0.9988	004	038	Between	Human	Animal
O1004	P1055	na	NZ_LR134231.1	4594692	1076683	23.4332	1072582	99.6191	1069463	99.7092	4101	0.3809	1073522	99.7064	7668	0.7122	4507	58.7767	602	7.8508	5255	68.5316	1511	19.7053	46667	100	47164	100	0.9997	004	055	Between	Human	Animal
O1004	P1084	na	NZ_LR134231.1	4594692	1953473	42.5159	1949785	99.8112	1946836	99.8488	3688	0.1888	1950503	99.848	7091	0.363	4121	58.1159	537	7.573	4750	66.9863	1687	23.7907	46667	79.793	116509	36.2144	0.9805	004	084	Between	Human	Animal
O1004	P1090	na	NZ_LR134231.1	4594692	2924471	63.6489	2919422	99.8274	2914510	99.8317	5049	0.1726	2919526	99.8309	10886	0.3722	5941	54.5747	947	8.6992	7245	66.5534	2290	21.0362	46667	100	92755	52.6786	0.989	004	090	Between	Human	Animal
O1004	P2066	na	NZ_LR134231.1	4594692	2062744	44.8941	2057770	99.7589	2054549	99.8435	4974	0.2411	2059482	99.8419	8773	0.4253	5511	62.8177	764	8.7085	4982	56.7879	2692	30.6851	46667	79.793	53230	77.2515	0.9942	004	066	Between	Human	Animal
O1004	P3031	na	NZ_LR134231.1	4594692	314540	6.8457	311789	99.1254	309812	99.3659	2751	0.8746	312533	99.3619	5226	1.6615	3219	61.5959	696	13.318	2011	38.4807	2179	41.6954	46667	68.1638	65131	54.9876	0.9894	004	031	Between	Human	Animal
O1004	P3092	na	NZ_LR134231.1	4594692	2106034	45.8362	2092415	99.3533	2089753	99.8728	13619	0.6467	2103328	99.8715	16692	0.7926	13986	83.7886	1107	6.6319	5781	34.6334	8761	52.4862	46667	79.793	41192	100	0.997	004	092	Between	Human	Animal
O1004	P3109	na	NZ_OW967178.1	4863036	2734958	56.2397	2723704	99.5885	2687277	98.6626	11254	0.4115	2698351	98.6615	48398	1.7696	11791	24.3626	994	2.0538	4023	8.3123	42435	87.6792	29004	59.4608	65172	26.1508	0.9874	004	109	Between	Human	Animal
O1004	S1019	na	NZ_LR134231.1	4594692	1559083	33.9323	1554549	99.7092	1551797	99.823	4534	0.2908	1556291	99.8209	7704	0.4941	4912	63.7591	607	7.879	4641	60.2414	2163	28.0763	46667	68.1638	65915	54.7265	0.9892	004	019	Between	Human	Environment
O1004	S1030	na	NZ_LR134231.1	4594692	2220514	48.3278	2214093	99.7108	2211289	99.8734	6421	0.2892	2217666	99.8717	10784	0.4857	7936	73.5905	1860	17.2478	4764	44.1766	3647	33.8186	46667	100	67621	74.4872	0.9952	004	030	Between	Human	Environment
O1004	S1055	na	NZ_CP075627.1	4966561	2208209	44.4615	2167457	98.1545	2165262	99.8987	40752	1.8455	2205937	99.8971	43703	1.9791	41431	94.8013	2414	5.5236	6794	15.5458	33770	77.2716	224202	92.3145	205677	75.1042	0.9746	004	055	Between	Human	Environment
O1004	W1064	na	NZ_CP075627.1	4966561	2719998	54.7662	2711762	99.6972	2703603	99.6991	8236	0.3028	2711763	99.6972	17593	0.6468	9358	53.1916	1442	8.1964	7494	42.5965	7760	44.1085	224202	92.7851	210531	66.0221	0.959	004	064	Between	Human	Environment
O1004	W1110	na	NZ_LR134231.1	4594692	2946464	64.1276	2941380	99.8275	2936669	99.8398	5084	0.1725	2941708	99.8386	10729	0.3641	5973	55.6715	970	9.0409	7235	67.4341	2177	20.2908	46667	74.9352	82294	49.8129	0.9865	004	110	Between	Human	Environment
O1005	O1064	na	NZ_LR882052.1	4569920	1807021	39.5416	1802918	99.7729	1802341	99.968	4103	0.2271	1806441	99.9679	5195	0.2875	4615	88.8354	601	11.5688	1141	21.9634	3311	63.7344	34405	100	67515	61.3404	0.9927	005	064	Between	Human	Human
O1005	O1069	na	NZ_LR882052.1	4569920	242895	5.3151	242540	99.8538	242212	99.8648	355	0.1462	242565	99.8641	709	0.2919	379	53.4556	29	4.0903	239	33.7094	428	60.3667	34405	100	108010	46.6216	0.9838	005	069	Between	Human	Human
O1005	P1080	na	NZ_CP014641.1	4165587	405943	9.7452	404929	99.7502	403202	99.5735	1014	0.2498	404189	99.5679	2820	0.6947	1066	37.8014	79	2.8014	801	28.4043	1735	61.5248	0	0	42747	0	0.9897	005	080	Between	Human	Animal
O1005	P1103	na	NZ_CP014641.1	4165587	415133	9.9658	413630	99.6379	411876	99.5759	1503	0.3621	413356	99.5719	3367	0.8111	1590	47.223	174	5.1678	864	25.6608	2041	60.6178	0	0	21524	0	0.9948	005	103	Between	Human	Animal
O1005	P2004	na	NZ_CP007390.1	4807977	1632179	33.9473	1563506	95.7926	1556988	99.5831	68673	4.2074	1625539	99.5932	76253	4.6719	69613	91.2921	1913	2.5088	5269	6.9099	68696	90.0896	72161	83.2153	146084	54.9499	0.9771	005	004	Between	Human	Animal
O1005	P2009	na	NZ_CP014641.1	4165587	328830	7.894	327800	99.6868	326776	99.6876	1030	0.3132	327784	99.6819	2122	0.6453	1076	50.7069	94	4.4298	774	36.475	1087	51.2253	0	0	0	0	1	005	009	Between	Human	Animal
O1005	P2051	na	NZ_LR882052.1	4569920	636600	13.9302	635914	99.8922	634060	99.7085	686	0.1078	634739	99.7077	2590	0.4068	729	28.1467	54	2.0849	504	19.4595	1931	74.556	34405	100	186903	27.7219	0.9664	005	051	Between	Human	Animal
O1005	P2090	na	NZ_CP007390.1	4807977	987133	20.5312	981731	99.4528	979603	99.7832	5402	0.5472	984975	99.7814	7925	0.8028	5767	72.7697	740	9.3375	5002	63.1167	1862	23.4953	72161	100	140086	65.0172	0.9815	005	090	Between	Human	Animal
O1005	P2093	na	NZ_CP014641.1	4165587	1450838	34.8291	1447891	99.7969	1446947	99.9348	2947	0.2031	1449886	99.9344	4034	0.278	3082	76.4006	309	7.6599	2004	49.6777	1525	37.8037	0	0	12309	0	0.997	005	093	Between	Human	Animal
O1005	P3005	na	NZ_CP007390.1	4807977	1501231	31.2238	1494967	99.5827	1491705	99.7818	6264	0.4173	1497915	99.7791	10454	0.6964	7138	68.2801	1145	10.9527	6201	59.317	2555	24.4404	72161	76.1492	115952	63.497	0.9813	005	005	Within	Human	Animal
O1005	P3053	na	NZ_CP014641.1	4165587	1822601	43.7538	1818939	99.7991	1817030	99.895	3662	0.2009	1820674	99.8943	5721	0.3139	3794	66.3171	250	4.3699	2067	36.13	3127	54.6583	0	0	33076	0	0.9921	005	053	Between	Human	Animal
O1005	P3093	na	NZ_CP014641.1	4165587	2046043	49.1178	2042943	99.8485	2041446	99.9267	3100	0.1515	2044534	99.9262	4813	0.2352	3304	68.6474	375	7.7914	2357	48.9715	1766	36.6923	0	0	12263	0	0.9971	005	093	Between	Human	Animal
O1005	S1068	na	NZ_CP007390.1	4807977	761199	15.832	753805	99.0286	749743	99.4611	7394	0.9714	757089	99.4601	11880	1.5607	7770	65.404	899	7.5673	3247	27.3316	7030	59.1751	72161	67.8511	62314	73.2596	0.9823	005	068	Between	Human	Environment
O1005	W1098	na	NZ_CP007390.1	4807977	1764667	36.7029	1757837	99.613	1755248	99.8527	6830	0.387	1762043	99.8513	10764	0.61	8140	75.6224	1685	15.654	6346	58.9558	2199	20.4292	72161	100	145896	68.2582	0.9825	005	098	Between	Human	Environment
O1005	W1111	na	NZ_CP014495.1	5061821	668585	13.2084	666897	99.7475	666269	99.9058	1688	0.2525	667952	99.9053	2492	0.3727	1859	74.5987	208	8.3467	1536	61.6372	692	27.7689	120579	81.6751	112905	81.4525	0.9896	005	111	Between	Human	Environment
O1009	O1069	na	NZ_CP058571.1	5146040	311183	6.047	307963	98.9652	305204	99.1041	3220	1.0348	308386	99.1012	6506	2.0907	3709	57.0089	821	12.6191	3353	51.537	1722	26.4679	226715	74.1954	239640	73.2023	0.9717	009	069	Between	Human	Human
O1009	O1120	na	NZ_CP058571.1	5146040	338025	6.5686	335231	99.1734	332220	99.1018	2794	0.8266	334971	99.0965	6656	1.9691	3602	54.1166	1068	16.0457	3027	45.4778	2190	32.9026	226715	68.9496	183967	79.1876	0.9756	009	120	Between	Human	Human
O1009	P2060	na	NZ_CP042893.1	4667689	533508	11.4298	531544	99.6319	529183	99.5558	1964	0.3681	531125	99.5533	4910	0.9203	2527	51.4664	608	12.3829	2575	52.444	1538	31.3238	74726	81.3211	167863	42.3601	0.9733	009	060	Between	Human	Animal
O1009	S1031	na	NZ_CP016628.1	4867152	2995897	61.5534	2986222	99.6771	2971295	99.5001	9675	0.3229	2980906	99.4996	25460	0.8498	10469	41.1194	1033	4.0573	15418	60.5577	7965	31.2844	122844	74.3968	241226	65.4308	0.9584	009	031	Between	Human	Environment
O1011	O1021	na	NZ_CP053284.1	5244439	1021236	19.4727	1011299	99.027	1006161	99.4919	9937	0.973	1016030	99.4902	15748	1.5421	10542	66.9418	1103	7.0041	3297	20.936	10657	67.6721	116849	75.1654	137001	55.7025	0.9801	011	021	Between	Human	Human
O1011	O1034	na	NZ_CP053284.1	5244439	936147	17.8503	932070	99.5645	929058	99.6768	4077	0.4355	933088	99.6732	8251	0.8814	5192	62.9257	1430	17.3312	2434	29.4995	3795	45.9944	116849	91.299	228890	48.1882	0.9702	011	034	Between	Human	Human
O1011	O1045	na	NZ_CP053284.1	5244439	946913	18.0556	944421	99.7368	940523	99.5873	2492	0.2632	942992	99.5859	7132	0.7532	3211	45.0224	776	10.8805	1387	19.4476	4662	65.3674	116849	95.6816	306093	38.1943	0.958	011	045	Between	Human	Human
O1011	O1080	na	NZ_CP055015.1	4940262	2881374	58.3243	2878691	99.9069	2877863	99.9712	2683	0.0931	2880542	99.9711	9022	0.3131	8190	90.7781	5975	66.227	1178	13.057	1203	13.3341	141341	100	149889	93.696	0.9956	011	080	Between	Human	Human
O1011	O1092	na	NZ_CP060061.1	5326222	1894509	35.5695	1890906	99.8098	1889010	99.8997	3603	0.1902	1892599	99.8992	6464	0.3412	4554	70.4517	1322	20.4517	2348	36.3243	2412	37.3144	141390	53.1905	293475	34.0336	0.9453	011	092	Between	Human	Human
O1011	O1108	na	NZ_CP060061.1	5326222	610322	11.4588	605672	99.2381	598199	98.7662	4650	0.7619	602778	98.7639	12787	2.0951	5243	41.0026	910	7.1166	2856	22.3352	8524	66.6615	141390	41.0347	134494	43.0889	0.969	011	108	Between	Human	Human
O1019	P1033	na	NZ_AP021896.1	4574715	2061617	45.0655	2059898	99.9166	2057377	99.8776	1719	0.0834	2059045	99.8752	5505	0.267	2933	53.2788	1296	23.5422	2046	37.1662	1898	34.4777	264847	36.6642	75130	100	0.9574	019	033	Between	Human	Animal
O1019	P1111	na	NZ_AP021896.1	4574715	2637317	57.6499	2629048	99.6865	2625853	99.8785	8269	0.3135	2634080	99.8773	12673	0.4805	9436	74.4575	1278	10.0844	3073	24.2484	7813	61.6508	264847	29.972	66359	92.1638	0.9537	019	111	Between	Human	Animal
O1019	P3075	na	NZ_AP021896.1	4574715	3800987	83.0869	3800134	99.9776	3795691	99.8831	853	0.0224	3796518	99.8824	7136	0.1877	2667	37.3739	1883	26.3873	3463	48.5286	1665	23.3324	264847	42.2493	88645	100	0.9593	019	075	Between	Human	Animal
O1019	S1053	na	NZ_AP021896.1	4574715	2220468	48.5378	2215966	99.7972	2213313	99.8803	4502	0.2028	2217778	99.8789	8207	0.3696	5517	67.2231	1092	13.3057	2283	27.8177	4565	55.6232	264847	44.9478	107549	93.3147	0.9597	019	053	Between	Human	Environment
O1020	P1111	na	NZ_CP045206.1	4944436	2550204	51.5772	2544600	99.7803	2541475	99.8772	5604	0.2197	2547047	99.8762	9685	0.3798	6528	67.4032	1099	11.3474	2740	28.2912	5476	56.541	108472	74.1334	145220	64.0463	0.9809	020	111	Between	Human	Animal
O1021	O1034	na	NZ_CP053284.1	5244439	2175922	41.4901	2158295	99.1899	2151662	99.6927	17627	0.8101	2169197	99.6909	25598	1.1764	18873	73.7284	2126	8.3053	17347	67.767	5173	20.2086	137001	83.587	228890	57.8374	0.9701	021	034	Between	Human	Human
O1021	O1042	na	NZ_CP022279.1	4907118	2583574	52.6495	2575533	99.6888	2573920	99.9374	8041	0.3112	2581948	99.9371	16469	0.6375	14843	90.1269	6916	41.994	7895	47.9386	1170	7.1043	207883	77.09	221091	78.5369	0.9721	021	042	Between	Human	Human
O1021	O1045	na	NZ_CP053284.1	5244439	2589618	49.3784	2572260	99.3297	2564623	99.7031	17358	0.6703	2581933	99.7032	26772	1.0338	19087	71.2946	2086	7.7917	16176	60.4213	7475	27.921	137001	90.0607	306093	50.7222	0.9609	021	045	Between	Human	Human
O1021	O1045	na	NZ_CP022279.1	4907118	2558517	52.1389	2549811	99.6597	2548143	99.9346	8706	0.3403	2556833	99.9342	17135	0.6697	15451	90.1722	6941	40.5077	7755	45.2582	1733	10.1138	207883	71.3344	214883	78.788	0.9701	021	045	Between	Human	Human
O1021	O1060	na	NZ_CP022279.1	4907118	2626293	53.5201	2618219	99.6926	2616610	99.9385	8074	0.3074	2624668	99.9381	16859	0.6419	15234	90.3612	7271	43.1283	7921	46.9838	1133	6.7204	207883	75.389	288141	63.5859	0.9542	021	060	Between	Human	Human
O1030	P1030	na	NZ_CP075627.1	4966561	3317675	66.8002	3315565	99.9364	3307550	99.7583	2110	0.0636	3309626	99.7574	11578	0.349	3529	30.4802	1519	13.1197	7518	64.9335	2229	19.252	279837	69.7027	190607	78.8245	0.9571	030	030	Within	Human	Animal
O1030	S1055	na	NZ_CP075627.1	4966561	3162432	63.6745	3113479	98.452	3106118	99.7636	48953	1.548	3154892	99.7616	57447	1.8165	49907	86.8749	1298	2.2595	7131	12.4132	46944	81.7171	279837	72.1549	205677	90.2143	0.9707	030	055	Between	Human	Environment
O1030	W1064	na	NZ_CP075627.1	4966561	4273694	86.0494	4271622	99.9515	4255600	99.6249	2072	0.0485	4257626	99.624	20539	0.4806	4471	21.7683	2738	13.3307	8464	41.2094	9124	44.4228	279837	86.4614	210531	87.5306	0.963	030	064	Between	Human	Environment
O1031	O1034	na	NZ_CP088131.1	4785944	2480099	51.8205	2476437	99.8523	2473251	99.8713	3662	0.1477	2476892	99.8707	7789	0.3141	4582	58.8266	1141	14.6489	3677	47.2076	2458	31.5573	158788	76.0807	188704	61.5382	0.9701	031	034	Between	Human	Human
O1031	P1064	na	NZ_CP073981.1	4774884	1897784	39.7451	1886646	99.4131	1883949	99.857	11138	0.5869	1895034	99.8551	14783	0.779	12033	81.3976	1315	8.8954	3726	25.2046	9106	61.5978	163239	38.4522	75888	93.3942	0.9746	031	064	Between	Human	Animal
O1031	P2090	na	NZ_CP073981.1	4774884	1354786	28.3732	1349559	99.6142	1347151	99.8216	5227	0.3858	1352339	99.8194	8217	0.6065	5770	70.2203	990	12.0482	3423	41.6575	3295	40.0998	163239	44.4446	130871	53.7407	0.9613	031	090	Between	Human	Animal
O1031	P2109	na	NZ_CP073981.1	4774884	1811364	37.9352	1806917	99.7545	1804164	99.8476	4447	0.2455	1808595	99.8471	8459	0.467	5690	67.2656	1706	20.1679	3698	43.7168	2572	30.4055	163239	68.1406	97422	100	0.9859	031	109	Between	Human	Animal
O1031	S1024	na	NZ_CP073981.1	4774884	1889304	39.5675	1883913	99.7147	1880516	99.8197	5391	0.2853	1885867	99.8181	9739	0.5155	6302	64.7089	1232	12.6502	4227	43.4028	3829	39.3162	163239	44.4446	66108	92.1885	0.9738	031	024	Between	Human	Environment
O1031	W1081	na	NZ_CP073981.1	4774884	1865359	39.0661	1857050	99.5546	1854998	99.8895	8309	0.4454	1863268	99.8879	11462	0.6145	9371	81.7571	1333	11.6297	3164	27.6043	6134	53.516	163239	44.4446	65414	100	0.9725	031	081	Between	Human	Environment
O1034	O1045	na	NZ_CP053284.1	5244439	2214338	42.2226	2210802	99.8403	2204468	99.7135	3536	0.1597	2207985	99.7131	11555	0.5218	5202	45.0195	1798	15.5604	1947	16.8498	7473	64.6733	228890	76.407	306093	63.3059	0.9577	034	045	Between	Human	Human
O1038	O1108	na	NZ_LR134231.1	4594692	1238138	26.9471	1236953	99.9043	1231989	99.5987	1185	0.0957	1233151	99.5972	6846	0.5529	1859	27.1545	701	10.2396	2943	42.9886	3117	45.5302	118258	55.1354	88781	71.4353	0.9807	038	108	Between	Human	Human
O1038	P1004	na	NZ_LR134231.1	4594692	2044937	44.5065	2044000	99.9542	2040757	99.8413	937	0.0458	2041688	99.8411	5187	0.2537	1938	37.3626	1052	20.2815	2990	57.6441	970	18.7006	118258	52.0996	67840	86.0024	0.9846	038	004	Between	Human	Animal
O1038	P1005	na	NZ_LR134231.1	4594692	1851835	40.3038	1845198	99.6416	1842213	99.8382	6637	0.3584	1848811	99.8367	10251	0.5536	7227	70.5004	677	6.6042	2698	26.3194	6313	61.5842	118258	35.2289	32957	100	0.9812	038	005	Between	Human	Animal
O1038	P1020	na	NZ_LR134231.1	4594692	3739396	81.3851	3738180	99.9675	3725078	99.6495	1216	0.0325	3726276	99.6491	15469	0.4137	2349	15.1852	1183	7.6476	3442	22.251	10746	69.468	118258	67.5329	88599	76.1758	0.9828	038	020	Between	Human	Animal
O1038	P1021	na	NZ_LR134231.1	4594692	2602321	56.6376	2596762	99.7864	2593214	99.8634	5559	0.2136	2598737	99.8623	9871	0.3793	6287	63.6916	827	8.3781	3205	32.4688	4974	50.39	118258	43.9218	57519	83.5237	0.9824	038	021	Between	Human	Animal
O1038	P1038	na	NZ_LR134231.1	4594692	1837110	39.9833	1834888	99.879	1830812	99.7779	2222	0.121	1833014	99.777	6882	0.3746	2786	40.4824	608	8.8346	3004	43.6501	3040	44.1732	118258	35.2289	42619	76.7029	0.979	038	038	Within	Human	Animal
O1038	P1055	na	NZ_LR134231.1	4594692	1189212	25.8823	1188023	99.9	1183782	99.643	1189	0.1	1184951	99.6417	5819	0.4893	1558	26.7744	401	6.8912	3396	58.3605	1917	32.9438	118258	35.2289	47164	79.2172	0.98	038	055	Between	Human	Animal
O1038	P1084	na	NZ_LR134231.1	4594692	2488662	54.1638	2487532	99.9546	2484346	99.8719	1130	0.0454	2485465	99.8715	4743	0.1906	1546	32.5954	453	9.5509	2305	48.5979	1899	40.038	118258	67.0686	116509	71.5129	0.9811	038	084	Between	Human	Animal
O1038	P1090	na	NZ_LR134231.1	4594692	4047005	88.08	4046540	99.9885	4039459	99.825	465	0.0115	4039915	99.8248	8718	0.2154	1628	18.674	1216	13.9482	4445	50.9865	3067	35.1801	118258	56.9348	92755	60.9218	0.9784	038	090	Between	Human	Animal
O1038	P2066	na	NZ_LR134231.1	4594692	2526385	54.9849	2525016	99.9458	2521342	99.8545	1369	0.0542	2522694	99.8539	5781	0.2288	2090	36.1529	761	13.1638	2403	41.5672	2513	43.47	118258	35.2289	53230	77.2515	0.9803	038	066	Between	Human	Animal
O1038	P3031	na	NZ_LR134231.1	4594692	350968	7.6386	349709	99.6413	346881	99.1913	1259	0.3587	348127	99.1905	4637	1.3212	1796	38.7319	558	12.0336	1651	35.6049	2323	50.097	118258	64.5715	65131	100	0.9878	038	031	Between	Human	Animal
O1038	P3092	na	NZ_LR134231.1	4594692	2528746	55.0362	2517604	99.5594	2514177	99.8639	11142	0.4406	2525266	99.8624	15001	0.5932	11521	76.8015	499	3.3264	3150	20.9986	10206	68.0355	118258	35.2289	41192	100	0.983	038	092	Between	Human	Animal
O1038	S1019	na	NZ_LR134231.1	4594692	1855237	40.3778	1853767	99.9208	1850056	99.7998	1470	0.0792	1851510	99.7991	5736	0.3092	2009	35.0244	576	10.0418	2656	46.304	2363	41.196	118258	52.8429	65915	81.5869	0.9829	038	019	Between	Human	Environment
O1038	S1030	na	NZ_LR134231.1	4594692	2751503	59.8844	2749283	99.9193	2743547	99.7914	2220	0.0807	2745731	99.7902	8789	0.3194	3017	34.327	881	10.0239	3266	37.1601	4391	49.9602	118258	57.4498	67621	86.1212	0.9846	038	030	Between	Human	Environment
O1038	W1110	na	NZ_LR134231.1	4594692	4062645	88.4204	4062020	99.9846	4054684	99.8194	625	0.0154	4055296	99.8191	8818	0.2171	1469	16.6591	883	10.0136	4715	53.4702	3233	36.6636	118258	45.3906	82294	64.9148	0.9782	038	110	Between	Human	Environment
O1042	O1045	na	NZ_CP022279.1	4907118	3852934	78.5172	3847938	99.8703	3846188	99.9545	4996	0.1297	3851141	99.9535	19162	0.4973	17369	90.6429	12889	67.2633	2069	10.7974	2972	15.5099	221091	87.4545	214883	94.2536	0.9847	042	045	Between	Human	Human
O1042	O1060	na	NZ_CP022279.1	4907118	3857919	78.6188	3855665	99.9416	3853476	99.9432	2254	0.0584	3855721	99.943	17476	0.453	15278	87.4228	13488	77.1801	1686	9.6475	1694	9.6933	221091	79.7065	288141	70.5537	0.9634	042	060	Between	Human	Human
O1042	O1109	na	NZ_CP015240.1	4863599	2753145	56.6072	2743974	99.6669	2742032	99.9292	9171	0.3331	2751138	99.9271	11834	0.4298	9827	83.0404	1054	8.9065	4536	38.3302	5932	50.1268	121753	39.3543	114221	43.3099	0.9674	042	109	Between	Human	Human
O1042	P1060	na	NZ_CP015240.1	4863599	3425010	70.4213	3418759	99.8175	3416609	99.9371	6251	0.1825	3422809	99.9357	8940	0.261	6739	75.3803	739	8.2662	5411	60.5257	2564	28.6801	121753	78.9566	197426	57.6885	0.9701	042	060	Between	Human	Animal
O1042	P2060	na	NZ_CP015240.1	4863599	2609580	53.6553	2603985	99.7856	2602591	99.9465	5595	0.2144	2608155	99.9454	7310	0.2801	5885	80.5062	561	7.6744	4277	58.5089	2274	31.1081	121753	84.2788	262508	55.4836	0.9604	042	060	Between	Human	Animal
O1042	P2120	na	NZ_AP021891.1	4615626	2342117	50.7432	2336601	99.7645	2335957	99.9724	5516	0.2355	2341461	99.972	7047	0.3009	6391	90.6911	1252	17.7664	2561	36.3417	2634	37.3776	82888	71.523	54484	90.5752	0.991	042	120	Between	Human	Animal
O1042	P3060	na	NZ_CP015240.1	4863599	2797393	57.5169	2792854	99.8377	2791226	99.9417	4539	0.1623	2795739	99.9409	6558	0.2344	4904	74.7789	477	7.2736	4658	71.0278	1299	19.8079	121753	84.2788	249574	63.7017	0.9645	042	060	Between	Human	Animal
O1045	O1060	na	NZ_CP022279.1	4907118	3954739	80.5919	3950953	99.9043	3948355	99.9342	3786	0.0957	3952125	99.9339	19686	0.4978	17072	86.7215	13575	68.9576	2947	14.97	1953	9.9208	214883	86.9361	288141	64.8728	0.9666	045	060	Between	Human	Human
O1049	P2080	na	NZ_AP022177.1	4733200	3488051	73.6933	3485915	99.9388	3482411	99.8995	2136	0.0612	3484527	99.899	6288	0.1803	2764	43.9567	671	10.6711	3442	54.7392	2062	32.7926	68755	85.1676	115306	51.0164	0.9853	049	080	Between	Human	Animal
O1049	P3069	na	NZ_AP022177.1	4733200	3494596	73.8316	3492372	99.9364	3488957	99.9022	2224	0.0636	3491167	99.9019	6349	0.1817	2920	45.9915	753	11.8601	3259	51.3309	2179	34.3204	68755	85.1676	106550	54.6842	0.9873	049	069	Between	Human	Animal
O1049	P3080	na	NZ_AP022177.1	4733200	2362414	49.9116	2358273	99.8247	2356215	99.9127	4141	0.1753	2360338	99.9121	6550	0.2773	4474	68.3053	426	6.5038	2231	34.0611	3752	57.2824	68755	85.1676	81417	70.9336	0.9926	049	080	Between	Human	Animal
O1049	W1081	na	NZ_CP041359.1	5320024	483571	9.0896	480063	99.2746	478681	99.7121	3508	0.7254	482181	99.7126	5176	1.0704	3786	73.1453	409	7.9019	1566	30.255	3100	59.8918	135836	38.4729	86733	71.6302	0.9749	049	081	Between	Human	Environment
O1049	W1084	na	NZ_CP022686.1	5055316	3313095	65.5369	3296685	99.5047	3293647	99.9078	16410	0.4953	3310033	99.9076	19801	0.5977	16739	84.5361	458	2.313	3710	18.7364	15399	77.7688	144770	51.8851	115800	64.3886	0.977	049	084	Between	Human	Environment
O1051	S1103	na	NZ_CP018995.1	4708839	2154985	45.7647	2148385	99.6937	2144529	99.8205	6600	0.3063	2151088	99.8192	10925	0.507	7028	64.3295	596	5.4554	6256	57.2632	3755	34.3707	185749	39.141	65071	92.2915	0.9715	051	103	Between	Human	Environment
O1051	W1051	na	NZ_CP018995.1	4708839	3662082	77.7704	3657648	99.8789	3657034	99.9832	4434	0.1211	3661467	99.9832	9379	0.2561	8764	93.4428	4507	48.0542	3401	36.2619	516	5.5017	185749	93.7534	233654	73.8138	0.9801	051	051	Within	Human	Environment
O1051	W1120	na	NZ_CP018995.1	4708839	3615290	76.7767	3602944	99.6585	3597288	99.843	12346	0.3415	3609593	99.8424	20530	0.5679	14833	72.2504	2600	12.6644	5045	24.5738	12210	59.4739	185749	62.7083	125090	64.8797	0.9647	051	120	Between	Human	Environment
O1053	P2092	na	NZ_CP070930.1	4668053	1898595	40.6721	1891188	99.6099	1888310	99.8478	7407	0.3901	1895686	99.8468	11069	0.583	8160	73.7194	961	8.6819	2462	22.2423	7218	65.2091	147947	46.6627	93733	79.3541	0.9745	053	092	Between	Human	Animal
O1053	S1109	na	NZ_CP011134.1	5000386	1760368	35.2046	1744994	99.1267	1742056	99.8316	15374	0.8733	1757377	99.8301	18577	1.0553	15586	83.8994	731	3.935	4197	22.5925	13218	71.1525	96282	21.9345	41635	81.0736	0.9801	053	109	Between	Human	Environment
O1057	S1057	na	NZ_CP020055.1	4658583	3574601	76.7315	3571790	99.9214	3569824	99.945	2811	0.0786	3572622	99.9446	8756	0.245	6777	77.3984	4136	47.2362	1778	20.3061	1991	22.7387	106747	100	137205	92.1337	0.9923	057	057	Within	Human	Environment
O1057	W1057	na	NZ_CP020055.1	4658583	3141185	67.4279	3137024	99.8675	3135735	99.9589	4161	0.1325	3139882	99.9585	8258	0.2629	6955	84.2214	3157	38.2296	1538	18.6244	2568	31.0971	106747	87.6521	117495	90.8107	0.9881	057	057	Within	Human	Environment
O1062	P1042	na	NZ_LR134216.1	4647667	3131442	67.3766	3127769	99.8827	3121189	99.7896	3673	0.1173	3124828	99.7888	10873	0.3472	4259	39.1704	653	6.0057	4536	41.718	5430	49.9402	93961	41.232	38554	100	0.9861	062	042	Between	Human	Animal
O1062	P1048	na	NZ_LR134216.1	4647667	2600584	55.9546	2599556	99.9605	2594551	99.8075	1028	0.0395	2595565	99.807	7237	0.2783	2218	30.6481	1225	16.9269	2803	38.7315	3088	42.6696	93961	57.5345	98121	65.9838	0.9817	062	048	Between	Human	Animal
O1062	P1068	na	NZ_LR134216.1	4647667	2498726	53.763	2487895	99.5665	2479187	99.65	10831	0.4335	2489987	99.6503	20997	0.8403	12258	58.3798	1493	7.1105	1829	8.7108	17320	82.488	93961	73.7891	133620	47.326	0.9763	062	068	Between	Human	Animal
O1062	P1098	na	NZ_CP051738.1	5166012	2697059	52.2078	2688636	99.6877	2686856	99.9338	8423	0.3123	2695266	99.9335	10257	0.3803	8464	82.5193	272	2.6518	4498	43.853	5436	52.998	0	0	92647	0	0.9821	062	098	Between	Human	Animal
O1062	P2004	na	NZ_LR134216.1	4647667	2954772	63.5754	2891874	97.8713	2880548	99.6084	62898	2.1287	2943166	99.6072	75817	2.5659	64211	84.6921	1661	2.1908	3205	4.2273	70307	92.7325	93961	57.4377	70710	73.7406	0.9853	062	004	Between	Human	Animal
O1062	W1098	na	NZ_LR134216.1	4647667	2383482	51.2834	2380514	99.8755	2375847	99.8039	2968	0.1245	2378791	99.8032	8714	0.3656	4023	46.1671	1093	12.543	2631	30.1928	4588	52.6509	93961	41.232	88280	44.5061	0.9765	062	098	Between	Human	Environment
O1064	O1069	na	NZ_LR882052.1	4569920	236475	5.1746	235846	99.734	235508	99.8567	629	0.266	236134	99.8558	1003	0.4241	662	66.002	42	4.1874	568	56.6301	364	36.2911	67515	69.0558	108010	57.279	0.9818	064	069	Between	Human	Human
O1064	P2020	na	NZ_CP019273.1	5050984	197098	3.9022	196149	99.5185	195244	99.5386	949	0.4815	196181	99.5347	2033	1.0315	1116	54.8942	205	10.0836	1163	57.2061	591	29.0703	236672	57.131	132035	95.3974	0.9762	064	020	Between	Human	Animal
O1064	P2051	na	NZ_LR882052.1	4569920	632218	13.8343	630764	99.77	629518	99.8025	1454	0.23	630965	99.8018	2737	0.4329	1484	54.2199	53	1.9364	1336	48.8126	1228	44.8666	67515	77.2925	186903	41.2257	0.9641	064	051	Between	Human	Animal
O1069	O1120	na	NZ_CP058571.1	5146040	480810	9.3433	477198	99.2488	473670	99.2607	3612	0.7512	477255	99.2606	7642	1.5894	4087	53.4808	826	10.8087	2736	35.8021	3607	47.1997	239640	71.6713	183967	82.8948	0.9758	069	120	Between	Human	Human
O1069	P2051	na	NZ_LR882052.1	4569920	91076	1.9929	90969	99.8825	90616	99.612	107	0.1175	90719	99.608	496	0.5446	139	28.0242	36	7.2581	181	36.4919	279	56.25	108010	89.376	186903	67.115	0.9744	069	051	Between	Human	Animal
O1090	S1111	na	NZ_AP022261.1	4907327	4154781	84.6648	4139530	99.6329	4137311	99.9464	15251	0.3671	4152539	99.946	18639	0.4486	16397	87.9715	1664	8.9275	12202	65.4649	4046	21.7072	8010	0	20370	0	0.9942	090	111	Between	Human	Environment
O1092	O1108	na	NZ_CP060061.1	5326222	757480	14.2217	754577	99.6168	747356	99.043	2903	0.3832	750208	99.04	10785	1.4238	3513	32.573	861	7.9833	2204	20.4358	7482	69.3741	293475	19.9008	134494	40.9855	0.9376	092	108	Between	Human	Human
O1104	W1060	na	NZ_CP023386.1	4900891	4264454	87.0139	4258700	99.8651	4247299	99.7323	5754	0.1349	4253034	99.7322	19543	0.4583	8123	41.5648	2481	12.6951	5404	27.6518	11564	59.1721	231235	92.0349	233870	70.8642	0.9699	104	060	Between	Human	Environment
O1108	P1004	na	NZ_LR134231.1	4594692	854644	18.6007	853355	99.8492	851063	99.7314	1289	0.1508	852343	99.7308	4020	0.4704	1719	42.7612	450	11.194	2676	66.5672	786	19.5522	88781	63.9146	67840	89.26	0.99	108	004	Between	Human	Animal
O1108	P1005	na	NZ_LR134231.1	4594692	763643	16.6201	758905	99.3796	756551	99.6898	4738	0.6204	761260	99.6879	7397	0.9686	5014	67.7842	398	5.3806	2072	28.0114	4485	60.6327	88781	46.5054	32957	100	0.9877	108	005	Between	Human	Animal
O1108	P1020	na	NZ_LR134231.1	4594692	1163003	25.3119	1161586	99.8782	1154961	99.4297	1417	0.1218	1156358	99.4286	8825	0.7588	2180	24.7025	792	8.9745	2542	28.8045	5416	61.3711	88781	53.9721	88599	55.7038	0.9815	108	020	Between	Human	Animal
O1108	P1021	na	NZ_LR134231.1	4594692	1000031	21.7649	995095	99.5064	992745	99.7638	4936	0.4936	997654	99.7623	7654	0.7654	5277	68.9443	461	6.023	2553	33.3551	3980	51.999	88781	56.3972	57519	87.3311	0.9891	108	021	Between	Human	Animal
O1108	P1038	na	NZ_LR134231.1	4594692	746582	16.2488	744333	99.6988	741516	99.6215	2249	0.3012	743744	99.6199	5416	0.7254	2578	47.5997	402	7.4225	2138	39.4756	2536	46.8242	88781	56.3972	42619	100	0.9893	108	038	Between	Human	Animal
O1108	P1055	na	NZ_LR134231.1	4594692	616979	13.4281	615438	99.7502	613223	99.6401	1541	0.2498	614748	99.6384	4171	0.676	1940	46.5116	447	10.7169	2111	50.6114	1439	34.5001	88781	56.3972	47164	100	0.9904	108	055	Between	Human	Animal
O1108	P1084	na	NZ_LR134231.1	4594692	784092	17.0652	782987	99.8591	781292	99.7835	1105	0.1409	782390	99.7829	3052	0.3892	1350	44.2333	255	8.3552	1700	55.7012	1036	33.945	88781	46.5054	116509	36.2144	0.9729	108	084	Between	Human	Animal
O1108	P1090	na	NZ_LR134231.1	4594692	1283278	27.9296	1282029	99.9027	1278768	99.7456	1249	0.0973	1280005	99.745	5582	0.435	2309	41.3651	1080	19.3479	2696	48.2981	1760	31.5299	88781	72.1652	92755	72.4187	0.9869	108	090	Between	Human	Animal
O1108	P2066	na	NZ_LR134231.1	4594692	881886	19.1936	880256	99.8152	876767	99.6036	1630	0.1848	878366	99.6009	5486	0.6221	1966	35.8367	396	7.2184	2302	41.9614	2616	47.685	88781	46.5054	53230	77.2515	0.9864	108	066	Between	Human	Animal
O1108	P3031	na	NZ_LR134231.1	4594692	218537	4.7563	217128	99.3553	214938	98.9914	1409	0.6447	216332	98.991	4039	1.8482	1834	45.4073	480	11.8841	1483	36.717	1833	45.3825	88781	49.7009	65131	67.3827	0.9849	108	031	Between	Human	Animal
O1108	P3092	na	NZ_LR134231.1	4594692	978658	21.2998	971634	99.2823	969890	99.8205	7024	0.7177	976893	99.8197	9064	0.9262	7299	80.5274	434	4.7882	2251	24.8345	5610	61.8932	88781	46.5054	41192	100	0.9891	108	092	Between	Human	Animal
O1108	S1019	na	NZ_LR134231.1	4594692	690460	15.0273	689070	99.7987	686548	99.634	1390	0.2013	687923	99.6326	4191	0.607	1654	39.4655	295	7.0389	2120	50.5846	1658	39.561	88781	39.1322	65915	54.7265	0.9813	108	019	Between	Human	Environment
O1108	S1030	na	NZ_LR134231.1	4594692	911666	19.8417	909560	99.769	905624	99.5673	2106	0.231	907699	99.5649	6537	0.717	2570	39.3147	548	8.3831	2310	35.3373	3461	52.9448	88781	56.3972	67621	74.4872	0.987	108	030	Between	Human	Environment
O1108	W1084	na	NZ_AP022298.1	5121071	3182417	62.1436	3168112	99.5505	3165981	99.9327	14305	0.4495	3180269	99.9325	17255	0.5422	15107	87.5514	1502	8.7047	2486	14.4074	13091	75.8679	19761	68.7516	70262	16.5054	0.9868	108	084	Between	Human	Environment
O1108	W1110	na	NZ_LR134231.1	4594692	1297333	28.2355	1296101	99.905	1292355	99.711	1232	0.095	1293576	99.7104	5842	0.4503	2085	35.6898	869	14.875	3012	51.5577	1905	32.6087	88781	78.7556	82294	91.3031	0.9919	108	110	Between	Human	Environment
O1109	P1060	na	NZ_CP015240.1	4863599	3220808	66.2227	3211873	99.7226	3208831	99.9053	8935	0.2774	3217696	99.9034	12776	0.3967	9664	75.6418	1193	9.3378	8155	63.8306	2911	22.7849	114221	83.2369	197426	57.5714	0.9719	109	060	Between	Human	Animal
O1109	P1092	na	NZ_CP055170.1	4816770	2502456	51.953	2493297	99.634	2490522	99.8887	9159	0.366	2499626	99.8869	12658	0.5058	9828	77.6426	1135	8.9667	6920	54.669	4180	33.0226	133650	95.9312	178527	71.4133	0.9878	109	092	Between	Human	Animal
O1109	P2050	na	NZ_CP055170.1	4816770	875207	18.17	870449	99.4564	869068	99.8413	4758	0.5436	873788	99.8379	6478	0.7402	5059	78.0951	557	8.5983	4144	63.9704	1478	22.8157	133650	60.5978	129163	56.4512	0.9753	109	050	Between	Human	Animal
O1109	P2060	na	NZ_CP015240.1	4863599	2481950	51.0311	2473997	99.6796	2472066	99.9219	7953	0.3204	2479982	99.9207	10235	0.4124	8267	80.7719	676	6.6048	6479	63.3024	2768	27.0445	114221	93.2149	262508	49.6278	0.9647	109	060	Between	Human	Animal
O1109	P3060	na	NZ_CP015240.1	4863599	2730331	56.1381	2723572	99.7524	2721291	99.9162	6759	0.2476	2728010	99.915	9474	0.347	7153	75.5014	570	6.0165	7183	75.818	1549	16.35	114221	93.2149	249574	63.622	0.9659	109	060	Between	Human	Animal
O1109	S1050	na	NZ_CP055170.1	4816770	2365635	49.1125	2333453	98.6396	2330621	99.8786	32182	1.3604	2362735	99.8774	35665	1.5076	32765	91.8688	1344	3.7684	7641	21.4244	26409	74.0474	133650	50.3158	95095	67.6166	0.9789	109	050	Between	Human	Environment
O1109	W1019	na	NZ_CP098201.1	5160718	3378621	65.468	3362970	99.5368	3360222	99.9183	15651	0.4632	3375837	99.9176	19525	0.5779	16741	85.7414	1366	6.9962	10280	52.6504	7596	38.904	74599	53.6455	78836	50.7332	0.9856	109	019	Between	Human	Environment
O1120	P1108	na	NZ_CP047277.1	4774769	941362	19.7153	935640	99.3922	931970	99.6078	5722	0.6078	937640	99.6046	10058	1.0685	6336	62.9946	797	7.924	2070	20.5806	6685	66.4645	62000	77.6258	59460	85.5954	0.9935	120	108	Between	Human	Animal
O1120	S1110	na	NZ_CP047277.1	4774769	953792	19.9757	944889	99.0666	941240	99.6138	8903	0.9334	950075	99.6103	13301	1.3945	9584	72.0547	918	6.9017	2409	18.1114	9481	71.2804	62000	63.6548	38822	78.2778	0.9903	120	110	Between	Human	Environment
P1004	P1005	na	NZ_LR134231.1	4594692	1312485	28.5652	1306339	99.5317	1304373	99.8495	6146	0.4683	1310487	99.8478	8386	0.6389	6388	76.1746	404	4.8176	1299	15.4901	6424	76.6039	67840	61.0053	32957	100	0.9923	004	005	Between	Animal	Animal
P1004	P1020	na	NZ_LR134231.1	4594692	1918074	41.7454	1916661	99.9263	1906621	99.4762	1413	0.0737	1908016	99.4756	11927	0.6218	1869	15.6703	491	4.1167	1296	10.8661	9997	83.8182	67840	68.7618	88599	55.6744	0.986	004	020	Between	Animal	Animal
P1004	P1021	na	NZ_LR134231.1	4594692	1636964	35.6273	1631492	99.6657	1630235	99.923	5472	0.3343	1635690	99.9222	7272	0.4442	5998	82.4807	705	9.6947	1011	13.9026	5182	71.2596	67840	85.7429	57519	100	0.9977	004	021	Between	Animal	Animal
P1004	P1038	na	NZ_LR134231.1	4594692	1292254	28.1249	1289729	99.8046	1287231	99.8063	2525	0.1954	1289744	99.8058	5299	0.4101	2789	52.6326	365	6.8881	1368	25.8162	3405	64.2574	67840	75.0029	42619	100	0.9942	004	038	Between	Animal	Animal
P1004	P1055	na	NZ_LR134231.1	4594692	1007472	21.9269	1006100	99.8638	1004141	99.8053	1372	0.1362	1005503	99.8046	3589	0.3562	1620	45.1379	302	8.4146	1165	32.4603	2046	57.0075	67840	75.0029	47164	100	0.9952	004	055	Between	Animal	Animal
P1004	P1084	na	NZ_LR134231.1	4594692	1297195	28.2325	1296273	99.9289	1294912	99.895	922	0.0711	1295826	99.8945	2539	0.1957	1170	46.0811	266	10.4766	641	25.2462	1572	61.9141	67840	71.7453	116509	44.5004	0.9808	004	084	Between	Animal	Animal
P1004	P1090	na	NZ_LR134231.1	4594692	2101537	45.7384	2100695	99.9599	2097393	99.8428	842	0.0401	2098226	99.8424	4840	0.2303	1529	31.5909	701	14.4835	1396	28.843	2639	54.5248	67840	89.26	92755	63.0931	0.9903	004	090	Between	Animal	Animal
P1004	P2005	na	NZ_CP073949.1	4664121	1008313	21.6185	1001001	99.2748	999028	99.8029	7312	0.7252	1006302	99.8006	10288	1.0203	8277	80.453	1371	13.3262	1999	19.4304	6290	61.1392	69368	56.7971	40262	77.2788	0.9897	004	005	Between	Animal	Animal
P1004	P2066	na	NZ_LR134231.1	4594692	1550470	33.7448	1548875	99.8971	1545744	99.7979	1595	0.1029	1547326	99.7972	5036	0.3248	1892	37.5695	360	7.1485	1318	26.1716	3271	64.9523	67840	61.0053	53230	77.2515	0.9914	004	066	Between	Animal	Animal
P1004	P3031	na	NZ_LR134231.1	4594692	276332	6.0142	274923	99.4901	272975	99.2914	1409	0.5099	274370	99.29	3671	1.3285	1709	46.5541	363	9.8883	683	18.6053	2522	68.7006	67840	63.75	65131	69.3172	0.9897	004	031	Between	Animal	Animal
P1004	P3071	na	NZ_CP073949.1	4664121	1060272	22.7325	1056401	99.6349	1053241	99.7009	3871	0.3651	1057073	99.6983	7788	0.7345	4589	58.924	864	11.094	1793	23.0226	4837	62.1084	69368	76.6088	95600	64.7061	0.985	004	071	Between	Animal	Animal
P1004	P3092	na	NZ_LR134231.1	4594692	1633984	35.5624	1625000	99.4502	1623903	99.9325	8984	0.5498	1632871	99.9319	10380	0.6353	9267	89.2775	475	4.5761	1100	10.5973	8391	80.8382	67840	61.0053	41192	100	0.9941	004	092	Between	Animal	Animal
P1004	P3108	na	NZ_CP080146.1	4944641	457962	9.2618	455257	99.4093	452653	99.428	2705	0.5907	455333	99.4259	5781	1.2623	3152	54.5234	600	10.3788	1312	22.695	3506	60.6469	210985	88.3741	209339	90.3468	0.9767	004	108	Between	Animal	Animal
P1004	S1019	na	NZ_LR134231.1	4594692	1206689	26.2627	1204960	99.8567	1202818	99.8222	1729	0.1433	1204539	99.8218	4127	0.342	1977	47.904	295	7.148	1286	31.1606	2457	59.5348	67840	63.75	65915	63.503	0.9889	004	019	Between	Animal	Environment
P1004	S1030	na	NZ_LR134231.1	4594692	1513471	32.9396	1510939	99.8327	1507010	99.74	2532	0.1673	1509516	99.7387	6800	0.4493	2845	41.8382	413	6.0735	1304	19.1765	4858	71.4412	67840	85.7429	67621	88.2921	0.9955	004	030	Between	Animal	Environment
P1004	S1090	na	NZ_CP073949.1	4664121	957209	20.5228	946871	98.92	944416	99.7407	10338	1.08	954711	99.739	13412	1.4012	10914	81.3749	857	6.3898	2375	17.708	9654	71.9803	69368	39.2328	29714	77.9834	0.9886	004	090	Between	Animal	Environment
P1004	W1110	na	NZ_LR134231.1	4594692	2116045	46.0541	2115073	99.9541	2111571	99.8344	972	0.0459	2112530	99.8339	4910	0.232	1395	28.4114	439	8.9409	1631	33.2179	2765	56.3136	67840	72.2789	82294	60.8404	0.9877	004	110	Between	Animal	Environment
P1005	P1009	na	NZ_CP019245.1	4729175	1715913	36.2836	1625452	94.7281	1622426	99.8138	90461	5.2719	1712635	99.809	94210	5.4904	90932	96.5205	2439	2.5889	4778	5.0716	86408	91.7185	109199	88.8103	173722	68.3805	0.9808	005	009	Between	Animal	Animal
P1005	P1020	na	NZ_LR134231.1	4594692	1773788	38.6052	1767127	99.6245	1758452	99.5091	6661	0.3755	1765057	99.5078	15958	0.8997	7227	45.2876	681	4.2675	5569	34.8979	8717	54.6246	32957	73.6505	88599	33.4801	0.9839	005	020	Between	Animal	Animal
P1005	P1021	na	NZ_LR134231.1	4594692	1485570	32.3323	1475925	99.3508	1474214	99.8841	9645	0.6492	1483822	99.8823	11720	0.7889	9972	85.0853	1217	10.384	5909	50.4181	3989	34.0358	32957	100	57519	70.8548	0.9943	005	021	Between	Animal	Animal
P1005	P1038	na	NZ_LR134231.1	4594692	1172092	25.5097	1165599	99.446	1163958	99.8592	6493	0.554	1170422	99.8575	8587	0.7326	6917	80.552	875	10.1898	4970	57.8782	2231	25.9811	32957	100	42619	76.7029	0.9971	005	038	Between	Animal	Animal
P1005	P1055	na	NZ_LR134231.1	4594692	896339	19.5081	890857	99.3884	889136	99.8068	5482	0.6116	894582	99.804	7481	0.8346	5724	76.5138	454	6.0687	5174	69.1619	1478	19.7567	32957	100	47164	79.2172	0.9968	005	055	Between	Animal	Animal
P1005	P1057	na	NZ_CP055184.1	4757418	1930438	40.5774	1923189	99.6245	1919555	99.811	7249	0.3755	1926779	99.8105	12678	0.6567	9019	71.139	2243	17.6921	6103	48.1385	3587	28.2931	88871	83.6763	103006	70.558	0.9901	005	057	Between	Animal	Animal
P1005	P1058	na	NZ_CP019245.1	4729175	1586291	33.5427	1576808	99.4022	1575574	99.9217	9483	0.5978	1585024	99.9201	11107	0.7002	9840	88.5928	1089	9.8046	6372	57.3692	2978	26.8119	109199	64.5253	77949	85.4405	0.987	005	058	Between	Animal	Animal
P1005	P1066	na	NZ_CP055184.1	4757418	1945434	40.8926	1937594	99.597	1933005	99.7632	7840	0.403	1940803	99.762	12808	0.6584	8177	63.8429	680	5.3092	9311	72.6968	2439	19.0428	88871	83.6763	73285	93.1405	0.9945	005	066	Between	Animal	Animal
P1005	P1075	na	NZ_CP019245.1	4729175	1586088	33.5384	1571588	99.0858	1569582	99.8724	14500	0.9142	1584055	99.8718	16843	1.0619	14810	87.9297	1570	9.3214	4942	29.3416	9780	58.0657	109199	77.4403	199683	56.4084	0.9676	005	075	Between	Animal	Animal
P1005	P1084	na	NZ_LR134231.1	4594692	1322109	28.7747	1317737	99.6693	1316768	99.9265	4372	0.3307	1321129	99.9259	5613	0.4245	4633	82.5405	392	6.9838	3570	63.6024	1441	25.6725	32957	100	116509	36.2144	0.9817	005	084	Between	Animal	Animal
P1005	P1090	na	NZ_LR134231.1	4594692	1900406	41.3609	1893462	99.6346	1890432	99.84	6944	0.3654	1897326	99.8379	10543	0.5548	7463	70.7863	606	5.7479	7042	66.7931	2279	21.6162	32957	100	92755	42.4602	0.9861	005	090	Between	Animal	Animal
P1005	P1093	na	NZ_CP019245.1	4729175	1537390	32.5086	1528844	99.4441	1526890	99.8722	8546	0.5559	1535410	99.8712	10911	0.7097	8931	81.8532	888	8.1386	6004	55.027	3262	29.8964	109199	100	167448	96.3284	0.9867	005	093	Between	Animal	Animal
P1005	P2064	na	NZ_CP019245.1	4729175	1520849	32.1589	1510875	99.3442	1509214	99.8901	9974	0.6558	1519153	99.8885	12196	0.8019	10500	86.0938	1319	10.815	5902	48.3929	4335	35.5444	109199	88.8103	138419	80.6912	0.9864	005	064	Between	Animal	Animal
P1005	P2066	na	NZ_LR134231.1	4594692	1576955	34.3212	1570418	99.5855	1568809	99.8975	6537	0.4145	1575325	99.8966	8803	0.5582	7173	81.4836	976	11.0871	5317	60.3999	1889	21.4586	32957	100	53230	77.2515	0.9954	005	066	Between	Animal	Animal
P1005	P2071	na	NZ_CP055184.1	4757418	1854272	38.9764	1840986	99.2835	1836066	99.7328	13286	0.7165	1849304	99.7321	19254	1.0384	14286	74.1976	1915	9.946	7128	37.0209	9203	47.7979	88871	83.6763	100107	75.2485	0.9914	005	071	Between	Animal	Animal
P1005	P2075	na	NZ_CP019245.1	4729175	1819350	38.4708	1811086	99.5458	1807965	99.8277	8264	0.4542	1816179	99.8257	11844	0.651	8673	73.227	728	6.1466	6374	53.8163	3831	32.3455	109199	100	216190	64.2814	0.9753	005	075	Between	Animal	Animal
P1005	P2092	na	NZ_CP019245.1	4729175	1522246	32.1884	1511409	99.2881	1509586	99.8794	10837	0.7119	1520389	99.878	13134	0.8628	11277	85.8611	1374	10.4614	5638	42.9268	5466	41.6172	109199	82.9834	77347	90.4831	0.9879	005	092	Between	Animal	Animal
P1005	P3031	na	NZ_LR134231.1	4594692	262571	5.7147	259091	98.6746	257694	99.4608	3480	1.3254	261149	99.4584	5288	2.0139	3866	73.1089	679	12.8404	2316	43.7973	1832	34.6445	32957	83.1356	65131	54.9876	0.9905	005	031	Between	Animal	Animal
P1005	P3051	na	NZ_CP055184.1	4757418	2776170	58.3546	2758446	99.3616	2757121	99.952	17724	0.6384	2774818	99.9513	22695	0.8175	21343	94.0427	5286	23.2915	5419	23.8775	9922	43.7189	88871	60.4337	61381	100	0.9909	005	051	Between	Animal	Animal
P1005	P3092	na	NZ_LR134231.1	4594692	1619361	35.2442	1605264	99.1295	1603856	99.9123	14097	0.8705	1617912	99.9105	15816	0.9767	14367	90.8384	1414	8.9403	6072	38.3915	7769	49.1211	32957	100	41192	100	0.9981	005	092	Between	Animal	Animal
P1005	S1005	na	NZ_CP019245.1	4729175	1522067	32.1846	1509415	99.1688	1507063	99.8442	12652	0.8312	1519676	99.8429	15506	1.0187	13115	84.5802	1298	8.371	5406	34.8639	8096	52.212	109199	88.8103	111574	93.5576	0.9912	005	005	Within	Animal	Environment
P1005	S1019	na	NZ_LR134231.1	4594692	1165567	25.3677	1160022	99.5243	1158381	99.8585	5545	0.4757	1163905	99.8574	7491	0.6427	5829	77.8134	567	7.5691	4358	58.1765	2236	29.8492	32957	83.1356	65915	54.7265	0.9903	005	019	Between	Animal	Environment
P1005	S1030	na	NZ_LR134231.1	4594692	1520155	33.085	1512453	99.4933	1509737	99.8204	7702	0.5067	1517400	99.8188	10960	0.721	8205	74.8631	1005	9.1697	5339	48.7135	3855	35.1734	32957	100	67621	60.6084	0.9922	005	030	Between	Animal	Environment
P1005	S1066	na	NZ_CP055184.1	4757418	2139924	44.9808	2130536	99.5613	2124661	99.7242	9388	0.4387	2133966	99.7216	17080	0.7982	11122	65.1171	2180	12.7635	7298	42.7283	6673	39.0691	88871	69.6009	69047	67.9175	0.9864	005	066	Between	Animal	Environment
P1005	S1085	na	NZ_CP019245.1	4729175	1516735	32.0719	1509533	99.5252	1507457	99.8625	7202	0.4748	1514626	99.861	9800	0.6461	7691	78.4796	722	7.3673	6106	62.3061	2099	21.4184	109199	71.9585	96818	90.4925	0.9893	005	085	Between	Animal	Environment
P1005	S1109	na	NZ_CP019245.1	4729175	1653226	34.958	1640391	99.2236	1637065	99.7972	12835	0.7764	1649831	99.7946	16942	1.0248	13547	79.961	1013	5.9792	6399	37.77	8702	51.3635	109199	82.7489	124172	76.6775	0.9817	005	109	Between	Animal	Environment
P1005	S1119	na	NZ_CP019245.1	4729175	1849296	39.104	1840177	99.5069	1835619	99.7523	9119	0.4931	1844681	99.7504	14313	0.774	9698	67.7566	691	4.8278	6565	45.8674	6008	41.9758	109199	88.8103	186956	62.0205	0.9767	005	119	Between	Animal	Environment
P1005	W1110	na	NZ_LR134231.1	4594692	1903425	41.4266	1896449	99.6335	1893547	99.847	6976	0.3665	1900481	99.8453	10373	0.545	7429	71.6186	516	4.9745	7338	70.7413	2001	19.2905	32957	73.6505	82294	34.7	0.9848	005	110	Between	Animal	Environment
P1009	P1058	na	NZ_CP019245.1	4729175	2183327	46.1672	2070498	94.8322	2067667	99.8633	112829	5.1678	2180246	99.8589	116473	5.3347	113392	97.3548	1675	1.4381	111291	95.5509	2580	2.2151	173722	42.6446	77949	85.4405	0.9746	009	058	Between	Animal	Animal
P1009	P1075	na	NZ_CP019245.1	4729175	2775930	58.698	2627546	94.6546	2625069	99.9057	148384	5.3454	2773330	99.9063	152684	5.5003	150084	98.2971	5645	3.6972	137415	89.9996	8734	5.7203	173722	88.6566	199683	85.3964	0.9848	009	075	Between	Animal	Animal
P1009	P1093	na	NZ_CP019245.1	4729175	2566803	54.2759	2433732	94.8157	2432448	99.9472	133071	5.1843	2565412	99.9458	136360	5.3124	134969	98.9799	2546	1.8671	130577	95.759	2006	1.4711	173722	68.3805	167448	70.8877	0.9774	009	093	Between	Animal	Animal
P1009	P2064	na	NZ_CP019245.1	4729175	2355411	49.806	2232935	94.8002	2230344	99.884	122476	5.1998	2352607	99.881	126335	5.3636	123531	97.7805	2415	1.9116	118693	93.951	4333	3.4298	173722	86.9464	138419	89.7442	0.9848	009	064	Between	Animal	Animal
P1009	P2075	na	NZ_CP019245.1	4729175	3491557	73.8302	3311228	94.8353	3309846	99.9583	180329	5.1647	3490053	99.9569	184944	5.2969	183440	99.1868	3703	2.0022	177666	96.0648	1732	0.9365	173722	94.8786	216190	79.0605	0.9853	009	075	Between	Animal	Animal
P1009	P2092	na	NZ_CP019245.1	4729175	2331639	49.3033	2210009	94.7835	2206705	99.8505	121630	5.2165	2328110	99.8486	126093	5.4079	122564	97.2013	2867	2.2737	116966	92.7617	5305	4.2072	173722	64.3897	77347	100	0.9791	009	092	Between	Animal	Animal
P1009	S1005	na	NZ_CP019245.1	4729175	2611039	55.2113	2470584	94.6207	2468262	99.906	140455	5.3793	2608560	99.9051	144570	5.5369	142091	98.2853	4644	3.2123	131049	90.6474	7914	5.4742	173722	68.3805	111574	100	0.9865	009	005	Between	Animal	Environment
P1009	S1085	na	NZ_CP019245.1	4729175	1912968	40.4504	1818217	95.0469	1816654	99.914	94751	4.9531	1911303	99.913	97689	5.1067	96024	98.2956	1592	1.6297	93994	96.2176	1295	1.3256	173722	51.5876	96818	90.4925	0.9794	009	085	Between	Animal	Environment
P1009	S1109	na	NZ_CP019245.1	4729175	2308617	48.8165	2186303	94.7018	2183618	99.8772	122314	5.2982	2305709	99.874	127156	5.5079	124248	97.713	3206	2.5213	116133	91.3311	7172	5.6403	173722	73.5019	124172	82.8246	0.9797	009	109	Between	Animal	Environment
P1009	S1119	na	NZ_CP019245.1	4729175	3695941	78.1519	3502969	94.7788	3500062	99.917	192972	5.2212	3692824	99.9157	200137	5.415	197020	98.4426	5036	2.5163	187274	93.5729	5646	2.8211	173722	94.8786	186956	96.5441	0.9919	009	119	Between	Animal	Environment
P1011	P1081	na	NZ_CP041304.1	4946083	778056	15.7308	772372	99.2695	770948	99.8156	5684	0.7305	776605	99.8135	7499	0.9638	6048	80.6508	882	11.7616	3732	49.7666	2336	31.1508	70887	87.0625	84595	65.5973	0.9906	011	081	Between	Animal	Animal
P1011	S1109	na	NZ_CP041304.1	4946083	3859131	78.024	3831868	99.2935	3830981	99.9769	27263	0.7065	3858220	99.9764	29050	0.7528	28139	96.864	1909	6.5714	2155	7.4182	23573	81.1463	70887	100	85717	73.5875	0.9924	011	109	Between	Animal	Environment
P1020	P1021	na	NZ_LR134231.1	4594692	2450079	53.3241	2444225	99.7611	2436039	99.6651	5854	0.2389	2441863	99.6647	14751	0.6021	6535	44.3021	842	5.7081	8464	57.3792	3810	25.8288	88599	55.6744	57519	79.9544	0.9881	020	021	Between	Animal	Animal
P1020	P1038	na	NZ_LR134231.1	4594692	1728998	37.6303	1726632	99.8632	1717026	99.4437	2366	0.1368	1719376	99.4435	12606	0.7291	2984	23.6713	653	5.1801	8915	70.7203	2632	20.8789	88599	45.11	42619	83.5707	0.9866	020	038	Between	Animal	Animal
P1020	P1055	na	NZ_LR134231.1	4594692	1098498	23.908	1097181	99.8801	1088853	99.241	1317	0.1199	1090143	99.2394	10206	0.9291	1851	18.1364	575	5.6339	8017	78.5518	1445	14.1583	88599	45.11	47164	75.5746	0.9856	020	055	Between	Animal	Animal
P1020	P1084	na	NZ_LR134231.1	4594692	2428850	52.8621	2427317	99.9369	2419651	99.6842	1533	0.0631	2421173	99.6839	9723	0.4003	2046	21.0429	554	5.6978	7436	76.4785	1590	16.353	88599	65.582	116509	54.3349	0.9757	020	084	Between	Animal	Animal
P1020	P1090	na	NZ_LR134231.1	4594692	3780707	82.2842	3779549	99.9694	3767140	99.6717	1158	0.0306	3768284	99.6714	14764	0.3905	2341	15.8561	1220	8.2633	11007	74.553	2474	16.757	88599	54.3121	92755	48.3047	0.9791	020	090	Between	Animal	Animal
P1020	P2066	na	NZ_LR134231.1	4594692	2415854	52.5792	2414001	99.9233	2404868	99.6217	1853	0.0767	2406688	99.6206	11765	0.487	2599	22.0909	803	6.8253	8343	70.9137	2412	20.5015	88599	33.4801	53230	55.5439	0.9818	020	066	Between	Animal	Animal
P1020	P3031	na	NZ_LR134231.1	4594692	332562	7.238	331193	99.5883	328369	99.1473	1369	0.4117	329723	99.1463	4911	1.4767	2072	42.191	736	14.9868	1975	40.2158	1985	40.4195	88599	57.7038	65131	82.2849	0.9879	020	031	Between	Animal	Animal
P1020	P3092	na	NZ_LR134231.1	4594692	2422342	52.7204	2411679	99.5598	2402873	99.6349	10663	0.4402	2413466	99.6336	19914	0.8221	11038	55.4283	563	2.8272	9085	45.6212	8663	43.5021	88599	33.4801	41192	72.014	0.9845	020	092	Between	Animal	Animal
P1020	S1019	na	NZ_LR134231.1	4594692	1779856	38.7372	1778289	99.912	1770312	99.5514	1567	0.088	1771862	99.5509	10139	0.5697	2145	21.1559	623	6.1446	7583	74.7904	1742	17.1812	88599	47.11	65915	64.0977	0.9828	020	019	Between	Animal	Environment
P1020	S1030	na	NZ_LR134231.1	4594692	2725458	59.3175	2722757	99.9009	2714962	99.7137	2701	0.0991	2717635	99.713	12900	0.4733	5077	39.3566	2424	18.7907	7466	57.876	2669	20.6899	88599	64.8766	67621	82.9594	0.9902	020	030	Between	Animal	Environment
P1020	W1110	na	NZ_LR134231.1	4594692	3817506	83.0851	3816360	99.97	3803661	99.6672	1146	0.03	3804789	99.6669	15162	0.3972	2445	16.1258	1338	8.8247	11456	75.5573	2367	15.6114	88599	55.7038	82294	61.9207	0.9832	020	110	Between	Animal	Environment
P1021	P1038	na	NZ_LR134231.1	4594692	1464653	31.8771	1458853	99.604	1456876	99.8645	5800	0.396	1462635	99.8622	8135	0.5554	6117	75.1936	747	9.1825	4102	50.4241	2723	33.4726	57519	87.3311	42619	100	0.9963	021	038	Between	Animal	Animal
P1021	P1055	na	NZ_LR134231.1	4594692	1114334	24.2526	1108901	99.5124	1107445	99.8687	5433	0.4876	1112839	99.8658	7266	0.652	5771	79.4247	579	7.9686	4579	63.0195	1672	23.0113	57519	87.3311	47164	100	0.9974	021	055	Between	Animal	Animal
P1021	P1084	na	NZ_LR134231.1	4594692	1661571	36.1628	1658376	99.8077	1657157	99.9265	3195	0.1923	1660337	99.9257	4791	0.2883	3557	74.2434	472	9.8518	2355	49.1547	1712	35.7337	57519	83.5237	116509	44.5004	0.9829	021	084	Between	Animal	Animal
P1021	P1090	na	NZ_LR134231.1	4594692	2653337	57.7479	2647206	99.7689	2643894	99.8749	6131	0.2311	2649981	99.8735	10231	0.3856	6875	67.1977	818	7.9953	5892	57.5897	2713	26.5174	57519	87.3311	92755	52.6786	0.9884	021	090	Between	Animal	Animal
P1021	P2031	na	NZ_CP090456.1	4801759	1413288	29.4327	1404625	99.387	1401454	99.7742	8663	0.613	1410059	99.7715	12643	0.8946	9414	74.4602	1309	10.3536	4496	35.5612	6258	49.4977	150758	72.4817	189995	59.5016	0.9734	021	031	Between	Animal	Animal
P1021	P2066	na	NZ_LR134231.1	4594692	1863675	40.5615	1858385	99.7162	1855799	99.8608	5290	0.2838	1861041	99.8587	8228	0.4415	5594	67.9874	583	7.0856	4169	50.6684	2858	34.7351	57519	70.8548	53230	77.2515	0.9936	021	066	Between	Animal	Animal
P1021	P2104	na	NZ_CP090456.1	4801759	1548210	32.2426	1541301	99.5537	1539023	99.8522	6909	0.4463	1545859	99.8481	10088	0.6516	7737	76.6951	1564	15.5036	4901	48.5825	2961	29.3517	150758	92.679	192396	76.3218	0.9863	021	104	Between	Animal	Animal
P1021	P3031	na	NZ_LR134231.1	4594692	314145	6.8371	309967	98.67	308520	99.5332	4178	1.33	312657	99.5263	5985	1.9052	4497	75.1378	599	10.0084	2541	42.4561	2109	35.2381	57519	74.5875	65131	69.3172	0.9919	021	031	Between	Animal	Animal
P1021	P3092	na	NZ_LR134231.1	4594692	1943812	42.3056	1929916	99.2851	1928880	99.9463	13896	0.7149	1942753	99.9455	15323	0.7883	14264	93.0888	1722	11.238	4785	31.2276	8341	54.4345	57519	70.8548	41192	100	0.9962	021	092	Between	Animal	Animal
P1021	S1004	na	NZ_CP090456.1	4801759	1895428	39.4736	1887323	99.5724	1883801	99.8134	8105	0.4276	1891845	99.811	12877	0.6794	9294	72.1752	1698	13.1863	5215	40.4986	5217	40.5141	150758	85.7885	146230	89.8174	0.991	021	004	Between	Animal	Environment
P1021	S1019	na	NZ_LR134231.1	4594692	1403711	30.5507	1399225	99.6804	1397518	99.878	4486	0.3196	1401976	99.8764	6575	0.4684	4840	73.6122	575	8.7452	3622	55.0875	1900	28.8973	57519	74.5875	65915	63.503	0.9911	021	019	Between	Animal	Environment
P1021	S1030	na	NZ_LR134231.1	4594692	1878909	40.893	1872670	99.6679	1869763	99.8448	6239	0.3321	1875962	99.8432	9647	0.5134	6700	69.4516	859	8.9043	3622	37.5454	3937	40.8106	57519	100	67621	88.2921	0.9977	021	030	Between	Animal	Environment
P1021	W1110	na	NZ_LR134231.1	4594692	2664824	57.9979	2658817	99.7746	2656071	99.8967	6007	0.2254	2662030	99.8952	9564	0.3589	6770	70.7863	830	8.6784	5701	59.609	2365	24.7281	57519	67.2856	82294	49.8129	0.9857	021	110	Between	Animal	Environment
P1024	P1048	na	NZ_CP047876.1	4775730	442675	9.2693	441325	99.695	438529	99.3665	1350	0.305	439858	99.3636	5094	1.1507	2277	44.6996	996	19.5524	1624	31.8806	2373	46.5842	67961	90.8109	70882	74.3856	0.9906	024	048	Between	Animal	Animal
P1024	P1068	na	NZ_CP047876.1	4775730	902782	18.9035	899415	99.627	894922	99.5005	3367	0.373	898239	99.4968	9564	1.0594	5021	52.499	1756	18.3605	3185	33.302	4160	43.4964	67961	90.8109	51447	78.0143	0.9916	024	068	Between	Animal	Animal
P1024	P1108	na	NZ_CP047876.1	4775730	765508	16.0291	760195	99.306	756694	99.5395	5313	0.694	761953	99.5356	10051	1.313	6496	64.6304	1351	13.4414	2834	28.1962	5046	50.204	67961	90.8109	47297	100	0.9956	024	108	Between	Animal	Animal
P1024	P2020	na	NZ_CP047876.1	4775730	667324	13.9732	663079	99.3639	659749	99.4978	4245	0.6361	663956	99.4953	8417	1.2613	5049	59.9857	859	10.2055	2440	28.989	4652	55.2691	67961	90.8109	58419	67.6287	0.9883	024	020	Between	Animal	Animal
P1024	P2024	na	NZ_CP047876.1	4775730	950764	19.9082	950221	99.9429	950221	100	543	0.0571	950764	100	6221	0.6543	6221	100	6127	98.489	35	0.5626	37	0.5948	67961	100	70133	100	0.9995	024	024	Within	Animal	Animal
P1024	P2024	na	NZ_CP019271.1	4765102	1200529	25.1942	1200111	99.9652	1200105	99.9995	418	0.0348	1200523	99.9995	5860	0.4881	5854	99.8976	5772	98.4983	29	0.4949	32	0.5461	126181	100	126102	100	1	024	024	Within	Animal	Animal
P1024	P2038	na	NZ_CP047876.1	4775730	763227	15.9814	757840	99.2942	754006	99.4941	5387	0.7058	759356	99.4928	10650	1.3954	6779	63.6526	1437	13.493	2207	20.723	6717	63.0704	67961	90.8109	146353	34.8295	0.9756	024	038	Between	Animal	Animal
P1024	P2120	na	NZ_CP047876.1	4775730	555257	11.6266	550570	99.1559	547663	99.472	4687	0.8441	552280	99.4639	8606	1.5499	5629	65.4079	1098	12.7585	2746	31.908	3857	44.8176	67961	53.0701	29402	100	0.9915	024	120	Between	Animal	Animal
P1024	P3057	na	NZ_CP047876.1	4775730	633985	13.2751	632466	99.7604	628061	99.3035	1519	0.2396	629547	99.3	7535	1.1885	3097	41.1015	1651	21.9111	2706	35.9124	2950	39.1506	67961	90.8109	64251	90.7908	0.9935	024	057	Between	Animal	Animal
P1024	P3076	na	NZ_CP047876.1	4775730	689505	14.4377	686360	99.5439	683345	99.5607	3145	0.4561	686451	99.5571	7204	1.0448	4150	57.6069	1111	15.422	2518	34.9528	3045	42.2682	67961	90.8109	89446	48.8798	0.985	024	076	Between	Animal	Animal
P1024	P3099	na	NZ_CP047876.1	4775730	901176	18.8699	898158	99.6651	895408	99.6938	3018	0.3349	898391	99.691	6819	0.7567	4034	59.1582	1110	16.278	2366	34.6972	2513	36.8529	67961	90.8109	86946	55.6	0.9873	024	099	Between	Animal	Animal
P1024	S1050	na	NZ_CP047876.1	4775730	701919	14.6976	691880	98.5698	688306	99.4834	10039	1.4302	698277	99.4811	14934	2.1276	11292	75.6127	1465	9.8098	2367	15.8497	10489	70.2357	67961	90.8109	48337	100	0.9954	024	050	Between	Animal	Environment
P1024	W1019	na	NZ_CP047876.1	4775730	682340	14.2877	680606	99.7459	677074	99.4811	1734	0.2541	678769	99.4767	6490	0.9511	2919	44.9769	1274	19.6302	2462	37.9353	2562	39.4761	67961	90.8109	49147	72.5375	0.9901	024	019	Between	Animal	Environment
P1024	W1092	na	NZ_CP047876.1	4775730	864289	18.0975	860553	99.5677	855384	99.3993	3736	0.4323	859072	99.3964	10402	1.2035	5185	49.8462	1556	14.9587	3260	31.3401	5514	53.009	67961	53.0701	111255	34.3832	0.9773	024	092	Between	Animal	Environment
P1030	S1055	na	NZ_CP075627.1	4966561	2735677	55.0819	2693188	98.4469	2690677	99.9068	42489	1.5531	2733118	99.9065	45433	1.6608	42874	94.3675	780	1.7168	2660	5.8548	41236	90.7622	190607	79.0921	205677	78.0962	0.9669	030	055	Between	Animal	Environment
P1030	W1064	na	NZ_CP075627.1	4966561	3325376	66.9553	3323192	99.9343	3313258	99.7011	2184	0.0657	3315399	99.7	13349	0.4014	3372	25.2603	1292	9.6786	2589	19.3947	9203	68.9415	190607	55.084	210531	58.3601	0.9603	030	064	Between	Animal	Environment
P1033	P1111	na	NZ_AP021896.1	4574715	1620712	35.4276	1612706	99.506	1611272	99.9111	8006	0.494	1619255	99.9101	10231	0.6313	8774	85.759	1135	11.0937	2091	20.4379	6531	63.8354	75130	80.8891	66359	92.1638	0.9954	033	111	Between	Animal	Animal
P1033	P3075	na	NZ_AP021896.1	4574715	2135899	46.6892	2133729	99.8984	2131354	99.8887	2170	0.1016	2133496	99.8875	5672	0.2656	3269	57.634	1183	20.8568	2726	48.0606	1427	25.1587	75130	80.8891	88645	64.9061	0.989	033	075	Between	Animal	Animal
P1033	S1053	na	NZ_AP021896.1	4574715	1393435	30.4595	1389364	99.7078	1387663	99.8776	4071	0.2922	1391706	99.8759	6542	0.4695	4813	73.5708	925	14.1394	1945	29.731	3390	51.819	75130	91.7397	107549	64.4079	0.9896	033	053	Between	Animal	Environment
P1034	P2109	na	NZ_AP023286.1	4694979	1050624	22.3776	1047852	99.7362	1041915	99.4334	2772	0.2638	1044661	99.4324	9801	0.9329	3838	39.1593	1153	11.7641	5157	52.6171	3049	31.1091	128259	89.996	105187	100	0.9923	034	109	Between	Animal	Animal
P1034	S1111	na	NZ_AP023286.1	4694979	3427826	73.0105	3426085	99.9492	3419507	99.808	1741	0.0508	3421236	99.8077	14287	0.4168	7697	53.8742	6087	42.6052	3037	21.2571	4729	33.1	128259	67.3309	200131	44.1371	0.9641	034	111	Between	Animal	Environment
P1038	P1055	na	NZ_LR134231.1	4594692	869259	18.9188	866623	99.6968	864421	99.7459	2636	0.3032	867033	99.7439	5190	0.5971	2964	57.1098	446	8.5934	2850	54.9133	1663	32.0424	42619	100	47164	100	0.9988	038	055	Between	Animal	Animal
P1038	P1058	na	NZ_CP019267.1	4740860	1804652	38.0659	1791804	99.2881	1790577	99.9315	12848	0.7119	1803403	99.9308	14385	0.7971	13136	91.3173	940	6.5346	7034	48.8982	6074	42.2245	44830	54.236	27647	78.8766	0.9939	038	058	Between	Animal	Animal
P1038	P1064	na	NZ_CP019267.1	4740860	1260312	26.584	1251733	99.3193	1249929	99.8559	8579	0.6807	1258484	99.855	10654	0.8453	8826	82.8421	657	6.1667	5246	49.2397	4457	41.8341	44830	36.1499	83968	18.9227	0.9795	038	064	Between	Animal	Animal
P1038	P1084	na	NZ_LR134231.1	4594692	1208482	26.3017	1207042	99.8808	1205722	99.8906	1440	0.1192	1207147	99.8895	3046	0.2521	1711	56.172	329	10.8011	1248	40.9718	1379	45.2725	42619	76.7029	116509	36.2144	0.9794	038	084	Between	Animal	Animal
P1038	P1090	na	NZ_LR134231.1	4594692	1873712	40.7799	1871483	99.881	1867854	99.8061	2229	0.119	1870052	99.8047	6542	0.3491	2882	44.0538	695	10.6237	3124	47.753	2310	35.3103	42619	100	92755	52.6786	0.9879	038	090	Between	Animal	Animal
P1038	P1099	na	NZ_CP019267.1	4740860	2402086	50.6677	2393159	99.6284	2390989	99.9093	8927	0.3716	2399883	99.9083	11559	0.4812	9356	80.9413	485	4.1959	9073	78.4929	1684	14.5687	44830	56.4064	148662	16.2045	0.9692	038	099	Between	Animal	Animal
P1038	P1110	na	NZ_CP019267.1	4740860	1833635	38.6773	1823271	99.4348	1821346	99.8944	10364	0.5652	1831683	99.8935	12700	0.6926	10748	84.6299	691	5.4409	6747	53.126	4865	38.3071	44830	100	104975	53.7604	0.9839	038	110	Between	Animal	Animal
P1038	P2038	na	NZ_CP080260.1	5366039	2252551	41.9779	2246165	99.7165	2244264	99.9154	6386	0.2835	2250642	99.9153	29606	1.3143	27697	93.552	21817	73.6911	3532	11.93	2416	8.1605	75056	92.0433	168677	38.1575	0.9777	038	038	Within	Animal	Animal
P1038	P2060	na	NZ_CP019267.1	4740860	1743902	36.7845	1735547	99.5209	1734215	99.9233	8355	0.4791	1742546	99.9222	9911	0.5683	8555	86.3182	442	4.4597	6990	70.5277	2177	21.9655	44830	36.1499	120843	25.4545	0.9718	038	060	Between	Animal	Animal
P1038	P2064	na	NZ_CP019267.1	4740860	2403465	50.6968	2391227	99.4908	2390075	99.9518	12238	0.5092	2402286	99.9509	13694	0.5698	12515	91.3904	702	5.1263	9323	68.0809	3326	24.288	44830	68.4965	52536	48.3269	0.99	038	064	Between	Animal	Animal
P1038	P2066	na	NZ_LR134231.1	4594692	1408895	30.6635	1406254	99.8125	1403680	99.817	2641	0.1875	1406298	99.8157	5670	0.4024	3073	54.1975	607	10.7055	2433	42.9101	2422	42.716	42619	76.7029	53230	77.2515	0.9932	038	066	Between	Animal	Animal
P1038	P2069	na	NZ_CP019267.1	4740860	2259892	47.6684	2244993	99.3407	2243538	99.9352	14899	0.6593	2258406	99.9342	16726	0.7401	15240	91.1156	1119	6.6902	7991	47.7759	7288	43.5729	44830	36.1499	91008	17.7402	0.978	038	069	Between	Animal	Animal
P1038	P2092	na	NZ_CP019267.1	4740860	2357163	49.7202	2344713	99.4718	2342562	99.9083	12450	0.5282	2354962	99.9066	15008	0.6367	12807	85.3345	919	6.1234	8926	59.4749	4762	31.7297	44830	81.9139	96103	34.7731	0.9842	038	092	Between	Animal	Animal
P1038	P3011	na	NZ_CP019267.1	4740860	2422110	51.0901	2409057	99.4611	2407729	99.9449	13053	0.5389	2420758	99.9442	14765	0.6096	13413	90.8432	1159	7.8496	9006	60.9956	4125	27.9377	44830	36.1499	81029	19.7855	0.9801	038	011	Between	Animal	Animal
P1038	P3031	na	NZ_LR134231.1	4594692	230502	5.0167	228365	99.0729	226853	99.3379	2137	0.9271	228972	99.3362	4095	1.7766	2565	62.6374	594	14.5055	1517	37.0452	1717	41.9292	42619	63.6758	65131	54.9876	0.9883	038	031	Between	Animal	Animal
P1038	P3038	na	NZ_CP080260.1	5366039	2188377	40.782	2181482	99.6849	2179499	99.9091	6895	0.3151	2186378	99.9087	29592	1.3522	27593	93.2448	21264	71.8573	3748	12.6656	2636	8.9078	75056	92.0433	127130	51.5284	0.987	038	038	Within	Animal	Animal
P1038	P3060	na	NZ_CP019267.1	4740860	1579582	33.3185	1570502	99.4252	1569421	99.9312	9080	0.5748	1578479	99.9302	10388	0.6576	9285	89.382	656	6.315	6175	59.4436	3330	32.0562	44830	81.9139	127461	41.2189	0.979	038	060	Between	Animal	Animal
P1038	P3068	na	NZ_CP019267.1	4740860	2361639	49.8146	2352576	99.6162	2349521	99.8701	9063	0.3838	2358556	99.8695	12614	0.5341	9531	75.5589	540	4.281	8848	70.1443	2701	21.4127	44830	68.4965	154052	27.7147	0.9702	038	068	Between	Animal	Animal
P1038	P3069	na	NZ_CP080260.1	5366039	1077292	20.0761	1075304	99.8155	1062442	98.8039	1988	0.1845	1064404	98.8037	19413	1.802	6525	33.6115	4572	23.5512	6859	35.332	7701	39.6693	75056	73.8715	451731	13.346	0.9196	038	069	Between	Animal	Animal
P1038	P3071	na	NZ_CP080260.1	5366039	2231026	41.5768	2222444	99.6153	2202048	99.0823	8582	0.3847	2210563	99.0828	29635	1.3283	9172	30.9499	1093	3.6882	23624	79.7166	4061	13.7034	75056	61.097	193394	23.51	0.966	038	071	Between	Animal	Animal
P1038	P3092	na	NZ_LR134231.1	4594692	1476426	32.1333	1466969	99.3595	1465276	99.8846	9457	0.6405	1474703	99.8833	11474	0.7771	9751	84.9834	823	7.1727	2655	23.1393	7436	64.8074	42619	76.7029	41192	100	0.9959	038	092	Between	Animal	Animal
P1038	P3099	na	NZ_CP080260.1	5366039	2274070	42.3789	2266302	99.6584	2263917	99.8948	7768	0.3416	2271659	99.894	28522	1.2542	26111	91.5469	19536	68.4945	3992	13.9962	3670	12.8673	75056	92.0433	101876	67.0865	0.9921	038	099	Between	Animal	Animal
P1038	S1019	na	NZ_LR134231.1	4594692	1350969	29.4028	1348532	99.8196	1346455	99.846	2437	0.1804	1348871	99.8447	4812	0.3562	2714	56.4007	380	7.8969	2182	45.345	2061	42.8304	42619	63.6758	65915	54.7265	0.9881	038	019	Between	Animal	Environment
P1038	S1030	na	NZ_LR134231.1	4594692	1366614	29.7433	1363264	99.7549	1359932	99.7556	3350	0.2451	1363262	99.7547	7202	0.527	3850	53.4574	770	10.6915	2269	31.5051	3754	52.1244	42619	100	67621	74.4872	0.9941	038	030	Between	Animal	Environment
P1038	S1053	na	NZ_CP019267.1	4740860	1654862	34.9064	1647544	99.5578	1645700	99.8881	7318	0.4422	1652992	99.887	9497	0.5739	7627	80.3096	476	5.0121	6559	69.0639	2224	23.4179	44830	36.1499	68249	23.5579	0.9828	038	053	Between	Animal	Environment
P1038	S1081	na	NZ_CP019267.1	4740860	2452635	51.734	2440109	99.4893	2438070	99.9164	12526	0.5107	2450560	99.9154	14971	0.6104	12896	86.1399	842	5.6242	9130	60.9846	4593	30.6793	44830	86.5826	95860	47.101	0.9828	038	081	Between	Animal	Environment
P1038	S1099	na	NZ_CP019267.1	4740860	2110525	44.5178	2100476	99.5239	2099130	99.9359	10049	0.4761	2109146	99.9347	11784	0.5583	10405	88.2977	731	6.2033	8577	72.7851	2102	17.8377	44830	56.4064	68264	37.081	0.9867	038	099	Between	Animal	Environment
P1038	W1110	na	NZ_LR134231.1	4594692	1894182	41.2254	1891778	99.8731	1887957	99.798	2404	0.1269	1890332	99.7967	6894	0.364	3044	44.1543	681	9.8782	3410	49.4633	2512	36.4375	42619	83.5707	82294	49.8129	0.9876	038	110	Between	Animal	Environment
P1042	P1048	na	NZ_LR134216.1	4647667	2114541	45.4968	2111317	99.8475	2107413	99.8151	3224	0.1525	2110610	99.8141	7766	0.3673	3835	49.3819	704	9.0652	4023	51.8027	2722	35.0502	38554	100	98121	49.5368	0.987	042	048	Between	Animal	Animal
P1042	P1068	na	NZ_LR134216.1	4647667	2348382	50.5282	2336416	99.4905	2327845	99.6332	11966	0.5095	2339774	99.6334	20962	0.8926	12354	58.9352	687	3.2774	2914	13.9013	17032	81.2518	38554	100	133620	29.5996	0.9774	042	068	Between	Animal	Animal
P1042	P1092	na	NZ_CP010200.1	4821620	1880688	39.0053	1877220	99.8156	1875314	99.8985	3468	0.1844	1878743	99.8966	7267	0.3864	5322	73.2352	2080	28.6225	2821	38.8193	2040	28.0721	112488	67.0872	98942	76.6419	0.9872	042	092	Between	Animal	Animal
P1042	P1098	na	NZ_CP085638.1	4799936	2555559	53.2415	2548706	99.7318	2532366	99.3589	6853	0.2682	2539139	99.3575	23855	0.9335	7435	31.1675	969	4.062	4122	17.2794	17539	73.5234	33396	79.9407	64553	47.6446	0.9903	042	098	Between	Animal	Animal
P1042	P2004	na	NZ_LR134216.1	4647667	2384599	51.3074	2331435	97.7705	2322685	99.6247	53164	2.2295	2375587	99.6221	62621	2.6261	53609	85.6087	1049	1.6752	3610	5.7648	57346	91.5763	38554	77.8882	70710	40.6124	0.9884	042	004	Between	Animal	Animal
P1042	W1098	na	NZ_LR134216.1	4647667	2039504	43.8823	2034437	99.7516	2030329	99.7981	5067	0.2484	2035375	99.7975	9879	0.4844	5750	58.2043	886	8.9685	3752	37.9796	4981	50.4201	38554	100	88280	44.5061	0.9876	042	098	Between	Animal	Environment
P1045	P1051	na	NZ_LR778148.1	4729401	1966779	41.5862	1961911	99.7525	1959492	99.8767	4868	0.2475	1964302	99.8741	8189	0.4164	5712	69.7521	1111	13.567	3127	38.1854	3527	43.07	74200	37.2062	43218	71.9168	0.9856	045	051	Between	Animal	Animal
P1045	P1120	na	NZ_AP021895.1	4557772	2522734	55.3502	2519254	99.8621	2516115	99.8754	3480	0.1379	2519577	99.8749	7235	0.2868	4078	56.3649	715	9.8825	2934	40.5529	3335	46.0954	62911	41.6827	118567	22.1242	0.9715	045	120	Between	Animal	Animal
P1045	P2034	na	NZ_AP021895.1	4557772	1510594	33.1433	1506508	99.7295	1503991	99.8329	4086	0.2705	1508028	99.8301	7322	0.4847	4756	64.9549	983	13.4253	3207	43.7995	2702	36.9025	62911	17.2577	56627	19.0068	0.9784	045	034	Between	Animal	Animal
P1045	P2062	na	NZ_LR778148.1	4729401	2377410	50.2687	2375083	99.9021	2372503	99.8914	2327	0.0979	2374803	99.8903	6137	0.2581	3530	57.52	1251	20.3846	2914	47.4825	1771	28.8577	74200	44.1159	45605	80.9275	0.9883	045	062	Between	Animal	Animal
P1045	P2075	na	NZ_LR778148.1	4729401	2883948	60.9791	2878028	99.7947	2875235	99.903	5920	0.2053	2881107	99.9015	9409	0.3263	6568	69.8055	966	10.2668	4383	46.5831	3726	39.6004	74200	36.5782	33293	81.0921	0.9886	045	075	Between	Animal	Animal
P1045	P3038	na	NZ_LR778148.1	4729401	2980278	63.016	2961096	99.3564	2958710	99.9194	19182	0.6436	2977850	99.9185	22770	0.764	20342	89.3368	1838	8.072	3855	16.9302	16307	71.6162	74200	28.8477	20261	100	0.9885	045	038	Between	Animal	Animal
P1045	S1034	na	NZ_AP021895.1	4557772	2907487	63.7918	2886404	99.2749	2879360	99.756	21083	0.7251	2900376	99.7554	29306	1.0079	22195	75.7353	1551	5.2924	3407	11.6256	23763	81.0858	62911	50.1311	78476	40.1053	0.9827	045	034	Between	Animal	Environment
P1045	S1050	na	NZ_AP021895.1	4557772	2882590	63.2456	2818119	97.7634	2814934	99.887	64471	2.2366	2879322	99.8866	68618	2.3804	65350	95.2374	1424	2.0753	3808	5.5496	62936	91.7194	62911	32.8734	74818	27.6778	0.9788	045	050	Between	Animal	Environment
P1045	S1076	na	NZ_AP021895.1	4557772	1715881	37.6474	1708892	99.5927	1705316	99.7907	6989	0.4073	1712245	99.7881	11754	0.685	8118	69.0658	1661	14.1314	3405	28.9689	6060	51.5569	62911	41.6827	33104	79.2351	0.9904	045	076	Between	Animal	Environment
P1045	S1090	na	NZ_AP021895.1	4557772	1627169	35.701	1615801	99.3014	1612593	99.8015	11368	0.6986	1623900	99.7991	15179	0.9328	11910	78.4637	1018	6.7066	4151	27.347	9359	61.6576	62911	8.4484	17176	30.9152	0.9847	045	090	Between	Animal	Environment
P1048	P1068	na	NZ_CP047876.1	4775730	2036884	42.6507	2031609	99.741	2027479	99.7967	5275	0.259	2032715	99.7953	10673	0.524	6504	60.9388	1531	14.3446	4072	38.1523	4390	41.1318	70882	74.3856	51447	78.0143	0.9907	048	068	Between	Animal	Animal
P1048	P1068	na	NZ_LR134216.1	4647667	1734066	37.3105	1725776	99.5219	1719277	99.6234	8290	0.4781	1727542	99.6238	15799	0.9111	9275	58.7062	1053	6.665	1329	8.4119	12981	82.1634	98121	79.9299	133620	50.2747	0.9787	048	068	Between	Animal	Animal
P1048	P1108	na	NZ_CP047876.1	4775730	1738624	36.4054	1731597	99.5958	1728981	99.8489	7027	0.4042	1735964	99.847	10372	0.5966	7712	74.354	1065	10.268	4277	41.236	4375	42.1809	70882	74.3856	47297	100	0.9946	048	108	Between	Animal	Animal
P1048	P2004	na	NZ_LR134216.1	4647667	2079929	44.7521	2036295	97.9021	2033194	99.8477	43634	2.0979	2076802	99.8497	48726	2.3427	45599	93.5825	2080	4.2688	975	2.001	44603	91.5384	98121	72.9732	70710	89.3509	0.9907	048	004	Between	Animal	Animal
P1048	P2020	na	NZ_CP047876.1	4775730	1853637	38.8137	1843180	99.4359	1840419	99.8502	10457	0.5641	1850849	99.8496	13971	0.7537	11183	80.0444	1095	7.8377	3095	22.153	9316	66.681	70882	91.4181	58419	88.7639	0.992	048	020	Between	Animal	Animal
P1048	P2024	na	NZ_CP047876.1	4775730	444397	9.3053	443059	99.6989	440293	99.3757	1338	0.3011	441611	99.3731	5037	1.1334	2251	44.6893	987	19.595	2363	46.9128	1582	31.4076	70882	74.3856	70133	91.0869	0.9901	048	024	Between	Animal	Animal
P1048	P2031	na	NZ_CP030919.1	4810511	1808066	37.5857	1800262	99.5684	1798972	99.9283	7804	0.4316	1806761	99.9278	9603	0.5311	8298	86.4105	1074	11.184	2810	29.2617	5574	58.0444	166370	95.1103	163558	100	0.9968	048	031	Between	Animal	Animal
P1048	P2038	na	NZ_CP047876.1	4775730	1702515	35.6493	1688747	99.1913	1686287	99.8543	13768	0.8087	1700018	99.8533	16992	0.9981	14495	85.3048	1013	5.9616	3343	19.674	12356	72.7166	70882	74.3856	146353	34.8295	0.9741	048	038	Between	Animal	Animal
P1048	P2120	na	NZ_CP047876.1	4775730	1273987	26.6763	1267888	99.5213	1265563	99.8166	6099	0.4787	1271617	99.814	8983	0.7051	6613	73.6168	845	9.4067	3956	44.0387	3530	39.2964	70882	53.1856	29402	100	0.9901	048	120	Between	Animal	Animal
P1048	P3057	na	NZ_CP047876.1	4775730	1459208	30.5547	1456372	99.8056	1453530	99.8049	2836	0.1944	1456342	99.8036	6745	0.4622	3879	57.5093	1144	16.9607	3906	57.9096	1511	22.4018	70882	82.9675	64251	100	0.9961	048	057	Between	Animal	Animal
P1048	P3076	na	NZ_CP047876.1	4775730	1593762	33.3721	1588783	99.6876	1586357	99.8473	4979	0.3124	1591305	99.8458	8108	0.5087	5651	69.6966	843	10.3971	3893	48.0143	3033	37.4075	70882	82.9675	89446	62.4567	0.987	048	076	Between	Animal	Animal
P1048	P3099	na	NZ_CP047876.1	4775730	2030420	42.5154	2025611	99.7632	2023142	99.8781	4809	0.2368	2027923	99.877	7939	0.391	5442	68.5477	831	10.4673	4447	56.0146	2265	28.53	70882	74.3856	86946	55.6	0.9865	048	099	Between	Animal	Animal
P1048	S1050	na	NZ_CP047876.1	4775730	1607791	33.6659	1583854	98.5112	1580771	99.8053	23937	1.4888	1604642	99.8041	27752	1.7261	24603	88.6531	1079	3.888	3723	13.4152	22443	80.8698	70882	74.3856	48337	100	0.9947	048	050	Between	Animal	Environment
P1048	W1005	na	NZ_CP030919.1	4810511	2239061	46.5452	2235938	99.8605	2234919	99.9544	3123	0.1395	2238038	99.9543	4489	0.2005	3466	77.211	371	8.2646	3442	76.6763	650	14.4798	166370	95.9187	244022	74.0007	0.9783	048	005	Between	Animal	Environment
P1048	W1019	na	NZ_CP047876.1	4775730	1631002	34.1519	1627749	99.8006	1625180	99.8422	3253	0.1994	1628409	99.841	6617	0.4057	4024	60.8131	915	13.828	3880	58.6368	1697	25.6461	70882	60.6049	49147	72.5375	0.9897	048	019	Between	Animal	Environment
P1048	W1092	na	NZ_CP047876.1	4775730	2035172	42.6149	2023437	99.4234	2019865	99.8235	11735	0.5766	2031564	99.8227	16469	0.8092	12861	78.0922	1251	7.5961	4522	27.4576	10506	63.7926	70882	78.8	111255	51.1078	0.9805	048	092	Between	Animal	Environment
P1048	W1098	na	NZ_LR134216.1	4647667	1669836	35.9285	1667049	99.8331	1663620	99.7943	2787	0.1669	1666396	99.794	6899	0.4132	3459	50.1377	770	11.161	2169	31.4393	3785	54.863	98121	70.9002	88280	65.6389	0.9846	048	098	Between	Animal	Environment
P1049	P1111	na	NZ_CP010117.1	4809836	3165018	65.803	3161481	99.8882	3159273	99.9302	3537	0.1118	3162776	99.9292	6683	0.2112	4441	66.4522	938	14.0356	1530	22.8939	3629	54.302	129456	38.7004	49952	100	0.9833	049	111	Between	Animal	Animal
P1049	P3104	na	NZ_CP010117.1	4809836	4108848	85.4259	4108079	99.9813	4104038	99.9016	769	0.0187	4104804	99.9016	6628	0.1613	2584	38.9861	1838	27.7308	1656	24.9849	3177	47.933	129456	100	76016	100	0.9877	049	104	Between	Animal	Animal
P1049	S1093	na	NZ_CP010117.1	4809836	3454275	71.8169	3450094	99.879	3447158	99.9149	4181	0.121	3451311	99.9142	8193	0.2372	5229	63.8228	1083	13.2186	1778	21.7015	4943	60.332	129456	38.7004	49794	100	0.9833	049	093	Between	Animal	Environment
P1050	P1058	na	NZ_CP060073.1	4672168	2156811	46.163	2151512	99.7543	2147610	99.8186	5299	0.2457	2152874	99.8175	9931	0.4604	5994	60.3565	906	9.1229	4344	43.7418	4161	41.8991	148569	38.3647	48917	100	0.9784	050	058	Between	Animal	Animal
P1050	P2090	na	NZ_CP060073.1	4672168	1919621	41.0863	1917262	99.8771	1913373	99.7972	2359	0.1229	1915704	99.7959	7238	0.3771	3321	45.8828	1095	15.1285	3713	51.2987	2127	29.3866	148569	46.7116	66376	91.3824	0.9785	050	090	Between	Animal	Animal
P1050	P2108	na	NZ_CP060073.1	4672168	3715260	79.519	3713966	99.9652	3708249	99.8461	1294	0.0348	3709532	99.8458	8673	0.2334	2945	33.956	1715	19.774	4434	51.1242	2380	27.4415	148569	76.7482	218723	56.8015	0.9675	050	108	Between	Animal	Animal
P1050	P3034	na	NZ_CP060073.1	4672168	3791156	81.1434	3789683	99.9611	3789239	99.9883	1473	0.0389	3790712	99.9883	7689	0.2028	7245	94.2255	6002	78.0596	771	10.0273	397	5.1632	148569	92.666	244440	57.4476	0.9734	050	034	Between	Animal	Animal
P1050	S1108	na	NZ_CP060073.1	4672168	3706433	79.33	3702627	99.8973	3696858	99.8442	3806	0.1027	3700641	99.8437	10006	0.27	4214	42.1147	511	5.1069	6348	63.4419	3006	30.042	148569	14.1887	20562	100	0.9725	050	108	Between	Animal	Environment
P1051	P2062	na	NZ_LR778148.1	4729401	1520163	32.1428	1517611	99.8321	1515330	99.8497	2552	0.1679	1517856	99.8482	5773	0.3798	3466	60.0381	1034	17.911	2763	47.8607	1625	28.1483	43218	87.9772	45605	86.8348	0.9949	051	062	Between	Animal	Animal
P1051	P2075	na	NZ_LR778148.1	4729401	1799000	38.0386	1793616	99.7007	1791470	99.8804	5384	0.2993	1796818	99.8787	8062	0.4481	5880	72.9348	827	10.258	3872	48.0278	2841	35.2394	43218	20.0981	33293	26.0806	0.9875	051	075	Between	Animal	Animal
P1051	P3038	na	NZ_LR778148.1	4729401	1939899	41.0179	1925352	99.2501	1923272	99.892	14547	0.7499	1937767	99.8901	17478	0.901	15346	87.8018	1270	7.2663	3896	22.2909	11640	66.598	43218	59.5192	20261	100	0.9946	051	038	Between	Animal	Animal
P1051	S1108	na	NZ_CP010167.1	4630919	1676427	36.2007	1660642	99.0584	1660060	99.965	15785	0.9416	1675822	99.9639	16921	1.0093	16316	96.4246	595	3.5163	694	4.1014	15370	90.8339	90712	86.1308	91853	73.4554	0.9853	051	108	Between	Animal	Environment
P1053	P2053	na	NZ_CP055024.1	4564917	777838	17.0395	769472	98.9245	768156	99.829	8366	1.0755	776484	99.8259	10195	1.3107	8841	86.719	1393	13.6636	2529	24.8063	5813	57.0181	19396	100	42723	45.3784	0.9949	053	053	Within	Animal	Animal
P1053	P2069	na	NZ_CP055024.1	4564917	1111238	24.343	1101209	99.0975	1099598	99.8537	10029	0.9025	1109570	99.8499	11997	1.0796	10329	86.0965	1306	10.8861	3051	25.4314	7048	58.748	19396	100	38445	49.247	0.9956	053	069	Between	Animal	Animal
P1053	P3051	na	NZ_CP055024.1	4564917	850796	18.6377	841296	98.8834	839435	99.7788	9500	1.1166	848903	99.7775	11693	1.3744	9800	83.8108	1075	9.1935	2899	24.7926	7046	60.2583	19396	100	36992	52.8439	0.9961	053	051	Between	Animal	Animal
P1053	P3071	na	NZ_CP069709.1	4620143	1662639	35.9867	1653118	99.4274	1649362	99.7728	9521	0.5726	1658812	99.7698	14152	0.8512	10325	72.9579	1389	9.8149	6776	47.8802	5139	36.3129	55015	50.7952	72711	39.1853	0.9844	053	071	Between	Animal	Animal
P1053	S1120	na	NZ_CP069709.1	4620143	1490589	32.2628	1482130	99.4325	1479392	99.8153	8459	0.5675	1487783	99.8118	12185	0.8175	9379	76.9717	1644	13.492	6019	49.3968	3592	29.4789	55015	100	96368	71.3027	0.9909	053	120	Between	Animal	Environment
P1053	S1120	na	NZ_CP055024.1	4564917	1043160	22.8517	1036719	99.3825	1035734	99.905	6441	0.6175	1042158	99.9039	7984	0.7654	6982	87.4499	1294	16.2074	3292	41.2325	3026	37.9008	19396	100	59607	32.5381	0.9911	053	120	Between	Animal	Environment
P1055	P1084	na	NZ_LR134231.1	4594692	743627	16.1845	742617	99.8642	741403	99.8365	1010	0.1358	742408	99.8361	2424	0.326	1205	49.7112	223	9.1997	848	34.9835	1281	52.8465	47164	79.2172	116509	36.2144	0.9805	055	084	Between	Animal	Animal
P1055	P1090	na	NZ_LR134231.1	4594692	1242746	27.0474	1241522	99.9015	1238778	99.779	1224	0.0985	1239980	99.7774	4648	0.374	1882	40.4905	694	14.9312	1644	35.3701	2141	46.0628	47164	100	92755	52.6786	0.9891	055	090	Between	Animal	Animal
P1055	P2066	na	NZ_LR134231.1	4594692	976153	21.2452	974381	99.8185	971545	99.7089	1772	0.1815	973295	99.7072	4912	0.5032	2054	41.816	384	7.8176	1604	32.6547	2790	56.7997	47164	79.2172	53230	77.2515	0.9943	055	066	Between	Animal	Animal
P1055	P3031	na	NZ_LR134231.1	4594692	213577	4.6483	211802	99.1689	209730	99.0217	1775	0.8311	211498	99.0266	4127	1.9323	2048	49.6244	371	8.9896	1158	28.0591	2358	57.1359	47164	67.912	65131	54.9876	0.9894	055	031	Between	Animal	Animal
P1055	P3092	na	NZ_LR134231.1	4594692	1044783	22.7389	1037037	99.2586	1036005	99.9005	7746	0.7414	1043725	99.8987	9063	0.8675	8005	88.3262	628	6.9293	1462	16.1315	6507	71.7974	47164	79.2172	41192	100	0.9969	055	092	Between	Animal	Animal
P1055	S1019	na	NZ_AP022215.1	4814091	1446546	30.0482	1438810	99.4652	1430100	99.3946	7736	0.5348	1437766	99.393	17056	1.1791	8276	48.5225	864	5.0657	13623	79.8722	2150	12.6055	67555	46.3667	52316	33.5672	0.9821	055	019	Between	Animal	Environment
P1055	S1019	na	NZ_LR134231.1	4594692	783796	17.0587	781962	99.766	780075	99.7587	1834	0.234	781900	99.7581	4044	0.516	2148	53.1157	384	9.4955	1420	35.1137	2112	52.2255	47164	67.912	65915	54.7265	0.9893	055	019	Between	Animal	Environment
P1055	S1030	na	NZ_LR134231.1	4594692	899253	19.5716	896839	99.7316	893503	99.628	2414	0.2684	895895	99.6266	6183	0.6876	2825	45.6898	550	8.8954	1411	22.8206	4012	64.8876	47164	100	67621	74.4872	0.9952	055	030	Between	Animal	Environment
P1055	W1055	na	NZ_AP022215.1	4814091	1181604	24.5447	1167612	98.8158	1160239	99.3685	13992	1.1842	1174128	99.3673	22161	1.8755	14685	66.2651	1458	6.5791	9633	43.4683	9540	43.0486	67555	53.9546	123533	29.9232	0.9751	055	055	Within	Animal	Environment
P1055	W1110	na	NZ_LR134231.1	4594692	1257024	27.3582	1255717	99.896	1254840	99.9302	1307	0.104	1256139	99.9296	3439	0.2736	2554	74.2658	1275	37.0747	720	20.9363	853	24.8037	47164	75.5746	82294	49.8129	0.9866	055	110	Between	Animal	Environment
P1057	P1066	na	NZ_CP055184.1	4757418	1849101	38.8677	1845035	99.7801	1841299	99.7975	4066	0.2199	1845346	99.7969	8329	0.4504	4574	54.9166	739	8.8726	5205	62.4925	2011	24.1446	103006	70.558	73285	93.1405	0.9915	057	066	Between	Animal	Animal
P1057	P2050	na	NZ_CP101921.1	4790226	723833	15.1106	720404	99.5263	717762	99.6333	3429	0.4737	721173	99.6325	6731	0.9299	4071	60.4814	967	14.3664	2658	39.4889	2680	39.8158	113463	19.513	33140	84.5474	0.9785	057	050	Between	Animal	Animal
P1057	P2071	na	NZ_CP055184.1	4757418	1640613	34.4854	1631661	99.4544	1628151	99.7849	8952	0.5456	1637089	99.7852	13693	0.8346	10169	74.2642	1745	12.7437	3416	24.9471	7849	57.3213	103006	94.6246	100107	100	0.9982	057	071	Between	Animal	Animal
P1057	P3051	na	NZ_CP055184.1	4757418	2030858	42.6882	2020213	99.4758	2016395	99.811	10645	0.5242	2027012	99.8106	16131	0.7943	12285	76.1577	2019	12.5163	3579	22.1871	9541	59.147	103006	43.4266	61381	82.4033	0.9818	057	051	Between	Animal	Animal
P1057	S1066	na	NZ_CP055184.1	4757418	2019015	42.4393	2013932	99.7482	2012161	99.9121	5083	0.2518	2017225	99.9113	9703	0.4806	7913	81.5521	3198	32.9589	2158	22.2405	3493	35.9992	103006	84.032	69047	100	0.9927	057	066	Between	Animal	Environment
P1057	W1050	na	NZ_CP101921.1	4790226	3357864	70.0982	3353670	99.8751	3338414	99.5451	4194	0.1249	3342587	99.545	21875	0.6515	6598	30.1623	2520	11.52	4237	19.3691	14222	65.0149	113463	57.7007	60246	90.3927	0.9843	057	050	Between	Animal	Environment
P1058	P1064	na	NZ_CP019267.1	4740860	1200936	25.3316	1192392	99.2886	1190491	99.8406	8544	0.7114	1199015	99.84	10732	0.8936	8811	82.1003	949	8.8427	4931	45.9467	4417	41.1573	27647	52.0418	83968	18.9227	0.9825	058	064	Between	Animal	Animal
P1058	P1071	na	NZ_AP021933.1	4928821	3148295	63.8752	3143955	99.8621	3098153	98.5432	4340	0.1379	3102399	98.5422	50375	1.6001	4479	8.8913	268	0.532	2764	5.4868	46374	92.0576	5847	100	296029	1.9748	0.9411	058	071	Between	Animal	Animal
P1058	P1075	na	NZ_CP019245.1	4729175	1903418	40.2484	1890803	99.3372	1889374	99.9244	12615	0.6628	1901958	99.9233	14629	0.7686	13169	90.0198	1190	8.1345	1903	13.0084	10930	74.7146	77949	93.3033	199683	40.3369	0.9716	058	075	Between	Animal	Animal
P1058	P1093	na	NZ_CP019245.1	4729175	1840236	38.9124	1834827	99.7061	1833104	99.9061	5409	0.2939	1838486	99.9049	7852	0.4267	6102	77.7127	1126	14.3403	2522	32.1192	3447	43.8996	77949	93.3033	167448	47.9205	0.9785	058	093	Between	Animal	Animal
P1058	P1099	na	NZ_CP019267.1	4740860	2108998	44.4856	2101550	99.6468	2099044	99.8808	7448	0.3532	2106462	99.8798	10372	0.4918	7836	75.5496	438	4.2229	7580	73.0814	1981	19.0995	27647	54.6678	148662	13.7453	0.9691	058	099	Between	Animal	Animal
P1058	P1110	na	NZ_CP019267.1	4740860	1662476	35.067	1653443	99.4567	1650890	99.8456	9033	0.5433	1659892	99.8446	11918	0.7169	9334	78.3185	746	6.2594	5688	47.7261	5003	41.9785	27647	100	104975	47.0341	0.983	058	110	Between	Animal	Animal
P1058	P2053	na	NZ_AP021933.1	4928821	2766768	56.1345	2738913	98.9932	2711070	98.9834	27855	1.0068	2738618	98.9826	55989	2.0236	27839	49.7223	825	1.4735	2366	4.2258	52181	93.1987	5847	100	135850	4.3136	0.9736	058	053	Between	Animal	Animal
P1058	P2060	na	NZ_CP019267.1	4740860	1571924	33.1569	1564742	99.5431	1563616	99.928	7182	0.4569	1570786	99.9276	8656	0.5507	7518	86.853	670	7.7403	5707	65.9311	2062	23.8216	27647	52.0418	120843	25.4545	0.9747	058	060	Between	Animal	Animal
P1058	P2064	na	NZ_CP019267.1	4740860	2130351	44.936	2119880	99.5085	2118697	99.9442	10471	0.4915	2129150	99.9436	11976	0.5622	10775	89.9716	1050	8.7675	7282	60.8049	3132	26.1523	27647	52.0418	52536	30.5847	0.9891	058	064	Between	Animal	Animal
P1058	P2064	na	NZ_CP019245.1	4729175	1810627	38.2863	1802645	99.5592	1801138	99.9164	7982	0.4408	1809086	99.9149	10254	0.5663	8713	84.9717	1373	13.3899	3028	29.5299	5169	50.4096	77949	100	138419	63.9081	0.987	058	064	Between	Animal	Animal
P1058	P2069	na	NZ_CP019267.1	4740860	1938114	40.8811	1924976	99.3221	1923500	99.9233	13138	0.6779	1936612	99.9225	15029	0.7754	13527	90.006	1389	9.2421	6055	40.2888	7195	47.8741	27647	52.0418	91008	17.7402	0.981	058	069	Between	Animal	Animal
P1058	P2075	na	NZ_CP019245.1	4729175	2291786	48.4606	2287260	99.8025	2284779	99.8915	4526	0.1975	2289263	99.8899	7788	0.3398	5265	67.604	980	12.5835	2447	31.4201	3538	45.4289	77949	93.3033	216190	37.5179	0.9681	058	075	Between	Animal	Animal
P1058	P2090	na	NZ_CP060073.1	4672168	1493490	31.9657	1488329	99.6544	1486200	99.857	5161	0.3456	1491320	99.8547	7755	0.5193	5585	72.0181	709	9.1425	3908	50.3933	2724	35.1257	48917	86.6468	66376	62.8465	0.9931	058	090	Between	Animal	Animal
P1058	P2092	na	NZ_CP019267.1	4740860	2093000	44.1481	2082395	99.4933	2080145	99.892	10605	0.5067	2090717	99.8909	13279	0.6344	10996	82.8074	1154	8.6904	6997	52.6922	4511	33.9709	27647	73.1653	96103	25.5778	0.9818	058	092	Between	Animal	Animal
P1058	P2092	na	NZ_CP019245.1	4729175	1815007	38.3789	1805924	99.4996	1804418	99.9166	9083	0.5004	1813463	99.9149	11474	0.6322	9930	86.5435	1672	14.5721	2686	23.4094	6528	56.8938	77949	77.4648	77347	57.2925	0.9853	058	092	Between	Animal	Animal
P1058	P2108	na	NZ_CP060073.1	4672168	2232636	47.7859	2227854	99.7858	2224728	99.8597	4782	0.2142	2229486	99.8589	8709	0.3901	5559	63.8305	851	9.7715	4194	48.1571	3085	35.4231	48917	89.6192	218723	22.2368	0.9611	058	108	Between	Animal	Animal
P1058	P3011	na	NZ_CP019267.1	4740860	2112273	44.5546	2100572	99.446	2099199	99.9346	11701	0.554	2110882	99.9341	13499	0.6391	12108	89.6955	1111	8.2302	7244	53.6632	4829	35.773	27647	52.0418	81029	19.7855	0.9831	058	011	Between	Animal	Animal
P1058	P3034	na	NZ_CP060073.1	4672168	2235378	47.8446	2230526	99.7829	2225317	99.7665	4852	0.2171	2230122	99.7649	10825	0.4843	5569	51.4457	780	7.2055	4417	40.8037	4975	45.9584	48917	89.6192	244440	20.9066	0.9555	058	034	Between	Animal	Animal
P1058	P3060	na	NZ_CP019267.1	4740860	1414802	29.8427	1406855	99.4383	1405757	99.922	7947	0.5617	1413686	99.9211	9223	0.6519	8107	87.8998	602	6.5272	5100	55.2965	3264	35.3898	27647	73.1653	127461	29.2207	0.9751	058	060	Between	Animal	Animal
P1058	P3068	na	NZ_CP019267.1	4740860	2039852	43.027	2032689	99.6488	2029529	99.8445	7163	0.3512	2036651	99.8431	10686	0.5239	7485	70.0449	383	3.5841	6899	64.5611	2873	26.8856	27647	73.1653	154052	25.5927	0.9701	058	068	Between	Animal	Animal
P1058	S1005	na	NZ_CP019245.1	4729175	1822939	38.5467	1812718	99.4393	1810357	99.8698	10221	0.5607	1820545	99.8687	13473	0.7391	11079	82.2311	1426	10.5841	2434	18.0658	8923	66.2288	77949	85.4405	111574	60.0516	0.9879	058	005	Between	Animal	Environment
P1058	S1031	na	NZ_AP021933.1	4928821	3055477	61.992	3049683	99.8104	3013726	98.821	5794	0.1896	3019422	98.82	42193	1.3809	6138	14.5474	551	1.3059	3130	7.4183	37612	89.1427	5847	100	228113	2.568	0.9549	058	031	Between	Animal	Environment
P1058	S1053	na	NZ_CP019267.1	4740860	1499262	31.6243	1492515	99.55	1490766	99.8828	6747	0.45	1497483	99.8813	8897	0.5934	7118	80.0045	646	7.2609	5626	63.2348	2234	25.1096	27647	52.0418	68249	23.5579	0.9858	058	053	Between	Animal	Environment
P1058	S1060	na	NZ_AP021933.1	4928821	3745145	75.9846	3738374	99.8192	3736921	99.9611	6771	0.1808	3743681	99.9609	8686	0.2319	7222	83.1453	900	10.3615	4271	49.1711	3295	37.9346	5847	100	49801	11.7628	0.9911	058	060	Between	Animal	Environment
P1058	S1081	na	NZ_CP019267.1	4740860	2120724	44.7329	2109801	99.4849	2107606	99.896	10923	0.5151	2118496	99.8949	13467	0.635	11239	83.4559	982	7.2919	7096	52.6918	4930	36.608	27647	78.8766	95860	39.7549	0.9831	058	081	Between	Animal	Environment
P1058	S1083	na	NZ_CP083888.1	4840195	1504073	31.0746	1488007	98.9318	1484704	99.778	16066	1.0682	1500708	99.7763	20065	1.334	16700	83.2295	2159	10.76	7294	36.3519	9768	48.6818	46877	19.9351	14777	63.3891	0.9911	058	083	Between	Animal	Environment
P1058	S1085	na	NZ_CP019245.1	4729175	1897358	40.1203	1892836	99.7617	1891292	99.9184	4522	0.2383	1895771	99.9164	6908	0.3641	5321	77.0266	1145	16.575	2958	42.8199	2078	30.0811	77949	85.4405	96818	76.3577	0.9911	058	085	Between	Animal	Environment
P1058	S1099	na	NZ_CP019267.1	4740860	1889092	39.847	1880182	99.5283	1878443	99.9075	8910	0.4717	1887327	99.9066	10997	0.5821	9232	83.9502	795	7.2292	7331	66.6636	2620	23.8247	27647	33.5443	68264	15.9352	0.9836	058	099	Between	Animal	Environment
P1058	S1108	na	NZ_CP060073.1	4672168	2334480	49.9657	2327965	99.7209	2326438	99.9344	6515	0.2791	2332912	99.9328	8380	0.359	6812	81.2888	411	4.9045	5837	69.6539	1921	22.9236	48917	31.0015	20562	71.2285	0.9914	058	108	Between	Animal	Environment
P1058	S1109	na	NZ_CP019245.1	4729175	1939312	41.0074	1929139	99.4754	1926201	99.8477	10173	0.5246	1936303	99.8448	14139	0.7291	11130	78.7184	1139	8.0557	3224	22.8022	8770	62.027	77949	100	124172	61.9713	0.986	058	109	Between	Animal	Environment
P1058	S1119	na	NZ_CP019245.1	4729175	2351122	49.7153	2344360	99.7124	2340344	99.8287	6762	0.2876	2347056	99.8271	11848	0.5039	7782	65.682	1127	9.5122	3144	26.5361	6466	54.5746	77949	93.3033	186956	41.5595	0.9735	058	119	Between	Animal	Environment
P1058	W1083	na	NZ_CP083888.1	4840195	1929943	39.8732	1921367	99.5556	1916948	99.77	8576	0.4444	1925482	99.7689	13881	0.7192	9420	67.8625	1155	8.3207	9352	67.3727	2774	19.9842	46877	35.8129	90352	24.3758	0.9785	058	083	Between	Animal	Environment
P1060	P2060	na	NZ_CP015240.1	4863599	2965746	60.9784	2961116	99.8439	2960599	99.9825	4630	0.1561	2965214	99.9821	6038	0.2036	5506	91.1891	1347	22.3087	1737	28.7678	2636	43.6568	197426	97.2481	262508	81.9232	0.9801	060	060	Within	Animal	Animal
P1060	P3060	na	NZ_CP015240.1	4863599	3307092	67.9968	3304151	99.9111	3303535	99.9814	2941	0.0889	3306461	99.9809	4602	0.1392	3971	86.2886	1232	26.771	2020	43.894	925	20.1	197426	93.7192	249574	85.0469	0.9832	060	060	Within	Animal	Animal
P1064	P1099	na	NZ_CP019267.1	4740860	1723448	36.3531	1718654	99.7218	1715685	99.8272	4794	0.2782	1720449	99.826	8323	0.4829	5324	63.9673	588	7.0648	5298	63.6549	2084	25.039	83968	87.7287	148662	51.2216	0.9766	064	099	Between	Animal	Animal
P1064	P1110	na	NZ_CP019267.1	4740860	1482184	31.264	1474869	99.5065	1471727	99.787	7315	0.4935	1479010	99.7859	10851	0.7321	7677	70.7492	705	6.4971	5166	47.6085	4508	41.5446	83968	36.6211	104975	42.4596	0.9725	064	110	Between	Animal	Animal
P1064	P2060	na	NZ_CP019267.1	4740860	1389194	29.3026	1383746	99.6078	1382229	99.8904	5448	0.3922	1387653	99.8891	7292	0.5249	5751	78.8673	670	9.1882	4328	59.3527	1883	25.8228	83968	86.0483	120843	82.7181	0.987	064	060	Between	Animal	Animal
P1064	P2064	na	NZ_CP019267.1	4740860	1718746	36.2539	1710903	99.5437	1709651	99.9268	7843	0.4563	1717473	99.9259	9565	0.5565	8292	86.6911	1362	14.2394	4911	51.3434	2687	28.092	83968	73.3315	52536	82.2579	0.9866	064	064	Within	Animal	Animal
P1064	P2069	na	NZ_CP019267.1	4740860	1423498	30.0262	1414131	99.342	1412242	99.8664	9367	0.658	1421573	99.8648	11740	0.8247	9815	83.6031	1155	9.8382	4081	34.7615	6082	51.8058	83968	85.6386	91008	84.3289	0.991	064	069	Between	Animal	Animal
P1064	P2090	na	NZ_CP073981.1	4774884	1277203	26.7484	1266080	99.1291	1264612	99.8841	11123	0.8709	1275697	99.8821	13290	1.0406	11784	88.6682	1524	11.4673	7573	56.9827	3691	27.7728	75888	100	130871	47.5636	0.9821	064	090	Between	Animal	Animal
P1064	P2092	na	NZ_CP019267.1	4740860	1684407	35.5296	1676778	99.5471	1675511	99.9244	7629	0.4529	1683119	99.9235	9611	0.5706	8323	86.5987	1341	13.9528	4541	47.2479	3213	33.4304	83968	79.4315	96103	70.106	0.9869	064	092	Between	Animal	Animal
P1064	P2109	na	NZ_CP073981.1	4774884	1584923	33.1929	1573698	99.2918	1571280	99.8463	11225	0.7082	1582447	99.8438	14620	0.9224	12144	83.0643	1395	9.5417	9375	64.1245	3298	22.5581	75888	93.3942	97422	61.3044	0.9885	064	109	Between	Animal	Animal
P1064	P3011	na	NZ_CP019267.1	4740860	1735197	36.6009	1726630	99.5063	1724930	99.9015	8567	0.4937	1733475	99.9008	10782	0.6214	9060	84.0289	1045	9.6921	5174	47.9874	4130	38.3046	83968	79.4315	81029	85.6052	0.9914	064	011	Between	Animal	Animal
P1064	P3060	na	NZ_CP019267.1	4740860	1315945	27.7575	1309671	99.5232	1308004	99.8727	6274	0.4768	1314261	99.872	8154	0.6196	6470	79.3476	655	8.0329	4295	52.6735	2981	36.5587	83968	86.0483	127461	69.6574	0.9845	064	060	Between	Animal	Animal
P1064	P3064	na	NZ_CP041302.1	4782773	1662981	34.7702	1659466	99.7886	1658872	99.9642	3515	0.2114	1662376	99.9636	5096	0.3064	4491	88.1279	1141	22.3901	2003	39.3053	1310	25.7064	92564	78.5597	99916	75.4254	0.9887	064	064	Within	Animal	Animal
P1064	P3068	na	NZ_CP019267.1	4740860	1665748	35.136	1660879	99.7077	1657441	99.793	4869	0.2923	1662273	99.7914	8892	0.5338	5417	60.9199	643	7.2312	4943	55.5893	2897	32.5798	83968	86.0483	154052	58.6386	0.9778	064	068	Between	Animal	Animal
P1064	S1024	na	NZ_CP073981.1	4774884	2068080	43.3116	2055187	99.3766	2052846	99.8861	12893	0.6234	2065683	99.8841	16257	0.7861	13860	85.2556	1608	9.8911	9832	60.4786	4326	26.6101	75888	93.3942	66108	84.008	0.9933	064	024	Between	Animal	Environment
P1064	S1053	na	NZ_CP010178.1	4741552	2249393	47.44	2244862	99.7986	2243144	99.9235	4531	0.2014	2247647	99.9224	6920	0.3076	5174	74.7688	846	12.2254	3668	53.0058	1985	28.685	64008	78.198	63225	50.0593	0.9864	064	053	Between	Animal	Environment
P1064	S1053	na	NZ_CP019267.1	4740860	1589462	33.5269	1583833	99.6459	1581524	99.8542	5629	0.3541	1587120	99.8527	8528	0.5365	6186	72.5375	843	9.8851	4908	57.5516	2395	28.084	83968	79.4315	68249	86.7236	0.9914	064	053	Between	Animal	Environment
P1064	S1064	na	NZ_CP041302.1	4782773	2337975	48.8833	2333827	99.8226	2333414	99.9823	4148	0.1774	2337557	99.9821	5768	0.2467	5350	92.7531	1636	28.3634	2365	41.0021	1209	20.9605	92564	92.0509	79423	100	0.9967	064	064	Within	Animal	Environment
P1064	S1064	na	NZ_CP010178.1	4741552	2014262	42.4811	2007741	99.6763	2007494	99.9877	6521	0.3237	2014005	99.9872	7483	0.3715	7226	96.5655	1861	24.8697	2285	30.5359	2917	38.9817	64008	78.198	67523	72.827	0.9929	064	064	Within	Animal	Environment
P1064	S1081	na	NZ_CP019267.1	4740860	1750916	36.9325	1742691	99.5302	1740173	99.8555	8225	0.4698	1748369	99.8545	11273	0.6438	8726	77.4062	1020	9.0482	5314	47.1392	4500	39.9184	83968	79.4315	95860	83.2266	0.9869	064	081	Between	Animal	Environment
P1064	S1099	na	NZ_CP019267.1	4740860	1670949	35.2457	1663817	99.5732	1661908	99.8853	7132	0.4268	1669004	99.8836	9512	0.5693	7567	79.5521	828	8.7048	5893	61.9533	2498	26.2616	83968	61.876	68264	70.5863	0.9862	064	099	Between	Animal	Environment
P1064	W1081	na	NZ_CP073981.1	4774884	1699074	35.5836	1684415	99.1372	1681929	99.8524	14659	0.8628	1696523	99.8499	18049	1.0623	15498	85.8663	1620	8.9756	9157	50.7341	6722	37.2431	75888	100	65414	91.0096	0.9948	064	081	Between	Animal	Environment
P1066	P1076	na	NZ_CP067232.1	4622610	1689645	36.5518	1686423	99.8093	1683853	99.8476	3222	0.1907	1687058	99.8469	6930	0.4101	4343	62.6696	1398	20.1732	2936	42.3665	2178	31.4286	30825	51.8281	91239	24.8983	0.9804	066	076	Between	Animal	Animal
P1066	P1110	na	NZ_CP067232.1	4622610	1942458	42.0208	1939138	99.8291	1932473	99.6563	3320	0.1709	1935757	99.655	11366	0.5851	4665	41.0435	1442	12.687	4024	35.4038	5480	48.214	30825	51.8281	71734	29.0225	0.9842	066	110	Between	Animal	Animal
P1066	P1111	na	NZ_CP101274.1	4892441	1446838	29.5729	1437079	99.3255	1435075	99.8606	9759	0.6745	1444798	99.859	12316	0.8512	10276	83.4362	1096	8.899	3945	32.0315	6831	55.4644	88612	44.4646	42321	82.81	0.9871	066	111	Between	Animal	Animal
P1066	P1119	na	NZ_CP067311.1	4631526	2106655	45.4851	2102448	99.8003	2094593	99.6264	4207	0.1997	2098767	99.6256	14188	0.6735	6300	44.4037	2171	15.3017	7095	50.007	4643	32.7248	100830	91.4014	220915	40.1883	0.9679	066	119	Between	Animal	Animal
P1066	P2005	na	NZ_CP067232.1	4622610	1976818	42.7641	1968896	99.5993	1966105	99.8582	7922	0.4007	1973984	99.8566	11875	0.6007	9041	76.1347	1565	13.1789	3537	29.7853	6031	50.7874	30825	51.8281	48626	39.1766	0.9891	066	005	Between	Animal	Animal
P1066	P2034	na	NZ_CP067311.1	4631526	727636	15.7105	723838	99.478	720441	99.5307	3798	0.522	724211	99.5293	7863	1.0806	4438	56.4416	938	11.9293	3866	49.167	2664	33.8802	100830	91.4014	102723	80.5691	0.9909	066	034	Between	Animal	Animal
P1066	P2068	na	NZ_CP101274.1	4892441	1293602	26.4408	1286355	99.4398	1283257	99.7592	7247	0.5602	1290473	99.7581	10802	0.835	7673	71.0331	742	6.8691	3445	31.8922	6410	59.3409	88612	12.7974	24258	29.1986	0.9798	066	068	Between	Animal	Animal
P1066	P2071	na	NZ_CP055184.1	4757418	1651856	34.7217	1642570	99.4378	1638791	99.7699	9286	0.5622	1648048	99.7695	13388	0.8105	9580	71.5566	654	4.885	2320	17.329	10089	75.3585	73285	93.1405	100107	75.2485	0.9921	066	071	Between	Animal	Animal
P1066	P2076	na	NZ_CP101274.1	4892441	1873635	38.2965	1869397	99.7738	1866318	99.8353	4238	0.2262	1870538	99.8347	7977	0.4257	4880	61.1759	752	9.4271	4640	58.1672	2249	28.1936	88612	100	150216	58.1503	0.9834	066	076	Between	Animal	Animal
P1066	P2109	na	NZ_CP067311.1	4631526	709915	15.3279	706112	99.4643	701979	99.4147	3803	0.5357	705757	99.4143	8539	1.2028	4381	51.3058	792	9.2751	4136	48.4366	3261	38.1895	100830	92.7452	79215	80.9935	0.9887	066	109	Between	Animal	Animal
P1066	P3051	na	NZ_CP055184.1	4757418	2050575	43.1027	2039101	99.4404	2034627	99.7806	11474	0.5596	2046049	99.7793	16325	0.7961	11799	72.2757	678	4.1531	2463	15.0873	12801	78.4135	73285	47.3221	61381	63.8259	0.9862	066	051	Between	Animal	Animal
P1066	P3092	na	NZ_CP101274.1	4892441	1765378	36.0838	1753090	99.3039	1750832	99.8712	12288	0.6961	1763080	99.8698	15031	0.8514	12733	84.7116	938	6.2404	4901	32.6059	8740	58.1465	88612	82.8048	63328	82.7422	0.9893	066	092	Between	Animal	Animal
P1066	S1066	na	NZ_CP101274.1	4892441	1824275	37.2876	1813196	99.3927	1811490	99.9059	11079	0.6073	1822537	99.9047	13536	0.742	11798	87.1602	1379	10.1876	4481	33.1043	7190	53.1176	88612	62.6033	49366	78.8903	0.9874	066	066	Within	Animal	Environment
P1066	S1066	na	NZ_CP055184.1	4757418	2144224	45.0712	2137724	99.6969	2131941	99.7295	6500	0.3031	2138362	99.7266	12797	0.5968	6935	54.1924	731	5.7123	2588	20.2235	9105	71.1495	73285	78.2329	69047	67.9175	0.9878	066	066	Within	Animal	Environment
P1066	S1083	na	NZ_CP067232.1	4622610	1691891	36.6003	1684415	99.5581	1681602	99.833	7476	0.4419	1689046	99.8318	11281	0.6668	8436	74.7806	1451	12.8623	3162	28.0294	5877	52.0964	30825	51.8281	18097	100	0.9953	066	083	Between	Animal	Environment
P1068	P1108	na	NZ_CP047876.1	4775730	3308127	69.2696	3296356	99.6442	3291663	99.8576	11771	0.3558	3303357	99.8558	17771	0.5372	13001	73.1585	2137	12.0252	7102	39.964	7477	42.0742	51447	78.0143	47297	100	0.9958	068	108	Between	Animal	Animal
P1068	P2004	na	NZ_LR134216.1	4647667	1910985	41.1171	1864711	97.5785	1854295	99.4414	46274	2.4215	1900338	99.4429	57989	3.0345	47342	81.6396	2387	4.1163	13065	22.5301	41632	71.7929	133620	46.5207	70710	79.4004	0.9799	068	004	Between	Animal	Animal
P1068	P2020	na	NZ_CP047876.1	4775730	3158831	66.1434	3142583	99.4856	3139345	99.897	16248	0.5144	3155538	99.8958	21111	0.6683	17818	84.4015	2328	11.0274	4533	21.4722	13201	62.5314	51447	66.0486	58419	67.6287	0.9884	068	020	Between	Animal	Animal
P1068	P2024	na	NZ_CP047876.1	4775730	906602	18.9835	903253	99.6306	898779	99.5047	3349	0.3694	902077	99.5009	9518	1.0499	4993	52.4585	1749	18.3757	4148	43.5806	3179	33.3999	51447	78.0143	70133	91.0869	0.9912	068	024	Between	Animal	Animal
P1068	P2038	na	NZ_CP047876.1	4775730	3345693	70.0562	3320192	99.2378	3314724	99.8353	25501	0.7622	3340143	99.8341	32326	0.9662	26776	82.8312	1731	5.3548	6762	20.9181	23047	71.2956	51447	78.0143	146353	34.8295	0.975	068	038	Between	Animal	Animal
P1068	P2120	na	NZ_CP047876.1	4775730	2134679	44.6985	2125237	99.5577	2121080	99.8044	9442	0.4423	2130456	99.8022	14607	0.6843	10384	71.0892	1743	11.9326	6536	44.7457	5370	36.7632	51447	37.5649	29402	100	0.9911	068	120	Between	Animal	Animal
P1068	P3057	na	NZ_CP047876.1	4775730	2688628	56.2977	2683309	99.8022	2677904	99.7986	5319	0.1978	2683150	99.7963	12340	0.459	6862	55.6078	1751	14.1896	6683	54.1572	3317	26.8801	51447	78.0143	64251	90.7908	0.9924	068	057	Between	Animal	Animal
P1068	P3076	na	NZ_CP047876.1	4775730	3056335	63.9972	3048667	99.7491	3044579	99.8659	7668	0.2509	3052185	99.8642	13397	0.4383	9247	69.0229	2143	15.9961	5902	44.0546	4652	34.7242	51447	78.0143	89446	48.8798	0.9871	068	076	Between	Animal	Animal
P1068	P3099	na	NZ_CP047876.1	4775730	4042667	84.6502	4034153	99.7894	4029898	99.8945	8514	0.2106	4038348	99.8932	13893	0.3437	9574	68.9124	1504	10.8256	7143	51.4144	3830	27.5678	51447	78.0143	86946	55.6	0.9875	068	099	Between	Animal	Animal
P1068	S1050	na	NZ_CP047876.1	4775730	2875804	60.2171	2835675	98.6046	2829821	99.7936	40129	1.3954	2869834	99.7924	47256	1.6432	41286	87.3667	1955	4.137	6864	14.5251	37726	79.8332	51447	78.0143	48337	100	0.9956	068	050	Between	Animal	Environment
P1068	W1019	na	NZ_CP047876.1	4775730	3139897	65.747	3134001	99.8122	3129298	99.8499	5896	0.1878	3135126	99.8481	12083	0.3848	7312	60.5148	1648	13.639	6651	55.0443	3264	27.0132	51447	78.0143	49147	72.5375	0.9936	068	019	Between	Animal	Environment
P1068	W1092	na	NZ_CP047876.1	4775730	4040954	84.6144	4014653	99.3491	4008346	99.8429	26301	0.6509	4034524	99.8409	34422	0.8518	27992	81.3201	1928	5.6011	8393	24.3827	23522	68.3342	51447	49.5306	111255	34.3832	0.9765	068	092	Between	Animal	Environment
P1068	W1098	na	NZ_LR134216.1	4647667	1571969	33.8228	1563163	99.4398	1555532	99.5118	8806	0.5602	1564304	99.5124	16930	1.077	9265	54.7253	697	4.117	13203	77.9858	2583	15.2569	133620	43.6349	88280	65.6389	0.9762	068	098	Between	Animal	Environment
P1069	P1103	na	NZ_CP080233.1	5029591	3004228	59.7311	3001220	99.8999	3000380	99.972	3008	0.1001	3003384	99.9719	15534	0.5171	14690	94.5668	11901	76.6126	808	5.2015	2432	15.656	303190	81.8015	259347	93.641	0.9813	069	103	Between	Animal	Animal
P1069	P2103	na	NZ_CP080233.1	5029591	4189356	83.2942	4187805	99.963	4187590	99.9949	1551	0.037	4189141	99.9949	24164	0.5768	23949	99.1102	23552	97.4673	268	1.1091	203	0.8401	303190	92.9298	278685	100	0.9941	069	103	Between	Animal	Animal
P1069	P3053	na	NZ_CP080233.1	5029591	3675163	73.0708	3670519	99.8736	3669250	99.9654	4644	0.1264	3673872	99.9649	17364	0.4725	16073	92.5651	11707	67.4211	1594	9.1799	2894	16.6667	303190	79.9835	266217	95.9837	0.9785	069	053	Between	Animal	Animal
P1071	P1098	na	NZ_LR134295.1	4722738	787791	16.6808	784157	99.5387	769084	98.0778	3634	0.4613	772641	98.0769	19193	2.4363	4043	21.065	546	2.8448	15820	82.4259	1972	10.2746	264453	26.2247	66283	89.6866	0.9508	071	098	Between	Animal	Animal
P1071	P2053	na	NZ_AP021933.1	4928821	2421799	49.1355	2398742	99.0479	2393858	99.7964	23057	0.9521	2416876	99.7967	51895	2.1428	46972	90.5135	24133	46.5035	3650	7.0334	17711	34.1285	296029	49.7749	135850	100	0.9646	071	053	Between	Animal	Animal
P1071	P2053	na	NZ_LR134295.1	4722738	309314	6.5495	306722	99.162	300774	98.0608	2592	0.838	303312	98.0596	9304	3.0079	3302	35.4901	796	8.5555	5940	63.8435	1901	20.4321	264453	10.2362	28764	100	0.9489	071	053	Between	Animal	Animal
P1071	P3038	na	NZ_LR134295.1	4722738	897424	19.0022	889790	99.1493	874046	98.2306	7634	0.8507	881533	98.2293	23972	2.6712	8081	33.7102	793	3.308	16861	70.3362	3926	16.3774	264453	34.405	104521	81.287	0.9516	071	038	Between	Animal	Animal
P1071	P3109	na	NZ_LR134295.1	4722738	427881	9.06	425157	99.3634	416700	98.0109	2724	0.6366	419367	98.0102	12266	2.8667	3752	30.5886	1119	9.1228	8038	65.5307	2497	20.3571	264453	21.7245	48270	73.2753	0.9474	071	109	Between	Animal	Animal
P1071	S1031	na	NZ_AP021933.1	4928821	2892853	58.6926	2890541	99.9201	2888715	99.9368	2312	0.0799	2891021	99.9367	38455	1.3293	36623	95.236	34433	89.541	1109	2.8839	2272	5.9082	296029	74.2181	228113	91.1553	0.9725	071	031	Between	Animal	Environment
P1071	S1060	na	NZ_AP021933.1	4928821	3242946	65.7956	3240207	99.9155	3193719	98.5653	2739	0.0845	3196406	98.5649	49692	1.5323	3152	6.3431	509	1.0243	46582	93.7414	2116	4.2582	296029	13.6541	49801	87.3497	0.943	071	060	Between	Animal	Environment
P1075	P1093	na	NZ_CP019245.1	4729175	2529146	53.4796	2515297	99.4524	2513996	99.9483	13849	0.5476	2527836	99.9482	16744	0.662	15434	92.1763	1958	11.6937	11723	70.0131	2066	12.3387	199683	59.6531	167448	79.0048	0.9719	075	093	Between	Animal	Animal
P1075	P2064	na	NZ_CP019245.1	4729175	2303596	48.7103	2288415	99.341	2286776	99.9284	15181	0.659	2301935	99.9279	17701	0.7684	16040	90.6163	1932	10.9146	11133	62.8948	3893	21.9931	199683	72.8214	138419	84.7456	0.9772	075	064	Between	Animal	Animal
P1075	P2075	na	NZ_CP019245.1	4729175	3027533	64.0182	3013061	99.522	3011339	99.9428	14472	0.478	3025798	99.9427	18694	0.6175	16959	90.7189	2923	15.636	12499	66.861	1989	10.6398	199683	96.4689	216190	85.1247	0.9891	075	075	Within	Animal	Animal
P1075	P2092	na	NZ_CP019245.1	4729175	2333716	49.3472	2317101	99.288	2315573	99.9341	16615	0.712	2332164	99.9335	19049	0.8163	17497	91.8526	2468	12.9561	10811	56.7536	4983	26.1589	199683	49.9977	77347	74.7902	0.9653	075	092	Between	Animal	Animal
P1075	S1005	na	NZ_CP019245.1	4729175	2575181	54.4531	2554143	99.183	2552450	99.9337	21038	0.817	2573466	99.9334	24193	0.9395	22478	92.9112	2919	12.0655	10964	45.3189	9339	38.6021	199683	49.6587	111574	82.3292	0.9725	075	005	Between	Animal	Environment
P1075	S1085	na	NZ_CP019245.1	4729175	1666500	35.2387	1656387	99.3932	1655182	99.9273	10113	0.6068	1665281	99.9269	12271	0.7363	11052	90.066	1061	8.6464	9617	78.3718	1016	8.2797	199683	54.268	96818	100	0.9777	075	085	Between	Animal	Environment
P1075	S1109	na	NZ_CP019245.1	4729175	1959702	41.4386	1943042	99.1499	1940547	99.8716	16660	0.8501	1957164	99.8705	20362	1.039	17824	87.5356	1379	6.7724	10173	49.9607	8181	40.1778	199683	56.4344	124172	84.089	0.9737	075	109	Between	Animal	Environment
P1075	S1119	na	NZ_CP019245.1	4729175	3026170	63.9894	3008702	99.4228	3005660	99.8989	17468	0.5772	3023101	99.8986	23143	0.7648	20074	86.739	2732	11.8049	12900	55.7404	6161	26.6214	199683	85.1099	186956	89.4542	0.9884	075	119	Between	Animal	Environment
P1076	P1110	na	NZ_CP067232.1	4622610	2168031	46.9006	2164015	99.8148	2158358	99.7386	4016	0.1852	2162345	99.7377	11143	0.514	5457	48.9724	1652	14.8255	3233	29.0137	5714	51.2788	91239	63.5573	71734	78.1526	0.9889	076	110	Between	Animal	Animal
P1076	P2005	na	NZ_CP067232.1	4622610	2370276	51.2757	2360898	99.6043	2359504	99.941	9378	0.3957	2368861	99.9403	12391	0.5228	10976	88.5804	2118	17.0931	2699	21.7819	6798	54.8624	91239	63.5573	48626	88.391	0.9882	076	005	Between	Animal	Animal
P1076	P2011	na	NZ_CP055109.1	4785356	1613608	33.7197	1604647	99.4447	1600872	99.7647	8961	0.5553	1609800	99.764	13589	0.8422	9781	71.9773	1352	9.9492	4171	30.6939	7616	56.0453	48260	81.7965	131748	25.7438	0.9764	076	011	Between	Animal	Animal
P1076	P2031	na	NZ_CP055109.1	4785356	2260370	47.2351	2253471	99.6948	2249119	99.8069	6899	0.3052	2255977	99.8057	12127	0.5365	7734	63.775	1250	10.3076	5768	47.5633	4601	37.9401	48260	69.4882	39695	73.7045	0.9938	076	031	Between	Animal	Animal
P1076	P3076	na	NZ_CP055109.1	4785356	2027928	42.3778	2024552	99.8335	2023729	99.9593	3376	0.1665	2027101	99.9592	7059	0.3481	6232	88.2845	3457	48.9729	1870	26.491	1253	17.7504	48260	81.7965	48507	75.4716	0.995	076	076	Within	Animal	Animal
P1076	S1083	na	NZ_CP067232.1	4622610	1705413	36.8929	1698274	99.5814	1696323	99.8851	7139	0.4186	1703435	99.884	9858	0.578	7880	79.9351	1188	12.0511	2965	30.0771	5080	51.5318	91239	24.8983	18097	100	0.9841	076	083	Between	Animal	Environment
P1080	P1103	na	NZ_CP095856.1	4850951	1079542	22.2542	1076428	99.7115	1076203	99.9791	3114	0.2885	1079316	99.9791	7510	0.6957	7284	96.9907	4791	63.7949	332	4.4208	1589	21.1585	245771	89.712	194494	100	0.9833	080	103	Between	Animal	Animal
P1080	P1103	na	NZ_CP014641.1	4165587	668907	16.0579	668222	99.8976	668136	99.9871	685	0.1024	668821	99.9871	2474	0.3699	2388	96.5238	1738	70.2506	105	4.2441	379	15.3193	42747	50.6328	21524	100	0.9936	080	103	Between	Animal	Animal
P1080	P2009	na	NZ_CP095856.1	4850951	989652	20.4012	987495	99.782	987254	99.9756	2157	0.218	989410	99.9755	6553	0.6622	6311	96.307	4689	71.555	369	5.631	778	11.8724	245771	67.82	167764	100	0.9808	080	009	Between	Animal	Animal
P1080	P2009	na	NZ_CP014641.1	4165587	561680	13.4838	561322	99.9363	561229	99.9834	358	0.0637	561587	99.9834	1791	0.3189	1698	94.8074	1433	80.0112	78	4.3551	153	8.5427	42747	0	0	0	0.9897	080	009	Between	Animal	Animal
P1080	P2093	na	NZ_CP014641.1	4165587	441927	10.609	441338	99.8667	439287	99.5353	589	0.1333	439862	99.5327	2815	0.637	750	26.643	185	6.5719	1713	60.8526	821	29.1652	42747	14.3121	12309	41.8393	0.9892	080	093	Between	Animal	Animal
P1080	P3053	na	NZ_CP014641.1	4165587	623532	14.9686	622757	99.8757	620773	99.6814	775	0.1243	621538	99.6802	3243	0.5201	1249	38.5137	503	15.5103	1359	41.9056	1307	40.3022	42747	22.7782	33076	24.5223	0.9857	080	053	Between	Animal	Animal
P1080	P3080	na	NZ_CP095856.1	4850951	709347	14.6228	707770	99.7777	707193	99.9185	1577	0.2223	708764	99.9178	4053	0.5714	3470	85.6156	1996	49.2475	460	11.3496	1246	30.7427	245771	74.7582	192508	82.5296	0.967	080	080	Within	Animal	Animal
P1080	P3093	na	NZ_CP014641.1	4165587	693076	16.6381	692535	99.9219	689842	99.6111	541	0.0781	690369	99.6094	3499	0.5049	792	22.635	265	7.5736	1957	55.9303	1184	33.8382	42747	14.3121	12263	41.6293	0.9892	080	093	Between	Animal	Animal
P1081	S1109	na	NZ_CP041304.1	4946083	640981	12.9594	635201	99.0983	632523	99.5784	5780	0.9017	638263	99.576	8759	1.3665	6041	68.9691	511	5.834	2352	26.8524	5635	64.3338	84595	71.7336	85717	67.941	0.9879	081	109	Between	Animal	Environment
P1083	P2057	na	NZ_CP078137.1	4747607	3074764	64.7645	3071756	99.9022	3069513	99.927	3008	0.0978	3072484	99.9258	5920	0.1925	3640	61.4865	706	11.9257	3432	57.973	1628	27.5	64787	69.7671	65073	46.3633	0.9853	083	057	Between	Animal	Animal
P1083	P3057	na	NZ_CP078137.1	4747607	2369100	49.9009	2363749	99.7741	2362314	99.9393	5351	0.2259	2367625	99.9377	7304	0.3083	5829	79.8056	759	10.3916	2903	39.7453	3403	46.5909	64787	69.7671	62227	43.907	0.9847	083	057	Between	Animal	Animal
P1083	P3108	na	NZ_CP078137.1	4747607	3045129	64.1403	3041123	99.8684	3039539	99.9479	4006	0.1316	3043510	99.9468	5993	0.1968	4374	72.9851	506	8.4432	2722	45.4197	2536	42.316	64787	68.0152	124716	40.8432	0.9784	083	108	Between	Animal	Animal
P1083	P3109	na	NZ_CP033250.1	4783813	1410659	29.4882	1400144	99.2546	1398351	99.8719	10515	0.7454	1408827	99.8701	13102	0.9288	11270	86.0174	1266	9.6626	2206	16.8371	9163	69.9359	71651	58.7654	50585	77.6772	0.9897	083	109	Between	Animal	Animal
P1084	P1085	na	NZ_CP049936.1	4731796	3971007	83.9218	3969804	99.9697	3968488	99.9668	1203	0.0303	3969689	99.9668	6209	0.1564	4891	78.7727	4033	64.9541	889	14.3179	855	13.7703	129902	95.0671	170614	69.431	0.9862	084	085	Between	Animal	Animal
P1084	P1090	na	NZ_LR134231.1	4594692	2507665	54.5774	2506488	99.9531	2504440	99.9183	1177	0.0469	2505611	99.9181	3870	0.1543	1816	46.9251	651	16.8217	2048	52.9199	1081	27.9328	116509	56.0686	92755	50.5073	0.9746	084	090	Between	Animal	Animal
P1084	P2009	na	NZ_CP049936.1	4731796	2289191	48.3789	2285373	99.8332	2282017	99.8532	3818	0.1668	2285811	99.8523	8038	0.3511	4658	57.9497	943	11.7318	1531	19.047	5316	66.1359	129902	48.5489	115016	50.1591	0.9723	084	009	Between	Animal	Animal
P1084	P2066	na	NZ_LR134231.1	4594692	1728121	37.6112	1726850	99.9265	1725508	99.9223	1271	0.0735	1726772	99.9219	2932	0.1697	1583	53.9905	344	11.7326	1370	46.7258	1153	39.3247	116509	36.2144	53230	77.2515	0.9808	084	066	Between	Animal	Animal
P1084	P3031	na	NZ_LR134231.1	4594692	192091	4.1807	191340	99.609	190867	99.7528	751	0.391	191614	99.7517	1709	0.8897	1232	72.0889	512	29.959	560	32.7677	486	28.4377	116509	66.1382	65131	87.605	0.9843	084	031	Between	Animal	Animal
P1084	P3092	na	NZ_LR134231.1	4594692	1835691	39.9524	1827734	99.5665	1826525	99.9339	7957	0.4335	1834458	99.9328	9429	0.5136	8196	86.9233	382	4.0513	1673	17.7431	7055	74.8224	116509	36.2144	41192	100	0.9835	084	092	Between	Animal	Animal
P1084	S1019	na	NZ_LR134231.1	4594692	1335338	29.0626	1334135	99.9099	1332841	99.903	1203	0.0901	1334039	99.9027	2737	0.205	1438	52.5393	271	9.9014	1325	48.4107	1071	39.1304	116509	66.1382	65915	81.5869	0.9826	084	019	Between	Animal	Environment
P1084	S1030	na	NZ_LR134231.1	4594692	2257817	49.1397	2256077	99.9229	2253403	99.8815	1740	0.0771	2255129	99.8809	4926	0.2182	2238	45.4324	569	11.551	1770	35.9318	2474	50.2233	116509	64.3547	67621	86.1212	0.9851	084	030	Between	Animal	Environment
P1084	W1110	na	NZ_LR134231.1	4594692	2518050	54.8035	2516781	99.9496	2514459	99.9077	1269	0.0504	2515715	99.9073	4133	0.1641	1798	43.5035	567	13.7188	1906	46.1166	1606	38.858	116509	26.1945	82294	34.7	0.9689	084	110	Between	Animal	Environment
P1085	P2009	na	NZ_CP049936.1	4731796	2346039	49.5803	2342359	99.8431	2337908	99.81	3680	0.1569	2341559	99.809	9321	0.3973	4841	51.9365	1239	13.2926	2169	23.27	5660	60.7231	170614	55.955	115016	79.8637	0.978	085	009	Between	Animal	Animal
P1090	P2066	na	NZ_LR134231.1	4594692	2559532	55.7063	2558214	99.9485	2553970	99.8341	1318	0.0515	2555261	99.8331	6253	0.2443	1982	31.6968	699	11.1786	2430	38.8613	2944	47.0814	92755	42.4602	53230	77.2515	0.9852	090	066	Between	Animal	Animal
P1090	P3031	na	NZ_LR134231.1	4594692	361601	7.87	360304	99.6413	357205	99.1399	1297	0.3587	358481	99.1372	5061	1.3996	1941	38.3521	666	13.1595	1566	30.9425	2655	52.46	92755	44.9528	65131	73.2754	0.9836	090	031	Between	Animal	Animal
P1090	P3092	na	NZ_LR134231.1	4594692	2580636	56.1656	2569650	99.5743	2567058	99.8991	10986	0.4257	2578003	99.898	14103	0.5465	11470	81.3302	565	4.0062	2352	16.6773	10252	72.6938	92755	42.4602	41192	100	0.9879	090	092	Between	Animal	Animal
P1090	S1019	na	NZ_LR134231.1	4594692	1873471	40.7747	1872036	99.9234	1868666	99.82	1435	0.0766	1870083	99.8192	5377	0.287	1989	36.9909	591	10.9913	2186	40.6546	2495	46.4013	92755	44.9528	65915	72.8104	0.9835	090	019	Between	Animal	Environment
P1090	S1030	na	NZ_LR134231.1	4594692	2804890	61.0463	2802301	99.9077	2797299	99.8215	2589	0.0923	2799857	99.8206	8504	0.3032	3471	40.8161	942	11.0771	2129	25.0353	5074	59.666	92755	60.7256	67621	86.1951	0.9886	090	030	Between	Animal	Environment
P1090	W1110	na	NZ_LR134231.1	4594692	4152707	90.3805	4152145	99.9865	4147602	99.8906	562	0.0135	4148141	99.89	6663	0.1604	2097	31.4723	1601	24.0282	2679	40.2071	2398	35.9898	92755	58.8475	82294	69.5373	0.985	090	110	Between	Animal	Environment
P1092	P2050	na	NZ_CP055170.1	4816770	1009752	20.9633	1006754	99.7031	1005021	99.8279	2998	0.2969	1007984	99.8249	5189	0.5139	3421	65.9279	561	10.8113	3059	58.9516	1352	26.0551	178527	41.9791	129163	52.2472	0.9634	092	050	Between	Animal	Animal
P1092	S1050	na	NZ_CP055170.1	4816770	2571031	53.3767	2540231	98.802	2537023	99.8737	30800	1.198	2567768	99.8731	34638	1.3472	31375	90.5797	989	2.8552	4673	13.491	28590	82.5394	178527	37.6649	95095	67.6166	0.9695	092	050	Between	Animal	Environment
P1093	P2064	na	NZ_CP019245.1	4729175	2141212	45.2766	2134359	99.6799	2132701	99.9223	6853	0.3201	2139527	99.9213	9548	0.4459	7863	82.3523	1427	14.9455	2866	30.0168	4554	47.6959	167448	74.5593	138419	85.6551	0.9846	093	064	Between	Animal	Animal
P1093	P2075	na	NZ_CP019245.1	4729175	2805913	59.332	2802381	99.8741	2801608	99.9724	3532	0.1259	2805127	99.972	7465	0.266	6679	89.4709	3608	48.3322	1693	22.6792	1586	21.2458	167448	100	216190	67.4865	0.9794	093	075	Between	Animal	Animal
P1093	P2092	na	NZ_CP019245.1	4729175	2143719	45.3297	2135588	99.6207	2133893	99.9206	8131	0.3793	2142000	99.9198	10946	0.5106	9227	84.2956	1458	13.3199	2730	24.9406	5990	54.7232	167448	67.0925	77347	90.4831	0.9775	093	092	Between	Animal	Animal
P1093	P2093	na	NZ_CP055194.1	4861987	1820637	37.4464	1813361	99.6004	1812371	99.9454	7276	0.3996	1819626	99.9445	10524	0.578	9513	90.3934	3110	29.5515	3062	29.0954	3557	33.7989	160272	65.3271	102834	94.1235	0.9828	093	093	Within	Animal	Animal
P1093	P3093	na	NZ_CP055194.1	4861987	1762604	36.2528	1757490	99.7099	1756734	99.957	5114	0.2901	1761835	99.9564	8196	0.465	7427	90.6174	2966	36.1884	2434	29.6974	2284	27.8673	160272	87.0626	284377	48.6316	0.9608	093	093	Within	Animal	Animal
P1093	S1005	na	NZ_CP019245.1	4729175	2488526	52.6207	2476682	99.5241	2475037	99.9336	11844	0.4759	2486860	99.9331	15482	0.6221	13816	89.2391	2381	15.3791	2301	14.8624	9719	62.7761	167448	70.8877	111574	100	0.9878	093	005	Between	Animal	Environment
P1093	S1085	na	NZ_CP019245.1	4729175	1610315	34.0507	1607469	99.8233	1606392	99.933	2846	0.1767	1609215	99.9317	5427	0.337	4327	79.731	1646	30.3298	2053	37.8294	1306	24.0649	167448	59.2267	96818	90.4925	0.9808	093	085	Between	Animal	Environment
P1093	S1109	na	NZ_CP019245.1	4729175	1894224	40.054	1885185	99.5228	1882933	99.8805	9039	0.4772	1891906	99.8776	13015	0.6871	10697	82.1898	1813	13.9301	2702	20.7607	8056	61.8978	167448	74.5593	124172	82.4936	0.9804	093	109	Between	Animal	Environment
P1093	S1119	na	NZ_CP019245.1	4729175	2778779	58.7582	2772798	99.7848	2770841	99.9294	5981	0.2152	2776791	99.9285	10993	0.3956	9005	81.9158	3089	28.0997	2624	23.8697	4885	44.4374	167448	74.5593	186956	65.4764	0.9759	093	119	Between	Animal	Environment
P1098	P2053	na	NZ_LR134295.1	4722738	794798	16.8292	785720	98.8578	781391	99.449	9078	1.1422	790390	99.4454	13928	1.7524	9520	68.3515	1032	7.4095	4082	29.3079	8155	58.5511	66283	17.7632	28764	40.947	0.9848	098	053	Between	Animal	Animal
P1098	P3038	na	NZ_LR134295.1	4722738	2253940	47.7253	2230881	98.9769	2228492	99.8929	23059	1.0231	2251505	99.892	26680	1.1837	24245	90.8733	2409	9.0292	7286	27.3088	16379	61.3906	66283	80.2815	104521	61.0815	0.9848	098	038	Between	Animal	Animal
P1098	P3109	na	NZ_LR134295.1	4722738	1036915	21.9558	1027609	99.1025	1020724	99.33	9306	0.8975	1029952	99.3285	16747	1.6151	9784	58.4224	997	5.9533	4882	29.1515	9968	59.5211	66283	37.628	48270	37.4539	0.9831	098	109	Between	Animal	Animal
P1099	P1110	na	NZ_CP019267.1	4740860	2919681	61.5855	2914889	99.8359	2910983	99.866	4792	0.1641	2915761	99.8657	9626	0.3297	5706	59.277	980	10.1808	2373	24.652	6110	63.4739	148662	22.6965	104975	35.2027	0.9557	099	110	Between	Animal	Animal
P1099	P2060	na	NZ_CP019267.1	4740860	2480365	52.3189	2478135	99.9101	2475863	99.9083	2230	0.0899	2478078	99.9078	4965	0.2002	2678	53.9376	478	9.6274	1966	39.5972	2401	48.3585	148662	55.9457	120843	83.6449	0.9775	099	060	Between	Animal	Animal
P1099	P2064	na	NZ_CP019267.1	4740860	3789719	79.9374	3784369	99.8588	3781682	99.929	5350	0.1412	3786985	99.9279	8723	0.2302	5989	68.6576	727	8.3343	2501	28.6713	5030	57.6636	148662	46.8304	52536	90.1991	0.9717	099	064	Between	Animal	Animal
P1099	P2069	na	NZ_CP019267.1	4740860	2936251	61.935	2926929	99.6825	2924237	99.908	9322	0.3175	2933504	99.9064	12792	0.4357	10045	78.5256	837	6.5432	1936	15.1345	9570	74.8124	148662	45.9337	91008	84.4069	0.9745	099	069	Between	Animal	Animal
P1099	P2092	na	NZ_CP019267.1	4740860	3714680	78.3546	3708723	99.8396	3704928	99.8977	5957	0.1604	3710830	99.8964	10600	0.2854	6750	63.6792	895	8.4434	2409	22.7264	6927	65.3491	148662	53.3223	96103	79.6739	0.9775	099	092	Between	Animal	Animal
P1099	P3011	na	NZ_CP019267.1	4740860	4056395	85.5624	4050003	99.8424	4047181	99.9303	6392	0.1576	4053536	99.9295	10115	0.2494	7256	71.735	1027	10.1532	2590	25.6055	6047	59.7825	148662	45.9337	81029	93.7084	0.9784	099	011	Between	Animal	Animal
P1099	P3060	na	NZ_CP019267.1	4740860	2313499	48.7991	2309457	99.8253	2307441	99.9127	4042	0.1747	2311465	99.9121	6449	0.2788	4415	68.4602	428	6.6367	1672	25.9265	4130	64.0409	148662	63.3343	127461	79.0069	0.9763	099	060	Between	Animal	Animal
P1099	P3068	na	NZ_CP019267.1	4740860	4000931	84.3925	4000224	99.9823	3994836	99.8653	707	0.0177	3995536	99.8652	7106	0.1776	1711	24.0782	1098	15.4517	2377	33.4506	3618	50.9147	148662	71.3888	154052	70.2094	0.9744	099	068	Between	Animal	Animal
P1099	S1053	na	NZ_CP019267.1	4740860	2494667	52.6206	2492711	99.9216	2489379	99.8663	1956	0.0784	2491305	99.8652	5905	0.2367	2543	43.0652	649	10.9907	2309	39.1025	2799	47.4005	148662	45.9337	68249	92.52	0.9749	099	053	Between	Animal	Environment
P1099	S1081	na	NZ_CP019267.1	4740860	4066968	85.7854	4061763	99.872	4058161	99.9113	5205	0.128	4063302	99.9099	9461	0.2326	5795	61.2515	758	8.0118	2450	25.8958	5701	60.2579	148662	46.8304	95860	69.9823	0.9696	099	081	Between	Animal	Environment
P1099	S1099	na	NZ_CP019267.1	4740860	3537356	74.6142	3533488	99.8907	3530742	99.9223	3868	0.1093	3534566	99.9211	7368	0.2083	4578	62.1336	854	11.5907	2724	36.9707	3329	45.1819	148662	50.6229	68264	100	0.9797	099	099	Within	Animal	Environment
P1103	P2009	na	NZ_CP095856.1	4850951	968456	19.9643	964638	99.6058	964167	99.9512	3818	0.3942	967982	99.9511	7585	0.7832	7111	93.7508	4008	52.8411	1760	23.2037	921	12.1424	194494	70.2248	167764	82.3198	0.9805	103	009	Between	Animal	Animal
P1103	P2009	na	NZ_CP014641.1	4165587	559015	13.4198	558229	99.8594	557900	99.9411	786	0.1406	558683	99.9406	2176	0.3893	1844	84.7426	1133	52.068	563	25.8732	231	10.6158	21524	0	0	0	0.9948	103	009	Between	Animal	Animal
P1103	P2093	na	NZ_CP014641.1	4165587	448305	10.7621	447364	99.7901	445065	99.4861	941	0.2099	445992	99.4841	3445	0.7685	1132	32.8592	237	6.8795	2197	63.7736	912	26.4731	21524	0	12309	0	0.9919	103	093	Between	Animal	Animal
P1103	P2103	na	NZ_CP080233.1	5029591	3023642	60.1171	3020675	99.9019	3019967	99.9766	2967	0.0981	3022930	99.9765	15480	0.512	14768	95.4005	12019	77.6421	2412	15.5814	672	4.3411	259347	93.641	278685	87.7668	0.9845	103	103	Within	Animal	Animal
P1103	P3053	na	NZ_CP080233.1	5029591	2921080	58.0779	2916659	99.8487	2915668	99.966	4421	0.1513	2920073	99.9655	13935	0.477	12928	92.7736	8823	63.3154	2552	18.3136	1935	13.8859	259347	76.7736	266217	81.2048	0.9714	103	053	Between	Animal	Animal
P1103	P3053	na	NZ_CP014641.1	4165587	631710	15.165	630385	99.7903	628678	99.7292	1325	0.2097	629996	99.7287	3778	0.5981	2064	54.6321	847	22.4193	1286	34.0392	1320	34.9391	21524	37.6882	33076	24.5223	0.9908	103	053	Between	Animal	Animal
P1103	P3080	na	NZ_CP095856.1	4850951	698621	14.4017	695854	99.6039	695140	99.8974	2767	0.3961	697900	99.8968	5076	0.7266	4355	85.7959	1849	36.4263	1383	27.2459	1338	26.3593	194494	81.201	192508	82.5296	0.9781	103	080	Between	Animal	Animal
P1103	P3093	na	NZ_CP014641.1	4165587	697861	16.753	696812	99.8497	693665	99.5484	1049	0.1503	694694	99.5462	4524	0.6483	1357	29.9956	362	8.0018	2658	58.7533	1409	31.145	21524	0	12263	0	0.9919	103	093	Between	Animal	Animal
P1104	S1049	na	NZ_CP049343.1	4707626	1950503	41.4328	1948397	99.892	1947312	99.9443	2106	0.108	1949405	99.9437	3284	0.1684	2186	66.5652	156	4.7503	1166	35.5055	1790	54.5067	61320	0	0	0	0.987	104	049	Between	Animal	Environment
P1108	P2020	na	NZ_CP047876.1	4775730	2638926	55.257	2622034	99.3599	2619568	99.906	16892	0.6401	2636420	99.905	20096	0.7615	17590	87.5299	1781	8.8625	5194	25.8459	12409	61.7486	47297	100	58419	67.6287	0.9924	108	020	Between	Animal	Animal
P1108	P2024	na	NZ_CP047876.1	4775730	768680	16.0955	763416	99.3152	759912	99.541	5264	0.6848	765124	99.5374	10001	1.3011	6445	64.4436	1348	13.4787	5023	50.225	2828	28.2772	47297	100	70133	91.0869	0.9952	108	024	Between	Animal	Animal
P1108	P2038	na	NZ_CP047876.1	4775730	2730138	57.1669	2706830	99.1463	2703952	99.8937	23308	0.8537	2727208	99.8927	27221	0.9971	24291	89.2363	1649	6.0578	5779	21.2299	19302	70.9085	47297	100	146353	34.8295	0.979	108	038	Between	Animal	Animal
P1108	P2071	na	NZ_CP010242.1	4740150	1204525	25.4111	1196643	99.3456	1190379	99.4765	7882	0.6544	1198212	99.4759	15505	1.2872	9192	59.2841	1891	12.1961	5439	35.079	7242	46.7075	37168	23.7812	64628	13.6984	0.9822	108	071	Between	Animal	Animal
P1108	P2120	na	NZ_CP047876.1	4775730	1971093	41.2731	1959622	99.418	1958000	99.9172	11471	0.582	1969420	99.9151	13890	0.7047	12217	87.9554	1927	13.8733	6066	43.6717	5143	37.0266	47297	69.571	29402	100	0.9951	108	120	Between	Animal	Animal
P1108	P3057	na	NZ_CP047876.1	4775730	2394772	50.1446	2387249	99.6859	2384132	99.8694	7523	0.3141	2391617	99.8683	11721	0.4894	8566	73.0825	1371	11.697	6260	53.4084	3108	26.5165	47297	100	64251	90.7908	0.9964	108	057	Between	Animal	Animal
P1108	P3076	na	NZ_CP047876.1	4775730	2646469	55.415	2636309	99.6161	2634310	99.9242	10160	0.3839	2644424	99.9227	12994	0.491	10949	84.262	1636	12.5904	6218	47.8529	4436	34.1388	47297	100	89446	48.8798	0.988	108	076	Between	Animal	Animal
P1108	P3099	na	NZ_CP047876.1	4775730	3303050	69.1632	3292112	99.6689	3290251	99.9435	10938	0.3311	3301147	99.9424	13618	0.4123	11715	86.0258	1516	11.1323	7499	55.0668	3951	29.0131	47297	100	86946	55.6	0.9916	108	099	Between	Animal	Animal
P1108	S1050	na	NZ_CP047876.1	4775730	2548469	53.3629	2509842	98.4843	2507054	99.8889	38627	1.5157	2545605	99.8876	42447	1.6656	39583	93.2528	2388	5.6258	6145	14.4769	33369	78.6133	47297	100	48337	100	0.9996	108	050	Between	Animal	Environment
P1108	S1110	na	NZ_CP047277.1	4774769	1534811	32.1442	1516159	98.7847	1511164	99.6705	18652	1.2153	1529703	99.6672	24633	1.605	19525	79.2636	2045	8.3019	9192	37.3158	12309	49.9696	59460	80.2573	38822	100	0.9939	108	110	Between	Animal	Environment
P1108	W1019	na	NZ_CP047876.1	4775730	2733131	57.2296	2725165	99.7085	2722528	99.9032	7966	0.2915	2730439	99.9015	11488	0.4203	8796	76.5669	1113	9.6884	6486	56.4589	3258	28.36	47297	100	49147	72.5375	0.9945	108	019	Between	Animal	Environment
P1108	W1084	na	NZ_CP010242.1	4740150	1986150	41.9006	1979576	99.669	1965263	99.277	6574	0.331	1971768	99.2759	23101	1.1631	8719	37.743	2300	9.9563	7151	30.9554	12558	54.3613	37168	23.7812	45031	19.6154	0.9864	108	084	Between	Animal	Environment
P1108	W1092	na	NZ_CP047876.1	4775730	3271277	68.4979	3247519	99.2737	3244142	99.896	23758	0.7263	3267821	99.8944	28279	0.8645	24823	87.7789	1309	4.6289	7414	26.2173	18809	66.5123	47297	69.571	111255	34.3832	0.9804	108	092	Between	Animal	Environment
P1109	P2069	na	NZ_CP024147.1	4639454	2370145	51.0867	2359406	99.5469	2354773	99.8036	10739	0.4531	2365460	99.8023	16567	0.699	11882	71.7209	1534	9.2594	8109	48.9467	6547	39.5183	175985	91.9385	185009	91.8988	0.9886	109	069	Between	Animal	Animal
P1109	S1021	na	NZ_CP024147.1	4639454	2483957	53.5399	2477118	99.7247	2475061	99.917	6839	0.2753	2481895	99.917	11759	0.4734	9697	82.4645	3017	25.6569	6978	59.3418	1391	11.8292	175985	82.0894	194310	76.7536	0.9816	109	021	Between	Animal	Environment
P1109	S1031	na	NZ_CP032986.1	4677021	3748257	80.142	3737048	99.701	3732807	99.8865	11209	0.299	3743971	99.8857	15965	0.4259	11679	73.1538	814	5.0987	7626	47.767	6979	43.7144	40713	61.0247	77821	42.1891	0.9852	109	031	Between	Animal	Environment
P1109	S1076	na	NZ_CP032986.1	4677021	1878523	40.1649	1867341	99.4047	1865525	99.9027	11182	0.5953	1876676	99.9017	13404	0.7135	11557	86.2205	905	6.7517	4876	36.3772	7143	53.2901	40713	59.4159	31299	100	0.9949	109	076	Between	Animal	Environment
P1109	S1090	na	NZ_CP032986.1	4677021	1538193	32.8883	1522882	99.0046	1517713	99.6606	15311	0.9954	1532956	99.6595	20807	1.3527	15570	74.8306	912	4.3831	4945	23.766	14406	69.2363	40713	13.0376	5372	100	0.9924	109	090	Between	Animal	Environment
P1110	P2005	na	NZ_CP067232.1	4622610	2514213	54.3895	2504711	99.6221	2498675	99.759	9502	0.3779	2508118	99.7576	16934	0.6735	10839	64.0073	1623	9.5843	6053	35.7447	8334	49.2146	71734	78.1526	48626	88.391	0.9918	110	005	Between	Animal	Animal
P1110	P2060	na	NZ_CP019267.1	4740860	1976485	41.6904	1970920	99.7184	1968521	99.8783	5565	0.2816	1974061	99.8774	8442	0.4271	6018	71.2864	629	7.4508	5087	60.2582	2421	28.678	104975	23.538	120843	74.9717	0.9626	110	060	Between	Animal	Animal
P1110	P2064	na	NZ_CP019267.1	4740860	2767799	58.3818	2759408	99.6968	2757010	99.9131	8391	0.3032	2765372	99.9123	11359	0.4104	8932	78.6337	788	6.9372	6241	54.9432	3848	33.8762	104975	30.2643	52536	86.3237	0.98	110	064	Between	Animal	Animal
P1110	P2069	na	NZ_CP019267.1	4740860	2205730	46.5259	2194861	99.5072	2192731	99.903	10869	0.4928	2203565	99.9018	13708	0.6215	11543	84.2063	1117	8.1485	5032	36.7085	7062	51.5174	104975	42.4596	91008	42.1908	0.9726	110	069	Between	Animal	Animal
P1110	P2092	na	NZ_CP019267.1	4740860	2734140	57.6718	2725603	99.6878	2722344	99.8804	8537	0.3122	2730836	99.8792	12498	0.4571	9194	73.5638	957	7.6572	6034	48.2797	5065	40.5265	104975	48.3677	96103	54.5488	0.9763	110	092	Between	Animal	Animal
P1110	P3011	na	NZ_CP019267.1	4740860	2898158	61.1315	2888313	99.6603	2885289	99.8953	9845	0.3397	2895097	99.8944	13586	0.4688	10525	77.4695	1203	8.8547	6881	50.6477	4880	35.9193	104975	23.538	81029	44.3965	0.9706	110	011	Between	Animal	Animal
P1110	P3060	na	NZ_CP019267.1	4740860	1907165	40.2282	1899692	99.6082	1898099	99.9161	7473	0.3918	1905541	99.9148	9504	0.4983	7880	82.9125	685	7.2075	4564	48.0219	3974	41.814	104975	48.3677	127461	91.548	0.9718	110	060	Between	Animal	Animal
P1110	P3068	na	NZ_CP019267.1	4740860	2824229	59.5721	2819084	99.8178	2815118	99.8593	5145	0.1822	2820242	99.8588	10037	0.3554	6050	60.277	971	9.6742	5820	57.9855	2980	29.6901	104975	48.3677	154052	40.8115	0.9603	110	068	Between	Animal	Animal
P1110	S1053	na	NZ_CP019267.1	4740860	2027517	42.7669	2022331	99.7442	2019145	99.8425	5186	0.2558	2024301	99.8414	8865	0.4372	5649	63.7225	659	7.4337	5086	57.3717	2852	32.1715	104975	23.538	68249	38.2614	0.9737	110	053	Between	Animal	Environment
P1110	S1081	na	NZ_CP019267.1	4740860	2946366	62.1483	2937132	99.6866	2935056	99.9293	9234	0.3134	2944256	99.9284	12265	0.4163	10155	82.7966	1482	12.0832	5223	42.5846	4163	33.9421	104975	43.8114	95860	57.9105	0.974	110	081	Between	Animal	Environment
P1110	S1083	na	NZ_CP067232.1	4622610	1976583	42.759	1968779	99.6052	1963114	99.7123	7804	0.3948	1970861	99.7105	14365	0.7268	8643	60.1671	1021	7.1076	5736	39.9304	6586	45.8475	71734	29.0225	18097	100	0.9883	110	083	Between	Animal	Environment
P1110	S1099	na	NZ_CP019267.1	4740860	2646794	55.8294	2639456	99.7228	2636146	99.8746	7338	0.2772	2643439	99.8732	11237	0.4246	7882	70.1433	857	7.6266	6780	60.3364	3170	28.2104	104975	17.0993	68264	37.081	0.9709	110	099	Between	Animal	Environment
P1111	P2068	na	NZ_CP101274.1	4892441	1534415	31.363	1523032	99.2582	1519815	99.7888	11383	0.7418	1531139	99.7865	15267	0.995	11991	78.542	1283	8.4037	6614	43.3222	6839	44.796	42321	44.0183	24258	61.8518	0.9922	111	068	Between	Animal	Animal
P1111	P2076	na	NZ_CP101274.1	4892441	2251537	46.0207	2243053	99.6232	2240540	99.888	8484	0.3768	2248991	99.8869	11805	0.5243	9259	78.4329	892	7.5561	8375	70.9445	2058	17.4333	42321	100	150216	27.9165	0.9759	111	076	Between	Animal	Animal
P1111	P3075	na	NZ_AP021896.1	4574715	2781929	60.811	2772834	99.6731	2770646	99.9211	9095	0.3269	2779713	99.9203	12610	0.4533	10394	82.4266	1453	11.5226	8688	68.8977	1979	15.6939	66359	92.1638	88645	64.9061	0.991	111	075	Between	Animal	Animal
P1111	P3092	na	NZ_CP101274.1	4892441	2091841	42.7566	2074744	99.1827	2072877	99.91	17097	0.8173	2089938	99.909	19669	0.9403	17766	90.3249	1818	9.243	8207	41.7256	9140	46.4691	42321	82.81	63328	59.5124	0.9918	111	092	Between	Animal	Animal
P1111	P3104	na	NZ_CP010117.1	4809836	3100181	64.455	3095671	99.8545	3092130	99.8856	4510	0.1455	3096591	99.8842	9047	0.2918	5457	60.3183	1010	11.1639	4119	45.5289	3300	36.4762	49952	100	76016	65.4915	0.9945	111	104	Between	Animal	Animal
P1111	S1053	na	NZ_AP021896.1	4574715	2204835	48.1961	2193610	99.4909	2192724	99.9596	11225	0.5091	2203932	99.959	13186	0.598	12283	93.1518	1358	10.2988	6732	51.0541	4496	34.0968	66359	92.1638	107549	56.921	0.9886	111	053	Between	Animal	Environment
P1111	S1066	na	NZ_CP101274.1	4892441	1868356	38.1886	1854406	99.2534	1851966	99.8684	13950	0.7466	1865878	99.8674	17148	0.9178	14670	85.5493	1374	8.0126	7930	46.2445	7395	43.1246	42321	100	49366	83.8067	0.9969	111	066	Between	Animal	Environment
P1111	S1093	na	NZ_CP010117.1	4809836	2776905	57.7339	2769358	99.7282	2767105	99.9186	7547	0.2718	2774593	99.9167	10508	0.3784	8196	77.9977	1194	11.3628	3803	36.1915	5006	47.6399	49952	100	49794	100	1	111	093	Between	Animal	Environment
P1119	P2034	na	NZ_CP067311.1	4631526	1239424	26.7606	1236667	99.7776	1233166	99.7169	2757	0.2224	1235878	99.7139	7622	0.615	4076	53.4768	1426	18.709	3184	41.7738	2320	30.4382	220915	58.2007	102723	100	0.9731	119	034	Between	Animal	Animal
P1119	P2109	na	NZ_CP067311.1	4631526	1129904	24.3959	1126870	99.7315	1119374	99.3348	3034	0.2685	1122362	99.3325	11550	1.0222	4008	34.7013	1046	9.0563	6293	54.4848	3645	31.5584	220915	39.8475	79215	83.0398	0.9626	119	109	Between	Animal	Animal
P1120	P2034	na	NZ_AP021895.1	4557772	1136831	24.9427	1133197	99.6803	1131826	99.879	3634	0.3197	1135439	99.8776	5475	0.4816	4083	74.5753	633	11.5616	2158	39.4155	2347	42.8676	118567	45.6889	56627	90.7835	0.9839	120	034	Between	Animal	Animal
P1120	P2120	na	NZ_CP081813.1	4786643	2476343	51.7344	2473152	99.8711	2472653	99.9798	3191	0.1289	2475834	99.9794	4420	0.1785	3911	88.4842	980	22.1719	965	21.8326	2131	48.2127	108037	100	121016	92.6282	0.992	120	120	Within	Animal	Animal
P1120	P3120	na	NZ_CP027579.1	5030044	3161282	62.848	3135221	99.1756	3131635	99.8856	26061	0.8244	3157691	99.8864	41959	1.3273	38368	91.4416	12792	30.4869	3559	8.4821	20185	48.1065	160670	88.065	141374	100	0.9956	120	120	Within	Animal	Animal
P1120	S1034	na	NZ_AP021895.1	4557772	2238876	49.1222	2220263	99.1686	2214362	99.7342	18613	0.8314	2232921	99.734	25250	1.1278	19295	76.4158	994	3.9366	3163	12.5267	20792	82.3446	118567	73.038	78476	93.3483	0.9884	120	034	Between	Animal	Environment
P1120	S1050	na	NZ_AP021895.1	4557772	2424628	53.1977	2368292	97.6765	2366256	99.914	56336	2.3235	2422535	99.9137	58978	2.4325	56885	96.4512	1085	1.8397	3090	5.2392	54484	92.3802	118567	63.0842	74818	100	0.9902	120	050	Between	Animal	Environment
P1120	S1076	na	NZ_AP021895.1	4557772	1307378	28.6846	1301918	99.5824	1299876	99.8432	5460	0.4176	1305310	99.8418	8017	0.6132	5949	74.2048	704	8.7813	2394	29.8615	4589	57.2409	118567	46.5846	33104	100	0.9811	120	076	Between	Animal	Environment
P1120	S1090	na	NZ_AP021895.1	4557772	1274889	27.9718	1265032	99.2268	1263689	99.8938	9857	0.7732	1273519	99.8925	11457	0.8987	10087	88.0422	465	4.0587	2403	20.9741	8172	71.3276	118567	29.7216	17176	69.0848	0.9754	120	090	Between	Animal	Environment
P2004	P2090	na	NZ_CP007390.1	4807977	1090851	22.6884	1047391	96.016	1041650	99.4519	43460	3.984	1084999	99.4635	49723	4.5582	43871	88.2308	711	1.4299	46555	93.6287	2150	4.324	146084	88.9639	140086	95.3828	0.9933	004	090	Between	Animal	Animal
P2004	P3005	na	NZ_CP007390.1	4807977	1757593	36.5558	1691401	96.2339	1680642	99.3639	66192	3.7661	1746702	99.3803	78417	4.4616	67526	86.1114	1626	2.0735	73238	93.3956	3101	3.9545	146084	73.0915	115952	92.6297	0.9897	004	005	Between	Animal	Animal
P2004	S1068	na	NZ_CP007390.1	4807977	850588	17.6912	813078	95.5901	806573	99.2	37510	4.4099	843839	99.2065	44651	5.2494	37902	84.885	1453	3.2541	35756	80.0788	6546	14.6604	146084	67.1306	62314	100	0.9803	004	068	Between	Animal	Environment
P2004	W1098	na	NZ_CP007390.1	4807977	2189187	45.5324	2103807	96.0999	2094338	99.5499	85380	3.9001	2179606	99.5623	96802	4.4218	87221	90.1025	2194	2.2665	91432	94.4526	2288	2.3636	146084	68.9576	145896	69.5221	0.9784	004	098	Between	Animal	Environment
P2004	W1098	na	NZ_LR134216.1	4647667	2351824	50.6022	2297520	97.691	2289341	99.644	54304	2.309	2343395	99.6416	63696	2.7084	55267	86.7668	1515	2.3785	57391	90.1014	3822	6.0004	70710	66.8717	88280	59.4903	0.9859	004	098	Between	Animal	Environment
P2005	P2011	na	NZ_CP029492.1	4423666	1077986	24.3686	1068445	99.1149	1065434	99.7182	9541	0.8851	1074926	99.7161	13086	1.2139	10026	76.6162	1223	9.3459	5582	42.6563	5571	42.5722	20016	100	33917	59.6839	0.9968	005	011	Between	Animal	Animal
P2005	P2085	na	NZ_CP029492.1	4423666	844996	19.1017	838048	99.1777	835321	99.6746	6948	0.8223	842236	99.6734	10176	1.2043	7416	72.8774	831	8.1663	4545	44.6639	4198	41.2539	20016	100	68377	34.8626	0.989	005	085	Between	Animal	Animal
P2005	P3004	na	NZ_CP029492.1	4423666	1063433	24.0396	1055941	99.2955	1051847	99.6123	7492	0.7045	1059286	99.61	12297	1.1563	8150	66.2763	975	7.9288	5129	41.7094	5272	42.8722	20016	100	61016	32.4915	0.9906	005	004	Between	Animal	Animal
P2005	P3071	na	NZ_CP073949.1	4664121	859799	18.4343	852544	99.1562	849088	99.5946	7255	0.8438	856288	99.5916	11295	1.3137	7784	68.9154	1033	9.1456	5204	46.0735	4416	39.0969	40262	55.3375	95600	41.2123	0.9797	005	071	Between	Animal	Animal
P2005	S1083	na	NZ_CP067232.1	4622610	2150975	46.5316	2138259	99.4088	2136008	99.8947	12716	0.5912	2148689	99.8937	15844	0.7366	13558	85.5718	1732	10.9316	6930	43.739	6387	40.3118	48626	39.1766	18097	100	0.993	005	083	Between	Animal	Environment
P2005	S1090	na	NZ_CP073949.1	4664121	913401	19.5836	898476	98.366	895959	99.7199	14925	1.634	910829	99.7184	18142	1.9862	15570	85.823	1924	10.6052	6264	34.5276	9296	51.2402	40262	65.5059	29714	77.1118	0.9948	005	090	Between	Animal	Environment
P2009	P2093	na	NZ_CP014641.1	4165587	386079	9.2683	385404	99.8252	383970	99.6279	675	0.1748	384629	99.6244	2256	0.5843	806	35.727	174	7.7128	1177	52.172	824	36.5248	0	0	12309	0	0.997	009	093	Between	Animal	Animal
P2009	P3053	na	NZ_CP014641.1	4165587	504611	12.1138	503666	99.8127	502173	99.7036	945	0.1873	503105	99.7016	2764	0.5477	1258	45.5137	353	12.7713	937	33.9001	1391	50.3256	0	0	33076	0	0.9921	009	053	Between	Animal	Animal
P2009	P3080	na	NZ_CP095856.1	4850951	647395	13.3457	645327	99.6806	644488	99.87	2068	0.3194	646548	99.8692	4512	0.6969	3665	81.2278	1831	40.5807	766	16.977	1501	33.2668	167764	85.7198	192508	69.9722	0.9763	009	080	Between	Animal	Animal
P2009	P3093	na	NZ_CP014641.1	4165587	565631	13.5787	564956	99.8807	562898	99.6357	675	0.1193	563560	99.6339	2945	0.5207	874	29.6774	234	7.9457	1359	46.146	1275	43.2937	0	0	12263	0	0.9971	009	093	Between	Animal	Animal
P2011	P2031	na	NZ_CP055109.1	4785356	2477229	51.7669	2463213	99.4342	2460390	99.8854	14016	0.5658	2474362	99.8843	17530	0.7076	14663	83.6452	1383	7.8893	11181	63.7821	4505	25.6988	131748	30.1857	39695	86.3182	0.9779	011	031	Between	Animal	Animal
P2011	P2085	na	NZ_CP029492.1	4423666	1447263	32.7164	1438632	99.4036	1434871	99.7386	8631	0.5964	1443463	99.7374	13223	0.9137	9423	71.2622	1124	8.5003	5015	37.9263	6381	48.2568	33917	100	68377	54.8796	0.9921	011	085	Between	Animal	Animal
P2011	P3004	na	NZ_CP029492.1	4423666	1839911	41.5924	1830377	99.4818	1825536	99.7355	9534	0.5182	1835016	99.734	15787	0.858	10892	68.9935	1773	11.2308	6080	38.5127	6876	43.5548	33917	100	61016	57.7062	0.9936	011	004	Between	Animal	Animal
P2011	P3076	na	NZ_CP055109.1	4785356	1820149	38.0358	1811372	99.5178	1807626	99.7932	8777	0.4822	1816377	99.7928	13168	0.7235	9396	71.3548	1053	7.9967	7999	60.7457	3657	27.7719	131748	31.4282	48507	89.6675	0.9786	011	076	Between	Animal	Animal
P2020	P2024	na	NZ_CP047876.1	4775730	672049	14.0722	667774	99.3639	664460	99.5037	4275	0.6361	668697	99.5012	8432	1.2547	5080	60.2467	858	10.1755	4672	55.408	2432	28.8425	58419	67.6287	70133	91.0869	0.9878	020	024	Between	Animal	Animal
P2020	P2038	na	NZ_CP047876.1	4775730	2723313	57.024	2694193	98.9307	2691225	99.8898	29120	1.0693	2720296	99.8892	32949	1.2099	29932	90.8434	2227	6.7589	11353	34.4563	18863	57.2491	58419	78.8648	146353	46.4842	0.9746	020	038	Between	Animal	Animal
P2020	P2120	na	NZ_CP047876.1	4775730	1787242	37.4234	1774044	99.2615	1771709	99.8684	13198	0.7385	1784870	99.8673	16066	0.8989	13694	85.2359	1271	7.9111	10365	64.5151	3872	24.1006	58419	42.3099	29402	100	0.9904	020	120	Between	Animal	Animal
P2020	P3057	na	NZ_CP047876.1	4775730	2150956	45.0393	2140496	99.5137	2137194	99.8457	10460	0.4863	2147614	99.8446	14713	0.684	11371	77.2854	1060	7.2045	10974	74.5871	2222	15.1023	58419	67.6287	64251	90.7908	0.9908	020	057	Between	Animal	Animal
P2020	P3068	na	NZ_CP032992.1	4638901	2779974	59.9274	2769522	99.624	2768283	99.9553	10452	0.376	2778730	99.9553	11877	0.4272	10633	89.526	343	2.8879	10415	87.6905	1014	8.5375	49576	49.3102	39364	74.3166	0.9913	020	068	Between	Animal	Animal
P2020	P3076	na	NZ_CP047876.1	4775730	2406798	50.3964	2393084	99.4302	2390824	99.9056	13714	0.5698	2404502	99.9046	16737	0.6954	14441	86.2819	1408	8.4125	11304	67.539	3510	20.9715	58419	67.6287	89446	55.8236	0.9817	020	076	Between	Animal	Animal
P2020	P3099	na	NZ_CP047876.1	4775730	3148899	65.9354	3132923	99.4926	3130885	99.9349	15976	0.5074	3146833	99.9344	18680	0.5932	16614	88.94	1231	6.5899	14075	75.348	2551	13.6563	58419	67.6287	86946	55.6	0.9842	020	099	Between	Animal	Animal
P2020	S1050	na	NZ_CP047876.1	4775730	2374032	49.7103	2333622	98.2978	2330205	99.8536	40410	1.7022	2370530	99.8525	44598	1.8786	41096	92.1476	1792	4.0181	11207	25.1289	31211	69.983	58419	67.6287	48337	87.6451	0.9926	020	050	Between	Animal	Environment
P2020	S1066	na	NZ_CP091673.1	4846819	163458	3.3725	160795	98.3708	159392	99.1275	2663	1.6292	162024	99.1227	4390	2.6857	2956	67.3349	425	9.6811	960	21.8679	2738	62.369	79584	16.2897	43722	48.7603	0.9799	020	066	Between	Animal	Environment
P2020	S1068	na	NZ_CP032992.1	4638901	2095509	45.1725	2085616	99.5279	2084202	99.9322	9893	0.4721	2094081	99.9319	11454	0.5466	10026	87.5327	242	2.1128	10656	93.033	503	4.3915	49576	32.0296	15313	100	0.9924	020	068	Between	Animal	Environment
P2020	S1120	na	NZ_CP032992.1	4638901	2024053	43.6322	2013712	99.4891	2012523	99.941	10341	0.5109	2022844	99.9403	12223	0.6039	11014	90.1088	1035	8.4676	9081	74.2944	1733	14.1782	49576	60.146	59402	67.5112	0.9893	020	120	Between	Animal	Environment
P2020	W1019	na	NZ_CP047876.1	4775730	2500024	52.3485	2487965	99.5176	2484897	99.8767	12059	0.4824	2496917	99.8757	15972	0.6389	12865	80.5472	942	5.8978	12447	77.9301	2266	14.1873	58419	67.6287	49147	72.5375	0.9869	020	019	Between	Animal	Environment
P2020	W1092	na	NZ_CP047876.1	4775730	3185279	66.6972	3158279	99.1524	3154217	99.8714	27000	0.8476	3181149	99.8703	32081	1.0072	27951	87.1263	1248	3.8902	14896	46.4325	15596	48.6144	58419	63.4451	111255	45.4146	0.9777	020	092	Between	Animal	Environment
P2024	P2038	na	NZ_CP047876.1	4775730	767425	16.0693	762005	99.2937	758199	99.5005	5420	0.7063	763584	99.4995	10655	1.3884	6814	63.9512	1438	13.496	2200	20.6476	6729	63.1534	70133	91.0869	146353	34.8295	0.9751	024	038	Between	Animal	Animal
P2024	P2120	na	NZ_CP047876.1	4775730	557092	11.6651	552467	99.1698	549605	99.482	4625	0.8302	554162	99.4741	8492	1.5243	5562	65.4969	1085	12.7767	2695	31.7358	3810	44.8658	70133	51.4537	29402	100	0.991	024	120	Between	Animal	Animal
P2024	P3057	na	NZ_CP047876.1	4775730	638651	13.3728	637157	99.7661	632749	99.3082	1494	0.2339	634212	99.3049	7502	1.1747	3063	40.8291	1640	21.8608	2689	35.8438	2943	39.2295	70133	91.0869	64251	90.7908	0.9931	024	057	Between	Animal	Animal
P2024	P3076	na	NZ_CP047876.1	4775730	693695	14.5254	690567	99.5491	687568	99.5657	3128	0.4509	690658	99.5622	7162	1.0324	4125	57.5956	1099	15.3449	2483	34.6691	3052	42.6138	70133	91.0869	89446	48.8798	0.9845	024	076	Between	Animal	Animal
P2024	P3099	na	NZ_CP047876.1	4775730	906365	18.9786	903337	99.6659	900594	99.6963	3028	0.3341	903589	99.6937	6809	0.7512	4033	59.2304	1095	16.0817	2371	34.8216	2497	36.6721	70133	91.0869	86946	55.6	0.9869	024	099	Between	Animal	Animal
P2024	S1050	na	NZ_CP047876.1	4775730	705109	14.7644	695058	98.5745	691484	99.4858	10051	1.4255	701468	99.4836	14936	2.1183	11295	75.6227	1453	9.7282	2383	15.9547	10487	70.2129	70133	91.0869	48337	100	0.995	024	050	Between	Animal	Environment
P2024	W1019	na	NZ_CP047876.1	4775730	685658	14.3571	683947	99.7505	680443	99.4877	1711	0.2495	682117	99.4836	6429	0.9376	2888	44.9214	1264	19.6609	2449	38.093	2532	39.384	70133	91.0869	49147	72.5375	0.9897	024	019	Between	Animal	Environment
P2024	W1092	na	NZ_CP047876.1	4775730	868753	18.191	865012	99.5694	859869	99.4054	3741	0.4306	863566	99.4029	10371	1.1938	5184	49.9855	1539	14.8395	3240	31.241	5512	53.1482	70133	51.4537	111255	34.3832	0.9768	024	092	Between	Animal	Environment
P2031	P2104	na	NZ_CP090456.1	4801759	1303604	27.1485	1296187	99.431	1294339	99.8574	7417	0.569	1301717	99.8552	9921	0.761	8034	80.9797	1256	12.66	5561	56.0528	2301	23.1932	189995	78.4236	192396	75.4205	0.9795	031	104	Between	Animal	Animal
P2031	P3076	na	NZ_CP055109.1	4785356	2535189	52.9781	2529018	99.7566	2524346	99.8153	6171	0.2434	2530478	99.8142	11644	0.4593	6933	59.5414	1232	10.5806	4804	41.2573	5203	44.684	39695	73.7045	48507	63.1414	0.9932	031	076	Between	Animal	Animal
P2031	S1004	na	NZ_CP090456.1	4801759	1994507	41.537	1984101	99.4783	1980289	99.8079	10406	0.5217	1990658	99.807	15334	0.7688	11485	74.8989	1576	10.2778	7837	51.1086	5276	34.4072	189995	59.3726	146230	71.4094	0.9708	031	004	Between	Animal	Environment
P2031	S1005	na	NZ_CP021726.1	5025115	2537022	50.4868	2526798	99.597	2524725	99.918	10224	0.403	2534925	99.9173	27677	1.0909	25580	92.4233	16105	58.1891	3449	12.4616	5287	19.1025	188470	71.5679	159693	80.4556	0.9806	031	005	Between	Animal	Environment
P2031	S1090	na	NZ_CP021726.1	5025115	2565163	51.0469	2547491	99.3111	2544562	99.885	17672	0.6889	2562196	99.8843	35580	1.387	32613	91.661	15799	44.4042	4366	12.2709	12642	35.5312	188470	47.8904	54132	100	0.9727	031	090	Between	Animal	Environment
P2031	W1005	na	NZ_CP030919.1	4810511	2514427	52.2694	2507878	99.7395	2506807	99.9573	6549	0.2605	2513354	99.9573	7920	0.315	6847	86.452	320	4.0404	6917	87.3359	599	7.5631	163558	95.8504	244022	69.5741	0.979	031	005	Between	Animal	Environment
P2034	P2109	na	NZ_CP067311.1	4631526	550943	11.8955	546564	99.2052	543763	99.4875	4379	0.7948	548106	99.4851	8137	1.4769	5300	65.1346	1264	15.534	3060	37.606	3249	39.9287	102723	81.1814	79215	83.0398	0.986	034	109	Between	Animal	Animal
P2034	S1034	na	NZ_AP021895.1	4557772	1352373	29.6718	1340610	99.1302	1336108	99.6642	11763	0.8698	1347797	99.6616	16996	1.2568	12420	73.076	1186	6.9781	2534	14.9094	12604	74.1586	56627	100	78476	58.6307	0.9889	034	034	Within	Animal	Environment
P2034	S1050	na	NZ_AP021895.1	4557772	1327792	29.1325	1297658	97.7305	1295881	99.8631	30134	2.2695	1325948	99.8611	32632	2.4576	30788	94.3491	1270	3.8919	2828	8.6663	28071	86.0229	56627	71.8191	74818	56.6	0.9889	034	050	Between	Animal	Environment
P2034	S1076	na	NZ_AP021895.1	4557772	1199023	26.3072	1191909	99.4067	1189986	99.8387	7114	0.5933	1197049	99.8354	9823	0.8193	7849	79.9043	1252	12.7456	2821	28.7183	5122	52.1429	56627	60.9215	33104	37.503	0.9857	034	076	Between	Animal	Environment
P2034	S1090	na	NZ_AP021895.1	4557772	1182896	25.9534	1171823	99.0639	1170272	99.8676	11073	0.9361	1181294	99.8646	13102	1.1076	11500	87.7729	1137	8.6781	3270	24.958	8148	62.189	56627	69.5216	17176	100	0.9908	034	090	Between	Animal	Environment
P2038	P2120	na	NZ_CP047876.1	4775730	1814341	37.9909	1797285	99.0599	1794932	99.8691	17056	0.9401	1811926	99.8669	20107	1.1082	17692	87.9893	1135	5.6448	14126	70.2541	4216	20.9678	146353	24.7368	29402	100	0.9752	038	120	Between	Animal	Animal
P2038	P3038	na	NZ_CP080260.1	5366039	3675508	68.4957	3668745	99.816	3667891	99.9767	6763	0.184	3674647	99.9766	54051	1.4706	53190	98.4071	48079	88.9512	1910	3.5337	1686	3.1193	168677	74.3628	127130	91.946	0.9848	038	038	Within	Animal	Animal
P2038	P3057	na	NZ_CP047876.1	4775730	2287810	47.9049	2271269	99.277	2267964	99.8545	16541	0.723	2284446	99.853	21017	0.9187	17653	83.9939	1248	5.9381	17003	80.9012	2346	11.1624	146353	34.8295	64251	90.7908	0.977	038	057	Between	Animal	Animal
P2038	P3069	na	NZ_CP080260.1	5366039	1369035	25.513	1368279	99.9448	1348805	98.5768	756	0.0552	1349549	98.5767	27288	1.9932	7802	28.5913	7073	25.9198	11389	41.7363	8834	32.3732	168677	73.8826	451731	27.2687	0.9228	038	069	Between	Animal	Animal
P2038	P3071	na	NZ_CP080260.1	5366039	2996566	55.8432	2989085	99.7503	2947421	98.6061	7481	0.2497	2954784	98.6057	50494	1.6851	8712	17.2535	1590	3.1489	42317	83.806	5231	10.3596	168677	44.9978	193394	39.1584	0.9567	038	071	Between	Animal	Animal
P2038	P3076	na	NZ_CP047876.1	4775730	2600505	54.4525	2580487	99.2302	2577766	99.8946	20018	0.7698	2597734	99.8934	23638	0.909	20867	88.2774	1280	5.415	18013	76.2036	3776	15.9743	146353	43.967	89446	86.4231	0.9731	038	076	Between	Animal	Animal
P2038	P3099	na	NZ_CP080260.1	5366039	2787730	51.9514	2782245	99.8032	2779212	99.891	5485	0.1968	2784673	99.8903	37043	1.3288	33986	91.7474	28897	78.0093	3018	8.1473	3895	10.5148	168677	50.1752	101876	85.5393	0.9794	038	099	Between	Animal	Animal
P2038	P3099	na	NZ_CP047876.1	4775730	3441191	72.0558	3415717	99.2597	3413193	99.9261	25474	0.7403	3438623	99.9254	29074	0.8449	26506	91.1674	1584	5.4482	23570	81.069	3364	11.5705	146353	50.0776	86946	100	0.9782	038	099	Between	Animal	Animal
P2038	S1050	na	NZ_CP047876.1	4775730	2430318	50.8889	2386104	98.1807	2382490	99.8485	44214	1.8193	2426626	99.8481	48776	2.007	45084	92.4307	2290	4.6949	16699	34.2361	29473	60.4252	146353	34.8295	48337	100	0.9791	038	050	Between	Animal	Environment
P2038	W1019	na	NZ_CP047876.1	4775730	2636599	55.2083	2617724	99.2841	2614670	99.8833	18875	0.7159	2633494	99.8822	22793	0.8645	19688	86.3774	1003	4.4005	18830	82.6131	2659	11.6659	146353	43.7155	49147	100	0.9776	038	019	Between	Animal	Environment
P2038	W1092	na	NZ_CP047876.1	4775730	3426429	71.7467	3389094	98.9104	3384990	99.8789	37335	1.0896	3422257	99.8782	42762	1.248	38590	90.2437	1623	3.7954	23498	54.9507	17530	40.9943	146353	36.166	111255	56.0613	0.9677	038	092	Between	Animal	Environment
P2050	P3051	na	NZ_CP063369.1	4838546	1174374	24.2712	1167086	99.3794	1163226	99.6693	7288	0.6206	1170460	99.6667	12002	1.022	8088	67.3888	1151	9.5901	5302	44.176	4870	40.5766	170268	61.0584	95372	87.4963	0.9779	050	051	Between	Animal	Animal
P2050	S1050	na	NZ_CP055170.1	4816770	1077207	22.3637	1064159	98.7887	1063181	99.9081	13048	1.2113	1076223	99.9087	14740	1.3684	13756	93.3243	986	6.6893	1444	9.7965	11996	81.384	129163	69.8327	95095	100	0.9894	050	050	Within	Animal	Environment
P2050	W1050	na	NZ_CP101921.1	4790226	910273	19.0027	907309	99.6744	905656	99.8178	2964	0.3256	908610	99.8173	7907	0.8686	6244	78.968	3657	46.2502	1020	12.9	1793	22.6761	33140	84.5474	60246	44.461	0.9916	050	050	Within	Animal	Environment
P2051	P3011	na	NZ_CP010143.1	4821305	605178	12.5522	602869	99.6185	600501	99.6072	2309	0.3815	602786	99.6047	5058	0.8358	2666	52.7086	383	7.5722	562	11.1111	4012	79.3199	288930	39.7906	125060	50.6701	0.9378	051	011	Between	Animal	Animal
P2051	S1103	na	NZ_CP010143.1	4821305	563163	11.6807	560259	99.4843	558336	99.6568	2904	0.5157	561219	99.6548	5109	0.9072	3165	61.9495	282	5.5197	792	15.5021	3861	75.5725	288930	25.0891	80930	53.8305	0.9408	051	103	Between	Animal	Environment
P2053	P2068	na	NZ_CP056073.1	4712822	795635	16.8823	787192	98.9388	781038	99.2182	8443	1.0612	789418	99.2186	15665	1.9689	9448	60.3128	1483	9.467	8759	55.9145	4517	28.835	84911	65.5451	96119	53.4369	0.9825	053	068	Between	Animal	Animal
P2053	P2069	na	NZ_CP055024.1	4564917	1307165	28.635	1295134	99.0796	1293638	99.8845	12031	0.9204	1305600	99.8803	14336	1.0967	12771	89.0834	1910	13.3231	5760	40.1786	6025	42.0271	42723	67.0318	38445	78.6422	0.9945	053	069	Between	Animal	Animal
P2053	P3038	na	NZ_LR134295.1	4722738	854302	18.0891	841630	98.5167	837695	99.5325	12672	1.4833	850294	99.5308	17193	2.0125	13185	76.6882	1458	8.4802	7759	45.1288	7165	41.6739	28764	65.7106	104521	18.1083	0.9797	053	038	Between	Animal	Animal
P2053	P3051	na	NZ_CP055024.1	4564917	978983	21.4458	967586	98.8358	965962	99.8322	11397	1.1642	977309	99.829	13760	1.4055	12086	87.8343	1684	12.2384	5398	39.2297	6073	44.1352	42723	45.3784	36992	52.8439	0.991	053	051	Between	Animal	Animal
P2053	P3109	na	NZ_LR134295.1	4722738	755809	16.0036	745161	98.5912	740557	99.3821	10648	1.4088	751152	99.3838	16312	2.1582	11655	71.4505	2033	12.4632	7103	43.5446	6249	38.3092	28764	100	48270	60.2548	0.9958	053	109	Between	Animal	Animal
P2053	S1031	na	NZ_AP021933.1	4928821	2492747	50.5749	2468470	99.0261	2464645	99.845	24277	0.9739	2488885	99.8451	49535	1.9872	45673	92.2035	21780	43.9689	18393	37.1313	3366	6.7952	135850	100	228113	58.8752	0.9788	053	031	Between	Animal	Environment
P2053	S1060	na	NZ_AP021933.1	4928821	2703727	54.8555	2677741	99.0389	2649771	98.9555	25986	0.9611	2675454	98.9543	54357	2.0104	26084	47.9865	671	1.2344	51363	94.492	1906	3.5064	135850	4.3136	49801	11.7628	0.9647	053	060	Between	Animal	Environment
P2053	S1083	na	NZ_CP056073.1	4712822	1139673	24.1824	1127736	98.9526	1121182	99.4188	11937	1.0474	1133038	99.4178	19139	1.6793	12504	65.3326	1291	6.7454	13639	71.2629	3540	18.4963	84911	77.8262	81435	79.8219	0.9918	053	083	Between	Animal	Environment
P2053	S1120	na	NZ_CP055024.1	4564917	1044155	22.8735	1036208	99.2389	1034054	99.7921	7947	0.7611	1041954	99.7892	10700	1.0248	8499	79.4299	1056	9.8692	6586	61.5514	2663	24.8879	42723	67.0318	59607	51.4923	0.9901	053	120	Between	Animal	Environment
P2057	P3057	na	NZ_CP078137.1	4747607	3105569	65.4134	3102272	99.8938	3101976	99.9905	3297	0.1062	3105271	99.9904	5798	0.1867	5500	94.8603	2273	39.2032	253	4.3636	2726	47.0162	65073	100	62227	100	0.9994	057	057	Within	Animal	Animal
P2057	P3108	na	NZ_CP078137.1	4747607	4153054	87.4768	4151638	99.9659	4148482	99.924	1416	0.0341	4149880	99.9236	4955	0.1193	1781	35.9435	424	8.557	1441	29.0817	2983	60.2018	65073	80.6525	124716	59.3805	0.9795	057	108	Between	Animal	Animal
P2060	P2064	na	NZ_CP019267.1	4740860	2415267	50.9458	2409215	99.7494	2408330	99.9633	6052	0.2506	2414345	99.9618	7382	0.3056	6460	87.5102	730	9.8889	2363	32.0103	3802	51.5037	120843	74.9717	52536	82.2579	0.9815	060	064	Between	Animal	Animal
P2060	P2069	na	NZ_CP019267.1	4740860	2047366	43.1855	2039173	99.5998	2037795	99.9324	8193	0.4002	2045963	99.9315	10124	0.4945	8721	86.1418	849	8.386	1912	18.8858	7111	70.239	120843	87.9248	91008	90.2932	0.9893	060	069	Between	Animal	Animal
P2060	P2092	na	NZ_CP019267.1	4740860	2377640	50.1521	2371675	99.7491	2369552	99.9105	5965	0.2509	2375476	99.909	8570	0.3604	6406	74.7491	655	7.6429	2605	30.3967	5070	59.1599	120843	74.9717	96103	70.106	0.9824	060	092	Between	Animal	Animal
P2060	P3011	na	NZ_CP019267.1	4740860	2495998	52.6486	2489255	99.7298	2487980	99.9488	6743	0.2702	2494709	99.9484	8605	0.3448	7316	85.0203	920	10.6915	2617	30.4126	4775	55.491	120843	87.9248	81029	100	0.9915	060	011	Between	Animal	Animal
P2060	P3060	na	NZ_CP015240.1	4863599	2952313	60.7022	2948744	99.8791	2948430	99.9894	3569	0.1209	2951990	99.9891	5103	0.1728	4780	93.6704	1554	30.4527	2611	51.166	534	10.4644	262508	95.2261	249574	100	0.9941	060	060	Within	Animal	Animal
P2060	P3060	na	NZ_CP019267.1	4740860	2160804	45.5783	2155365	99.7483	2154359	99.9533	5439	0.2517	2159783	99.9527	6926	0.3205	5905	85.2584	945	13.6442	1717	24.7906	3753	54.1871	120843	87.0468	127461	73.7622	0.9869	060	060	Within	Animal	Animal
P2060	P3068	na	NZ_CP019267.1	4740860	2436460	51.3928	2434031	99.9003	2430749	99.8652	2429	0.0997	2433153	99.8643	6351	0.2607	3044	47.9295	657	10.3448	2247	35.3803	3119	49.1104	120843	100	154052	74.6845	0.9861	060	068	Between	Animal	Animal
P2060	S1053	na	NZ_CP019267.1	4740860	1785790	37.6681	1783294	99.8602	1781330	99.8899	2496	0.1398	1783794	99.8882	4848	0.2715	2852	58.8284	486	10.0248	1971	40.6559	2209	45.5652	120843	87.9248	68249	100	0.9887	060	053	Between	Animal	Environment
P2060	S1081	na	NZ_CP019267.1	4740860	2499634	52.7253	2493853	99.7687	2491438	99.9032	5781	0.2313	2497173	99.9015	8756	0.3503	6295	71.8936	1211	13.8305	2517	28.746	4640	52.9922	120843	74.9717	95860	83.2266	0.9869	060	081	Between	Animal	Environment
P2060	S1099	na	NZ_CP019267.1	4740860	2254790	47.5608	2250589	99.8137	2249091	99.9334	4201	0.1863	2253255	99.9319	6119	0.2714	4584	74.9142	571	9.3316	3182	52.002	2174	35.5287	120843	62.9453	68264	78.8542	0.9818	060	099	Between	Animal	Environment
P2062	P2075	na	NZ_LR778148.1	4729401	2080267	43.9858	2077375	99.861	2074979	99.8847	2892	0.139	2077833	99.883	5957	0.2864	3523	59.1405	709	11.902	2087	35.0344	2870	48.1786	45605	19.1953	33293	26.0806	0.987	062	075	Between	Animal	Animal
P2062	P3038	na	NZ_LR778148.1	4729401	2354948	49.7938	2342062	99.4528	2340228	99.9217	12886	0.5472	2353085	99.9209	15903	0.6753	14040	88.2852	1220	7.6715	1706	10.7275	12148	76.3881	45605	54.6892	20261	100	0.9945	062	038	Between	Animal	Animal
P2064	P2069	na	NZ_CP019267.1	4740860	2893640	61.0362	2881041	99.5646	2879805	99.9571	12599	0.4354	2892381	99.9565	14419	0.4983	13160	91.2685	1323	9.1754	3609	25.0295	8942	62.0154	52536	82.2579	91008	74.622	0.9845	064	069	Between	Animal	Animal
P2064	P2075	na	NZ_CP019245.1	4729175	2530467	53.5076	2524178	99.7515	2521996	99.9136	6289	0.2485	2528244	99.9122	9679	0.3825	7456	77.0328	1437	14.8466	4832	49.9225	2585	26.7073	138419	89.3996	216190	72.4899	0.9758	064	075	Between	Animal	Animal
P2064	P2092	na	NZ_CP019267.1	4740860	3624136	76.4447	3615046	99.7492	3614002	99.9711	9090	0.2508	3623060	99.9703	11017	0.304	9941	90.2333	2645	24.0084	2763	25.0794	4536	41.1727	52536	100	96103	51.7986	0.9876	064	092	Between	Animal	Animal
P2064	P2092	na	NZ_CP019245.1	4729175	2152197	45.5089	2142086	99.5302	2140622	99.9317	10111	0.4698	2150703	99.9306	12565	0.5838	11071	88.1098	2437	19.3951	3777	30.0597	5537	44.0669	138419	81.3761	77347	100	0.9843	064	092	Between	Animal	Animal
P2064	P3011	na	NZ_CP019267.1	4740860	3731437	78.708	3720809	99.7152	3719723	99.9708	10628	0.2848	3730320	99.9701	12358	0.3312	11241	90.9613	1438	11.6362	4676	37.8378	5921	47.9123	52536	82.2579	81029	85.6052	0.9876	064	011	Between	Animal	Animal
P2064	P3060	na	NZ_CP019267.1	4740860	2241032	47.2706	2233936	99.6834	2232961	99.9564	7096	0.3166	2240043	99.9559	8361	0.3731	7372	88.1713	631	7.5469	3286	39.3015	4175	49.9342	52536	100	127461	76.8737	0.9833	064	060	Between	Animal	Animal
P2064	P3068	na	NZ_CP019267.1	4740860	3676217	77.5433	3671029	99.8589	3667572	99.9058	5188	0.1411	3672718	99.9048	9313	0.2533	5814	62.4289	703	7.5486	4514	48.4699	3511	37.7	52536	100	154052	62.0304	0.9742	064	068	Between	Animal	Animal
P2064	S1005	na	NZ_CP019245.1	4729175	2135456	45.1549	2123265	99.4291	2121006	99.8936	12191	0.5709	2133158	99.8924	15415	0.7219	13117	85.0924	1522	9.8735	4129	26.7856	9022	58.5274	138419	80.6912	111574	100	0.991	064	005	Between	Animal	Environment
P2064	S1053	na	NZ_CP019267.1	4740860	2386369	50.3362	2380857	99.769	2378548	99.903	5512	0.231	2384011	99.9012	8249	0.3457	5891	71.4147	604	7.3221	4275	51.8245	3031	36.7438	52536	82.2579	68249	86.7236	0.9882	064	053	Between	Animal	Environment
P2064	S1081	na	NZ_CP019267.1	4740860	3763170	79.3774	3753257	99.7366	3751327	99.9486	9913	0.2634	3761189	99.9474	12371	0.3287	10390	83.9867	1091	8.819	4920	39.7704	5864	47.4012	52536	100	95860	55.6729	0.9849	064	081	Between	Animal	Environment
P2064	S1085	na	NZ_CP019245.1	4729175	1588047	33.5798	1583210	99.6954	1581303	99.8795	4837	0.3046	1586097	99.8772	7705	0.4852	5755	74.6918	1079	14.0039	4330	56.1973	1748	22.6866	138419	70.7287	96818	90.4925	0.9871	064	085	Between	Animal	Environment
P2064	S1099	na	NZ_CP019267.1	4740860	3246835	68.4862	3239010	99.759	3237851	99.9642	7825	0.241	3245638	99.9631	9514	0.293	8317	87.4185	977	10.2691	5026	52.8274	3130	32.8989	52536	52.2023	68264	49.2925	0.986	064	099	Between	Animal	Environment
P2064	S1109	na	NZ_CP019245.1	4729175	1837517	38.8549	1826778	99.4156	1823575	99.8247	10739	0.5844	1834242	99.8218	15198	0.8271	11923	78.4511	1390	9.1459	4841	31.8529	8373	55.0928	138419	96.2556	124172	93.1675	0.9914	064	109	Between	Animal	Environment
P2064	S1119	na	NZ_CP019245.1	4729175	2547230	53.862	2538805	99.6692	2535390	99.8655	8425	0.3308	2543754	99.8635	13463	0.5285	9987	74.1811	1657	12.3078	5284	39.2483	5572	41.3875	138419	89.3996	186956	82.9757	0.9815	064	119	Between	Animal	Environment
P2066	P2068	na	NZ_AP025205.2	4563699	1979899	43.3836	1975078	99.7565	1973402	99.9151	4821	0.2435	1978179	99.9131	6869	0.3469	5149	74.96	622	9.0552	2465	35.8859	3426	49.8763	68069	100	82034	65.212	0.9902	066	068	Between	Animal	Animal
P2066	P3031	na	NZ_LR134231.1	4594692	268373	5.8409	266630	99.3505	265205	99.4656	1743	0.6495	266921	99.459	3648	1.3593	2196	60.1974	585	16.0362	1231	33.7445	1601	43.8871	53230	67.306	65131	54.9876	0.9897	066	031	Between	Animal	Animal
P2066	P3066	na	NZ_CP074407.1	4928781	2228647	45.217	2223821	99.7835	2223045	99.9651	4826	0.2165	2227855	99.9645	7628	0.3423	6836	89.6172	2822	36.9953	2120	27.7923	1917	25.1311	154472	86.9439	138694	93.601	0.9929	066	066	Within	Animal	Animal
P2066	P3092	na	NZ_LR134231.1	4594692	1991110	43.335	1981615	99.5231	1979416	99.889	9495	0.4769	1988875	99.8878	12037	0.6045	9802	81.4323	640	5.3169	2583	21.4588	8192	68.0568	53230	77.2515	41192	100	0.9972	066	092	Between	Animal	Animal
P2066	S1019	na	NZ_LR134231.1	4594692	1387738	30.2031	1386086	99.881	1383826	99.837	1652	0.119	1385454	99.8354	4284	0.3087	2000	46.6853	399	9.3137	1548	36.1345	2206	51.4939	53230	90.0545	65915	73.1396	0.9949	066	019	Between	Animal	Environment
P2066	S1030	na	NZ_LR134231.1	4594692	1942919	42.2862	1940160	99.858	1937300	99.8526	2759	0.142	1940027	99.8512	6311	0.3248	3419	54.1752	874	13.8488	1903	30.1537	3240	51.3389	53230	77.2515	67621	60.6084	0.9914	066	030	Between	Animal	Environment
P2066	W1110	na	NZ_LR134231.1	4594692	2572142	55.9807	2570851	99.9498	2566450	99.8288	1291	0.0502	2567719	99.828	6278	0.2441	1855	29.5476	596	9.4935	3175	50.5734	2324	37.0182	53230	55.5439	82294	34.7	0.9826	066	110	Between	Animal	Environment
P2068	P2076	na	NZ_CP101274.1	4892441	2326216	47.5471	2319518	99.7121	2315586	99.8305	6698	0.2879	2322261	99.83	11519	0.4952	7564	65.6654	914	7.9347	8894	77.2116	1516	13.1609	24258	61.8518	150216	23.2292	0.9704	068	076	Between	Animal	Animal
P2068	P3092	na	NZ_CP101274.1	4892441	2294930	46.9077	2277501	99.2405	2274287	99.8589	17429	0.7595	2291659	99.8575	21294	0.9279	18023	84.6389	1292	6.0674	9141	42.9276	10217	47.9807	24258	29.1986	63328	15.8382	0.9844	068	092	Between	Animal	Animal
P2068	S1066	na	NZ_CP101274.1	4892441	1672229	34.1799	1660802	99.3167	1657382	99.7941	11427	0.6833	1668760	99.7926	15519	0.928	12050	77.6468	977	6.2955	7396	47.6577	6803	43.8366	24258	61.8518	49366	44.0749	0.9911	068	066	Between	Animal	Environment
P2068	S1083	na	NZ_CP056073.1	4712822	1380153	29.2851	1375198	99.641	1368842	99.5378	4955	0.359	1373749	99.536	12088	0.8758	5684	47.0218	1078	8.9179	7270	60.1423	3181	26.3154	96119	53.4369	81435	66.2442	0.983	068	083	Between	Animal	Environment
P2069	P2092	na	NZ_CP019267.1	4740860	2877829	60.7027	2864689	99.5434	2862399	99.9201	13140	0.4566	2875499	99.919	16050	0.5577	13720	85.4829	1243	7.7445	8998	56.0623	5420	33.7695	91008	74.622	96103	70.106	0.9852	069	092	Between	Animal	Animal
P2069	P3011	na	NZ_CP019267.1	4740860	2955645	62.3441	2942249	99.5468	2940588	99.9435	13396	0.4532	2953949	99.9426	15737	0.5324	14041	89.2229	1707	10.847	9161	58.2131	4493	28.5505	91008	90.2932	81029	100	0.9937	069	011	Between	Animal	Animal
P2069	P3051	na	NZ_CP055024.1	4564917	1404756	30.7729	1391118	99.0292	1389028	99.8498	13638	0.9708	1402604	99.8468	16608	1.1823	14456	87.0424	1978	11.9099	6325	38.0841	7571	45.5865	38445	49.247	36992	52.8439	0.9917	069	051	Between	Animal	Animal
P2069	P3060	na	NZ_CP019267.1	4740860	1861124	39.2571	1852109	99.5156	1850975	99.9388	9015	0.4844	1859967	99.9378	10501	0.5642	9344	88.982	769	7.3231	6124	58.3183	3351	31.9112	91008	74.622	127461	65.3102	0.9802	069	060	Between	Animal	Animal
P2069	P3068	na	NZ_CP019267.1	4740860	2896116	61.0884	2887034	99.6864	2884244	99.9034	9082	0.3136	2893281	99.9021	12649	0.4368	9814	77.5872	865	6.8385	8717	68.9145	2490	19.6854	91008	90.2932	154052	66.0206	0.9812	069	068	Between	Animal	Animal
P2069	S1021	na	NZ_CP024147.1	4639454	2221875	47.8909	2216388	99.753	2212061	99.8048	5487	0.247	2217524	99.8042	10913	0.4912	6562	60.1301	1220	11.1793	6366	58.3341	3015	27.6276	185009	82.1717	194310	81.5141	0.9829	069	021	Between	Animal	Environment
P2069	S1053	na	NZ_CP019267.1	4740860	1981346	41.793	1973144	99.586	1971114	99.8971	8202	0.414	1979277	99.8956	10825	0.5463	8756	80.8868	783	7.2333	7560	69.8383	2219	20.4988	91008	90.2932	68249	100	0.995	069	053	Between	Animal	Environment
P2069	S1062	na	NZ_CP020058.1	4595238	2247853	48.917	2237530	99.5408	2234323	99.8567	10323	0.4592	2244603	99.8554	13825	0.615	10575	76.4919	301	2.1772	12408	89.7505	970	7.0163	16893	100	75981	53.695	0.9871	069	062	Between	Animal	Environment
P2069	S1081	na	NZ_CP019267.1	4740860	2958120	62.3963	2945362	99.5687	2943787	99.9465	12758	0.4313	2956507	99.9455	15087	0.51	13474	89.3087	1401	9.2861	8819	58.4543	4319	28.6273	91008	74.622	95860	83.2266	0.9867	069	081	Between	Animal	Environment
P2069	S1099	na	NZ_CP019267.1	4740860	2532339	53.4152	2521524	99.5729	2519990	99.9392	10815	0.4271	2530772	99.9381	12917	0.5101	11350	87.8687	996	7.7108	9007	69.7298	2531	19.5943	91008	53.992	68264	70.5863	0.9853	069	099	Between	Animal	Environment
P2069	S1120	na	NZ_CP055024.1	4564917	1371268	30.0393	1361968	99.3218	1359453	99.8153	9300	0.6782	1368699	99.8127	12187	0.8887	9618	78.9202	892	7.3193	7853	64.4375	2972	24.3866	38445	78.6422	59607	51.4923	0.9917	069	120	Between	Animal	Environment
P2071	P3051	na	NZ_CP055184.1	4757418	1971688	41.4445	1955512	99.1796	1950351	99.7361	16176	0.8204	1966461	99.7349	22423	1.1372	17196	76.6891	2290	10.2127	8876	39.5844	10128	45.1679	100107	39.1381	61381	63.8259	0.9824	071	051	Between	Animal	Animal
P2071	S1066	na	NZ_CP055184.1	4757418	1852632	38.942	1841516	99.4	1836425	99.7235	11116	0.6	1847471	99.7214	17488	0.944	12327	70.4883	1704	9.7438	8758	50.0801	6171	35.2871	100107	87.5164	69047	100	0.9934	071	066	Between	Animal	Environment
P2071	W1084	na	NZ_CP010242.1	4740150	2008219	42.3661	2001764	99.6786	1988020	99.3134	6455	0.3214	1994408	99.3123	23407	1.1656	9596	40.9963	3300	14.0983	8882	37.9459	10130	43.2777	64628	13.6984	45031	19.6154	0.9806	071	084	Between	Animal	Environment
P2075	P2092	na	NZ_CP019245.1	4729175	2481325	52.4685	2473216	99.6732	2470872	99.9052	8109	0.3268	2478946	99.9041	11684	0.4709	9305	79.6388	1478	12.6498	2876	24.6149	6348	54.3307	216190	52.0723	77347	90.4831	0.967	075	092	Between	Animal	Animal
P2075	P3038	na	NZ_LR778148.1	4729401	2701767	57.127	2683326	99.3174	2680680	99.9014	18441	0.6826	2699055	99.8996	21693	0.8029	18981	87.4983	1112	5.1261	3626	16.7151	16451	75.8355	33293	26.0806	20261	43.68	0.9923	075	038	Between	Animal	Animal
P2075	S1005	na	NZ_CP019245.1	4729175	2806787	59.3505	2794842	99.5744	2793249	99.943	11945	0.4256	2805180	99.9427	15873	0.5655	14266	89.8759	2733	17.2179	1766	11.1258	10199	64.2538	216190	55.0289	111574	100	0.9773	075	005	Between	Animal	Environment
P2075	S1085	na	NZ_CP019245.1	4729175	2027672	42.8758	2025720	99.9037	2024711	99.9502	1952	0.0963	2026650	99.9496	4746	0.2341	3724	78.4661	1860	39.1909	1564	32.9541	977	20.5858	216190	50.1661	96818	100	0.9742	075	085	Between	Animal	Environment
P2075	S1109	na	NZ_CP019245.1	4729175	2408835	50.9356	2399576	99.6156	2396903	99.8886	9259	0.3844	2406111	99.8869	14110	0.5858	11386	80.6945	2250	15.9461	1997	14.1531	9598	68.0227	216190	58.234	124172	82.4936	0.9702	075	109	Between	Animal	Environment
P2075	S1119	na	NZ_CP019245.1	4729175	3850794	81.4263	3842555	99.786	3839878	99.9303	8239	0.214	3848083	99.9296	15732	0.4085	13021	82.7676	4857	30.8734	2606	16.565	7919	50.3369	216190	86.4906	186956	100	0.992	075	119	Between	Animal	Environment
P2076	P3092	na	NZ_CP101274.1	4892441	3351004	68.4935	3336408	99.5644	3333671	99.918	14596	0.4356	3348227	99.9171	18122	0.5408	15345	84.6761	837	4.6187	2610	14.4024	13962	77.0445	150216	45.3041	63328	73.533	0.974	076	092	Between	Animal	Animal
P2076	S1066	na	NZ_CP101274.1	4892441	2716616	55.5268	2707123	99.6506	2704083	99.8877	9493	0.3494	2713533	99.8865	13609	0.501	10526	77.3459	1141	8.3842	2159	15.8645	9926	72.937	150216	52.1356	49366	100	0.9789	076	066	Between	Animal	Environment
P2080	P3069	na	NZ_AP022177.1	4733200	4152662	87.7348	4151836	99.9801	4149325	99.9395	826	0.0199	4150148	99.9395	5687	0.1369	3173	55.7939	2492	43.8192	1423	25.022	1563	27.4837	115306	65.8595	106550	69.4772	0.9839	080	069	Between	Animal	Animal
P2080	P3080	na	NZ_AP022177.1	4733200	2617361	55.2979	2613472	99.8514	2612875	99.9772	3889	0.1486	2616762	99.9771	6012	0.2297	5413	90.0366	1639	27.2621	548	9.1151	3399	56.5369	115306	72.7152	81417	100	0.9926	080	080	Within	Animal	Animal
P2085	P2099	na	NZ_CP051765.1	4765874	1355481	28.4414	1347953	99.4446	1338451	99.2951	7528	0.5554	1345905	99.2935	19489	1.4378	9913	50.8646	2529	12.9766	5416	27.79	10200	52.3372	57275	48.763	146165	17.5596	0.9679	085	099	Between	Animal	Animal
P2085	P2120	na	NZ_CP062901.1	4817187	1382813	28.7058	1380284	99.8171	1370227	99.2714	2529	0.1829	1372722	99.2703	12964	0.9375	2873	22.1614	432	3.3323	9993	77.0827	1982	15.2885	106619	37.4886	16546	100	0.9812	085	120	Between	Animal	Animal
P2085	P3004	na	NZ_CP029492.1	4423666	1355727	30.6471	1348970	99.5016	1343973	99.6296	6757	0.4984	1350707	99.6297	12997	0.9587	7977	61.3757	1504	11.5719	5737	44.141	5385	41.4326	68377	73.5379	61016	85.9135	0.9907	085	004	Between	Animal	Animal
P2085	S1034	na	NZ_CP051765.1	4765874	1605181	33.6807	1601269	99.7563	1585510	99.0158	3912	0.2437	1589374	99.0153	23589	1.4696	7782	32.99	3958	16.779	5968	25.2999	13123	55.6319	57275	60.4016	87945	38.3592	0.9836	085	034	Between	Animal	Environment
P2090	P2108	na	NZ_CP060073.1	4672168	2019984	43.2344	2018495	99.9263	2014355	99.7949	1489	0.0737	2015813	99.7935	6521	0.3228	2350	36.0374	908	13.9242	2381	36.5128	2962	45.4225	66376	74.8945	218723	28.9275	0.9596	090	108	Between	Animal	Animal
P2090	P2109	na	NZ_CP073981.1	4774884	1439915	30.156	1433446	99.5507	1431590	99.8705	6469	0.4493	1438011	99.8678	8995	0.6247	7091	78.8327	1071	11.9066	4504	50.0723	2884	32.0623	130871	48.479	97422	61.677	0.9727	090	109	Between	Animal	Animal
P2090	P3005	na	NZ_CP007390.1	4807977	1091427	22.7003	1089104	99.7872	1085888	99.7047	2323	0.2128	1088179	99.7024	6112	0.56	2864	46.8586	716	11.7147	2443	39.9705	2760	45.1571	140086	79.9023	115952	92.6297	0.9912	090	005	Between	Animal	Animal
P2090	P3034	na	NZ_CP060073.1	4672168	2001080	42.8298	1999450	99.9185	1994170	99.7359	1630	0.0815	1995771	99.7347	8084	0.404	2775	34.3271	1187	14.6833	2180	26.9668	4442	54.948	66376	83.8119	244440	25.9904	0.9555	090	034	Between	Animal	Animal
P2090	S1024	na	NZ_CP010238.1	4797106	379212	7.905	374803	98.8373	373303	99.5998	4409	1.1627	377677	99.5952	7560	1.9936	6025	79.6958	2881	38.1085	2719	35.9656	1432	18.9418	61145	27.6049	15053	100	0.9904	090	024	Between	Animal	Environment
P2090	S1024	na	NZ_CP073981.1	4774884	1308218	27.3979	1301289	99.4703	1299868	99.8908	6929	0.5297	1306765	99.8889	9203	0.7035	7750	84.2117	1490	16.1904	3813	41.4321	3096	33.6412	130871	48.3835	66108	92.0282	0.9831	090	024	Between	Animal	Environment
P2090	S1068	na	NZ_CP007390.1	4807977	519125	10.7972	514585	99.1255	510988	99.301	4540	0.8745	515489	99.2996	8413	1.6206	4777	56.7812	414	4.921	1465	17.4135	6288	74.7415	140086	66.3507	62314	91.0598	0.9813	090	068	Between	Animal	Environment
P2090	S1108	na	NZ_CP060073.1	4672168	2066801	44.2364	2064109	99.8698	2061316	99.8647	2692	0.1302	2063990	99.864	5810	0.2811	2999	51.6179	372	6.4028	3637	62.599	1696	29.191	66376	30.9826	20562	100	0.9902	090	108	Between	Animal	Environment
P2090	W1081	na	NZ_CP073981.1	4774884	1475566	30.9027	1466341	99.3748	1464119	99.8485	9225	0.6252	1473284	99.8453	12028	0.8151	9746	81.0276	1004	8.3472	4502	37.4293	6039	50.2078	130871	52.6488	65414	100	0.9816	090	081	Between	Animal	Environment
P2090	W1098	na	NZ_CP007390.1	4807977	1156751	24.059	1153760	99.7414	1150964	99.7577	2991	0.2586	1153913	99.7547	6244	0.5398	3406	54.5484	662	10.6022	2426	38.8533	2784	44.5868	140086	80.8539	145896	78.4531	0.9818	090	098	Between	Animal	Environment
P2092	P3011	na	NZ_CP019267.1	4740860	3696457	77.9702	3685223	99.6961	3682636	99.9298	11234	0.3039	3693820	99.9287	14386	0.3892	11749	81.6697	1055	7.3335	6965	48.4151	5924	41.1789	96103	70.106	81029	85.6052	0.9897	092	011	Between	Animal	Animal
P2092	P3060	na	NZ_CP019267.1	4740860	2206827	46.5491	2199271	99.6576	2197089	99.9008	7556	0.3424	2204606	99.8994	10102	0.4578	7881	78.0143	625	6.1869	4830	47.8123	4352	43.0806	96103	100	127461	91.548	0.9915	092	060	Between	Animal	Animal
P2092	P3068	na	NZ_CP019267.1	4740860	3609632	76.1388	3603853	99.8399	3599603	99.8821	5779	0.1601	3605332	99.8809	10863	0.3009	6563	60.4161	876	8.0641	6263	57.6544	3289	30.2771	96103	94.4799	154052	68.3016	0.9787	092	068	Between	Animal	Animal
P2092	S1005	na	NZ_CP019245.1	4729175	2152413	45.5135	2138470	99.3522	2136289	99.898	13943	0.6478	2150204	99.8974	17260	0.8019	15051	87.2016	1905	11.0371	5536	32.0742	9042	52.387	77347	90.4831	111574	87.8233	0.9891	092	005	Between	Animal	Environment
P2092	S1053	na	NZ_CP019267.1	4740860	2357346	49.724	2351533	99.7534	2348342	99.8643	5813	0.2466	2354100	99.8623	9461	0.4013	6215	65.6907	623	6.5849	5735	60.6173	2820	29.8066	96103	70.106	68249	86.7236	0.9871	092	053	Between	Animal	Environment
P2092	S1081	na	NZ_CP019267.1	4740860	3714166	78.3437	3704364	99.7361	3701209	99.9148	9802	0.2639	3710944	99.9133	13590	0.3659	10368	76.2914	1065	7.8366	6659	48.9993	5453	40.1251	96103	84.1306	95860	90.5727	0.9863	092	081	Between	Animal	Environment
P2092	S1085	na	NZ_CP019245.1	4729175	1567267	33.1404	1561301	99.6193	1559754	99.9009	5966	0.3807	1565685	99.8991	8419	0.5372	6837	81.2092	1076	12.7806	5310	63.0716	1496	17.7693	77347	65.2734	96818	83.9276	0.9843	092	085	Between	Animal	Environment
P2092	S1099	na	NZ_CP019267.1	4740860	3188046	67.2462	3179810	99.7417	3177506	99.9275	8236	0.2583	3185686	99.926	11100	0.3482	8740	78.7387	975	8.7838	6651	59.9189	3068	27.6396	96103	69.3246	68264	91.7321	0.9874	092	099	Between	Animal	Environment
P2092	S1109	na	NZ_CP019245.1	4729175	1787564	37.7986	1775938	99.3496	1773058	99.8378	11626	0.6504	1784628	99.8358	15634	0.8746	12698	81.2204	1268	8.1105	5815	37.1946	7881	50.4094	77347	100	124172	77.6995	0.9789	092	109	Between	Animal	Environment
P2092	S1119	na	NZ_CP019245.1	4729175	2503287	52.9328	2493027	99.5901	2489374	99.8535	10260	0.4099	2499581	99.852	15447	0.6171	11741	76.0083	1596	10.3321	6888	44.5912	5818	37.6643	77347	90.4831	186956	53.5565	0.9721	092	119	Between	Animal	Environment
P2093	P3053	na	NZ_CP014641.1	4165587	2062363	49.5095	2059372	99.855	2056928	99.8813	2991	0.145	2059897	99.8804	6375	0.3091	3909	61.3176	1030	16.1569	1725	27.0588	3420	53.6471	12309	0	33076	0	0.9891	093	053	Between	Animal	Animal
P2093	P3093	na	NZ_CP055194.1	4861987	1809751	37.2225	1806075	99.7969	1805902	99.9904	3676	0.2031	1809577	99.9904	7203	0.398	7029	97.5843	4657	64.6536	619	8.5936	1619	22.4767	102834	100	284377	38.7844	0.9611	093	093	Within	Animal	Animal
P2093	P3093	na	NZ_CP014641.1	4165587	2384994	57.2547	2383542	99.9391	2383508	99.9986	1452	0.0609	2384960	99.9986	3742	0.1569	3708	99.0914	2630	70.2833	682	18.2255	320	8.5516	12309	100	12263	100	1	093	093	Within	Animal	Animal
P2099	S1034	na	NZ_CP051765.1	4765874	2345502	49.2145	2331436	99.4003	2319456	99.4862	14066	0.5997	2333435	99.4855	33537	1.4298	21470	64.0188	8182	24.3969	9396	28.0168	11498	34.2845	146165	41.9471	87945	75.902	0.9745	099	034	Between	Animal	Environment
P2103	P3053	na	NZ_CP080233.1	5029591	3695257	73.4703	3690746	99.8779	3689477	99.9656	4511	0.1221	3693966	99.9651	17392	0.4707	16101	92.577	11839	68.0715	1549	8.9064	2848	16.3753	278685	81.9509	266217	93.1706	0.9787	103	053	Between	Animal	Animal
P2104	S1004	na	NZ_CP090456.1	4801759	1775240	36.9706	1768243	99.6059	1765419	99.8403	6997	0.3941	1772377	99.8387	10572	0.5955	7709	72.919	1145	10.8305	3189	30.1646	5579	52.7715	192396	69.6106	146230	92.4639	0.9826	104	004	Between	Animal	Environment
P2108	P3034	na	NZ_CP060073.1	4672168	4016430	85.965	4015972	99.9886	4008713	99.8192	458	0.0114	4009164	99.8191	9869	0.2457	2603	26.3755	2251	22.8088	2446	24.7847	5202	52.7105	218723	65.0997	244440	55.0724	0.9554	108	034	Between	Animal	Animal
P2108	S1108	na	NZ_CP060073.1	4672168	3968234	84.9335	3965183	99.9231	3960522	99.8825	3051	0.0769	3963567	99.8824	8079	0.2036	3412	42.2329	435	5.3843	4503	55.7371	2917	36.106	218723	6.9325	20562	71.2285	0.9549	108	108	Within	Animal	Environment
P2109	S1024	na	NZ_CP073981.1	4774884	1571769	32.9174	1565693	99.6134	1563341	99.8498	6076	0.3866	1569369	99.8473	9383	0.597	6983	74.4218	1341	14.2918	3375	35.9693	4234	45.1242	97422	61.677	66108	92.1885	0.9878	109	024	Between	Animal	Environment
P2109	S1111	na	NZ_AP023286.1	4694979	976364	20.7959	973485	99.7051	967078	99.3418	2879	0.2949	969918	99.3398	10309	1.0559	3863	37.4721	1117	10.8352	2937	28.4897	5877	57.0084	105187	72.3635	200131	44.1371	0.9667	109	111	Between	Animal	Environment
P2109	W1081	na	NZ_CP073981.1	4774884	1910583	40.0132	1901061	99.5016	1898767	99.8793	9522	0.4984	1908227	99.8767	12813	0.6706	10457	81.6124	1358	10.5986	3289	25.6692	7460	58.2221	97422	61.677	65414	100	0.9863	109	081	Between	Animal	Environment
P2110	P3053	na	NZ_CP100500.1	5559392	103023	1.8531	102197	99.1982	100241	98.086	826	0.8018	101041	98.0762	3936	3.8205	1954	49.6443	1183	30.0559	1021	25.94	1473	37.4238	183934	70.3589	476908	27.8941	0.9216	110	053	Between	Animal	Animal
P2110	S1110	na	NZ_CP096837.1	4837912	3453950	71.3934	3428496	99.263	3426860	99.9523	25454	0.737	3452284	99.9518	35039	1.0145	33373	95.2453	8250	23.5452	1278	3.6474	23852	68.0727	133967	67.2434	93187	94.0142	0.9866	110	110	Within	Animal	Environment
P2120	P3057	na	NZ_CP047876.1	4775730	1719055	35.9956	1712597	99.6243	1709752	99.8339	6458	0.3757	1716156	99.8314	10179	0.5921	7280	71.5198	1244	12.2212	5026	49.3762	3053	29.9931	29402	100	64251	67.7935	0.9927	120	057	Between	Animal	Animal
P2120	P3076	na	NZ_CP047876.1	4775730	1884650	39.4631	1876805	99.5837	1874970	99.9022	7845	0.4163	1882759	99.8997	10314	0.5473	8423	81.6657	1188	11.5183	4416	42.8156	4241	41.1189	29402	100	89446	32.3592	0.9839	120	076	Between	Animal	Animal
P2120	P3099	na	NZ_CP047876.1	4775730	2152402	45.0696	2144306	99.6239	2142660	99.9232	8096	0.3761	2150711	99.9214	10308	0.4789	8617	83.5953	993	9.6333	4910	47.6329	3935	38.1742	29402	100	86946	38.609	0.9869	120	099	Between	Animal	Animal
P2120	S1050	na	NZ_CP047876.1	4775730	1848451	38.7051	1818798	98.3958	1816553	99.8766	29653	1.6042	1846124	99.8741	32686	1.7683	30359	92.8807	1760	5.3846	4702	14.3854	25576	78.2476	29402	100	48337	57.0184	0.9952	120	050	Between	Animal	Environment
P2120	W1019	na	NZ_CP047876.1	4775730	1851538	38.7697	1845219	99.6587	1842859	99.8721	6319	0.3413	1849118	99.8693	9378	0.5065	6958	74.1949	1012	10.7912	4711	50.2346	3094	32.9921	29402	100	49147	46.4749	0.9903	120	019	Between	Animal	Environment
P2120	W1092	na	NZ_CP047876.1	4775730	2136363	44.7337	2121325	99.2961	2118221	99.8537	15038	0.7039	2133170	99.8505	19101	0.8941	15908	83.2836	1101	5.7641	5532	28.9618	11638	60.9287	29402	100	111255	34.3832	0.9826	120	092	Between	Animal	Environment
P3005	S1068	na	NZ_CP007390.1	4807977	812501	16.899	806961	99.3182	802219	99.4124	5540	0.6818	807710	99.4103	10799	1.3291	6008	55.6348	654	6.0561	1986	18.3906	7931	73.442	115952	76.4075	62314	91.0598	0.9863	005	068	Between	Animal	Environment
P3005	W1098	na	NZ_CP007390.1	4807977	2116994	44.0309	2114178	99.867	2110850	99.8426	2816	0.133	2113615	99.8404	7613	0.3596	4234	55.6154	1644	21.5946	2596	34.0996	2863	37.6067	115952	88.9411	145896	66.7887	0.9851	005	098	Between	Animal	Environment
P3011	P3060	na	NZ_CP019267.1	4740860	2304795	48.6155	2296419	99.6366	2294981	99.9374	8376	0.3634	2303334	99.9366	10139	0.4399	8678	85.5903	909	8.9654	4360	43.0023	4556	44.9354	81029	85.6052	127461	65.3102	0.9842	011	060	Between	Animal	Animal
P3011	P3068	na	NZ_CP019267.1	4740860	3910439	82.4837	3903909	99.833	3900242	99.9061	6530	0.167	3906731	99.9052	10912	0.279	7204	66.0191	815	7.4688	5504	50.4399	3812	34.934	81029	100	154052	66.0206	0.98	011	068	Between	Animal	Animal
P3011	S1053	na	NZ_CP019267.1	4740860	2467061	52.0383	2460993	99.754	2459120	99.9239	6068	0.246	2465160	99.9229	8516	0.3452	6615	77.6773	839	9.852	4513	52.9944	2730	32.0573	81029	100	68249	100	0.9932	011	053	Between	Animal	Environment
P3011	S1081	na	NZ_CP019267.1	4740860	4028552	84.9751	4017105	99.7159	4014954	99.9465	11447	0.2841	4026356	99.9455	14269	0.3542	12073	84.61	1448	10.1479	5895	41.3133	6326	44.3339	81029	85.6052	95860	83.2266	0.9865	011	081	Between	Animal	Environment
P3011	S1099	na	NZ_CP019267.1	4740860	3435539	72.4666	3426469	99.736	3424920	99.9548	9070	0.264	3433955	99.9539	11218	0.3265	9634	85.8798	1222	10.8932	6202	55.2861	3381	30.1391	81029	79.3136	68264	70.5863	0.9861	011	099	Between	Animal	Environment
P3011	S1103	na	NZ_CP010143.1	4821305	1664902	34.5322	1653588	99.3204	1649300	99.7407	11314	0.6796	1660573	99.74	16701	1.0031	12372	74.0794	1683	10.0772	8933	53.4878	5178	31.0041	125060	55.4638	80930	100	0.9826	011	103	Between	Animal	Environment
P3031	P3092	na	NZ_LR134231.1	4594692	314522	6.8453	310018	98.568	308457	99.4965	4504	1.432	312927	99.4929	6392	2.0323	4797	75.0469	641	10.0282	2012	31.4768	3214	50.2816	65131	54.9876	41192	86.8518	0.9924	031	092	Between	Animal	Animal
P3031	S1019	na	NZ_LR134231.1	4594692	207769	4.5219	206248	99.2679	204469	99.1374	1521	0.7321	205979	99.1385	3578	1.7221	1788	49.9721	357	9.9776	1803	50.3913	1293	36.1375	65131	87.605	65915	81.5869	0.9947	031	019	Between	Animal	Environment
P3031	S1030	na	NZ_LR134231.1	4594692	279830	6.0903	277470	99.1566	275409	99.2572	2360	0.8434	277742	99.2538	4968	1.7754	2880	57.971	666	13.4058	1861	37.4597	2121	42.6932	65131	87.605	67621	78.4845	0.9941	031	030	Between	Animal	Environment
P3031	S1064	na	NZ_LR134296.1	4693367	651163	13.8741	648078	99.5262	646842	99.8093	3085	0.4738	649894	99.8051	5221	0.8018	3952	75.6943	1137	21.7774	1829	35.0316	1786	34.208	67007	46.8951	24561	100	0.9909	031	064	Between	Animal	Environment
P3031	W1110	na	NZ_LR134231.1	4594692	362026	7.8792	360656	99.6216	357569	99.1441	1370	0.3784	358922	99.1426	5010	1.3839	1906	38.0439	564	11.2575	2502	49.9401	1709	34.1118	65131	49.6676	82294	40.2083	0.9813	031	110	Between	Animal	Environment
P3034	S1108	na	NZ_CP060073.1	4672168	3937424	84.274	3934519	99.9262	3926719	99.8018	2905	0.0738	3929605	99.8014	11197	0.2844	3378	30.1688	547	4.8852	7438	66.4285	3136	28.0075	244440	8.6242	20562	100	0.9519	034	108	Between	Animal	Environment
P3038	P3069	na	NZ_CP080260.1	5366039	1317588	24.5542	1316469	99.9151	1297800	98.5819	1119	0.0849	1298901	98.5817	26688	2.0255	8001	29.9798	6924	25.9442	11062	41.4493	8648	32.4041	127130	65.3819	451731	19.6334	0.9162	038	069	Between	Animal	Animal
P3038	P3071	na	NZ_CP080260.1	5366039	2921124	54.4372	2912601	99.7082	2873199	98.6472	8523	0.2918	2881619	98.6476	49355	1.6896	9850	19.9575	1724	3.4931	40703	82.4699	5591	11.3281	127130	58.0744	193394	40.8761	0.9672	038	071	Between	Animal	Animal
P3038	P3099	na	NZ_CP080260.1	5366039	2707311	50.4527	2701078	99.7698	2698173	99.8925	6233	0.2302	2704375	99.8916	37041	1.3682	34105	92.0736	28396	76.661	3246	8.7633	3924	10.5937	127130	66.292	101876	85.5393	0.9881	038	099	Between	Animal	Animal
P3038	P3109	na	NZ_LR134295.1	4722738	1144752	24.2392	1130412	98.7473	1124305	99.4598	14340	1.2527	1138542	99.4575	21194	1.8514	14984	70.6993	1661	7.8371	8726	41.172	9236	43.5784	104521	24.6974	48270	52.2105	0.9769	038	109	Between	Animal	Animal
P3050	S1030	na	NZ_CP076282.1	4831855	2701889	55.9183	2695186	99.7519	2692977	99.918	6703	0.2481	2699643	99.9169	11012	0.4076	8766	79.6041	2779	25.2361	3149	28.5961	4205	38.1856	59660	24.7972	14893	100	0.9907	050	030	Between	Animal	Environment
P3050	S1071	na	NZ_LR881940.1	4658204	851090	18.2708	845001	99.2846	842606	99.7166	6089	0.7154	848673	99.716	8791	1.0329	6374	72.506	495	5.6308	1533	17.4383	6610	75.1905	133839	20.8355	38853	70.3189	0.9745	050	071	Between	Animal	Environment
P3050	W1055	na	NZ_CP076282.1	4831855	2277117	47.1272	2260718	99.2798	2258994	99.9237	16399	0.7202	2275365	99.9231	19971	0.877	18219	91.2273	2392	11.9774	2436	12.1977	14392	72.0645	59660	87.9484	79884	81.4619	0.9924	050	055	Between	Animal	Environment
P3051	S1066	na	NZ_CP055184.1	4757418	2273996	47.799	2260317	99.3985	2253848	99.7138	13679	0.6015	2267428	99.7112	22159	0.9745	15591	70.3597	2418	10.912	11328	51.1214	7434	33.5484	61381	63.8259	69047	56.757	0.989	051	066	Between	Animal	Environment
P3051	S1120	na	NZ_CP055024.1	4564917	1051846	23.042	1043202	99.1782	1040350	99.7266	8644	0.8218	1048949	99.7246	11805	1.1223	8908	75.4596	745	6.3109	7739	65.557	2829	23.9644	36992	100	59607	72.4831	0.9947	051	120	Between	Animal	Environment
P3053	P3093	na	NZ_CP014641.1	4165587	3098331	74.3792	3095004	99.8926	3091376	99.8828	3327	0.1074	3094675	99.882	8442	0.2725	4786	56.6927	1567	18.562	4433	52.5113	2258	26.7472	33076	0	12263	0	0.9891	053	093	Between	Animal	Animal
P3057	P3076	na	NZ_CP047876.1	4775730	2240981	46.9244	2236385	99.7949	2233702	99.88	4596	0.2051	2238250	99.8781	8433	0.3763	5702	67.6153	1281	15.1903	2414	28.6256	4272	50.6581	64251	100	89446	62.4567	0.9899	057	076	Between	Animal	Animal
P3057	P3099	na	NZ_CP047876.1	4775730	2697738	56.4885	2693445	99.8409	2690736	99.8994	4293	0.1591	2694986	99.898	7911	0.2932	5159	65.213	1037	13.1083	2737	34.5974	3414	43.1551	64251	90.7908	86946	55.6	0.9885	057	099	Between	Animal	Animal
P3057	P3108	na	NZ_CP078137.1	4747607	3022944	63.673	3019197	99.876	3017181	99.9332	3747	0.124	3020882	99.9318	6023	0.1992	3961	65.7646	454	7.5378	2819	46.8039	2228	36.9915	62227	79.705	124716	59.3805	0.9789	057	108	Between	Animal	Animal
P3057	S1050	na	NZ_CP047876.1	4775730	2139133	44.7917	2110545	98.6636	2106946	99.8295	28588	1.3364	2135441	99.8274	33417	1.5622	29725	88.9517	1519	4.5456	2793	8.358	28478	85.2201	64251	90.7908	48337	100	0.9966	057	050	Between	Animal	Environment
P3057	W1019	na	NZ_CP047876.1	4775730	2296136	48.0793	2293600	99.8896	2290480	99.864	2536	0.1104	2292971	99.8622	6896	0.3003	3731	54.1038	1411	20.4611	2408	34.9188	2838	41.1543	64251	90.7908	49147	72.5375	0.9911	057	019	Between	Animal	Environment
P3057	W1092	na	NZ_CP047876.1	4775730	2694792	56.4268	2682250	99.5346	2677579	99.8259	12542	0.4654	2690067	99.8247	18723	0.6948	13998	74.7637	1580	8.4388	3273	17.4812	13561	72.4296	64251	77.0027	111255	40.0764	0.9816	057	092	Between	Animal	Environment
P3060	P3068	na	NZ_CP019267.1	4740860	2265291	47.7823	2260971	99.8093	2258195	99.8772	4320	0.1907	2262489	99.8763	7559	0.3337	4757	62.9316	518	6.8528	3920	51.8587	2635	34.8591	127461	92.4455	154052	76.9656	0.983	060	068	Between	Animal	Animal
P3060	S1053	na	NZ_CP019267.1	4740860	1697554	35.8069	1693121	99.7389	1691262	99.8902	4433	0.2611	1695672	99.8891	6592	0.3883	4710	71.4502	431	6.5382	3759	57.0237	2197	33.3283	127461	65.3102	68249	86.7236	0.9827	060	053	Between	Animal	Environment
P3060	S1081	na	NZ_CP019267.1	4740860	2346763	49.5008	2339007	99.6695	2337294	99.9268	7756	0.3305	2345007	99.9252	9907	0.4222	8151	82.2752	861	8.6908	4515	45.5738	4163	42.0208	127461	76.8737	95860	90.5727	0.9854	060	081	Between	Animal	Environment
P3060	S1099	na	NZ_CP019267.1	4740860	2138163	45.1007	2132119	99.7173	2130931	99.9443	6044	0.2827	2136952	99.9434	7585	0.3547	6374	84.0343	572	7.5412	4728	62.3336	2094	27.6071	127461	67.5399	68264	100	0.9852	060	099	Between	Animal	Environment
P3064	S1064	na	NZ_CP041302.1	4782773	1786858	37.3603	1784295	99.8566	1783617	99.962	2563	0.1434	1786175	99.9618	4230	0.2367	3547	83.8534	1107	26.1702	1502	35.5083	1248	29.5035	99916	67.5788	79423	81.8617	0.9895	064	064	Within	Animal	Environment
P3066	S1024	na	NZ_CP025849.1	4818782	345810	7.1763	342626	99.0793	340314	99.3252	3184	0.9207	343444	99.3158	6049	1.7492	3683	60.8861	818	13.5229	2976	49.1982	1934	31.9722	123507	24.4602	30447	100	0.9805	066	024	Between	Animal	Environment
P3068	S1053	na	NZ_CP019267.1	4740860	2426858	51.1902	2424735	99.9125	2421590	99.8703	2123	0.0875	2423690	99.8695	5930	0.2443	2762	46.5767	741	12.4958	2612	44.0472	2366	39.8988	154052	66.0206	68249	100	0.9812	068	053	Between	Animal	Environment
P3068	S1068	na	NZ_CP032992.1	4638901	1878650	40.4977	1877042	99.9144	1876943	99.9947	1608	0.0856	1878550	99.9947	1851	0.0985	1751	94.5975	200	10.805	1291	69.7461	313	16.9098	39364	50.8942	15313	100	0.9946	068	068	Within	Animal	Environment
P3068	S1081	na	NZ_CP019267.1	4740860	3939614	83.0991	3933900	99.855	3930548	99.9148	5714	0.145	3936207	99.9135	10331	0.2622	6924	67.0216	1386	13.4159	3202	30.9941	5045	48.8336	154052	62.0304	95860	90.5727	0.983	068	081	Between	Animal	Environment
P3068	S1099	na	NZ_CP019267.1	4740860	3366402	71.0083	3362787	99.8926	3359057	99.8891	3615	0.1074	3362643	99.8883	8093	0.2404	4334	53.5525	850	10.5029	3886	48.0168	2765	34.1653	154052	46.5531	68264	100	0.9809	068	099	Between	Animal	Environment
P3068	S1120	na	NZ_CP032992.1	4638901	1773623	38.2337	1771463	99.8782	1770077	99.9218	2160	0.1218	1772224	99.9211	3645	0.2055	2246	61.6187	144	3.9506	835	22.9081	2497	68.5048	39364	50.8942	59402	44.0675	0.9872	068	120	Between	Animal	Environment
P3069	P3071	na	NZ_CP080260.1	5366039	1314919	24.5045	1312795	99.8385	1296971	98.7946	2124	0.1615	1299074	98.795	18359	1.3962	2514	13.6936	434	2.364	15528	84.5798	2021	11.0082	451731	25.1586	193394	57.6993	0.9145	069	071	Between	Animal	Animal
P3069	P3080	na	NZ_AP022177.1	4733200	2603399	55.0029	2599635	99.8554	2598102	99.941	3764	0.1446	2601849	99.9405	6350	0.2439	4800	75.5906	1132	17.8268	1227	19.3228	3607	56.8031	106550	69.4772	81417	90.2748	0.9911	069	080	Between	Animal	Animal
P3069	P3099	na	NZ_CP080260.1	5366039	1230884	22.9384	1229407	99.88	1213825	98.7326	1477	0.12	1215284	98.7326	22556	1.8325	6956	30.8388	5521	24.4769	8609	38.1672	8302	36.8062	451731	19.4468	101876	72.5313	0.9177	069	099	Between	Animal	Animal
P3071	P3099	na	NZ_CP080260.1	5366039	2590753	48.2805	2582644	99.687	2555721	98.9575	8109	0.313	2563761	98.9581	35786	1.3813	8794	24.5739	1199	3.3505	4440	12.4071	29150	81.4564	193394	41.7428	101876	49.7458	0.963	071	099	Between	Animal	Animal
P3071	S1090	na	NZ_CP073949.1	4664121	921867	19.7651	911891	98.9178	908204	99.5957	9976	1.0822	918130	99.5946	14197	1.54	10460	73.6775	893	6.2901	4996	35.1905	7795	54.906	95600	23.7814	29714	77.9834	0.9824	071	090	Between	Animal	Environment
P3071	S1120	na	NZ_CP069709.1	4620143	1451701	31.4211	1446959	99.6733	1442767	99.7103	4742	0.3267	1447450	99.7072	9970	0.6868	5719	57.3621	1145	11.4845	4547	45.6068	3769	37.8034	72711	77.621	96368	51.6779	0.9831	071	120	Between	Animal	Environment
P3075	S1053	na	NZ_AP021896.1	4574715	2358242	51.5495	2353324	99.7915	2350922	99.8979	4918	0.2085	2355819	99.8973	8591	0.3643	6168	71.7961	1350	15.7141	1657	19.2876	5480	63.7877	88645	100	107549	85.8279	0.9957	075	053	Between	Animal	Environment
P3075	S1068	na	NZ_CP041416.1	4706415	894785	19.012	887664	99.2042	883130	99.4892	7121	0.7958	890217	99.4895	12773	1.4275	8205	64.2371	1243	9.7315	3137	24.5596	7671	60.0564	339868	28.2592	73184	100	0.9406	075	068	Between	Animal	Environment
P3076	P3099	na	NZ_CP047876.1	4775730	3083668	64.5696	3076181	99.7572	3074186	99.9351	7487	0.2428	3081645	99.9344	10322	0.3347	8299	80.4011	1229	11.9066	4842	46.9095	3593	34.8091	89446	86.4231	86946	93.9273	0.9938	076	099	Between	Animal	Animal
P3076	S1050	na	NZ_CP047876.1	4775730	2378968	49.8137	2346062	98.6168	2343233	99.8794	32906	1.3832	2376085	99.8788	36605	1.5387	33722	92.124	1671	4.565	4105	11.2143	30362	82.945	89446	48.8798	48337	100	0.9878	076	050	Between	Animal	Environment
P3076	W1019	na	NZ_CP047876.1	4775730	2540240	53.1906	2535036	99.7951	2533921	99.956	5204	0.2049	2539096	99.955	7597	0.2991	6453	84.9414	1440	18.9549	3666	48.2559	1961	25.8128	89446	48.8798	49147	72.5375	0.9858	076	019	Between	Animal	Environment
P3076	W1092	na	NZ_CP047876.1	4775730	3077358	64.4374	3059037	99.4047	3056335	99.9117	18321	0.5953	3074603	99.9105	22445	0.7294	19690	87.7256	1517	6.7587	4425	19.7149	15938	71.0091	89446	38.9922	111255	40.0764	0.9724	076	092	Between	Animal	Environment
P3092	S1019	na	NZ_LR134231.1	4594692	1457702	31.7258	1449494	99.4369	1448106	99.9042	8208	0.5631	1456285	99.9028	9983	0.6848	8566	85.8059	602	6.0303	6733	67.4447	2020	20.2344	41192	86.8518	65915	54.7265	0.9922	092	019	Between	Animal	Environment
P3092	S1030	na	NZ_LR134231.1	4594692	2029623	44.1732	2019071	99.4801	2016286	99.8621	10552	0.5199	2026801	99.861	13750	0.6775	10928	79.4764	795	5.7818	7973	57.9855	3933	28.6036	41192	100	67621	60.6084	0.9941	092	030	Between	Animal	Environment
P3092	S1066	na	NZ_CP101274.1	4892441	2393576	48.924	2375271	99.2352	2372838	99.8976	18305	0.7648	2391098	99.8965	21396	0.8939	18918	88.4184	1204	5.6272	10483	48.9951	9213	43.0595	63328	73.533	49366	78.8903	0.9919	092	066	Between	Animal	Environment
P3092	W1110	na	NZ_LR134231.1	4594692	2599645	56.5793	2588221	99.5606	2585946	99.9121	11424	0.4394	2597325	99.9108	14213	0.5467	11893	83.6769	552	3.8838	10445	73.4891	2265	15.9361	41192	72.014	82294	34.7	0.9854	092	110	Between	Animal	Environment
P3099	S1050	na	NZ_CP047876.1	4775730	2896620	60.6529	2856627	98.6193	2853793	99.9008	39993	1.3807	2893722	99.9	43594	1.505	40696	93.3523	1238	2.8398	3787	8.687	38072	87.3331	86946	55.6	48337	100	0.9917	099	050	Between	Animal	Environment
P3099	W1019	na	NZ_CP047876.1	4775730	3146306	65.8812	3141188	99.8373	3139045	99.9318	5118	0.1627	3144131	99.9309	8097	0.2573	5922	73.1382	1028	12.6961	3491	43.1147	3014	37.2237	86946	55.6	49147	72.5375	0.9862	099	019	Between	Animal	Environment
P3099	W1092	na	NZ_CP047876.1	4775730	4076586	85.3605	4051041	99.3734	4048367	99.934	25545	0.6266	4073864	99.9332	29357	0.7201	26635	90.7279	1239	4.2205	4198	14.2998	23372	79.613	86946	38.609	111255	34.3832	0.9724	099	092	Between	Animal	Environment
P3103	S1064	na	NZ_AP023197.1	4894769	2064220	42.172	2060866	99.8375	2052448	99.5915	3354	0.1625	2055779	99.5911	12631	0.6119	4190	33.1724	899	7.1174	3787	29.9818	7804	61.7845	123183	58.7362	113840	56.7419	0.9762	103	064	Between	Animal	Environment
P3104	S1093	na	NZ_CP010117.1	4809836	3381410	70.302	3376078	99.8423	3374971	99.9672	5332	0.1577	3380294	99.967	8636	0.2554	7520	87.0774	2264	26.2158	1398	16.1881	3630	42.0333	76016	65.4915	49794	100	0.9945	104	093	Between	Animal	Environment
P3109	S1068	na	NZ_CP057657.1	4584354	3480344	75.9179	3446363	99.0236	3429053	99.4977	33981	0.9764	3462852	99.4974	53312	1.5318	35820	67.1894	2735	5.1302	7519	14.1038	41533	77.9055	148493	30.5833	44431	83.5048	0.9734	109	068	Between	Animal	Environment
P3120	S1104	na	NZ_CP043414.1	5133009	2361904	46.014	2341292	99.1273	2335943	99.7715	20612	0.8727	2356510	99.7716	42863	1.8148	37469	87.4157	17939	41.8519	8509	19.8516	10366	24.184	221943	38.2855	131347	57.6085	0.9582	120	104	Between	Animal	Environment
S1005	S1085	na	NZ_CP019245.1	4729175	1599063	33.8127	1591470	99.5252	1589869	99.8994	7593	0.4748	1597437	99.8983	10402	0.6505	8776	84.3684	1344	12.9206	7110	68.3522	1322	12.7091	111574	82.3292	96818	90.4925	0.9898	005	085	Between	Environment	Environment
S1005	S1090	na	NZ_CP021726.1	5025115	2543694	50.6196	2523934	99.2232	2520841	99.8775	19760	0.7768	2540564	99.877	36396	1.4308	33266	91.4002	14515	39.8808	6070	16.6777	12236	33.6191	159693	50.7555	54132	83.5384	0.9734	005	090	Between	Environment	Environment
S1005	S1109	na	NZ_CP019245.1	4729175	1881598	39.787	1867707	99.2617	1864404	99.8232	13891	0.7383	1878221	99.8205	18686	0.9931	15309	81.9276	1680	8.9907	8145	43.5888	8214	43.958	111574	100	124172	76.6775	0.9871	005	109	Between	Environment	Environment
S1005	S1119	na	NZ_CP019245.1	4729175	2821971	59.6715	2807379	99.4829	2804458	99.896	14592	0.5171	2819003	99.8948	19999	0.7087	17031	85.1593	2557	12.7856	11112	55.5628	5139	25.6963	111574	100	186956	62.0205	0.9827	005	119	Between	Environment	Environment
S1019	S1030	na	NZ_LR134231.1	4594692	1515506	32.9838	1512687	99.814	1510047	99.8255	2819	0.186	1512838	99.824	6004	0.3962	3336	55.563	691	11.509	1891	31.4957	3162	52.6649	65915	81.5869	67621	78.4845	0.9924	019	030	Between	Environment	Environment
S1019	W1019	na	NZ_CP076276.1	4860798	2037099	41.9087	2030127	99.6577	2029459	99.9671	6972	0.3423	2036425	99.9669	10572	0.519	9898	93.6247	3531	33.3995	2068	19.5611	4557	43.1044	56347	100	62906	76.2407	0.9941	019	019	Within	Environment	Environment
S1019	W1055	na	NZ_AP022215.1	4814091	1659931	34.4807	1644955	99.0978	1641597	99.7959	14976	0.9022	1656528	99.795	19192	1.1562	15789	82.2687	1123	5.8514	2474	12.8908	15120	78.7828	52316	88.1509	123533	48.5433	0.9818	019	055	Between	Environment	Environment
S1019	W1110	na	NZ_LR134231.1	4594692	1876144	40.8329	1874567	99.9159	1871378	99.8299	1577	0.0841	1872937	99.8291	5173	0.2757	1966	38.005	418	8.0804	2450	47.3613	2175	42.0452	65915	37.2374	82294	28.1005	0.9777	019	110	Between	Environment	Environment
S1024	W1081	na	NZ_CP073981.1	4774884	1646291	34.4781	1636747	99.4203	1633958	99.8296	9544	0.5797	1643428	99.8261	13151	0.7988	10288	78.2298	1146	8.7142	4193	31.8835	7262	55.2201	66108	92.1885	65414	100	0.9937	024	081	Between	Environment	Environment
S1030	W1055	na	NZ_CP076282.1	4831855	2037802	42.1743	2021790	99.2143	2020001	99.9115	16012	0.7857	2035964	99.9098	19509	0.9574	17671	90.5787	2523	12.9325	3076	15.7671	12975	66.5078	14893	100	79884	17.5292	0.9861	030	055	Between	Environment	Environment
S1030	W1110	na	NZ_LR134231.1	4594692	2805765	61.0654	2803474	99.9183	2798719	99.8304	2291	0.0817	2800980	99.8295	7963	0.2838	3178	39.9096	924	11.6037	4683	58.8095	2092	26.2715	67621	57.4467	82294	49.8129	0.9835	030	110	Between	Environment	Environment
S1031	S1060	na	NZ_AP021933.1	4928821	3110906	63.1166	3106984	99.8739	3070394	98.8223	3922	0.1261	3074249	98.8217	41077	1.3204	4420	10.7603	653	1.5897	37767	91.942	2225	5.4167	228113	11.3825	49801	40.704	0.9516	031	060	Between	Environment	Environment
S1031	S1076	na	NZ_CP032986.1	4677021	1795376	38.3872	1786271	99.4929	1783162	99.826	9105	0.5071	1792231	99.8248	12442	0.693	9297	74.7227	475	3.8177	4472	35.9428	7049	56.6549	77821	35.2835	31299	65.7082	0.9853	031	076	Between	Environment	Environment
S1031	S1090	na	NZ_CP032986.1	4677021	1477947	31.6002	1465183	99.1364	1460507	99.6809	12764	0.8636	1473213	99.6797	17811	1.2051	13077	73.4209	623	3.4978	3483	19.5553	13251	74.3978	77821	6.9056	5372	100	0.9845	031	090	Between	Environment	Environment
S1034	S1050	na	NZ_AP021895.1	4557772	2539131	55.7099	2469915	97.274	2464293	99.7724	69216	2.726	2533327	99.7714	75784	2.9846	69980	92.3414	3392	4.4759	20527	27.0862	51277	67.662	78476	78.3284	74818	100	0.9929	034	050	Between	Environment	Environment
S1034	S1076	na	NZ_AP021895.1	4557772	1525067	33.4608	1509729	98.9943	1504938	99.6827	15338	1.0057	1520197	99.6807	20995	1.3767	16125	76.804	1659	7.9019	13648	65.006	4840	23.0531	78476	41.0342	33104	100	0.9896	034	076	Between	Environment	Environment
S1034	S1090	na	NZ_AP021895.1	4557772	1448751	31.7864	1429832	98.6941	1425221	99.6775	18919	1.3059	1444045	99.6752	23903	1.6499	19197	80.3121	1515	6.3381	13615	56.9594	7767	32.4938	78476	22.1826	17176	100	0.9865	034	090	Between	Environment	Environment
S1049	S1103	na	NZ_LR883965.1	4712903	668298	14.1802	663790	99.3255	659965	99.4238	4508	0.6745	664428	99.4209	8756	1.3102	4886	55.8017	706	8.063	2827	32.2864	4804	54.8652	12349	100	39277	34.7353	0.9942	049	103	Between	Environment	Environment
S1049	S1104	na	NZ_LR883965.1	4712903	975508	20.6987	962219	98.6377	960876	99.8604	13289	1.3623	974137	99.8595	14934	1.5309	13563	90.8196	1102	7.3791	2885	19.3183	10482	70.1888	12349	56.7819	21012	38.7731	0.9959	049	104	Between	Environment	Environment
S1050	S1076	na	NZ_AP021895.1	4557772	1504449	33.0084	1468511	97.6112	1466253	99.8462	35938	2.3888	1502101	99.8439	38955	2.5893	36607	93.9725	1611	4.1355	31274	80.2824	5546	14.2369	74818	66.3891	33104	83.2618	0.9883	050	076	Between	Environment	Environment
S1050	S1090	na	NZ_AP021895.1	4557772	1455815	31.9414	1416692	97.3126	1414919	99.8748	39123	2.6874	1453980	99.874	41293	2.8364	39458	95.5561	1724	4.175	30426	73.6832	8899	21.5509	74818	38.7113	17176	32.7783	0.9823	050	090	Between	Environment	Environment
S1050	W1019	na	NZ_CP047876.1	4775730	2402625	50.3091	2370284	98.6539	2366997	99.8613	32341	1.3461	2399243	99.8592	36549	1.5212	33167	90.7467	1123	3.0726	32070	87.7452	2851	7.8005	48337	100	49147	72.5375	0.9942	050	019	Between	Environment	Environment
S1050	W1092	na	NZ_CP047876.1	4775730	2872494	60.1477	2824047	98.3134	2819782	99.849	48447	1.6866	2868129	99.848	53832	1.8741	49467	91.8914	1716	3.1877	37731	70.0903	14027	26.057	48337	69.3734	111255	34.3832	0.9803	050	092	Between	Environment	Environment
S1053	S1064	na	NZ_CP010178.1	4741552	2031335	42.8411	2026680	99.7708	2025032	99.9187	4655	0.2292	2029664	99.9177	7045	0.3468	5374	76.2811	881	12.5053	1890	26.8275	3905	55.4294	63225	67.2993	67523	68.2345	0.9903	053	064	Between	Environment	Environment
S1053	S1081	na	NZ_CP019267.1	4740860	2498018	52.6912	2492923	99.796	2490638	99.9083	5095	0.204	2495694	99.907	8045	0.3221	5721	71.1125	929	11.5475	2698	33.5364	3990	49.596	68249	86.7236	95860	83.2266	0.989	053	081	Between	Environment	Environment
S1053	S1099	na	NZ_CP019267.1	4740860	2283758	48.1718	2279421	99.8101	2277266	99.9055	4337	0.1899	2281565	99.904	7185	0.3146	4992	69.4781	914	12.7209	3184	44.3145	2741	38.1489	68249	64.5401	68264	70.5863	0.988	053	099	Between	Environment	Environment
S1055	W1064	na	NZ_CP075627.1	4966561	3157281	63.5708	3108692	98.461	3100653	99.7414	48589	1.539	3149056	99.7395	57311	1.8152	49086	85.6485	851	1.4849	46368	80.9059	7915	13.8106	205677	82.1866	210531	74.1164	0.9582	055	064	Between	Environment	Environment
S1057	W1057	na	NZ_CP020055.1	4658583	3333637	71.559	3330247	99.8983	3329485	99.9771	3390	0.1017	3332872	99.9771	8709	0.2612	7944	91.216	4951	56.8492	713	8.1869	1989	22.8384	137205	90.4027	117495	100	0.9954	057	057	Within	Environment	Environment
S1068	S1120	na	NZ_CP032992.1	4638901	1987383	42.8417	1985436	99.902	1983323	99.8936	1947	0.098	1985255	99.8929	4164	0.2095	2036	48.8953	136	3.2661	432	10.3746	3560	85.4947	15313	100	59402	44.0675	0.9905	068	120	Between	Environment	Environment
S1068	W1098	na	NZ_CP007390.1	4807977	869234	18.079	863754	99.3696	859189	99.4715	5480	0.6304	864630	99.4703	10582	1.2174	5978	56.4922	675	6.3788	7592	71.7445	1861	17.5865	62314	100	145896	62.306	0.9816	068	098	Between	Environment	Environment
S1076	S1090	na	NZ_CP032986.1	4677021	1231163	26.3237	1216508	98.8097	1212838	99.6983	14655	1.1903	1227431	99.6969	18571	1.5084	14839	79.9042	1252	6.7417	5084	27.376	11601	62.4684	31299	0	5372	0	0.9922	076	090	Between	Environment	Environment
S1076	S1090	na	NZ_AP021895.1	4557772	1386590	30.4225	1372354	98.9733	1370040	99.8314	14236	1.0267	1384215	99.8287	17235	1.243	14860	86.2199	1735	10.0667	6242	36.217	8497	49.3008	33104	20.7649	17176	32.7783	0.9914	076	090	Between	Environment	Environment
S1081	S1099	na	NZ_CP019267.1	4740860	3467356	73.1377	3459502	99.7735	3457385	99.9388	7854	0.2265	3465191	99.9376	10741	0.3098	8576	79.8436	1284	11.9542	6076	56.5683	2860	26.6269	95860	59.1728	68264	91.7321	0.9874	081	099	Between	Environment	Environment
S1083	W1083	na	NZ_CP083888.1	4840195	2124288	43.8885	2111415	99.394	2107615	99.82	12873	0.606	2120441	99.8189	17771	0.8366	13924	78.3524	1405	7.9061	12864	72.3876	2685	15.1089	14777	100	90352	25.9485	0.9843	083	083	Within	Environment	Environment
S1085	S1109	na	NZ_CP019245.1	4729175	1863833	39.4114	1856870	99.6264	1854145	99.8532	6963	0.3736	1861062	99.8513	11401	0.6117	8630	75.6951	1764	15.4723	2027	17.7791	7349	64.4593	96818	90.4925	124172	72.1258	0.9858	085	109	Between	Environment	Environment
S1085	S1119	na	NZ_CP019245.1	4729175	2063665	43.6369	2060120	99.8282	2057690	99.882	3545	0.1718	2061200	99.8806	7777	0.3769	5312	68.304	1823	23.4409	1735	22.3094	4024	51.7423	96818	90.4925	186956	46.4136	0.9754	085	119	Between	Environment	Environment
S1103	S1104	na	NZ_LR883965.1	4712903	1828231	38.792	1809991	99.0023	1805743	99.7653	18240	0.9977	1823923	99.7644	22929	1.2542	18621	81.2116	1183	5.1594	6076	26.4992	13529	59.0039	39277	35.2802	21012	100	0.9929	103	104	Between	Environment	Environment
S1103	W1051	na	NZ_CP018995.1	4708839	2215554	47.051	2211575	99.8204	2205339	99.718	3979	0.1796	2209280	99.7168	10744	0.4849	4470	41.6046	591	5.5007	3816	35.5175	5830	54.2628	65071	82.161	233654	30.2092	0.9588	103	051	Between	Environment	Environment
S1103	W1120	na	NZ_CP018995.1	4708839	2282823	48.4795	2275810	99.6928	2266639	99.597	7013	0.3072	2273609	99.5964	16583	0.7264	7369	44.4371	489	2.9488	3564	21.4919	12161	73.3341	65071	92.2915	125090	47.3227	0.973	103	120	Between	Environment	Environment
S1109	S1119	na	NZ_CP019245.1	4729175	2514591	53.1719	2505333	99.6318	2501408	99.8433	9258	0.3682	2510616	99.8419	16140	0.6419	12165	75.3717	3371	20.886	9809	60.7745	2765	17.1314	124172	82.4936	186956	65.4764	0.9763	109	119	Between	Environment	Environment
W1019	W1092	na	NZ_CP047876.1	4775730	3157197	66.1092	3140761	99.4794	3137467	99.8951	16436	0.5206	3153842	99.8937	21030	0.6661	17675	84.0466	1481	7.0423	2706	12.8673	16534	78.621	49147	46.4749	111255	34.3832	0.9759	019	092	Between	Environment	Environment
W1051	W1120	na	NZ_CP018995.1	4708839	3965984	84.2242	3956192	99.7531	3950263	99.8501	9792	0.2469	3960024	99.8497	20769	0.5237	14809	71.3034	5110	24.604	2174	10.4675	13446	64.7407	233654	47.391	125090	59.6107	0.953	051	120	Between	Environment	Environment
