,Sequence Title,Query Title,Pident,Bitscore,Subject Sequence Length,e-value,Query Sequence Length,Start of Alignment in Subject,End of Alignment in Query,Start of Alignment in Query,End of Alignment in Query,mobileOG ID,Gene Name,Best Hit Accession ID,Major mobileOG Category,Minor mobileOG Category,Source Database,Evidence Type,Contig/ORF Name,ORF_Start_Stop_Strands,ORF_Start,ORF_End,Sense or Antisense Strand,Prodigal ID,Prodigal Designated Contigs,Unique_ORF,Partial Tag,Start Codon,RBS Motif,RBS Spacer,GC Content,Specific Contig,Final Sample Name
0,mobileOG_000003237|fis|WP_000462905.1|integration/excision|replication/recombination/repair|Multiple|Manual,ratio1_Esch_coli_14EC033_NODE_44_length_17080_cov_88.590426_11842-17080_ratio1_Esch_coli_14EC033_NODE_44_length_17080_cov_88.590426_18_4 # 3469 # 3765 # 1 # ID=4_4;partial=00;start_type=ATG;rbs_motif=GGA/GAG/AGG;rbs_spacer=11-12bp;gc_cont=0.471,100.0,189.0,98,1.9899999999999996e-63,99,1,98,1,98,mobileOG_000003237,fis,WP_000462905.1,integration/excision,replication/recombination/repair,Multiple,Manual,ratio1_Esch_coli_14EC033_NODE_44_length_17080_cov_88.590426_11842-17080_ratio1_Esch_coli_14EC033_NODE_44_length_17080_cov_88.590426_18_4, 3469 # 3765 # 1 , 3469,3765,1 ,4_4,4,4,00,ATG,GGA/GAG/AGG,11-12bp,0.471,ratio1_Esch_coli_14EC033_NODE_44_length_17080_cov_88.590426_11842-17080_ratio1_Esch_coli_14EC033_NODE_44_length_17080_cov_88.590426_18,mobileOG_000003237_ratio1_Esch_coli_14EC033_NODE_44_length_17080_cov_88.590426_11842-17080_ratio1_Esch_coli_14EC033_NODE_44_length_17080_cov_88.590426_18
1,mobileOG_000333812|alkB|WP_000884953.1|replication/recombination/repair|NA|Plasmid RefSeq|Homology,ratio1_Esch_coli_14EC033_NODE_67_length_14466_cov_58.334814_6626-14466_ratio1_Esch_coli_14EC033_NODE_67_length_14466_cov_58.334814_9_5 # 4275 # 4925 # 1 # ID=10_5;partial=00;start_type=ATG;rbs_motif=AGGAG;rbs_spacer=5-10bp;gc_cont=0.528,99.5,456.0,216,2.9199999999999987e-165,217,1,216,1,216,mobileOG_000333812,alkB,WP_000884953.1,replication/recombination/repair,NA,Plasmid RefSeq,Homology,ratio1_Esch_coli_14EC033_NODE_67_length_14466_cov_58.334814_6626-14466_ratio1_Esch_coli_14EC033_NODE_67_length_14466_cov_58.334814_9_5, 4275 # 4925 # 1 , 4275,4925,1 ,10_5,10,5,00,ATG,AGGAG,5-10bp,0.528,ratio1_Esch_coli_14EC033_NODE_67_length_14466_cov_58.334814_6626-14466_ratio1_Esch_coli_14EC033_NODE_67_length_14466_cov_58.334814_9,mobileOG_000333812_ratio1_Esch_coli_14EC033_NODE_67_length_14466_cov_58.334814_6626-14466_ratio1_Esch_coli_14EC033_NODE_67_length_14466_cov_58.334814_9
2,mobileOG_000321643|ecnB|WP_000977757.1|stability/transfer/defense|NA|Plasmid RefSeq|Homology,ratio1_Esch_coli_14EC033_NODE_91_length_13082_cov_65.668535_1370-12536_ratio1_Esch_coli_14EC033_NODE_91_length_13082_cov_65.668535_10_5 # 3505 # 3627 # 1 # ID=11_5;partial=00;start_type=ATG;rbs_motif=GGA/GAG/AGG;rbs_spacer=5-10bp;gc_cont=0.545,100.0,78.6,41,3.3500000000000002e-21,41,2,41,1,40,mobileOG_000321643,ecnB,WP_000977757.1,stability/transfer/defense,NA,Plasmid RefSeq,Homology,ratio1_Esch_coli_14EC033_NODE_91_length_13082_cov_65.668535_1370-12536_ratio1_Esch_coli_14EC033_NODE_91_length_13082_cov_65.668535_10_5, 3505 # 3627 # 1 , 3505,3627,1 ,11_5,11,5,00,ATG,GGA/GAG/AGG,5-10bp,0.545,ratio1_Esch_coli_14EC033_NODE_91_length_13082_cov_65.668535_1370-12536_ratio1_Esch_coli_14EC033_NODE_91_length_13082_cov_65.668535_10,mobileOG_000321643_ratio1_Esch_coli_14EC033_NODE_91_length_13082_cov_65.668535_1370-12536_ratio1_Esch_coli_14EC033_NODE_91_length_13082_cov_65.668535_10
3,mobileOG_000330413|ecnB|ETJ37164.1|stability/transfer/defense|NA|Plasmid RefSeq|Homology,ratio1_Esch_coli_14EC033_NODE_91_length_13082_cov_65.668535_1370-12536_ratio1_Esch_coli_14EC033_NODE_91_length_13082_cov_65.668535_10_6 # 3738 # 3884 # 1 # ID=11_6;partial=00;start_type=ATG;rbs_motif=AGGA;rbs_spacer=5-10bp;gc_cont=0.490,100.0,88.2,48,8.370000000000002e-25,49,1,48,1,48,mobileOG_000330413,ecnB,ETJ37164.1,stability/transfer/defense,NA,Plasmid RefSeq,Homology,ratio1_Esch_coli_14EC033_NODE_91_length_13082_cov_65.668535_1370-12536_ratio1_Esch_coli_14EC033_NODE_91_length_13082_cov_65.668535_10_6, 3738 # 3884 # 1 , 3738,3884,1 ,11_6,11,6,00,ATG,AGGA,5-10bp,0.490,ratio1_Esch_coli_14EC033_NODE_91_length_13082_cov_65.668535_1370-12536_ratio1_Esch_coli_14EC033_NODE_91_length_13082_cov_65.668535_10,mobileOG_000330413_ratio1_Esch_coli_14EC033_NODE_91_length_13082_cov_65.668535_1370-12536_ratio1_Esch_coli_14EC033_NODE_91_length_13082_cov_65.668535_10
4,mobileOG_000026107|parE|P20083|replication/recombination/repair|partitioning|Multiple|Manual,ratio1_Esch_coli_14EC033_NODE_110_length_11154_cov_77.777548_784-11154_ratio1_Esch_coli_14EC033_NODE_110_length_11154_cov_77.777548_9_12 # 9201 # 10370 # 1 # ID=20_12;partial=01;start_type=ATG;rbs_motif=None;rbs_spacer=None;gc_cont=0.535,100.0,789.0,630,2.0899999999999986e-287,390,1,390,1,390,mobileOG_000026107,parE,P20083,replication/recombination/repair,partitioning,Multiple,Manual,ratio1_Esch_coli_14EC033_NODE_110_length_11154_cov_77.777548_784-11154_ratio1_Esch_coli_14EC033_NODE_110_length_11154_cov_77.777548_9_12, 9201 # 10370 # 1 , 9201,10370,1 ,20_12,20,12,01,ATG,None,None,0.535,ratio1_Esch_coli_14EC033_NODE_110_length_11154_cov_77.777548_784-11154_ratio1_Esch_coli_14EC033_NODE_110_length_11154_cov_77.777548_9,mobileOG_000026107_ratio1_Esch_coli_14EC033_NODE_110_length_11154_cov_77.777548_784-11154_ratio1_Esch_coli_14EC033_NODE_110_length_11154_cov_77.777548_9
5,"mobileOG_000025806|cca|J7Q9S8|phage|regulation,infection|Multiple|Manual",ratio1_Esch_coli_14EC033_NODE_165_length_8331_cov_72.833011_1-5150_ratio1_Esch_coli_14EC033_NODE_165_length_8331_cov_72.833011_1_2 # 331 # 1569 # -1 # ID=27_2;partial=00;start_type=GTG;rbs_motif=GGA/GAG/AGG;rbs_spacer=5-10bp;gc_cont=0.565,98.8,833.0,412,6.909999999999995e-308,413,1,412,1,412,mobileOG_000025806,cca,J7Q9S8,phage,"regulation,infection",Multiple,Manual,ratio1_Esch_coli_14EC033_NODE_165_length_8331_cov_72.833011_1-5150_ratio1_Esch_coli_14EC033_NODE_165_length_8331_cov_72.833011_1_2, 331 # 1569 # -1 , 331,1569,-1 ,27_2,27,2,00,GTG,GGA/GAG/AGG,5-10bp,0.565,ratio1_Esch_coli_14EC033_NODE_165_length_8331_cov_72.833011_1-5150_ratio1_Esch_coli_14EC033_NODE_165_length_8331_cov_72.833011_1,mobileOG_000025806_ratio1_Esch_coli_14EC033_NODE_165_length_8331_cov_72.833011_1-5150_ratio1_Esch_coli_14EC033_NODE_165_length_8331_cov_72.833011_1
6,mobileOG_000326289|alkB|WP_000884919.1|replication/recombination/repair|NA|Plasmid RefSeq|Homology,ratio1_Esch_coli_2011C-3911_NODE_1_length_225591_cov_75.610878_30354-41997_ratio1_Esch_coli_2011C-3911_NODE_1_length_225591_cov_75.610878_35_8 # 6720 # 7370 # -1 # ID=52_8;partial=00;start_type=ATG;rbs_motif=AGGAG;rbs_spacer=5-10bp;gc_cont=0.525,99.5,456.0,216,2.0499999999999994e-165,217,1,216,1,216,mobileOG_000326289,alkB,WP_000884919.1,replication/recombination/repair,NA,Plasmid RefSeq,Homology,ratio1_Esch_coli_2011C-3911_NODE_1_length_225591_cov_75.610878_30354-41997_ratio1_Esch_coli_2011C-3911_NODE_1_length_225591_cov_75.610878_35_8, 6720 # 7370 # -1 , 6720,7370,-1 ,52_8,52,8,00,ATG,AGGAG,5-10bp,0.525,ratio1_Esch_coli_2011C-3911_NODE_1_length_225591_cov_75.610878_30354-41997_ratio1_Esch_coli_2011C-3911_NODE_1_length_225591_cov_75.610878_35,mobileOG_000326289_ratio1_Esch_coli_2011C-3911_NODE_1_length_225591_cov_75.610878_30354-41997_ratio1_Esch_coli_2011C-3911_NODE_1_length_225591_cov_75.610878_35
7,mobileOG_000304542|traG|WP_001297077.1|transfer|conjugation|Plasmid RefSeq|Homology,ratio1_Esch_coli_2011C-3911_NODE_1_length_225591_cov_75.610878_79016-89984_ratio1_Esch_coli_2011C-3911_NODE_1_length_225591_cov_75.610878_68_5 # 2948 # 3550 # -1 # ID=53_5;partial=00;start_type=GTG;rbs_motif=GGAG/GAGG;rbs_spacer=5-10bp;gc_cont=0.436,100.0,406.0,200,4.009999999999999e-146,201,1,200,1,200,mobileOG_000304542,traG,WP_001297077.1,transfer,conjugation,Plasmid RefSeq,Homology,ratio1_Esch_coli_2011C-3911_NODE_1_length_225591_cov_75.610878_79016-89984_ratio1_Esch_coli_2011C-3911_NODE_1_length_225591_cov_75.610878_68_5, 2948 # 3550 # -1 , 2948,3550,-1 ,53_5,53,5,00,GTG,GGAG/GAGG,5-10bp,0.436,ratio1_Esch_coli_2011C-3911_NODE_1_length_225591_cov_75.610878_79016-89984_ratio1_Esch_coli_2011C-3911_NODE_1_length_225591_cov_75.610878_68,mobileOG_000304542_ratio1_Esch_coli_2011C-3911_NODE_1_length_225591_cov_75.610878_79016-89984_ratio1_Esch_coli_2011C-3911_NODE_1_length_225591_cov_75.610878_68
8,"mobileOG_000025715|ihfB|WP_002898165.1|integration/excision|regulation,lysis/lysogeny|Plasmid RefSeq|Manual",ratio1_Esch_coli_2011C-3911_NODE_2_length_205706_cov_83.297416_89863-101611_ratio1_Esch_coli_2011C-3911_NODE_2_length_205706_cov_83.297416_85_9 # 9257 # 9541 # -1 # ID=58_9;partial=00;start_type=ATG;rbs_motif=GGAGG;rbs_spacer=3-4bp;gc_cont=0.491,97.8,187.0,95,8.879999999999998e-63,95,1,93,1,93,mobileOG_000025715,ihfB,WP_002898165.1,integration/excision,"regulation,lysis/lysogeny",Plasmid RefSeq,Manual,ratio1_Esch_coli_2011C-3911_NODE_2_length_205706_cov_83.297416_89863-101611_ratio1_Esch_coli_2011C-3911_NODE_2_length_205706_cov_83.297416_85_9, 9257 # 9541 # -1 , 9257,9541,-1 ,58_9,58,9,00,ATG,GGAGG,3-4bp,0.491,ratio1_Esch_coli_2011C-3911_NODE_2_length_205706_cov_83.297416_89863-101611_ratio1_Esch_coli_2011C-3911_NODE_2_length_205706_cov_83.297416_85,mobileOG_000025715_ratio1_Esch_coli_2011C-3911_NODE_2_length_205706_cov_83.297416_89863-101611_ratio1_Esch_coli_2011C-3911_NODE_2_length_205706_cov_83.297416_85
9,mobileOG_000003237|fis|WP_000462905.1|integration/excision|replication/recombination/repair|Multiple|Manual,ratio1_Esch_coli_2011C-3911_NODE_5_length_126126_cov_91.424935_451-13555_ratio1_Esch_coli_2011C-3911_NODE_5_length_126126_cov_91.424935_8_12 # 11571 # 11867 # -1 # ID=61_12;partial=00;start_type=ATG;rbs_motif=GGA/GAG/AGG;rbs_spacer=11-12bp;gc_cont=0.471,100.0,189.0,98,1.9899999999999996e-63,99,1,98,1,98,mobileOG_000003237,fis,WP_000462905.1,integration/excision,replication/recombination/repair,Multiple,Manual,ratio1_Esch_coli_2011C-3911_NODE_5_length_126126_cov_91.424935_451-13555_ratio1_Esch_coli_2011C-3911_NODE_5_length_126126_cov_91.424935_8_12, 11571 # 11867 # -1 , 11571,11867,-1 ,61_12,61,12,00,ATG,GGA/GAG/AGG,11-12bp,0.471,ratio1_Esch_coli_2011C-3911_NODE_5_length_126126_cov_91.424935_451-13555_ratio1_Esch_coli_2011C-3911_NODE_5_length_126126_cov_91.424935_8,mobileOG_000003237_ratio1_Esch_coli_2011C-3911_NODE_5_length_126126_cov_91.424935_451-13555_ratio1_Esch_coli_2011C-3911_NODE_5_length_126126_cov_91.424935_8
10,mobileOG_000003237|fis|WP_000462905.1|integration/excision|replication/recombination/repair|Multiple|Manual,ratio1_Esch_coli_2011C-3911_NODE_5_length_126126_cov_91.424935_3567-14724_ratio1_Esch_coli_2011C-3911_NODE_5_length_126126_cov_91.424935_9_9 # 8455 # 8751 # -1 # ID=62_9;partial=00;start_type=ATG;rbs_motif=GGA/GAG/AGG;rbs_spacer=11-12bp;gc_cont=0.471,100.0,189.0,98,1.9899999999999996e-63,99,1,98,1,98,mobileOG_000003237,fis,WP_000462905.1,integration/excision,replication/recombination/repair,Multiple,Manual,ratio1_Esch_coli_2011C-3911_NODE_5_length_126126_cov_91.424935_3567-14724_ratio1_Esch_coli_2011C-3911_NODE_5_length_126126_cov_91.424935_9_9, 8455 # 8751 # -1 , 8455,8751,-1 ,62_9,62,9,00,ATG,GGA/GAG/AGG,11-12bp,0.471,ratio1_Esch_coli_2011C-3911_NODE_5_length_126126_cov_91.424935_3567-14724_ratio1_Esch_coli_2011C-3911_NODE_5_length_126126_cov_91.424935_9,mobileOG_000003237_ratio1_Esch_coli_2011C-3911_NODE_5_length_126126_cov_91.424935_3567-14724_ratio1_Esch_coli_2011C-3911_NODE_5_length_126126_cov_91.424935_9
11,mobileOG_000003237|fis|WP_000462905.1|integration/excision|replication/recombination/repair|Multiple|Manual,ratio1_Esch_coli_2011C-3911_NODE_5_length_126126_cov_91.424935_5123-15785_ratio1_Esch_coli_2011C-3911_NODE_5_length_126126_cov_91.424935_10_8 # 6899 # 7195 # -1 # ID=63_8;partial=00;start_type=ATG;rbs_motif=GGA/GAG/AGG;rbs_spacer=11-12bp;gc_cont=0.471,100.0,189.0,98,1.9899999999999996e-63,99,1,98,1,98,mobileOG_000003237,fis,WP_000462905.1,integration/excision,replication/recombination/repair,Multiple,Manual,ratio1_Esch_coli_2011C-3911_NODE_5_length_126126_cov_91.424935_5123-15785_ratio1_Esch_coli_2011C-3911_NODE_5_length_126126_cov_91.424935_10_8, 6899 # 7195 # -1 , 6899,7195,-1 ,63_8,63,8,00,ATG,GGA/GAG/AGG,11-12bp,0.471,ratio1_Esch_coli_2011C-3911_NODE_5_length_126126_cov_91.424935_5123-15785_ratio1_Esch_coli_2011C-3911_NODE_5_length_126126_cov_91.424935_10,mobileOG_000003237_ratio1_Esch_coli_2011C-3911_NODE_5_length_126126_cov_91.424935_5123-15785_ratio1_Esch_coli_2011C-3911_NODE_5_length_126126_cov_91.424935_10
12,mobileOG_000026107|parE|P20083|replication/recombination/repair|partitioning|Multiple|Manual,ratio1_Esch_coli_2011C-3911_NODE_10_length_99450_cov_68.667468_67985-79466_ratio1_Esch_coli_2011C-3911_NODE_10_length_99450_cov_68.667468_69_2 # 390 # 2282 # -1 # ID=73_2;partial=00;start_type=ATG;rbs_motif=None;rbs_spacer=None;gc_cont=0.540,100.0,1255.0,630,0.0,631,1,630,1,630,mobileOG_000026107,parE,P20083,replication/recombination/repair,partitioning,Multiple,Manual,ratio1_Esch_coli_2011C-3911_NODE_10_length_99450_cov_68.667468_67985-79466_ratio1_Esch_coli_2011C-3911_NODE_10_length_99450_cov_68.667468_69_2, 390 # 2282 # -1 , 390,2282,-1 ,73_2,73,2,00,ATG,None,None,0.540,ratio1_Esch_coli_2011C-3911_NODE_10_length_99450_cov_68.667468_67985-79466_ratio1_Esch_coli_2011C-3911_NODE_10_length_99450_cov_68.667468_69,mobileOG_000026107_ratio1_Esch_coli_2011C-3911_NODE_10_length_99450_cov_68.667468_67985-79466_ratio1_Esch_coli_2011C-3911_NODE_10_length_99450_cov_68.667468_69
13,"mobileOG_000337943|cca|WP_000708503.1|phage|regulation,infection|Plasmid RefSeq|Homology",ratio1_Esch_coli_2011C-3911_NODE_10_length_99450_cov_68.667468_91823-99450_ratio1_Esch_coli_2011C-3911_NODE_10_length_99450_cov_68.667468_89_4 # 3600 # 4838 # 1 # ID=74_4;partial=00;start_type=GTG;rbs_motif=GGA/GAG/AGG;rbs_spacer=5-10bp;gc_cont=0.563,99.8,842.0,412,1.52e-311,413,1,412,1,412,mobileOG_000337943,cca,WP_000708503.1,phage,"regulation,infection",Plasmid RefSeq,Homology,ratio1_Esch_coli_2011C-3911_NODE_10_length_99450_cov_68.667468_91823-99450_ratio1_Esch_coli_2011C-3911_NODE_10_length_99450_cov_68.667468_89_4, 3600 # 4838 # 1 , 3600,4838,1 ,74_4,74,4,00,GTG,GGA/GAG/AGG,5-10bp,0.563,ratio1_Esch_coli_2011C-3911_NODE_10_length_99450_cov_68.667468_91823-99450_ratio1_Esch_coli_2011C-3911_NODE_10_length_99450_cov_68.667468_89,mobileOG_000337943_ratio1_Esch_coli_2011C-3911_NODE_10_length_99450_cov_68.667468_91823-99450_ratio1_Esch_coli_2011C-3911_NODE_10_length_99450_cov_68.667468_89
14,mobileOG_000026116|priC|F0JM94|replication/recombination/repair|NA|Plasmid RefSeq|Manual,ratio1_Esch_coli_2011C-3911_NODE_11_length_93882_cov_68.863398_4612-15805_ratio1_Esch_coli_2011C-3911_NODE_11_length_93882_cov_68.863398_11_9 # 10860 # 11192 # -1 # ID=76_9;partial=01;start_type=Edge;rbs_motif=None;rbs_spacer=None;gc_cont=0.610,96.4,197.0,175,3.479999999999999e-65,111,66,175,1,110,mobileOG_000026116,priC,F0JM94,replication/recombination/repair,NA,Plasmid RefSeq,Manual,ratio1_Esch_coli_2011C-3911_NODE_11_length_93882_cov_68.863398_4612-15805_ratio1_Esch_coli_2011C-3911_NODE_11_length_93882_cov_68.863398_11_9, 10860 # 11192 # -1 , 10860,11192,-1 ,76_9,76,9,01,Edge,None,None,0.610,ratio1_Esch_coli_2011C-3911_NODE_11_length_93882_cov_68.863398_4612-15805_ratio1_Esch_coli_2011C-3911_NODE_11_length_93882_cov_68.863398_11,mobileOG_000026116_ratio1_Esch_coli_2011C-3911_NODE_11_length_93882_cov_68.863398_4612-15805_ratio1_Esch_coli_2011C-3911_NODE_11_length_93882_cov_68.863398_11
15,mobileOG_000002433|dinI|WP_001217754.1|replication/recombination/repair|NA|Multiple|Manual,ratio1_Esch_coli_2011C-3911_NODE_15_length_78302_cov_82.153041_13806-25014_ratio1_Esch_coli_2011C-3911_NODE_15_length_78302_cov_82.153041_20_4 # 2125 # 2370 # -1 # ID=78_4;partial=00;start_type=ATG;rbs_motif=AGxAGG/AGGxGG;rbs_spacer=5-10bp;gc_cont=0.480,100.0,162.0,81,3.9799999999999997e-53,82,1,81,1,81,mobileOG_000002433,dinI,WP_001217754.1,replication/recombination/repair,NA,Multiple,Manual,ratio1_Esch_coli_2011C-3911_NODE_15_length_78302_cov_82.153041_13806-25014_ratio1_Esch_coli_2011C-3911_NODE_15_length_78302_cov_82.153041_20_4, 2125 # 2370 # -1 , 2125,2370,-1 ,78_4,78,4,00,ATG,AGxAGG/AGGxGG,5-10bp,0.480,ratio1_Esch_coli_2011C-3911_NODE_15_length_78302_cov_82.153041_13806-25014_ratio1_Esch_coli_2011C-3911_NODE_15_length_78302_cov_82.153041_20,mobileOG_000002433_ratio1_Esch_coli_2011C-3911_NODE_15_length_78302_cov_82.153041_13806-25014_ratio1_Esch_coli_2011C-3911_NODE_15_length_78302_cov_82.153041_20
16,mobileOG_000329392|PSLT051|A0A086TQA6|replication/recombination/repair|NA|Plasmid RefSeq|Homology,ratio1_Esch_coli_2011C-3911_NODE_20_length_61399_cov_59.148719_30869-42101_ratio1_Esch_coli_2011C-3911_NODE_20_length_61399_cov_59.148719_33_4 # 3590 # 4534 # -1 # ID=83_4;partial=00;start_type=ATG;rbs_motif=GGA/GAG/AGG;rbs_spacer=5-10bp;gc_cont=0.495,100.0,626.0,314,2.3599999999999988e-229,315,1,314,1,314,mobileOG_000329392,PSLT051,A0A086TQA6,replication/recombination/repair,NA,Plasmid RefSeq,Homology,ratio1_Esch_coli_2011C-3911_NODE_20_length_61399_cov_59.148719_30869-42101_ratio1_Esch_coli_2011C-3911_NODE_20_length_61399_cov_59.148719_33_4, 3590 # 4534 # -1 , 3590,4534,-1 ,83_4,83,4,00,ATG,GGA/GAG/AGG,5-10bp,0.495,ratio1_Esch_coli_2011C-3911_NODE_20_length_61399_cov_59.148719_30869-42101_ratio1_Esch_coli_2011C-3911_NODE_20_length_61399_cov_59.148719_33,mobileOG_000329392_ratio1_Esch_coli_2011C-3911_NODE_20_length_61399_cov_59.148719_30869-42101_ratio1_Esch_coli_2011C-3911_NODE_20_length_61399_cov_59.148719_33
17,mobileOG_000321643|ecnB|WP_000977757.1|stability/transfer/defense|NA|Plasmid RefSeq|Homology,ratio1_Esch_coli_2011C-3911_NODE_68_length_18690_cov_85.400698_1-10807_ratio1_Esch_coli_2011C-3911_NODE_68_length_18690_cov_85.400698_8_4 # 3144 # 3266 # 1 # ID=90_4;partial=00;start_type=ATG;rbs_motif=GGA/GAG/AGG;rbs_spacer=5-10bp;gc_cont=0.553,100.0,78.6,41,3.3500000000000002e-21,41,2,41,1,40,mobileOG_000321643,ecnB,WP_000977757.1,stability/transfer/defense,NA,Plasmid RefSeq,Homology,ratio1_Esch_coli_2011C-3911_NODE_68_length_18690_cov_85.400698_1-10807_ratio1_Esch_coli_2011C-3911_NODE_68_length_18690_cov_85.400698_8_4, 3144 # 3266 # 1 , 3144,3266,1 ,90_4,90,4,00,ATG,GGA/GAG/AGG,5-10bp,0.553,ratio1_Esch_coli_2011C-3911_NODE_68_length_18690_cov_85.400698_1-10807_ratio1_Esch_coli_2011C-3911_NODE_68_length_18690_cov_85.400698_8,mobileOG_000321643_ratio1_Esch_coli_2011C-3911_NODE_68_length_18690_cov_85.400698_1-10807_ratio1_Esch_coli_2011C-3911_NODE_68_length_18690_cov_85.400698_8
18,mobileOG_000330413|ecnB|ETJ37164.1|stability/transfer/defense|NA|Plasmid RefSeq|Homology,ratio1_Esch_coli_2011C-3911_NODE_68_length_18690_cov_85.400698_1-10807_ratio1_Esch_coli_2011C-3911_NODE_68_length_18690_cov_85.400698_8_5 # 3377 # 3523 # 1 # ID=90_5;partial=00;start_type=ATG;rbs_motif=AGGA;rbs_spacer=5-10bp;gc_cont=0.490,100.0,88.2,48,8.370000000000002e-25,49,1,48,1,48,mobileOG_000330413,ecnB,ETJ37164.1,stability/transfer/defense,NA,Plasmid RefSeq,Homology,ratio1_Esch_coli_2011C-3911_NODE_68_length_18690_cov_85.400698_1-10807_ratio1_Esch_coli_2011C-3911_NODE_68_length_18690_cov_85.400698_8_5, 3377 # 3523 # 1 , 3377,3523,1 ,90_5,90,5,00,ATG,AGGA,5-10bp,0.490,ratio1_Esch_coli_2011C-3911_NODE_68_length_18690_cov_85.400698_1-10807_ratio1_Esch_coli_2011C-3911_NODE_68_length_18690_cov_85.400698_8,mobileOG_000330413_ratio1_Esch_coli_2011C-3911_NODE_68_length_18690_cov_85.400698_1-10807_ratio1_Esch_coli_2011C-3911_NODE_68_length_18690_cov_85.400698_8
19,mobileOG_000017974|insZ|A0A037Y8D2|integration/excision|NA|Multiple|Manual,ratio1_Esch_coli_2011C-3911_NODE_72_length_13896_cov_107.264793_6509-13896_ratio1_Esch_coli_2011C-3911_NODE_72_length_13896_cov_107.264793_12_2 # 2597 # 2782 # 1 # ID=91_2;partial=00;start_type=ATG;rbs_motif=GGAG/GAGG;rbs_spacer=5-10bp;gc_cont=0.538,100.0,131.0,61,1.59e-41,62,1,61,1,61,mobileOG_000017974,insZ,A0A037Y8D2,integration/excision,NA,Multiple,Manual,ratio1_Esch_coli_2011C-3911_NODE_72_length_13896_cov_107.264793_6509-13896_ratio1_Esch_coli_2011C-3911_NODE_72_length_13896_cov_107.264793_12_2, 2597 # 2782 # 1 , 2597,2782,1 ,91_2,91,2,00,ATG,GGAG/GAGG,5-10bp,0.538,ratio1_Esch_coli_2011C-3911_NODE_72_length_13896_cov_107.264793_6509-13896_ratio1_Esch_coli_2011C-3911_NODE_72_length_13896_cov_107.264793_12,mobileOG_000017974_ratio1_Esch_coli_2011C-3911_NODE_72_length_13896_cov_107.264793_6509-13896_ratio1_Esch_coli_2011C-3911_NODE_72_length_13896_cov_107.264793_12
20,mobileOG_000017973|insZ|A0A024L4B6|integration/excision|NA|GPD|Manual,ratio1_Esch_coli_2011C-3911_NODE_72_length_13896_cov_107.264793_6509-13896_ratio1_Esch_coli_2011C-3911_NODE_72_length_13896_cov_107.264793_12_3 # 2988 # 3497 # 1 # ID=91_3;partial=00;start_type=ATG;rbs_motif=None;rbs_spacer=None;gc_cont=0.522,99.4,318.0,196,1.1499999999999996e-111,170,37,196,10,169,mobileOG_000017973,insZ,A0A024L4B6,integration/excision,NA,GPD,Manual,ratio1_Esch_coli_2011C-3911_NODE_72_length_13896_cov_107.264793_6509-13896_ratio1_Esch_coli_2011C-3911_NODE_72_length_13896_cov_107.264793_12_3, 2988 # 3497 # 1 , 2988,3497,1 ,91_3,91,3,00,ATG,None,None,0.522,ratio1_Esch_coli_2011C-3911_NODE_72_length_13896_cov_107.264793_6509-13896_ratio1_Esch_coli_2011C-3911_NODE_72_length_13896_cov_107.264793_12,mobileOG_000017973_ratio1_Esch_coli_2011C-3911_NODE_72_length_13896_cov_107.264793_6509-13896_ratio1_Esch_coli_2011C-3911_NODE_72_length_13896_cov_107.264793_12
21,mobileOG_000026107|parE|P20083|replication/recombination/repair|partitioning|Multiple|Manual,ratio1_Esch_coli_MB19_NODE_4_length_84024_cov_114.526158_61699-73180_ratio1_Esch_coli_MB19_NODE_4_length_84024_cov_114.526158_65_2 # 390 # 2282 # -1 # ID=96_2;partial=00;start_type=ATG;rbs_motif=None;rbs_spacer=None;gc_cont=0.540,100.0,1255.0,630,0.0,631,1,630,1,630,mobileOG_000026107,parE,P20083,replication/recombination/repair,partitioning,Multiple,Manual,ratio1_Esch_coli_MB19_NODE_4_length_84024_cov_114.526158_61699-73180_ratio1_Esch_coli_MB19_NODE_4_length_84024_cov_114.526158_65_2, 390 # 2282 # -1 , 390,2282,-1 ,96_2,96,2,00,ATG,None,None,0.540,ratio1_Esch_coli_MB19_NODE_4_length_84024_cov_114.526158_61699-73180_ratio1_Esch_coli_MB19_NODE_4_length_84024_cov_114.526158_65,mobileOG_000026107_ratio1_Esch_coli_MB19_NODE_4_length_84024_cov_114.526158_61699-73180_ratio1_Esch_coli_MB19_NODE_4_length_84024_cov_114.526158_65
22,"mobileOG_000025806|cca|J7Q9S8|phage|regulation,infection|Multiple|Manual",ratio1_Esch_coli_MB19_NODE_5_length_83576_cov_100.225069_1601-12422_ratio1_Esch_coli_MB19_NODE_5_length_83576_cov_100.225069_5_4 # 3582 # 4820 # 1 # ID=97_4;partial=00;start_type=GTG;rbs_motif=GGA/GAG/AGG;rbs_spacer=5-10bp;gc_cont=0.565,99.0,834.0,412,2.4099999999999986e-308,413,1,412,1,412,mobileOG_000025806,cca,J7Q9S8,phage,"regulation,infection",Multiple,Manual,ratio1_Esch_coli_MB19_NODE_5_length_83576_cov_100.225069_1601-12422_ratio1_Esch_coli_MB19_NODE_5_length_83576_cov_100.225069_5_4, 3582 # 4820 # 1 , 3582,4820,1 ,97_4,97,4,00,GTG,GGA/GAG/AGG,5-10bp,0.565,ratio1_Esch_coli_MB19_NODE_5_length_83576_cov_100.225069_1601-12422_ratio1_Esch_coli_MB19_NODE_5_length_83576_cov_100.225069_5,mobileOG_000025806_ratio1_Esch_coli_MB19_NODE_5_length_83576_cov_100.225069_1601-12422_ratio1_Esch_coli_MB19_NODE_5_length_83576_cov_100.225069_5
23,mobileOG_000003237|fis|WP_000462905.1|integration/excision|replication/recombination/repair|Multiple|Manual,ratio1_Esch_coli_MB19_NODE_16_length_54447_cov_109.416679_38936-49598_ratio1_Esch_coli_MB19_NODE_16_length_54447_cov_109.416679_43_4 # 3469 # 3765 # 1 # ID=105_4;partial=00;start_type=ATG;rbs_motif=GGA/GAG/AGG;rbs_spacer=11-12bp;gc_cont=0.471,100.0,189.0,98,1.9899999999999996e-63,99,1,98,1,98,mobileOG_000003237,fis,WP_000462905.1,integration/excision,replication/recombination/repair,Multiple,Manual,ratio1_Esch_coli_MB19_NODE_16_length_54447_cov_109.416679_38936-49598_ratio1_Esch_coli_MB19_NODE_16_length_54447_cov_109.416679_43_4, 3469 # 3765 # 1 , 3469,3765,1 ,105_4,105,4,00,ATG,GGA/GAG/AGG,11-12bp,0.471,ratio1_Esch_coli_MB19_NODE_16_length_54447_cov_109.416679_38936-49598_ratio1_Esch_coli_MB19_NODE_16_length_54447_cov_109.416679_43,mobileOG_000003237_ratio1_Esch_coli_MB19_NODE_16_length_54447_cov_109.416679_38936-49598_ratio1_Esch_coli_MB19_NODE_16_length_54447_cov_109.416679_43
24,mobileOG_000003237|fis|WP_000462905.1|integration/excision|replication/recombination/repair|Multiple|Manual,ratio1_Esch_coli_MB19_NODE_16_length_54447_cov_109.416679_39997-51154_ratio1_Esch_coli_MB19_NODE_16_length_54447_cov_109.416679_44_4 # 2408 # 2704 # 1 # ID=106_4;partial=00;start_type=ATG;rbs_motif=GGA/GAG/AGG;rbs_spacer=11-12bp;gc_cont=0.471,100.0,189.0,98,1.9899999999999996e-63,99,1,98,1,98,mobileOG_000003237,fis,WP_000462905.1,integration/excision,replication/recombination/repair,Multiple,Manual,ratio1_Esch_coli_MB19_NODE_16_length_54447_cov_109.416679_39997-51154_ratio1_Esch_coli_MB19_NODE_16_length_54447_cov_109.416679_44_4, 2408 # 2704 # 1 , 2408,2704,1 ,106_4,106,4,00,ATG,GGA/GAG/AGG,11-12bp,0.471,ratio1_Esch_coli_MB19_NODE_16_length_54447_cov_109.416679_39997-51154_ratio1_Esch_coli_MB19_NODE_16_length_54447_cov_109.416679_44,mobileOG_000003237_ratio1_Esch_coli_MB19_NODE_16_length_54447_cov_109.416679_39997-51154_ratio1_Esch_coli_MB19_NODE_16_length_54447_cov_109.416679_44
25,mobileOG_000003237|fis|WP_000462905.1|integration/excision|replication/recombination/repair|Multiple|Manual,ratio1_Esch_coli_MB19_NODE_16_length_54447_cov_109.416679_41166-54270_ratio1_Esch_coli_MB19_NODE_16_length_54447_cov_109.416679_45_2 # 1239 # 1535 # 1 # ID=107_2;partial=00;start_type=ATG;rbs_motif=GGA/GAG/AGG;rbs_spacer=11-12bp;gc_cont=0.471,100.0,189.0,98,1.9899999999999996e-63,99,1,98,1,98,mobileOG_000003237,fis,WP_000462905.1,integration/excision,replication/recombination/repair,Multiple,Manual,ratio1_Esch_coli_MB19_NODE_16_length_54447_cov_109.416679_41166-54270_ratio1_Esch_coli_MB19_NODE_16_length_54447_cov_109.416679_45_2, 1239 # 1535 # 1 , 1239,1535,1 ,107_2,107,2,00,ATG,GGA/GAG/AGG,11-12bp,0.471,ratio1_Esch_coli_MB19_NODE_16_length_54447_cov_109.416679_41166-54270_ratio1_Esch_coli_MB19_NODE_16_length_54447_cov_109.416679_45,mobileOG_000003237_ratio1_Esch_coli_MB19_NODE_16_length_54447_cov_109.416679_41166-54270_ratio1_Esch_coli_MB19_NODE_16_length_54447_cov_109.416679_45
26,mobileOG_000026116|priC|F0JM94|replication/recombination/repair|NA|Plasmid RefSeq|Manual,ratio1_Esch_coli_MB19_NODE_19_length_42458_cov_96.961465_1356-12549_ratio1_Esch_coli_MB19_NODE_19_length_42458_cov_96.961465_7_9 # 10860 # 11192 # -1 # ID=109_9;partial=01;start_type=Edge;rbs_motif=None;rbs_spacer=None;gc_cont=0.598,96.4,197.0,175,3.479999999999999e-65,111,66,175,1,110,mobileOG_000026116,priC,F0JM94,replication/recombination/repair,NA,Plasmid RefSeq,Manual,ratio1_Esch_coli_MB19_NODE_19_length_42458_cov_96.961465_1356-12549_ratio1_Esch_coli_MB19_NODE_19_length_42458_cov_96.961465_7_9, 10860 # 11192 # -1 , 10860,11192,-1 ,109_9,109,9,01,Edge,None,None,0.598,ratio1_Esch_coli_MB19_NODE_19_length_42458_cov_96.961465_1356-12549_ratio1_Esch_coli_MB19_NODE_19_length_42458_cov_96.961465_7,mobileOG_000026116_ratio1_Esch_coli_MB19_NODE_19_length_42458_cov_96.961465_1356-12549_ratio1_Esch_coli_MB19_NODE_19_length_42458_cov_96.961465_7
27,mobileOG_000304542|traG|WP_001297077.1|transfer|conjugation|Plasmid RefSeq|Homology,ratio1_Esch_coli_MB19_NODE_32_length_34401_cov_99.728731_8619-19587_ratio1_Esch_coli_MB19_NODE_32_length_34401_cov_99.728731_15_8 # 7420 # 8022 # 1 # ID=110_8;partial=00;start_type=GTG;rbs_motif=GGAG/GAGG;rbs_spacer=5-10bp;gc_cont=0.433,99.0,402.0,200,2.7099999999999995e-144,201,1,200,1,200,mobileOG_000304542,traG,WP_001297077.1,transfer,conjugation,Plasmid RefSeq,Homology,ratio1_Esch_coli_MB19_NODE_32_length_34401_cov_99.728731_8619-19587_ratio1_Esch_coli_MB19_NODE_32_length_34401_cov_99.728731_15_8, 7420 # 8022 # 1 , 7420,8022,1 ,110_8,110,8,00,GTG,GGAG/GAGG,5-10bp,0.433,ratio1_Esch_coli_MB19_NODE_32_length_34401_cov_99.728731_8619-19587_ratio1_Esch_coli_MB19_NODE_32_length_34401_cov_99.728731_15,mobileOG_000304542_ratio1_Esch_coli_MB19_NODE_32_length_34401_cov_99.728731_8619-19587_ratio1_Esch_coli_MB19_NODE_32_length_34401_cov_99.728731_15
28,"mobileOG_000025715|ihfB|WP_002898165.1|integration/excision|regulation,lysis/lysogeny|Plasmid RefSeq|Manual",ratio1_Esch_coli_MB19_NODE_34_length_33723_cov_112.674557_14375-26123_ratio1_Esch_coli_MB19_NODE_34_length_33723_cov_112.674557_17_9 # 9258 # 9542 # -1 # ID=112_9;partial=00;start_type=ATG;rbs_motif=GGAGG;rbs_spacer=3-4bp;gc_cont=0.491,97.8,187.0,95,8.879999999999998e-63,95,1,93,1,93,mobileOG_000025715,ihfB,WP_002898165.1,integration/excision,"regulation,lysis/lysogeny",Plasmid RefSeq,Manual,ratio1_Esch_coli_MB19_NODE_34_length_33723_cov_112.674557_14375-26123_ratio1_Esch_coli_MB19_NODE_34_length_33723_cov_112.674557_17_9, 9258 # 9542 # -1 , 9258,9542,-1 ,112_9,112,9,00,ATG,GGAGG,3-4bp,0.491,ratio1_Esch_coli_MB19_NODE_34_length_33723_cov_112.674557_14375-26123_ratio1_Esch_coli_MB19_NODE_34_length_33723_cov_112.674557_17,mobileOG_000025715_ratio1_Esch_coli_MB19_NODE_34_length_33723_cov_112.674557_14375-26123_ratio1_Esch_coli_MB19_NODE_34_length_33723_cov_112.674557_17
29,mobileOG_000002433|dinI|WP_001217754.1|replication/recombination/repair|NA|Multiple|Manual,ratio1_Esch_coli_MB19_NODE_45_length_29090_cov_104.071982_3718-14926_ratio1_Esch_coli_MB19_NODE_45_length_29090_cov_104.071982_12_4 # 2125 # 2370 # -1 # ID=114_4;partial=00;start_type=ATG;rbs_motif=AGxAGG/AGGxGG;rbs_spacer=5-10bp;gc_cont=0.476,98.8,160.0,81,2.3099999999999997e-52,82,1,81,1,81,mobileOG_000002433,dinI,WP_001217754.1,replication/recombination/repair,NA,Multiple,Manual,ratio1_Esch_coli_MB19_NODE_45_length_29090_cov_104.071982_3718-14926_ratio1_Esch_coli_MB19_NODE_45_length_29090_cov_104.071982_12_4, 2125 # 2370 # -1 , 2125,2370,-1 ,114_4,114,4,00,ATG,AGxAGG/AGGxGG,5-10bp,0.476,ratio1_Esch_coli_MB19_NODE_45_length_29090_cov_104.071982_3718-14926_ratio1_Esch_coli_MB19_NODE_45_length_29090_cov_104.071982_12,mobileOG_000002433_ratio1_Esch_coli_MB19_NODE_45_length_29090_cov_104.071982_3718-14926_ratio1_Esch_coli_MB19_NODE_45_length_29090_cov_104.071982_12
30,mobileOG_000045297|NA|WP_134806729.1|integration/excision|NA|COMPASS|Homology,ratio1_Esch_coli_MB19_NODE_101_length_12906_cov_118.392654_5663-12906_ratio1_Esch_coli_MB19_NODE_101_length_12906_cov_118.392654_13_8 # 6725 # 7018 # 1 # ID=124_8;partial=00;start_type=ATG;rbs_motif=None;rbs_spacer=None;gc_cont=0.558,100.0,201.0,97,4.889999999999999e-68,98,1,97,1,97,mobileOG_000045297,NA,WP_134806729.1,integration/excision,NA,COMPASS,Homology,ratio1_Esch_coli_MB19_NODE_101_length_12906_cov_118.392654_5663-12906_ratio1_Esch_coli_MB19_NODE_101_length_12906_cov_118.392654_13_8, 6725 # 7018 # 1 , 6725,7018,1 ,124_8,124,8,00,ATG,None,None,0.558,ratio1_Esch_coli_MB19_NODE_101_length_12906_cov_118.392654_5663-12906_ratio1_Esch_coli_MB19_NODE_101_length_12906_cov_118.392654_13,mobileOG_000045297_ratio1_Esch_coli_MB19_NODE_101_length_12906_cov_118.392654_5663-12906_ratio1_Esch_coli_MB19_NODE_101_length_12906_cov_118.392654_13
31,mobileOG_000071197|insB_2|NA|integration/excision|NA|COMPASS|Homology,ratio1_Esch_coli_MB19_NODE_101_length_12906_cov_118.392654_5663-12906_ratio1_Esch_coli_MB19_NODE_101_length_12906_cov_118.392654_13_9 # 7019 # 7228 # 1 # ID=124_9;partial=00;start_type=ATG;rbs_motif=AGGA/GGAG/GAGG;rbs_spacer=11-12bp;gc_cont=0.519,100.0,140.0,69,4.2299999999999995e-45,70,1,69,1,69,mobileOG_000071197,insB_2,NA,integration/excision,NA,COMPASS,Homology,ratio1_Esch_coli_MB19_NODE_101_length_12906_cov_118.392654_5663-12906_ratio1_Esch_coli_MB19_NODE_101_length_12906_cov_118.392654_13_9, 7019 # 7228 # 1 , 7019,7228,1 ,124_9,124,9,00,ATG,AGGA/GGAG/GAGG,11-12bp,0.519,ratio1_Esch_coli_MB19_NODE_101_length_12906_cov_118.392654_5663-12906_ratio1_Esch_coli_MB19_NODE_101_length_12906_cov_118.392654_13,mobileOG_000071197_ratio1_Esch_coli_MB19_NODE_101_length_12906_cov_118.392654_5663-12906_ratio1_Esch_coli_MB19_NODE_101_length_12906_cov_118.392654_13
32,mobileOG_000321643|ecnB|WP_000977757.1|stability/transfer/defense|NA|Plasmid RefSeq|Homology,ratio1_Esch_coli_MB19_NODE_110_length_12033_cov_87.031641_1-10433_ratio1_Esch_coli_MB19_NODE_110_length_12033_cov_87.031641_8_4 # 2809 # 2931 # 1 # ID=129_4;partial=00;start_type=ATG;rbs_motif=GGA/GAG/AGG;rbs_spacer=5-10bp;gc_cont=0.553,100.0,78.6,41,3.3500000000000002e-21,41,2,41,1,40,mobileOG_000321643,ecnB,WP_000977757.1,stability/transfer/defense,NA,Plasmid RefSeq,Homology,ratio1_Esch_coli_MB19_NODE_110_length_12033_cov_87.031641_1-10433_ratio1_Esch_coli_MB19_NODE_110_length_12033_cov_87.031641_8_4, 2809 # 2931 # 1 , 2809,2931,1 ,129_4,129,4,00,ATG,GGA/GAG/AGG,5-10bp,0.553,ratio1_Esch_coli_MB19_NODE_110_length_12033_cov_87.031641_1-10433_ratio1_Esch_coli_MB19_NODE_110_length_12033_cov_87.031641_8,mobileOG_000321643_ratio1_Esch_coli_MB19_NODE_110_length_12033_cov_87.031641_1-10433_ratio1_Esch_coli_MB19_NODE_110_length_12033_cov_87.031641_8
33,mobileOG_000330413|ecnB|ETJ37164.1|stability/transfer/defense|NA|Plasmid RefSeq|Homology,ratio1_Esch_coli_MB19_NODE_110_length_12033_cov_87.031641_1-10433_ratio1_Esch_coli_MB19_NODE_110_length_12033_cov_87.031641_8_5 # 3042 # 3188 # 1 # ID=129_5;partial=00;start_type=ATG;rbs_motif=AGGA;rbs_spacer=5-10bp;gc_cont=0.483,100.0,88.2,48,8.370000000000002e-25,49,1,48,1,48,mobileOG_000330413,ecnB,ETJ37164.1,stability/transfer/defense,NA,Plasmid RefSeq,Homology,ratio1_Esch_coli_MB19_NODE_110_length_12033_cov_87.031641_1-10433_ratio1_Esch_coli_MB19_NODE_110_length_12033_cov_87.031641_8_5, 3042 # 3188 # 1 , 3042,3188,1 ,129_5,129,5,00,ATG,AGGA,5-10bp,0.483,ratio1_Esch_coli_MB19_NODE_110_length_12033_cov_87.031641_1-10433_ratio1_Esch_coli_MB19_NODE_110_length_12033_cov_87.031641_8,mobileOG_000330413_ratio1_Esch_coli_MB19_NODE_110_length_12033_cov_87.031641_1-10433_ratio1_Esch_coli_MB19_NODE_110_length_12033_cov_87.031641_8
34,mobileOG_000326289|alkB|WP_000884919.1|replication/recombination/repair|NA|Plasmid RefSeq|Homology,ratio1_Esch_coli_MB19_NODE_195_length_4192_cov_62.609862_1-4192_ratio1_Esch_coli_MB19_NODE_195_length_4192_cov_62.609862_2_3 # 3722 # 4192 # -1 # ID=135_3;partial=01;start_type=Edge;rbs_motif=None;rbs_spacer=None;gc_cont=0.516,100.0,340.0,216,2.7699999999999992e-120,157,61,216,1,156,mobileOG_000326289,alkB,WP_000884919.1,replication/recombination/repair,NA,Plasmid RefSeq,Homology,ratio1_Esch_coli_MB19_NODE_195_length_4192_cov_62.609862_1-4192_ratio1_Esch_coli_MB19_NODE_195_length_4192_cov_62.609862_2_3, 3722 # 4192 # -1 , 3722,4192,-1 ,135_3,135,3,01,Edge,None,None,0.516,ratio1_Esch_coli_MB19_NODE_195_length_4192_cov_62.609862_1-4192_ratio1_Esch_coli_MB19_NODE_195_length_4192_cov_62.609862_2,mobileOG_000326289_ratio1_Esch_coli_MB19_NODE_195_length_4192_cov_62.609862_1-4192_ratio1_Esch_coli_MB19_NODE_195_length_4192_cov_62.609862_2
35,mobileOG_000003237|fis|WP_000462905.1|integration/excision|replication/recombination/repair|Multiple|Manual,ratio1_Esch_coli_TUM20902_NODE_1_length_314982_cov_69.415677_409-13513_ratio1_Esch_coli_TUM20902_NODE_1_length_314982_cov_69.415677_8_12 # 11571 # 11867 # -1 # ID=138_12;partial=00;start_type=ATG;rbs_motif=GGA/GAG/AGG;rbs_spacer=11-12bp;gc_cont=0.475,100.0,189.0,98,1.9899999999999996e-63,99,1,98,1,98,mobileOG_000003237,fis,WP_000462905.1,integration/excision,replication/recombination/repair,Multiple,Manual,ratio1_Esch_coli_TUM20902_NODE_1_length_314982_cov_69.415677_409-13513_ratio1_Esch_coli_TUM20902_NODE_1_length_314982_cov_69.415677_8_12, 11571 # 11867 # -1 , 11571,11867,-1 ,138_12,138,12,00,ATG,GGA/GAG/AGG,11-12bp,0.475,ratio1_Esch_coli_TUM20902_NODE_1_length_314982_cov_69.415677_409-13513_ratio1_Esch_coli_TUM20902_NODE_1_length_314982_cov_69.415677_8,mobileOG_000003237_ratio1_Esch_coli_TUM20902_NODE_1_length_314982_cov_69.415677_409-13513_ratio1_Esch_coli_TUM20902_NODE_1_length_314982_cov_69.415677_8
36,mobileOG_000003237|fis|WP_000462905.1|integration/excision|replication/recombination/repair|Multiple|Manual,ratio1_Esch_coli_TUM20902_NODE_1_length_314982_cov_69.415677_3525-14682_ratio1_Esch_coli_TUM20902_NODE_1_length_314982_cov_69.415677_9_9 # 8455 # 8751 # -1 # ID=139_9;partial=00;start_type=ATG;rbs_motif=GGA/GAG/AGG;rbs_spacer=11-12bp;gc_cont=0.475,100.0,189.0,98,1.9899999999999996e-63,99,1,98,1,98,mobileOG_000003237,fis,WP_000462905.1,integration/excision,replication/recombination/repair,Multiple,Manual,ratio1_Esch_coli_TUM20902_NODE_1_length_314982_cov_69.415677_3525-14682_ratio1_Esch_coli_TUM20902_NODE_1_length_314982_cov_69.415677_9_9, 8455 # 8751 # -1 , 8455,8751,-1 ,139_9,139,9,00,ATG,GGA/GAG/AGG,11-12bp,0.475,ratio1_Esch_coli_TUM20902_NODE_1_length_314982_cov_69.415677_3525-14682_ratio1_Esch_coli_TUM20902_NODE_1_length_314982_cov_69.415677_9,mobileOG_000003237_ratio1_Esch_coli_TUM20902_NODE_1_length_314982_cov_69.415677_3525-14682_ratio1_Esch_coli_TUM20902_NODE_1_length_314982_cov_69.415677_9
37,mobileOG_000003237|fis|WP_000462905.1|integration/excision|replication/recombination/repair|Multiple|Manual,ratio1_Esch_coli_TUM20902_NODE_1_length_314982_cov_69.415677_5081-15743_ratio1_Esch_coli_TUM20902_NODE_1_length_314982_cov_69.415677_10_8 # 6899 # 7195 # -1 # ID=140_8;partial=00;start_type=ATG;rbs_motif=GGA/GAG/AGG;rbs_spacer=11-12bp;gc_cont=0.475,100.0,189.0,98,1.9899999999999996e-63,99,1,98,1,98,mobileOG_000003237,fis,WP_000462905.1,integration/excision,replication/recombination/repair,Multiple,Manual,ratio1_Esch_coli_TUM20902_NODE_1_length_314982_cov_69.415677_5081-15743_ratio1_Esch_coli_TUM20902_NODE_1_length_314982_cov_69.415677_10_8, 6899 # 7195 # -1 , 6899,7195,-1 ,140_8,140,8,00,ATG,GGA/GAG/AGG,11-12bp,0.475,ratio1_Esch_coli_TUM20902_NODE_1_length_314982_cov_69.415677_5081-15743_ratio1_Esch_coli_TUM20902_NODE_1_length_314982_cov_69.415677_10,mobileOG_000003237_ratio1_Esch_coli_TUM20902_NODE_1_length_314982_cov_69.415677_5081-15743_ratio1_Esch_coli_TUM20902_NODE_1_length_314982_cov_69.415677_10
38,"mobileOG_000025806|cca|J7Q9S8|phage|regulation,infection|Multiple|Manual",ratio1_Esch_coli_TUM20902_NODE_1_length_314982_cov_69.415677_205280-216101_ratio1_Esch_coli_TUM20902_NODE_1_length_314982_cov_69.415677_203_8 # 6004 # 7242 # -1 # ID=141_8;partial=00;start_type=GTG;rbs_motif=GGA/GAG/AGG;rbs_spacer=5-10bp;gc_cont=0.568,100.0,842.0,412,3.06e-311,413,1,412,1,412,mobileOG_000025806,cca,J7Q9S8,phage,"regulation,infection",Multiple,Manual,ratio1_Esch_coli_TUM20902_NODE_1_length_314982_cov_69.415677_205280-216101_ratio1_Esch_coli_TUM20902_NODE_1_length_314982_cov_69.415677_203_8, 6004 # 7242 # -1 , 6004,7242,-1 ,141_8,141,8,00,GTG,GGA/GAG/AGG,5-10bp,0.568,ratio1_Esch_coli_TUM20902_NODE_1_length_314982_cov_69.415677_205280-216101_ratio1_Esch_coli_TUM20902_NODE_1_length_314982_cov_69.415677_203,mobileOG_000025806_ratio1_Esch_coli_TUM20902_NODE_1_length_314982_cov_69.415677_205280-216101_ratio1_Esch_coli_TUM20902_NODE_1_length_314982_cov_69.415677_203
39,mobileOG_000026107|parE|P20083|replication/recombination/repair|partitioning|Multiple|Manual,ratio1_Esch_coli_TUM20902_NODE_1_length_314982_cov_69.415677_226913-238394_ratio1_Esch_coli_TUM20902_NODE_1_length_314982_cov_69.415677_222_10 # 9201 # 11093 # 1 # ID=142_10;partial=00;start_type=ATG;rbs_motif=None;rbs_spacer=None;gc_cont=0.535,100.0,1255.0,630,0.0,631,1,630,1,630,mobileOG_000026107,parE,P20083,replication/recombination/repair,partitioning,Multiple,Manual,ratio1_Esch_coli_TUM20902_NODE_1_length_314982_cov_69.415677_226913-238394_ratio1_Esch_coli_TUM20902_NODE_1_length_314982_cov_69.415677_222_10, 9201 # 11093 # 1 , 9201,11093,1 ,142_10,142,10,00,ATG,None,None,0.535,ratio1_Esch_coli_TUM20902_NODE_1_length_314982_cov_69.415677_226913-238394_ratio1_Esch_coli_TUM20902_NODE_1_length_314982_cov_69.415677_222,mobileOG_000026107_ratio1_Esch_coli_TUM20902_NODE_1_length_314982_cov_69.415677_226913-238394_ratio1_Esch_coli_TUM20902_NODE_1_length_314982_cov_69.415677_222
40,mobileOG_000335061|alkB|WP_000884957.1|replication/recombination/repair|NA|Plasmid RefSeq|Homology,ratio1_Esch_coli_TUM20902_NODE_3_length_202876_cov_47.962198_148795-160438_ratio1_Esch_coli_TUM20902_NODE_3_length_202876_cov_47.962198_134_8 # 6720 # 7370 # -1 # ID=153_8;partial=00;start_type=ATG;rbs_motif=AGGAG;rbs_spacer=5-10bp;gc_cont=0.524,99.5,455.0,216,5.889999999999998e-165,217,1,216,1,216,mobileOG_000335061,alkB,WP_000884957.1,replication/recombination/repair,NA,Plasmid RefSeq,Homology,ratio1_Esch_coli_TUM20902_NODE_3_length_202876_cov_47.962198_148795-160438_ratio1_Esch_coli_TUM20902_NODE_3_length_202876_cov_47.962198_134_8, 6720 # 7370 # -1 , 6720,7370,-1 ,153_8,153,8,00,ATG,AGGAG,5-10bp,0.524,ratio1_Esch_coli_TUM20902_NODE_3_length_202876_cov_47.962198_148795-160438_ratio1_Esch_coli_TUM20902_NODE_3_length_202876_cov_47.962198_134,mobileOG_000335061_ratio1_Esch_coli_TUM20902_NODE_3_length_202876_cov_47.962198_148795-160438_ratio1_Esch_coli_TUM20902_NODE_3_length_202876_cov_47.962198_134
41,mobileOG_000002433|dinI|WP_001217754.1|replication/recombination/repair|NA|Multiple|Manual,ratio1_Esch_coli_TUM20902_NODE_4_length_189730_cov_51.478255_76750-87958_ratio1_Esch_coli_TUM20902_NODE_4_length_189730_cov_51.478255_95_12 # 8840 # 9085 # 1 # ID=154_12;partial=00;start_type=ATG;rbs_motif=AGxAGG/AGGxGG;rbs_spacer=5-10bp;gc_cont=0.480,100.0,162.0,81,3.9799999999999997e-53,82,1,81,1,81,mobileOG_000002433,dinI,WP_001217754.1,replication/recombination/repair,NA,Multiple,Manual,ratio1_Esch_coli_TUM20902_NODE_4_length_189730_cov_51.478255_76750-87958_ratio1_Esch_coli_TUM20902_NODE_4_length_189730_cov_51.478255_95_12, 8840 # 9085 # 1 , 8840,9085,1 ,154_12,154,12,00,ATG,AGxAGG/AGGxGG,5-10bp,0.480,ratio1_Esch_coli_TUM20902_NODE_4_length_189730_cov_51.478255_76750-87958_ratio1_Esch_coli_TUM20902_NODE_4_length_189730_cov_51.478255_95,mobileOG_000002433_ratio1_Esch_coli_TUM20902_NODE_4_length_189730_cov_51.478255_76750-87958_ratio1_Esch_coli_TUM20902_NODE_4_length_189730_cov_51.478255_95
42,mobileOG_000026116|priC|F0JM94|replication/recombination/repair|NA|Plasmid RefSeq|Manual,ratio1_Esch_coli_TUM20902_NODE_8_length_135035_cov_52.301800_33469-44662_ratio1_Esch_coli_TUM20902_NODE_8_length_135035_cov_52.301800_25_1 # 2 # 505 # 1 # ID=157_1;partial=10;start_type=Edge;rbs_motif=None;rbs_spacer=None;gc_cont=0.597,95.8,303.0,175,4.479999999999999e-106,168,9,175,1,167,mobileOG_000026116,priC,F0JM94,replication/recombination/repair,NA,Plasmid RefSeq,Manual,ratio1_Esch_coli_TUM20902_NODE_8_length_135035_cov_52.301800_33469-44662_ratio1_Esch_coli_TUM20902_NODE_8_length_135035_cov_52.301800_25_1, 2 # 505 # 1 , 2,505,1 ,157_1,157,1,10,Edge,None,None,0.597,ratio1_Esch_coli_TUM20902_NODE_8_length_135035_cov_52.301800_33469-44662_ratio1_Esch_coli_TUM20902_NODE_8_length_135035_cov_52.301800_25,mobileOG_000026116_ratio1_Esch_coli_TUM20902_NODE_8_length_135035_cov_52.301800_33469-44662_ratio1_Esch_coli_TUM20902_NODE_8_length_135035_cov_52.301800_25
43,mobileOG_000304542|traG|WP_001297077.1|transfer|conjugation|Plasmid RefSeq|Homology,ratio1_Esch_coli_TUM20902_NODE_13_length_109449_cov_50.844516_8970-19938_ratio1_Esch_coli_TUM20902_NODE_13_length_109449_cov_50.844516_15_5 # 2948 # 3550 # -1 # ID=160_5;partial=00;start_type=GTG;rbs_motif=GGAG/GAGG;rbs_spacer=5-10bp;gc_cont=0.438,99.5,404.0,200,2.3199999999999994e-145,201,1,200,1,200,mobileOG_000304542,traG,WP_001297077.1,transfer,conjugation,Plasmid RefSeq,Homology,ratio1_Esch_coli_TUM20902_NODE_13_length_109449_cov_50.844516_8970-19938_ratio1_Esch_coli_TUM20902_NODE_13_length_109449_cov_50.844516_15_5, 2948 # 3550 # -1 , 2948,3550,-1 ,160_5,160,5,00,GTG,GGAG/GAGG,5-10bp,0.438,ratio1_Esch_coli_TUM20902_NODE_13_length_109449_cov_50.844516_8970-19938_ratio1_Esch_coli_TUM20902_NODE_13_length_109449_cov_50.844516_15,mobileOG_000304542_ratio1_Esch_coli_TUM20902_NODE_13_length_109449_cov_50.844516_8970-19938_ratio1_Esch_coli_TUM20902_NODE_13_length_109449_cov_50.844516_15
44,mobileOG_000352862|seqA|WP_000848387.1|replication/recombination/repair|NA|Plasmid RefSeq|Homology,ratio1_Esch_coli_TUM20902_NODE_19_length_79291_cov_52.313305_54164-64841_ratio1_Esch_coli_TUM20902_NODE_19_length_79291_cov_52.313305_55_7 # 8155 # 8700 # -1 # ID=161_7;partial=00;start_type=ATG;rbs_motif=GGA/GAG/AGG;rbs_spacer=5-10bp;gc_cont=0.500,100.0,353.0,181,1.0399999999999997e-125,182,1,181,1,181,mobileOG_000352862,seqA,WP_000848387.1,replication/recombination/repair,NA,Plasmid RefSeq,Homology,ratio1_Esch_coli_TUM20902_NODE_19_length_79291_cov_52.313305_54164-64841_ratio1_Esch_coli_TUM20902_NODE_19_length_79291_cov_52.313305_55_7, 8155 # 8700 # -1 , 8155,8700,-1 ,161_7,161,7,00,ATG,GGA/GAG/AGG,5-10bp,0.500,ratio1_Esch_coli_TUM20902_NODE_19_length_79291_cov_52.313305_54164-64841_ratio1_Esch_coli_TUM20902_NODE_19_length_79291_cov_52.313305_55,mobileOG_000352862_ratio1_Esch_coli_TUM20902_NODE_19_length_79291_cov_52.313305_54164-64841_ratio1_Esch_coli_TUM20902_NODE_19_length_79291_cov_52.313305_55
45,mobileOG_000330413|ecnB|ETJ37164.1|stability/transfer/defense|NA|Plasmid RefSeq|Homology,ratio1_Esch_coli_TUM20902_NODE_28_length_65565_cov_52.392810_8114-19280_ratio1_Esch_coli_TUM20902_NODE_28_length_65565_cov_52.392810_11_10 # 7278 # 7424 # -1 # ID=163_10;partial=00;start_type=ATG;rbs_motif=AGGA;rbs_spacer=5-10bp;gc_cont=0.483,100.0,88.2,48,8.370000000000002e-25,49,1,48,1,48,mobileOG_000330413,ecnB,ETJ37164.1,stability/transfer/defense,NA,Plasmid RefSeq,Homology,ratio1_Esch_coli_TUM20902_NODE_28_length_65565_cov_52.392810_8114-19280_ratio1_Esch_coli_TUM20902_NODE_28_length_65565_cov_52.392810_11_10, 7278 # 7424 # -1 , 7278,7424,-1 ,163_10,163,10,00,ATG,AGGA,5-10bp,0.483,ratio1_Esch_coli_TUM20902_NODE_28_length_65565_cov_52.392810_8114-19280_ratio1_Esch_coli_TUM20902_NODE_28_length_65565_cov_52.392810_11,mobileOG_000330413_ratio1_Esch_coli_TUM20902_NODE_28_length_65565_cov_52.392810_8114-19280_ratio1_Esch_coli_TUM20902_NODE_28_length_65565_cov_52.392810_11
46,mobileOG_000321643|ecnB|WP_000977757.1|stability/transfer/defense|NA|Plasmid RefSeq|Homology,ratio1_Esch_coli_TUM20902_NODE_28_length_65565_cov_52.392810_8114-19280_ratio1_Esch_coli_TUM20902_NODE_28_length_65565_cov_52.392810_11_11 # 7535 # 7660 # -1 # ID=163_11;partial=00;start_type=ATG;rbs_motif=GGA/GAG/AGG;rbs_spacer=5-10bp;gc_cont=0.500,97.6,77.8,41,7.08e-21,42,1,41,1,41,mobileOG_000321643,ecnB,WP_000977757.1,stability/transfer/defense,NA,Plasmid RefSeq,Homology,ratio1_Esch_coli_TUM20902_NODE_28_length_65565_cov_52.392810_8114-19280_ratio1_Esch_coli_TUM20902_NODE_28_length_65565_cov_52.392810_11_11, 7535 # 7660 # -1 , 7535,7660,-1 ,163_11,163,11,00,ATG,GGA/GAG/AGG,5-10bp,0.500,ratio1_Esch_coli_TUM20902_NODE_28_length_65565_cov_52.392810_8114-19280_ratio1_Esch_coli_TUM20902_NODE_28_length_65565_cov_52.392810_11,mobileOG_000321643_ratio1_Esch_coli_TUM20902_NODE_28_length_65565_cov_52.392810_8114-19280_ratio1_Esch_coli_TUM20902_NODE_28_length_65565_cov_52.392810_11
47,"mobileOG_000025715|ihfB|WP_002898165.1|integration/excision|regulation,lysis/lysogeny|Plasmid RefSeq|Manual",ratio1_Esch_coli_TUM20902_NODE_32_length_56141_cov_53.169971_19785-31533_ratio1_Esch_coli_TUM20902_NODE_32_length_56141_cov_53.169971_19_9 # 9257 # 9541 # -1 # ID=166_9;partial=00;start_type=ATG;rbs_motif=GGAGG;rbs_spacer=3-4bp;gc_cont=0.491,97.8,187.0,95,8.879999999999998e-63,95,1,93,1,93,mobileOG_000025715,ihfB,WP_002898165.1,integration/excision,"regulation,lysis/lysogeny",Plasmid RefSeq,Manual,ratio1_Esch_coli_TUM20902_NODE_32_length_56141_cov_53.169971_19785-31533_ratio1_Esch_coli_TUM20902_NODE_32_length_56141_cov_53.169971_19_9, 9257 # 9541 # -1 , 9257,9541,-1 ,166_9,166,9,00,ATG,GGAGG,3-4bp,0.491,ratio1_Esch_coli_TUM20902_NODE_32_length_56141_cov_53.169971_19785-31533_ratio1_Esch_coli_TUM20902_NODE_32_length_56141_cov_53.169971_19,mobileOG_000025715_ratio1_Esch_coli_TUM20902_NODE_32_length_56141_cov_53.169971_19785-31533_ratio1_Esch_coli_TUM20902_NODE_32_length_56141_cov_53.169971_19
48,mobileOG_000269897|tnpA|WP_129554438.1|integration/excision|NA|IME|Homology,ratio1_unmapped_NODE_9_length_21737_cov_28.580897_1-6038_ratio1_unmapped_NODE_9_length_21737_cov_28.580897_1_4 # 3350 # 3670 # -1 # ID=180_4;partial=00;start_type=TTG;rbs_motif=None;rbs_spacer=None;gc_cont=0.604,99.1,211.0,209,2.9299999999999994e-70,107,104,209,1,106,mobileOG_000269897,tnpA,WP_129554438.1,integration/excision,NA,IME,Homology,ratio1_unmapped_NODE_9_length_21737_cov_28.580897_1-6038_ratio1_unmapped_NODE_9_length_21737_cov_28.580897_1_4, 3350 # 3670 # -1 , 3350,3670,-1 ,180_4,180,4,00,TTG,None,None,0.604,ratio1_unmapped_NODE_9_length_21737_cov_28.580897_1-6038_ratio1_unmapped_NODE_9_length_21737_cov_28.580897_1,mobileOG_000269897_ratio1_unmapped_NODE_9_length_21737_cov_28.580897_1-6038_ratio1_unmapped_NODE_9_length_21737_cov_28.580897_1
49,mobileOG_000318210|tnpA|WP_086893244.1|integration/excision|NA|Plasmid RefSeq|Homology,ratio1_unmapped_NODE_9_length_21737_cov_28.580897_1-6038_ratio1_unmapped_NODE_9_length_21737_cov_28.580897_1_5 # 3846 # 4379 # -1 # ID=180_5;partial=00;start_type=ATG;rbs_motif=None;rbs_spacer=None;gc_cont=0.530,100.0,370.0,227,1.2499999999999996e-131,178,51,227,1,177,mobileOG_000318210,tnpA,WP_086893244.1,integration/excision,NA,Plasmid RefSeq,Homology,ratio1_unmapped_NODE_9_length_21737_cov_28.580897_1-6038_ratio1_unmapped_NODE_9_length_21737_cov_28.580897_1_5, 3846 # 4379 # -1 , 3846,4379,-1 ,180_5,180,5,00,ATG,None,None,0.530,ratio1_unmapped_NODE_9_length_21737_cov_28.580897_1-6038_ratio1_unmapped_NODE_9_length_21737_cov_28.580897_1,mobileOG_000318210_ratio1_unmapped_NODE_9_length_21737_cov_28.580897_1-6038_ratio1_unmapped_NODE_9_length_21737_cov_28.580897_1
50,mobileOG_000059553|NGR_a00240|WP_000125669.1|integration/excision|NA|Multiple|Homology,ratio1_unmapped_NODE_16_length_19515_cov_11.901850_11030-19515_ratio1_unmapped_NODE_16_length_19515_cov_11.901850_15_3 # 2774 # 4180 # 1 # ID=181_3;partial=00;start_type=ATG;rbs_motif=AGGA;rbs_spacer=5-10bp;gc_cont=0.509,99.8,922.0,468,0.0,469,1,468,1,468,mobileOG_000059553,NGR_a00240,WP_000125669.1,integration/excision,NA,Multiple,Homology,ratio1_unmapped_NODE_16_length_19515_cov_11.901850_11030-19515_ratio1_unmapped_NODE_16_length_19515_cov_11.901850_15_3, 2774 # 4180 # 1 , 2774,4180,1 ,181_3,181,3,00,ATG,AGGA,5-10bp,0.509,ratio1_unmapped_NODE_16_length_19515_cov_11.901850_11030-19515_ratio1_unmapped_NODE_16_length_19515_cov_11.901850_15,mobileOG_000059553_ratio1_unmapped_NODE_16_length_19515_cov_11.901850_11030-19515_ratio1_unmapped_NODE_16_length_19515_cov_11.901850_15
51,mobileOG_000059551|tnpA|WP_012478345.1|integration/excision|NA|Multiple|Homology,ratio1_unmapped_NODE_16_length_19515_cov_11.901850_11030-19515_ratio1_unmapped_NODE_16_length_19515_cov_11.901850_15_6 # 6822 # 7745 # -1 # ID=181_6;partial=00;start_type=ATG;rbs_motif=GGA/GAG/AGG;rbs_spacer=5-10bp;gc_cont=0.430,100.0,605.0,307,2.339999999999999e-221,308,1,307,1,307,mobileOG_000059551,tnpA,WP_012478345.1,integration/excision,NA,Multiple,Homology,ratio1_unmapped_NODE_16_length_19515_cov_11.901850_11030-19515_ratio1_unmapped_NODE_16_length_19515_cov_11.901850_15_6, 6822 # 7745 # -1 , 6822,7745,-1 ,181_6,181,6,00,ATG,GGA/GAG/AGG,5-10bp,0.430,ratio1_unmapped_NODE_16_length_19515_cov_11.901850_11030-19515_ratio1_unmapped_NODE_16_length_19515_cov_11.901850_15,mobileOG_000059551_ratio1_unmapped_NODE_16_length_19515_cov_11.901850_11030-19515_ratio1_unmapped_NODE_16_length_19515_cov_11.901850_15
52,mobileOG_000033487|int|WP_000845039.1|integration/excision|NA|Multiple|Homology,ratio1_unmapped_NODE_64_length_10018_cov_11.489712_1-6393_ratio1_unmapped_NODE_64_length_10018_cov_11.489712_2_5 # 3496 # 4509 # 1 # ID=188_5;partial=00;start_type=ATG;rbs_motif=None;rbs_spacer=None;gc_cont=0.612,100.0,687.0,337,8.179999999999993e-253,338,1,337,1,337,mobileOG_000033487,int,WP_000845039.1,integration/excision,NA,Multiple,Homology,ratio1_unmapped_NODE_64_length_10018_cov_11.489712_1-6393_ratio1_unmapped_NODE_64_length_10018_cov_11.489712_2_5, 3496 # 4509 # 1 , 3496,4509,1 ,188_5,188,5,00,ATG,None,None,0.612,ratio1_unmapped_NODE_64_length_10018_cov_11.489712_1-6393_ratio1_unmapped_NODE_64_length_10018_cov_11.489712_2,mobileOG_000033487_ratio1_unmapped_NODE_64_length_10018_cov_11.489712_1-6393_ratio1_unmapped_NODE_64_length_10018_cov_11.489712_2
53,mobileOG_000001702|tnpM|P04162|integration/excision|NA|Multiple|Manual,ratio1_unmapped_NODE_64_length_10018_cov_11.489712_1-6393_ratio1_unmapped_NODE_64_length_10018_cov_11.489712_2_6 # 4562 # 5062 # 1 # ID=188_6;partial=00;start_type=GTG;rbs_motif=GGA/GAG/AGG;rbs_spacer=5-10bp;gc_cont=0.631,99.4,340.0,194,9.579999999999998e-121,167,29,194,1,166,mobileOG_000001702,tnpM,P04162,integration/excision,NA,Multiple,Manual,ratio1_unmapped_NODE_64_length_10018_cov_11.489712_1-6393_ratio1_unmapped_NODE_64_length_10018_cov_11.489712_2_6, 4562 # 5062 # 1 , 4562,5062,1 ,188_6,188,6,00,GTG,GGA/GAG/AGG,5-10bp,0.631,ratio1_unmapped_NODE_64_length_10018_cov_11.489712_1-6393_ratio1_unmapped_NODE_64_length_10018_cov_11.489712_2,mobileOG_000001702_ratio1_unmapped_NODE_64_length_10018_cov_11.489712_1-6393_ratio1_unmapped_NODE_64_length_10018_cov_11.489712_2
54,mobileOG_000001365|tnpR|P04130|integration/excision|NA|Multiple|Manual,ratio1_unmapped_NODE_64_length_10018_cov_11.489712_1-6393_ratio1_unmapped_NODE_64_length_10018_cov_11.489712_2_7 # 5188 # 5748 # 1 # ID=188_7;partial=00;start_type=ATG;rbs_motif=GGA/GAG/AGG;rbs_spacer=5-10bp;gc_cont=0.579,100.0,353.0,186,1.5199999999999997e-125,187,1,186,1,186,mobileOG_000001365,tnpR,P04130,integration/excision,NA,Multiple,Manual,ratio1_unmapped_NODE_64_length_10018_cov_11.489712_1-6393_ratio1_unmapped_NODE_64_length_10018_cov_11.489712_2_7, 5188 # 5748 # 1 , 5188,5748,1 ,188_7,188,7,00,ATG,GGA/GAG/AGG,5-10bp,0.579,ratio1_unmapped_NODE_64_length_10018_cov_11.489712_1-6393_ratio1_unmapped_NODE_64_length_10018_cov_11.489712_2,mobileOG_000001365_ratio1_unmapped_NODE_64_length_10018_cov_11.489712_1-6393_ratio1_unmapped_NODE_64_length_10018_cov_11.489712_2
55,mobileOG_000061115|tnpA|A0A0Q0Z271|integration/excision|NA|COMPASS|Homology,ratio1_unmapped_NODE_64_length_10018_cov_11.489712_1-6393_ratio1_unmapped_NODE_64_length_10018_cov_11.489712_2_8 # 5751 # 6392 # 1 # ID=188_8;partial=01;start_type=ATG;rbs_motif=GGA/GAG/AGG;rbs_spacer=5-10bp;gc_cont=0.651,100.0,417.0,271,3.2999999999999993e-149,214,1,214,1,214,mobileOG_000061115,tnpA,A0A0Q0Z271,integration/excision,NA,COMPASS,Homology,ratio1_unmapped_NODE_64_length_10018_cov_11.489712_1-6393_ratio1_unmapped_NODE_64_length_10018_cov_11.489712_2_8, 5751 # 6392 # 1 , 5751,6392,1 ,188_8,188,8,01,ATG,GGA/GAG/AGG,5-10bp,0.651,ratio1_unmapped_NODE_64_length_10018_cov_11.489712_1-6393_ratio1_unmapped_NODE_64_length_10018_cov_11.489712_2,mobileOG_000061115_ratio1_unmapped_NODE_64_length_10018_cov_11.489712_1-6393_ratio1_unmapped_NODE_64_length_10018_cov_11.489712_2
56,mobileOG_000033487|int|WP_000845039.1|integration/excision|NA|Multiple|Homology,ratio1_unmapped_NODE_64_length_10018_cov_11.489712_1-7434_ratio1_unmapped_NODE_64_length_10018_cov_11.489712_3_4 # 3496 # 4509 # 1 # ID=189_4;partial=00;start_type=ATG;rbs_motif=None;rbs_spacer=None;gc_cont=0.612,100.0,687.0,337,8.179999999999993e-253,338,1,337,1,337,mobileOG_000033487,int,WP_000845039.1,integration/excision,NA,Multiple,Homology,ratio1_unmapped_NODE_64_length_10018_cov_11.489712_1-7434_ratio1_unmapped_NODE_64_length_10018_cov_11.489712_3_4, 3496 # 4509 # 1 , 3496,4509,1 ,189_4,189,4,00,ATG,None,None,0.612,ratio1_unmapped_NODE_64_length_10018_cov_11.489712_1-7434_ratio1_unmapped_NODE_64_length_10018_cov_11.489712_3,mobileOG_000033487_ratio1_unmapped_NODE_64_length_10018_cov_11.489712_1-7434_ratio1_unmapped_NODE_64_length_10018_cov_11.489712_3
57,mobileOG_000001364|tnpM|P04162|integration/excision|NA|Multiple|Manual,ratio1_unmapped_NODE_64_length_10018_cov_11.489712_1-7434_ratio1_unmapped_NODE_64_length_10018_cov_11.489712_3_5 # 4712 # 5062 # 1 # ID=189_5;partial=00;start_type=ATG;rbs_motif=None;rbs_spacer=None;gc_cont=0.635,100.0,250.0,116,4.109999999999999e-87,117,1,116,1,116,mobileOG_000001364,tnpM,P04162,integration/excision,NA,Multiple,Manual,ratio1_unmapped_NODE_64_length_10018_cov_11.489712_1-7434_ratio1_unmapped_NODE_64_length_10018_cov_11.489712_3_5, 4712 # 5062 # 1 , 4712,5062,1 ,189_5,189,5,00,ATG,None,None,0.635,ratio1_unmapped_NODE_64_length_10018_cov_11.489712_1-7434_ratio1_unmapped_NODE_64_length_10018_cov_11.489712_3,mobileOG_000001364_ratio1_unmapped_NODE_64_length_10018_cov_11.489712_1-7434_ratio1_unmapped_NODE_64_length_10018_cov_11.489712_3
58,mobileOG_000001365|tnpR|P04130|integration/excision|NA|Multiple|Manual,ratio1_unmapped_NODE_64_length_10018_cov_11.489712_1-7434_ratio1_unmapped_NODE_64_length_10018_cov_11.489712_3_6 # 5188 # 5748 # 1 # ID=189_6;partial=00;start_type=ATG;rbs_motif=GGA/GAG/AGG;rbs_spacer=5-10bp;gc_cont=0.579,100.0,353.0,186,1.5199999999999997e-125,187,1,186,1,186,mobileOG_000001365,tnpR,P04130,integration/excision,NA,Multiple,Manual,ratio1_unmapped_NODE_64_length_10018_cov_11.489712_1-7434_ratio1_unmapped_NODE_64_length_10018_cov_11.489712_3_6, 5188 # 5748 # 1 , 5188,5748,1 ,189_6,189,6,00,ATG,GGA/GAG/AGG,5-10bp,0.579,ratio1_unmapped_NODE_64_length_10018_cov_11.489712_1-7434_ratio1_unmapped_NODE_64_length_10018_cov_11.489712_3,mobileOG_000001365_ratio1_unmapped_NODE_64_length_10018_cov_11.489712_1-7434_ratio1_unmapped_NODE_64_length_10018_cov_11.489712_3
59,mobileOG_000064204|tnpA|WP_015344976.1|integration/excision|NA|Multiple|Homology,ratio1_unmapped_NODE_64_length_10018_cov_11.489712_1-7434_ratio1_unmapped_NODE_64_length_10018_cov_11.489712_3_7 # 5751 # 7433 # 1 # ID=189_7;partial=01;start_type=ATG;rbs_motif=GGA/GAG/AGG;rbs_spacer=5-10bp;gc_cont=0.637,100.0,1093.0,983,0.0,561,1,561,1,561,mobileOG_000064204,tnpA,WP_015344976.1,integration/excision,NA,Multiple,Homology,ratio1_unmapped_NODE_64_length_10018_cov_11.489712_1-7434_ratio1_unmapped_NODE_64_length_10018_cov_11.489712_3_7, 5751 # 7433 # 1 , 5751,7433,1 ,189_7,189,7,01,ATG,GGA/GAG/AGG,5-10bp,0.637,ratio1_unmapped_NODE_64_length_10018_cov_11.489712_1-7434_ratio1_unmapped_NODE_64_length_10018_cov_11.489712_3,mobileOG_000064204_ratio1_unmapped_NODE_64_length_10018_cov_11.489712_1-7434_ratio1_unmapped_NODE_64_length_10018_cov_11.489712_3
60,mobileOG_000033487|int|WP_000845039.1|integration/excision|NA|Multiple|Homology,ratio1_unmapped_NODE_64_length_10018_cov_11.489712_1-8351_ratio1_unmapped_NODE_64_length_10018_cov_11.489712_4_4 # 3496 # 4509 # 1 # ID=190_4;partial=00;start_type=ATG;rbs_motif=None;rbs_spacer=None;gc_cont=0.612,100.0,687.0,337,8.179999999999993e-253,338,1,337,1,337,mobileOG_000033487,int,WP_000845039.1,integration/excision,NA,Multiple,Homology,ratio1_unmapped_NODE_64_length_10018_cov_11.489712_1-8351_ratio1_unmapped_NODE_64_length_10018_cov_11.489712_4_4, 3496 # 4509 # 1 , 3496,4509,1 ,190_4,190,4,00,ATG,None,None,0.612,ratio1_unmapped_NODE_64_length_10018_cov_11.489712_1-8351_ratio1_unmapped_NODE_64_length_10018_cov_11.489712_4,mobileOG_000033487_ratio1_unmapped_NODE_64_length_10018_cov_11.489712_1-8351_ratio1_unmapped_NODE_64_length_10018_cov_11.489712_4
61,mobileOG_000001364|tnpM|P04162|integration/excision|NA|Multiple|Manual,ratio1_unmapped_NODE_64_length_10018_cov_11.489712_1-8351_ratio1_unmapped_NODE_64_length_10018_cov_11.489712_4_5 # 4712 # 5062 # 1 # ID=190_5;partial=00;start_type=ATG;rbs_motif=None;rbs_spacer=None;gc_cont=0.635,100.0,250.0,116,4.109999999999999e-87,117,1,116,1,116,mobileOG_000001364,tnpM,P04162,integration/excision,NA,Multiple,Manual,ratio1_unmapped_NODE_64_length_10018_cov_11.489712_1-8351_ratio1_unmapped_NODE_64_length_10018_cov_11.489712_4_5, 4712 # 5062 # 1 , 4712,5062,1 ,190_5,190,5,00,ATG,None,None,0.635,ratio1_unmapped_NODE_64_length_10018_cov_11.489712_1-8351_ratio1_unmapped_NODE_64_length_10018_cov_11.489712_4,mobileOG_000001364_ratio1_unmapped_NODE_64_length_10018_cov_11.489712_1-8351_ratio1_unmapped_NODE_64_length_10018_cov_11.489712_4
62,mobileOG_000001365|tnpR|P04130|integration/excision|NA|Multiple|Manual,ratio1_unmapped_NODE_64_length_10018_cov_11.489712_1-8351_ratio1_unmapped_NODE_64_length_10018_cov_11.489712_4_6 # 5188 # 5748 # 1 # ID=190_6;partial=00;start_type=ATG;rbs_motif=GGA/GAG/AGG;rbs_spacer=5-10bp;gc_cont=0.579,100.0,353.0,186,1.5199999999999997e-125,187,1,186,1,186,mobileOG_000001365,tnpR,P04130,integration/excision,NA,Multiple,Manual,ratio1_unmapped_NODE_64_length_10018_cov_11.489712_1-8351_ratio1_unmapped_NODE_64_length_10018_cov_11.489712_4_6, 5188 # 5748 # 1 , 5188,5748,1 ,190_6,190,6,00,ATG,GGA/GAG/AGG,5-10bp,0.579,ratio1_unmapped_NODE_64_length_10018_cov_11.489712_1-8351_ratio1_unmapped_NODE_64_length_10018_cov_11.489712_4,mobileOG_000001365_ratio1_unmapped_NODE_64_length_10018_cov_11.489712_1-8351_ratio1_unmapped_NODE_64_length_10018_cov_11.489712_4
63,mobileOG_000064204|tnpA|WP_015344976.1|integration/excision|NA|Multiple|Homology,ratio1_unmapped_NODE_64_length_10018_cov_11.489712_1-8351_ratio1_unmapped_NODE_64_length_10018_cov_11.489712_4_7 # 5751 # 8351 # 1 # ID=190_7;partial=01;start_type=ATG;rbs_motif=GGA/GAG/AGG;rbs_spacer=5-10bp;gc_cont=0.631,100.0,1711.0,983,0.0,867,1,867,1,867,mobileOG_000064204,tnpA,WP_015344976.1,integration/excision,NA,Multiple,Homology,ratio1_unmapped_NODE_64_length_10018_cov_11.489712_1-8351_ratio1_unmapped_NODE_64_length_10018_cov_11.489712_4_7, 5751 # 8351 # 1 , 5751,8351,1 ,190_7,190,7,01,ATG,GGA/GAG/AGG,5-10bp,0.631,ratio1_unmapped_NODE_64_length_10018_cov_11.489712_1-8351_ratio1_unmapped_NODE_64_length_10018_cov_11.489712_4,mobileOG_000064204_ratio1_unmapped_NODE_64_length_10018_cov_11.489712_1-8351_ratio1_unmapped_NODE_64_length_10018_cov_11.489712_4
64,mobileOG_000333812|alkB|WP_000884953.1|replication/recombination/repair|NA|Plasmid RefSeq|Homology,ratio1_unmapped_NODE_117_length_7066_cov_12.635287_1085-7066_ratio1_unmapped_NODE_117_length_7066_cov_12.635287_6_5 # 4275 # 4925 # 1 # ID=192_5;partial=00;start_type=ATG;rbs_motif=AGGAG;rbs_spacer=5-10bp;gc_cont=0.527,99.1,455.0,216,8.369999999999998e-165,217,1,216,1,216,mobileOG_000333812,alkB,WP_000884953.1,replication/recombination/repair,NA,Plasmid RefSeq,Homology,ratio1_unmapped_NODE_117_length_7066_cov_12.635287_1085-7066_ratio1_unmapped_NODE_117_length_7066_cov_12.635287_6_5, 4275 # 4925 # 1 , 4275,4925,1 ,192_5,192,5,00,ATG,AGGAG,5-10bp,0.527,ratio1_unmapped_NODE_117_length_7066_cov_12.635287_1085-7066_ratio1_unmapped_NODE_117_length_7066_cov_12.635287_6,mobileOG_000333812_ratio1_unmapped_NODE_117_length_7066_cov_12.635287_1085-7066_ratio1_unmapped_NODE_117_length_7066_cov_12.635287_6
65,"mobileOG_000025806|cca|J7Q9S8|phage|regulation,infection|Multiple|Manual",ratio1_unmapped_NODE_118_length_7038_cov_11.110268_1-7038_ratio1_unmapped_NODE_118_length_7038_cov_11.110268_7_8 # 5620 # 6858 # -1 # ID=193_8;partial=00;start_type=GTG;rbs_motif=GGA/GAG/AGG;rbs_spacer=5-10bp;gc_cont=0.564,100.0,842.0,412,3.06e-311,413,1,412,1,412,mobileOG_000025806,cca,J7Q9S8,phage,"regulation,infection",Multiple,Manual,ratio1_unmapped_NODE_118_length_7038_cov_11.110268_1-7038_ratio1_unmapped_NODE_118_length_7038_cov_11.110268_7_8, 5620 # 6858 # -1 , 5620,6858,-1 ,193_8,193,8,00,GTG,GGA/GAG/AGG,5-10bp,0.564,ratio1_unmapped_NODE_118_length_7038_cov_11.110268_1-7038_ratio1_unmapped_NODE_118_length_7038_cov_11.110268_7,mobileOG_000025806_ratio1_unmapped_NODE_118_length_7038_cov_11.110268_1-7038_ratio1_unmapped_NODE_118_length_7038_cov_11.110268_7
66,mobileOG_000321643|ecnB|WP_000977757.1|stability/transfer/defense|NA|Plasmid RefSeq|Homology,ratio1_unmapped_NODE_134_length_6662_cov_11.768881_1-6662_ratio1_unmapped_NODE_134_length_6662_cov_11.768881_6_2 # 417 # 539 # 1 # ID=194_2;partial=00;start_type=ATG;rbs_motif=GGA/GAG/AGG;rbs_spacer=5-10bp;gc_cont=0.545,100.0,78.6,41,3.3500000000000002e-21,41,2,41,1,40,mobileOG_000321643,ecnB,WP_000977757.1,stability/transfer/defense,NA,Plasmid RefSeq,Homology,ratio1_unmapped_NODE_134_length_6662_cov_11.768881_1-6662_ratio1_unmapped_NODE_134_length_6662_cov_11.768881_6_2, 417 # 539 # 1 , 417,539,1 ,194_2,194,2,00,ATG,GGA/GAG/AGG,5-10bp,0.545,ratio1_unmapped_NODE_134_length_6662_cov_11.768881_1-6662_ratio1_unmapped_NODE_134_length_6662_cov_11.768881_6,mobileOG_000321643_ratio1_unmapped_NODE_134_length_6662_cov_11.768881_1-6662_ratio1_unmapped_NODE_134_length_6662_cov_11.768881_6
67,mobileOG_000330413|ecnB|ETJ37164.1|stability/transfer/defense|NA|Plasmid RefSeq|Homology,ratio1_unmapped_NODE_134_length_6662_cov_11.768881_1-6662_ratio1_unmapped_NODE_134_length_6662_cov_11.768881_6_3 # 650 # 796 # 1 # ID=194_3;partial=00;start_type=ATG;rbs_motif=AGGA;rbs_spacer=5-10bp;gc_cont=0.483,100.0,88.2,48,8.370000000000002e-25,49,1,48,1,48,mobileOG_000330413,ecnB,ETJ37164.1,stability/transfer/defense,NA,Plasmid RefSeq,Homology,ratio1_unmapped_NODE_134_length_6662_cov_11.768881_1-6662_ratio1_unmapped_NODE_134_length_6662_cov_11.768881_6_3, 650 # 796 # 1 , 650,796,1 ,194_3,194,3,00,ATG,AGGA,5-10bp,0.483,ratio1_unmapped_NODE_134_length_6662_cov_11.768881_1-6662_ratio1_unmapped_NODE_134_length_6662_cov_11.768881_6,mobileOG_000330413_ratio1_unmapped_NODE_134_length_6662_cov_11.768881_1-6662_ratio1_unmapped_NODE_134_length_6662_cov_11.768881_6
68,mobileOG_000037312|tnpR|WP_001235713.1|integration/excision|NA|Multiple|Homology,ratio1_unmapped_NODE_285_length_3981_cov_8.048905_1-3981_ratio1_unmapped_NODE_285_length_3981_cov_8.048905_1_4 # 2997 # 3554 # -1 # ID=196_4;partial=00;start_type=ATG;rbs_motif=GGA/GAG/AGG;rbs_spacer=5-10bp;gc_cont=0.523,100.0,348.0,185,1.3499999999999997e-123,186,1,185,1,185,mobileOG_000037312,tnpR,WP_001235713.1,integration/excision,NA,Multiple,Homology,ratio1_unmapped_NODE_285_length_3981_cov_8.048905_1-3981_ratio1_unmapped_NODE_285_length_3981_cov_8.048905_1_4, 2997 # 3554 # -1 , 2997,3554,-1 ,196_4,196,4,00,ATG,GGA/GAG/AGG,5-10bp,0.523,ratio1_unmapped_NODE_285_length_3981_cov_8.048905_1-3981_ratio1_unmapped_NODE_285_length_3981_cov_8.048905_1,mobileOG_000037312_ratio1_unmapped_NODE_285_length_3981_cov_8.048905_1-3981_ratio1_unmapped_NODE_285_length_3981_cov_8.048905_1
69,mobileOG_000375359|tnpA|WP_013307854.1|integration/excision|NA|Plasmid RefSeq|Homology,ratio1_unmapped_NODE_285_length_3981_cov_8.048905_1-3981_ratio1_unmapped_NODE_285_length_3981_cov_8.048905_1_5 # 3718 # 3981 # 1 # ID=196_5;partial=01;start_type=ATG;rbs_motif=GGAGG;rbs_spacer=5-10bp;gc_cont=0.500,100.0,185.0,95,3.8399999999999992e-62,88,1,88,1,88,mobileOG_000375359,tnpA,WP_013307854.1,integration/excision,NA,Plasmid RefSeq,Homology,ratio1_unmapped_NODE_285_length_3981_cov_8.048905_1-3981_ratio1_unmapped_NODE_285_length_3981_cov_8.048905_1_5, 3718 # 3981 # 1 , 3718,3981,1 ,196_5,196,5,01,ATG,GGAGG,5-10bp,0.500,ratio1_unmapped_NODE_285_length_3981_cov_8.048905_1-3981_ratio1_unmapped_NODE_285_length_3981_cov_8.048905_1,mobileOG_000375359_ratio1_unmapped_NODE_285_length_3981_cov_8.048905_1-3981_ratio1_unmapped_NODE_285_length_3981_cov_8.048905_1
70,mobileOG_000037312|tnpR|WP_001235713.1|integration/excision|NA|Multiple|Homology,ratio1_unmapped_NODE_285_length_3981_cov_8.048905_1-3981_ratio1_unmapped_NODE_285_length_3981_cov_8.048905_2_4 # 2997 # 3554 # -1 # ID=197_4;partial=00;start_type=ATG;rbs_motif=GGA/GAG/AGG;rbs_spacer=5-10bp;gc_cont=0.523,100.0,348.0,185,1.3499999999999997e-123,186,1,185,1,185,mobileOG_000037312,tnpR,WP_001235713.1,integration/excision,NA,Multiple,Homology,ratio1_unmapped_NODE_285_length_3981_cov_8.048905_1-3981_ratio1_unmapped_NODE_285_length_3981_cov_8.048905_2_4, 2997 # 3554 # -1 , 2997,3554,-1 ,197_4,197,4,00,ATG,GGA/GAG/AGG,5-10bp,0.523,ratio1_unmapped_NODE_285_length_3981_cov_8.048905_1-3981_ratio1_unmapped_NODE_285_length_3981_cov_8.048905_2,mobileOG_000037312_ratio1_unmapped_NODE_285_length_3981_cov_8.048905_1-3981_ratio1_unmapped_NODE_285_length_3981_cov_8.048905_2
71,mobileOG_000375359|tnpA|WP_013307854.1|integration/excision|NA|Plasmid RefSeq|Homology,ratio1_unmapped_NODE_285_length_3981_cov_8.048905_1-3981_ratio1_unmapped_NODE_285_length_3981_cov_8.048905_2_5 # 3718 # 3981 # 1 # ID=197_5;partial=01;start_type=ATG;rbs_motif=GGAGG;rbs_spacer=5-10bp;gc_cont=0.500,100.0,185.0,95,3.8399999999999992e-62,88,1,88,1,88,mobileOG_000375359,tnpA,WP_013307854.1,integration/excision,NA,Plasmid RefSeq,Homology,ratio1_unmapped_NODE_285_length_3981_cov_8.048905_1-3981_ratio1_unmapped_NODE_285_length_3981_cov_8.048905_2_5, 3718 # 3981 # 1 , 3718,3981,1 ,197_5,197,5,01,ATG,GGAGG,5-10bp,0.500,ratio1_unmapped_NODE_285_length_3981_cov_8.048905_1-3981_ratio1_unmapped_NODE_285_length_3981_cov_8.048905_2,mobileOG_000375359_ratio1_unmapped_NODE_285_length_3981_cov_8.048905_1-3981_ratio1_unmapped_NODE_285_length_3981_cov_8.048905_2
72,mobileOG_000037312|tnpR|WP_001235713.1|integration/excision|NA|Multiple|Homology,ratio1_unmapped_NODE_285_length_3981_cov_8.048905_1-3981_ratio1_unmapped_NODE_285_length_3981_cov_8.048905_3_4 # 2997 # 3554 # -1 # ID=198_4;partial=00;start_type=ATG;rbs_motif=GGA/GAG/AGG;rbs_spacer=5-10bp;gc_cont=0.523,100.0,348.0,185,1.3499999999999997e-123,186,1,185,1,185,mobileOG_000037312,tnpR,WP_001235713.1,integration/excision,NA,Multiple,Homology,ratio1_unmapped_NODE_285_length_3981_cov_8.048905_1-3981_ratio1_unmapped_NODE_285_length_3981_cov_8.048905_3_4, 2997 # 3554 # -1 , 2997,3554,-1 ,198_4,198,4,00,ATG,GGA/GAG/AGG,5-10bp,0.523,ratio1_unmapped_NODE_285_length_3981_cov_8.048905_1-3981_ratio1_unmapped_NODE_285_length_3981_cov_8.048905_3,mobileOG_000037312_ratio1_unmapped_NODE_285_length_3981_cov_8.048905_1-3981_ratio1_unmapped_NODE_285_length_3981_cov_8.048905_3
73,mobileOG_000375359|tnpA|WP_013307854.1|integration/excision|NA|Plasmid RefSeq|Homology,ratio1_unmapped_NODE_285_length_3981_cov_8.048905_1-3981_ratio1_unmapped_NODE_285_length_3981_cov_8.048905_3_5 # 3718 # 3981 # 1 # ID=198_5;partial=01;start_type=ATG;rbs_motif=GGAGG;rbs_spacer=5-10bp;gc_cont=0.500,100.0,185.0,95,3.8399999999999992e-62,88,1,88,1,88,mobileOG_000375359,tnpA,WP_013307854.1,integration/excision,NA,Plasmid RefSeq,Homology,ratio1_unmapped_NODE_285_length_3981_cov_8.048905_1-3981_ratio1_unmapped_NODE_285_length_3981_cov_8.048905_3_5, 3718 # 3981 # 1 , 3718,3981,1 ,198_5,198,5,01,ATG,GGAGG,5-10bp,0.500,ratio1_unmapped_NODE_285_length_3981_cov_8.048905_1-3981_ratio1_unmapped_NODE_285_length_3981_cov_8.048905_3,mobileOG_000375359_ratio1_unmapped_NODE_285_length_3981_cov_8.048905_1-3981_ratio1_unmapped_NODE_285_length_3981_cov_8.048905_3
74,mobileOG_000062109|tnpA|WP_109138279.1|integration/excision|NA|Multiple|Homology,ratio1_unmapped_NODE_426_length_3063_cov_35.207447_1-3063_ratio1_unmapped_NODE_426_length_3063_cov_35.207447_3_1 # 79 # 321 # 1 # ID=206_1;partial=00;start_type=GTG;rbs_motif=GGA/GAG/AGG;rbs_spacer=5-10bp;gc_cont=0.716,98.7,143.0,198,3.8700000000000003e-44,81,123,198,5,80,mobileOG_000062109,tnpA,WP_109138279.1,integration/excision,NA,Multiple,Homology,ratio1_unmapped_NODE_426_length_3063_cov_35.207447_1-3063_ratio1_unmapped_NODE_426_length_3063_cov_35.207447_3_1, 79 # 321 # 1 , 79,321,1 ,206_1,206,1,00,GTG,GGA/GAG/AGG,5-10bp,0.716,ratio1_unmapped_NODE_426_length_3063_cov_35.207447_1-3063_ratio1_unmapped_NODE_426_length_3063_cov_35.207447_3,mobileOG_000062109_ratio1_unmapped_NODE_426_length_3063_cov_35.207447_1-3063_ratio1_unmapped_NODE_426_length_3063_cov_35.207447_3
75,mobileOG_000035646|tnpA|WP_000608644.1|integration/excision|NA|Multiple|Homology,ratio1_unmapped_NODE_432_length_3029_cov_43.099193_1-3029_ratio1_unmapped_NODE_432_length_3029_cov_43.099193_2_4 # 1578 # 2840 # -1 # ID=208_4;partial=00;start_type=ATG;rbs_motif=TAAAAA;rbs_spacer=12bp;gc_cont=0.340,100.0,823.0,420,1.689999999999999e-303,421,1,420,1,420,mobileOG_000035646,tnpA,WP_000608644.1,integration/excision,NA,Multiple,Homology,ratio1_unmapped_NODE_432_length_3029_cov_43.099193_1-3029_ratio1_unmapped_NODE_432_length_3029_cov_43.099193_2_4, 1578 # 2840 # -1 , 1578,2840,-1 ,208_4,208,4,00,ATG,TAAAAA,12bp,0.340,ratio1_unmapped_NODE_432_length_3029_cov_43.099193_1-3029_ratio1_unmapped_NODE_432_length_3029_cov_43.099193_2,mobileOG_000035646_ratio1_unmapped_NODE_432_length_3029_cov_43.099193_1-3029_ratio1_unmapped_NODE_432_length_3029_cov_43.099193_2
76,mobileOG_000003237|fis|WP_000462905.1|integration/excision|replication/recombination/repair|Multiple|Manual,ratio1_unmapped_NODE_504_length_2612_cov_11.094642_1-2612_ratio1_unmapped_NODE_504_length_2612_cov_11.094642_1_3 # 2316 # 2612 # -1 # ID=212_3;partial=01;start_type=Edge;rbs_motif=None;rbs_spacer=None;gc_cont=0.468,100.0,189.0,98,1.9899999999999996e-63,99,1,98,1,98,mobileOG_000003237,fis,WP_000462905.1,integration/excision,replication/recombination/repair,Multiple,Manual,ratio1_unmapped_NODE_504_length_2612_cov_11.094642_1-2612_ratio1_unmapped_NODE_504_length_2612_cov_11.094642_1_3, 2316 # 2612 # -1 , 2316,2612,-1 ,212_3,212,3,01,Edge,None,None,0.468,ratio1_unmapped_NODE_504_length_2612_cov_11.094642_1-2612_ratio1_unmapped_NODE_504_length_2612_cov_11.094642_1,mobileOG_000003237_ratio1_unmapped_NODE_504_length_2612_cov_11.094642_1-2612_ratio1_unmapped_NODE_504_length_2612_cov_11.094642_1
77,mobileOG_000056778|insC1|WP_001459498.1|integration/excision|NA|COMPASS|Homology,ratio1_unmapped_NODE_584_length_2262_cov_79.469415_1-2262_ratio1_unmapped_NODE_584_length_2262_cov_79.469415_5_2 # 916 # 1107 # -1 # ID=213_2;partial=00;start_type=ATG;rbs_motif=4Base/6BMM;rbs_spacer=13-15bp;gc_cont=0.479,100.0,127.0,63,4.32e-40,64,1,63,1,63,mobileOG_000056778,insC1,WP_001459498.1,integration/excision,NA,COMPASS,Homology,ratio1_unmapped_NODE_584_length_2262_cov_79.469415_1-2262_ratio1_unmapped_NODE_584_length_2262_cov_79.469415_5_2, 916 # 1107 # -1 , 916,1107,-1 ,213_2,213,2,00,ATG,4Base/6BMM,13-15bp,0.479,ratio1_unmapped_NODE_584_length_2262_cov_79.469415_1-2262_ratio1_unmapped_NODE_584_length_2262_cov_79.469415_5,mobileOG_000056778_ratio1_unmapped_NODE_584_length_2262_cov_79.469415_1-2262_ratio1_unmapped_NODE_584_length_2262_cov_79.469415_5
78,"mobileOG_000079227|P|A0A0A1A1Z3|phage|replication/recombination/repair,initiation|GPD|Homology",ratio1_unmapped_NODE_883_length_1488_cov_13.628053_1-1488_ratio1_unmapped_NODE_883_length_1488_cov_13.628053_2_4 # 854 # 1486 # -1 # ID=226_4;partial=01;start_type=Edge;rbs_motif=None;rbs_spacer=None;gc_cont=0.550,100.0,421.0,233,2.2399999999999992e-151,211,24,233,1,210,mobileOG_000079227,P,A0A0A1A1Z3,phage,"replication/recombination/repair,initiation",GPD,Homology,ratio1_unmapped_NODE_883_length_1488_cov_13.628053_1-1488_ratio1_unmapped_NODE_883_length_1488_cov_13.628053_2_4, 854 # 1486 # -1 , 854,1486,-1 ,226_4,226,4,01,Edge,None,None,0.550,ratio1_unmapped_NODE_883_length_1488_cov_13.628053_1-1488_ratio1_unmapped_NODE_883_length_1488_cov_13.628053_2,mobileOG_000079227_ratio1_unmapped_NODE_883_length_1488_cov_13.628053_1-1488_ratio1_unmapped_NODE_883_length_1488_cov_13.628053_2
,Sequence Title,Query Title,Pident,Bitscore,Subject Sequence Length,e-value,Query Sequence Length,Start of Alignment in Subject,End of Alignment in Query,Start of Alignment in Query,End of Alignment in Query,mobileOG ID,Gene Name,Best Hit Accession ID,Major mobileOG Category,Minor mobileOG Category,Source Database,Evidence Type,Contig/ORF Name,ORF_Start_Stop_Strands,ORF_Start,ORF_End,Sense or Antisense Strand,Prodigal ID,Prodigal Designated Contigs,Unique_ORF,Partial Tag,Start Codon,RBS Motif,RBS Spacer,GC Content,Specific Contig,Final Sample Name
0,mobileOG_000276712|IS_Pl3_3|A0A0F8ET67|integration/excision|NA|ISFinder|Homology,ratio2_Esch_coli_14EC033_NODE_3_length_49635_cov_144.858048_3772-15310_ratio2_Esch_coli_14EC033_NODE_3_length_49635_cov_144.858048_17_2 # 825 # 1349 # -1 # ID=1_2;partial=00;start_type=GTG;rbs_motif=GGA/GAG/AGG;rbs_spacer=5-10bp;gc_cont=0.655,94.3,337.0,559,3.009999999999999e-114,175,314,487,1,174,mobileOG_000276712,IS_Pl3_3,A0A0F8ET67,integration/excision,NA,ISFinder,Homology,ratio2_Esch_coli_14EC033_NODE_3_length_49635_cov_144.858048_3772-15310_ratio2_Esch_coli_14EC033_NODE_3_length_49635_cov_144.858048_17_2, 825 # 1349 # -1 , 825,1349,-1 ,1_2,1,2,00,GTG,GGA/GAG/AGG,5-10bp,0.655,ratio2_Esch_coli_14EC033_NODE_3_length_49635_cov_144.858048_3772-15310_ratio2_Esch_coli_14EC033_NODE_3_length_49635_cov_144.858048_17,mobileOG_000276712_ratio2_Esch_coli_14EC033_NODE_3_length_49635_cov_144.858048_3772-15310_ratio2_Esch_coli_14EC033_NODE_3_length_49635_cov_144.858048_17
1,mobileOG_000001346|insA3|P0CF08|integration/excision|NA|Multiple|Manual,ratio2_Esch_coli_14EC033_NODE_3_length_49635_cov_144.858048_3772-15310_ratio2_Esch_coli_14EC033_NODE_3_length_49635_cov_144.858048_17_5 # 4047 # 4322 # -1 # ID=1_5;partial=00;start_type=GTG;rbs_motif=GGAG/GAGG;rbs_spacer=5-10bp;gc_cont=0.529,100.0,190.0,91,4.1599999999999995e-64,92,1,91,1,91,mobileOG_000001346,insA3,P0CF08,integration/excision,NA,Multiple,Manual,ratio2_Esch_coli_14EC033_NODE_3_length_49635_cov_144.858048_3772-15310_ratio2_Esch_coli_14EC033_NODE_3_length_49635_cov_144.858048_17_5, 4047 # 4322 # -1 , 4047,4322,-1 ,1_5,1,5,00,GTG,GGAG/GAGG,5-10bp,0.529,ratio2_Esch_coli_14EC033_NODE_3_length_49635_cov_144.858048_3772-15310_ratio2_Esch_coli_14EC033_NODE_3_length_49635_cov_144.858048_17,mobileOG_000001346_ratio2_Esch_coli_14EC033_NODE_3_length_49635_cov_144.858048_3772-15310_ratio2_Esch_coli_14EC033_NODE_3_length_49635_cov_144.858048_17
2,mobileOG_000001346|insA3|P0CF08|integration/excision|NA|Multiple|Manual,ratio2_Esch_coli_14EC033_NODE_3_length_49635_cov_144.858048_5310-16473_ratio2_Esch_coli_14EC033_NODE_3_length_49635_cov_144.858048_18_3 # 2509 # 2784 # -1 # ID=2_3;partial=00;start_type=GTG;rbs_motif=GGAG/GAGG;rbs_spacer=5-10bp;gc_cont=0.529,100.0,190.0,91,4.1599999999999995e-64,92,1,91,1,91,mobileOG_000001346,insA3,P0CF08,integration/excision,NA,Multiple,Manual,ratio2_Esch_coli_14EC033_NODE_3_length_49635_cov_144.858048_5310-16473_ratio2_Esch_coli_14EC033_NODE_3_length_49635_cov_144.858048_18_3, 2509 # 2784 # -1 , 2509,2784,-1 ,2_3,2,3,00,GTG,GGAG/GAGG,5-10bp,0.529,ratio2_Esch_coli_14EC033_NODE_3_length_49635_cov_144.858048_5310-16473_ratio2_Esch_coli_14EC033_NODE_3_length_49635_cov_144.858048_18,mobileOG_000001346_ratio2_Esch_coli_14EC033_NODE_3_length_49635_cov_144.858048_5310-16473_ratio2_Esch_coli_14EC033_NODE_3_length_49635_cov_144.858048_18
3,mobileOG_000001346|insA3|P0CF08|integration/excision|NA|Multiple|Manual,ratio2_Esch_coli_14EC033_NODE_3_length_49635_cov_144.858048_6888-17502_ratio2_Esch_coli_14EC033_NODE_3_length_49635_cov_144.858048_19_1 # 931 # 1206 # -1 # ID=3_1;partial=00;start_type=GTG;rbs_motif=GGAG/GAGG;rbs_spacer=5-10bp;gc_cont=0.529,100.0,190.0,91,4.1599999999999995e-64,92,1,91,1,91,mobileOG_000001346,insA3,P0CF08,integration/excision,NA,Multiple,Manual,ratio2_Esch_coli_14EC033_NODE_3_length_49635_cov_144.858048_6888-17502_ratio2_Esch_coli_14EC033_NODE_3_length_49635_cov_144.858048_19_1, 931 # 1206 # -1 , 931,1206,-1 ,3_1,3,1,00,GTG,GGAG/GAGG,5-10bp,0.529,ratio2_Esch_coli_14EC033_NODE_3_length_49635_cov_144.858048_6888-17502_ratio2_Esch_coli_14EC033_NODE_3_length_49635_cov_144.858048_19,mobileOG_000001346_ratio2_Esch_coli_14EC033_NODE_3_length_49635_cov_144.858048_6888-17502_ratio2_Esch_coli_14EC033_NODE_3_length_49635_cov_144.858048_19
4,mobileOG_000001346|insA3|P0CF08|integration/excision|NA|Multiple|Manual,ratio2_Esch_coli_14EC033_NODE_3_length_49635_cov_144.858048_7507-21100_ratio2_Esch_coli_14EC033_NODE_3_length_49635_cov_144.858048_20_1 # 312 # 587 # -1 # ID=4_1;partial=00;start_type=GTG;rbs_motif=GGAG/GAGG;rbs_spacer=5-10bp;gc_cont=0.529,100.0,190.0,91,4.1599999999999995e-64,92,1,91,1,91,mobileOG_000001346,insA3,P0CF08,integration/excision,NA,Multiple,Manual,ratio2_Esch_coli_14EC033_NODE_3_length_49635_cov_144.858048_7507-21100_ratio2_Esch_coli_14EC033_NODE_3_length_49635_cov_144.858048_20_1, 312 # 587 # -1 , 312,587,-1 ,4_1,4,1,00,GTG,GGAG/GAGG,5-10bp,0.529,ratio2_Esch_coli_14EC033_NODE_3_length_49635_cov_144.858048_7507-21100_ratio2_Esch_coli_14EC033_NODE_3_length_49635_cov_144.858048_20,mobileOG_000001346_ratio2_Esch_coli_14EC033_NODE_3_length_49635_cov_144.858048_7507-21100_ratio2_Esch_coli_14EC033_NODE_3_length_49635_cov_144.858048_20
5,"mobileOG_000025806|cca|J7Q9S8|phage|regulation,infection|Multiple|Manual",ratio2_Esch_coli_14EC033_NODE_14_length_28162_cov_231.743729_4397-15218_ratio2_Esch_coli_14EC033_NODE_14_length_28162_cov_231.743729_7_4 # 3582 # 4820 # 1 # ID=5_4;partial=00;start_type=GTG;rbs_motif=GGA/GAG/AGG;rbs_spacer=5-10bp;gc_cont=0.563,98.8,833.0,412,6.909999999999995e-308,413,1,412,1,412,mobileOG_000025806,cca,J7Q9S8,phage,"regulation,infection",Multiple,Manual,ratio2_Esch_coli_14EC033_NODE_14_length_28162_cov_231.743729_4397-15218_ratio2_Esch_coli_14EC033_NODE_14_length_28162_cov_231.743729_7_4, 3582 # 4820 # 1 , 3582,4820,1 ,5_4,5,4,00,GTG,GGA/GAG/AGG,5-10bp,0.563,ratio2_Esch_coli_14EC033_NODE_14_length_28162_cov_231.743729_4397-15218_ratio2_Esch_coli_14EC033_NODE_14_length_28162_cov_231.743729_7,mobileOG_000025806_ratio2_Esch_coli_14EC033_NODE_14_length_28162_cov_231.743729_4397-15218_ratio2_Esch_coli_14EC033_NODE_14_length_28162_cov_231.743729_7
6,mobileOG_000038749|NA|NA|integration/excision|NA|Multiple|Homology,ratio2_Esch_coli_14EC033_NODE_14_length_28162_cov_231.743729_4397-15218_ratio2_Esch_coli_14EC033_NODE_14_length_28162_cov_231.743729_7_9 # 8092 # 8469 # -1 # ID=5_9;partial=00;start_type=ATG;rbs_motif=None;rbs_spacer=None;gc_cont=0.540,100.0,257.0,125,1.4400000000000001e-89,126,1,125,1,125,mobileOG_000038749,NA,NA,integration/excision,NA,Multiple,Homology,ratio2_Esch_coli_14EC033_NODE_14_length_28162_cov_231.743729_4397-15218_ratio2_Esch_coli_14EC033_NODE_14_length_28162_cov_231.743729_7_9, 8092 # 8469 # -1 , 8092,8469,-1 ,5_9,5,9,00,ATG,None,None,0.540,ratio2_Esch_coli_14EC033_NODE_14_length_28162_cov_231.743729_4397-15218_ratio2_Esch_coli_14EC033_NODE_14_length_28162_cov_231.743729_7,mobileOG_000038749_ratio2_Esch_coli_14EC033_NODE_14_length_28162_cov_231.743729_4397-15218_ratio2_Esch_coli_14EC033_NODE_14_length_28162_cov_231.743729_7
7,mobileOG_000001346|insA3|P0CF08|integration/excision|NA|Multiple|Manual,ratio2_Esch_coli_14EC033_NODE_14_length_28162_cov_231.743729_4397-15218_ratio2_Esch_coli_14EC033_NODE_14_length_28162_cov_231.743729_7_10 # 8514 # 8789 # -1 # ID=5_10;partial=00;start_type=GTG;rbs_motif=GGAG/GAGG;rbs_spacer=5-10bp;gc_cont=0.529,100.0,190.0,91,4.1599999999999995e-64,92,1,91,1,91,mobileOG_000001346,insA3,P0CF08,integration/excision,NA,Multiple,Manual,ratio2_Esch_coli_14EC033_NODE_14_length_28162_cov_231.743729_4397-15218_ratio2_Esch_coli_14EC033_NODE_14_length_28162_cov_231.743729_7_10, 8514 # 8789 # -1 , 8514,8789,-1 ,5_10,5,10,00,GTG,GGAG/GAGG,5-10bp,0.529,ratio2_Esch_coli_14EC033_NODE_14_length_28162_cov_231.743729_4397-15218_ratio2_Esch_coli_14EC033_NODE_14_length_28162_cov_231.743729_7,mobileOG_000001346_ratio2_Esch_coli_14EC033_NODE_14_length_28162_cov_231.743729_4397-15218_ratio2_Esch_coli_14EC033_NODE_14_length_28162_cov_231.743729_7
8,mobileOG_000038749|NA|NA|integration/excision|NA|Multiple|Homology,ratio2_Esch_coli_14EC033_NODE_16_length_27915_cov_219.898600_1-6222_ratio2_Esch_coli_14EC033_NODE_16_length_27915_cov_219.898600_1_4 # 2848 # 3225 # -1 # ID=6_4;partial=00;start_type=ATG;rbs_motif=None;rbs_spacer=None;gc_cont=0.540,100.0,257.0,125,1.4400000000000001e-89,126,1,125,1,125,mobileOG_000038749,NA,NA,integration/excision,NA,Multiple,Homology,ratio2_Esch_coli_14EC033_NODE_16_length_27915_cov_219.898600_1-6222_ratio2_Esch_coli_14EC033_NODE_16_length_27915_cov_219.898600_1_4, 2848 # 3225 # -1 , 2848,3225,-1 ,6_4,6,4,00,ATG,None,None,0.540,ratio2_Esch_coli_14EC033_NODE_16_length_27915_cov_219.898600_1-6222_ratio2_Esch_coli_14EC033_NODE_16_length_27915_cov_219.898600_1,mobileOG_000038749_ratio2_Esch_coli_14EC033_NODE_16_length_27915_cov_219.898600_1-6222_ratio2_Esch_coli_14EC033_NODE_16_length_27915_cov_219.898600_1
9,mobileOG_000001346|insA3|P0CF08|integration/excision|NA|Multiple|Manual,ratio2_Esch_coli_14EC033_NODE_16_length_27915_cov_219.898600_1-6222_ratio2_Esch_coli_14EC033_NODE_16_length_27915_cov_219.898600_1_5 # 3270 # 3545 # -1 # ID=6_5;partial=00;start_type=GTG;rbs_motif=GGAG/GAGG;rbs_spacer=5-10bp;gc_cont=0.529,100.0,190.0,91,4.1599999999999995e-64,92,1,91,1,91,mobileOG_000001346,insA3,P0CF08,integration/excision,NA,Multiple,Manual,ratio2_Esch_coli_14EC033_NODE_16_length_27915_cov_219.898600_1-6222_ratio2_Esch_coli_14EC033_NODE_16_length_27915_cov_219.898600_1_5, 3270 # 3545 # -1 , 3270,3545,-1 ,6_5,6,5,00,GTG,GGAG/GAGG,5-10bp,0.529,ratio2_Esch_coli_14EC033_NODE_16_length_27915_cov_219.898600_1-6222_ratio2_Esch_coli_14EC033_NODE_16_length_27915_cov_219.898600_1,mobileOG_000001346_ratio2_Esch_coli_14EC033_NODE_16_length_27915_cov_219.898600_1-6222_ratio2_Esch_coli_14EC033_NODE_16_length_27915_cov_219.898600_1
10,mobileOG_000038749|NA|NA|integration/excision|NA|Multiple|Homology,ratio2_Esch_coli_14EC033_NODE_16_length_27915_cov_219.898600_1-7253_ratio2_Esch_coli_14EC033_NODE_16_length_27915_cov_219.898600_2_4 # 2848 # 3225 # -1 # ID=7_4;partial=00;start_type=ATG;rbs_motif=None;rbs_spacer=None;gc_cont=0.540,100.0,257.0,125,1.4400000000000001e-89,126,1,125,1,125,mobileOG_000038749,NA,NA,integration/excision,NA,Multiple,Homology,ratio2_Esch_coli_14EC033_NODE_16_length_27915_cov_219.898600_1-7253_ratio2_Esch_coli_14EC033_NODE_16_length_27915_cov_219.898600_2_4, 2848 # 3225 # -1 , 2848,3225,-1 ,7_4,7,4,00,ATG,None,None,0.540,ratio2_Esch_coli_14EC033_NODE_16_length_27915_cov_219.898600_1-7253_ratio2_Esch_coli_14EC033_NODE_16_length_27915_cov_219.898600_2,mobileOG_000038749_ratio2_Esch_coli_14EC033_NODE_16_length_27915_cov_219.898600_1-7253_ratio2_Esch_coli_14EC033_NODE_16_length_27915_cov_219.898600_2
11,mobileOG_000001346|insA3|P0CF08|integration/excision|NA|Multiple|Manual,ratio2_Esch_coli_14EC033_NODE_16_length_27915_cov_219.898600_1-7253_ratio2_Esch_coli_14EC033_NODE_16_length_27915_cov_219.898600_2_5 # 3270 # 3545 # -1 # ID=7_5;partial=00;start_type=GTG;rbs_motif=GGAG/GAGG;rbs_spacer=5-10bp;gc_cont=0.529,100.0,190.0,91,4.1599999999999995e-64,92,1,91,1,91,mobileOG_000001346,insA3,P0CF08,integration/excision,NA,Multiple,Manual,ratio2_Esch_coli_14EC033_NODE_16_length_27915_cov_219.898600_1-7253_ratio2_Esch_coli_14EC033_NODE_16_length_27915_cov_219.898600_2_5, 3270 # 3545 # -1 , 3270,3545,-1 ,7_5,7,5,00,GTG,GGAG/GAGG,5-10bp,0.529,ratio2_Esch_coli_14EC033_NODE_16_length_27915_cov_219.898600_1-7253_ratio2_Esch_coli_14EC033_NODE_16_length_27915_cov_219.898600_2,mobileOG_000001346_ratio2_Esch_coli_14EC033_NODE_16_length_27915_cov_219.898600_1-7253_ratio2_Esch_coli_14EC033_NODE_16_length_27915_cov_219.898600_2
12,mobileOG_000002433|dinI|WP_001217754.1|replication/recombination/repair|NA|Multiple|Manual,ratio2_Esch_coli_14EC033_NODE_27_length_21336_cov_62.566233_15123-21336_ratio2_Esch_coli_14EC033_NODE_27_length_21336_cov_62.566233_24_4 # 2125 # 2370 # -1 # ID=9_4;partial=00;start_type=ATG;rbs_motif=AGxAGG/AGGxGG;rbs_spacer=5-10bp;gc_cont=0.488,100.0,162.0,81,3.9799999999999997e-53,82,1,81,1,81,mobileOG_000002433,dinI,WP_001217754.1,replication/recombination/repair,NA,Multiple,Manual,ratio2_Esch_coli_14EC033_NODE_27_length_21336_cov_62.566233_15123-21336_ratio2_Esch_coli_14EC033_NODE_27_length_21336_cov_62.566233_24_4, 2125 # 2370 # -1 , 2125,2370,-1 ,9_4,9,4,00,ATG,AGxAGG/AGGxGG,5-10bp,0.488,ratio2_Esch_coli_14EC033_NODE_27_length_21336_cov_62.566233_15123-21336_ratio2_Esch_coli_14EC033_NODE_27_length_21336_cov_62.566233_24,mobileOG_000002433_ratio2_Esch_coli_14EC033_NODE_27_length_21336_cov_62.566233_15123-21336_ratio2_Esch_coli_14EC033_NODE_27_length_21336_cov_62.566233_24
13,mobileOG_000003237|fis|WP_000462905.1|integration/excision|replication/recombination/repair|Multiple|Manual,ratio2_Esch_coli_14EC033_NODE_50_length_17102_cov_91.185839_11864-17102_ratio2_Esch_coli_14EC033_NODE_50_length_17102_cov_91.185839_18_4 # 3469 # 3765 # 1 # ID=10_4;partial=00;start_type=ATG;rbs_motif=GGA/GAG/AGG;rbs_spacer=11-12bp;gc_cont=0.471,100.0,189.0,98,1.9899999999999996e-63,99,1,98,1,98,mobileOG_000003237,fis,WP_000462905.1,integration/excision,replication/recombination/repair,Multiple,Manual,ratio2_Esch_coli_14EC033_NODE_50_length_17102_cov_91.185839_11864-17102_ratio2_Esch_coli_14EC033_NODE_50_length_17102_cov_91.185839_18_4, 3469 # 3765 # 1 , 3469,3765,1 ,10_4,10,4,00,ATG,GGA/GAG/AGG,11-12bp,0.471,ratio2_Esch_coli_14EC033_NODE_50_length_17102_cov_91.185839_11864-17102_ratio2_Esch_coli_14EC033_NODE_50_length_17102_cov_91.185839_18,mobileOG_000003237_ratio2_Esch_coli_14EC033_NODE_50_length_17102_cov_91.185839_11864-17102_ratio2_Esch_coli_14EC033_NODE_50_length_17102_cov_91.185839_18
14,mobileOG_000333812|alkB|WP_000884953.1|replication/recombination/repair|NA|Plasmid RefSeq|Homology,ratio2_Esch_coli_14EC033_NODE_84_length_14466_cov_62.956977_6626-14466_ratio2_Esch_coli_14EC033_NODE_84_length_14466_cov_62.956977_9_5 # 4275 # 4925 # 1 # ID=17_5;partial=00;start_type=ATG;rbs_motif=AGGAG;rbs_spacer=5-10bp;gc_cont=0.528,99.5,456.0,216,2.9199999999999987e-165,217,1,216,1,216,mobileOG_000333812,alkB,WP_000884953.1,replication/recombination/repair,NA,Plasmid RefSeq,Homology,ratio2_Esch_coli_14EC033_NODE_84_length_14466_cov_62.956977_6626-14466_ratio2_Esch_coli_14EC033_NODE_84_length_14466_cov_62.956977_9_5, 4275 # 4925 # 1 , 4275,4925,1 ,17_5,17,5,00,ATG,AGGAG,5-10bp,0.528,ratio2_Esch_coli_14EC033_NODE_84_length_14466_cov_62.956977_6626-14466_ratio2_Esch_coli_14EC033_NODE_84_length_14466_cov_62.956977_9,mobileOG_000333812_ratio2_Esch_coli_14EC033_NODE_84_length_14466_cov_62.956977_6626-14466_ratio2_Esch_coli_14EC033_NODE_84_length_14466_cov_62.956977_9
15,mobileOG_000001346|insA3|P0CF08|integration/excision|NA|Multiple|Manual,ratio2_Esch_coli_14EC033_NODE_93_length_13876_cov_389.105564_853-12010_ratio2_Esch_coli_14EC033_NODE_93_length_13876_cov_389.105564_5_11 # 10566 # 10841 # 1 # ID=21_11;partial=00;start_type=GTG;rbs_motif=GGAG/GAGG;rbs_spacer=5-10bp;gc_cont=0.533,100.0,190.0,91,4.1599999999999995e-64,92,1,91,1,91,mobileOG_000001346,insA3,P0CF08,integration/excision,NA,Multiple,Manual,ratio2_Esch_coli_14EC033_NODE_93_length_13876_cov_389.105564_853-12010_ratio2_Esch_coli_14EC033_NODE_93_length_13876_cov_389.105564_5_11, 10566 # 10841 # 1 , 10566,10841,1 ,21_11,21,11,00,GTG,GGAG/GAGG,5-10bp,0.533,ratio2_Esch_coli_14EC033_NODE_93_length_13876_cov_389.105564_853-12010_ratio2_Esch_coli_14EC033_NODE_93_length_13876_cov_389.105564_5,mobileOG_000001346_ratio2_Esch_coli_14EC033_NODE_93_length_13876_cov_389.105564_853-12010_ratio2_Esch_coli_14EC033_NODE_93_length_13876_cov_389.105564_5
16,mobileOG_000052858|NA|NA|integration/excision|NA|COMPASS|Homology,ratio2_Esch_coli_14EC033_NODE_93_length_13876_cov_389.105564_853-12010_ratio2_Esch_coli_14EC033_NODE_93_length_13876_cov_389.105564_5_12 # 10886 # 11158 # 1 # ID=21_12;partial=01;start_type=ATG;rbs_motif=None;rbs_spacer=None;gc_cont=0.560,100.0,191.0,91,1.3899999999999997e-64,91,1,91,1,91,mobileOG_000052858,NA,NA,integration/excision,NA,COMPASS,Homology,ratio2_Esch_coli_14EC033_NODE_93_length_13876_cov_389.105564_853-12010_ratio2_Esch_coli_14EC033_NODE_93_length_13876_cov_389.105564_5_12, 10886 # 11158 # 1 , 10886,11158,1 ,21_12,21,12,01,ATG,None,None,0.560,ratio2_Esch_coli_14EC033_NODE_93_length_13876_cov_389.105564_853-12010_ratio2_Esch_coli_14EC033_NODE_93_length_13876_cov_389.105564_5,mobileOG_000052858_ratio2_Esch_coli_14EC033_NODE_93_length_13876_cov_389.105564_853-12010_ratio2_Esch_coli_14EC033_NODE_93_length_13876_cov_389.105564_5
17,mobileOG_000026107|parE|P20083|replication/recombination/repair|partitioning|Multiple|Manual,ratio2_Esch_coli_14EC033_NODE_107_length_12678_cov_79.100610_1-10371_ratio2_Esch_coli_14EC033_NODE_107_length_12678_cov_79.100610_6_1 # 2 # 1171 # -1 # ID=23_1;partial=10;start_type=ATG;rbs_motif=None;rbs_spacer=None;gc_cont=0.537,100.0,789.0,630,2.0899999999999986e-287,390,1,390,1,390,mobileOG_000026107,parE,P20083,replication/recombination/repair,partitioning,Multiple,Manual,ratio2_Esch_coli_14EC033_NODE_107_length_12678_cov_79.100610_1-10371_ratio2_Esch_coli_14EC033_NODE_107_length_12678_cov_79.100610_6_1, 2 # 1171 # -1 , 2,1171,-1 ,23_1,23,1,10,ATG,None,None,0.537,ratio2_Esch_coli_14EC033_NODE_107_length_12678_cov_79.100610_1-10371_ratio2_Esch_coli_14EC033_NODE_107_length_12678_cov_79.100610_6,mobileOG_000026107_ratio2_Esch_coli_14EC033_NODE_107_length_12678_cov_79.100610_1-10371_ratio2_Esch_coli_14EC033_NODE_107_length_12678_cov_79.100610_6
18,mobileOG_000321643|ecnB|WP_000977757.1|stability/transfer/defense|NA|Plasmid RefSeq|Homology,ratio2_Esch_coli_14EC033_NODE_129_length_10180_cov_75.338469_1-9631_ratio2_Esch_coli_14EC033_NODE_129_length_10180_cov_75.338469_7_3 # 1969 # 2091 # 1 # ID=27_3;partial=00;start_type=ATG;rbs_motif=GGA/GAG/AGG;rbs_spacer=5-10bp;gc_cont=0.545,100.0,78.6,41,3.3500000000000002e-21,41,2,41,1,40,mobileOG_000321643,ecnB,WP_000977757.1,stability/transfer/defense,NA,Plasmid RefSeq,Homology,ratio2_Esch_coli_14EC033_NODE_129_length_10180_cov_75.338469_1-9631_ratio2_Esch_coli_14EC033_NODE_129_length_10180_cov_75.338469_7_3, 1969 # 2091 # 1 , 1969,2091,1 ,27_3,27,3,00,ATG,GGA/GAG/AGG,5-10bp,0.545,ratio2_Esch_coli_14EC033_NODE_129_length_10180_cov_75.338469_1-9631_ratio2_Esch_coli_14EC033_NODE_129_length_10180_cov_75.338469_7,mobileOG_000321643_ratio2_Esch_coli_14EC033_NODE_129_length_10180_cov_75.338469_1-9631_ratio2_Esch_coli_14EC033_NODE_129_length_10180_cov_75.338469_7
19,mobileOG_000330413|ecnB|ETJ37164.1|stability/transfer/defense|NA|Plasmid RefSeq|Homology,ratio2_Esch_coli_14EC033_NODE_129_length_10180_cov_75.338469_1-9631_ratio2_Esch_coli_14EC033_NODE_129_length_10180_cov_75.338469_7_4 # 2202 # 2348 # 1 # ID=27_4;partial=00;start_type=ATG;rbs_motif=AGGA;rbs_spacer=5-10bp;gc_cont=0.490,100.0,88.2,48,8.370000000000002e-25,49,1,48,1,48,mobileOG_000330413,ecnB,ETJ37164.1,stability/transfer/defense,NA,Plasmid RefSeq,Homology,ratio2_Esch_coli_14EC033_NODE_129_length_10180_cov_75.338469_1-9631_ratio2_Esch_coli_14EC033_NODE_129_length_10180_cov_75.338469_7_4, 2202 # 2348 # 1 , 2202,2348,1 ,27_4,27,4,00,ATG,AGGA,5-10bp,0.490,ratio2_Esch_coli_14EC033_NODE_129_length_10180_cov_75.338469_1-9631_ratio2_Esch_coli_14EC033_NODE_129_length_10180_cov_75.338469_7,mobileOG_000330413_ratio2_Esch_coli_14EC033_NODE_129_length_10180_cov_75.338469_1-9631_ratio2_Esch_coli_14EC033_NODE_129_length_10180_cov_75.338469_7
20,mobileOG_000326289|alkB|WP_000884919.1|replication/recombination/repair|NA|Plasmid RefSeq|Homology,ratio2_Esch_coli_2011C-3911_NODE_1_length_225591_cov_80.249464_30354-41997_ratio2_Esch_coli_2011C-3911_NODE_1_length_225591_cov_80.249464_35_8 # 6720 # 7370 # -1 # ID=53_8;partial=00;start_type=ATG;rbs_motif=AGGAG;rbs_spacer=5-10bp;gc_cont=0.525,99.5,456.0,216,2.0499999999999994e-165,217,1,216,1,216,mobileOG_000326289,alkB,WP_000884919.1,replication/recombination/repair,NA,Plasmid RefSeq,Homology,ratio2_Esch_coli_2011C-3911_NODE_1_length_225591_cov_80.249464_30354-41997_ratio2_Esch_coli_2011C-3911_NODE_1_length_225591_cov_80.249464_35_8, 6720 # 7370 # -1 , 6720,7370,-1 ,53_8,53,8,00,ATG,AGGAG,5-10bp,0.525,ratio2_Esch_coli_2011C-3911_NODE_1_length_225591_cov_80.249464_30354-41997_ratio2_Esch_coli_2011C-3911_NODE_1_length_225591_cov_80.249464_35,mobileOG_000326289_ratio2_Esch_coli_2011C-3911_NODE_1_length_225591_cov_80.249464_30354-41997_ratio2_Esch_coli_2011C-3911_NODE_1_length_225591_cov_80.249464_35
21,mobileOG_000304542|traG|WP_001297077.1|transfer|conjugation|Plasmid RefSeq|Homology,ratio2_Esch_coli_2011C-3911_NODE_1_length_225591_cov_80.249464_79016-89984_ratio2_Esch_coli_2011C-3911_NODE_1_length_225591_cov_80.249464_68_5 # 2948 # 3550 # -1 # ID=54_5;partial=00;start_type=GTG;rbs_motif=GGAG/GAGG;rbs_spacer=5-10bp;gc_cont=0.436,100.0,406.0,200,4.009999999999999e-146,201,1,200,1,200,mobileOG_000304542,traG,WP_001297077.1,transfer,conjugation,Plasmid RefSeq,Homology,ratio2_Esch_coli_2011C-3911_NODE_1_length_225591_cov_80.249464_79016-89984_ratio2_Esch_coli_2011C-3911_NODE_1_length_225591_cov_80.249464_68_5, 2948 # 3550 # -1 , 2948,3550,-1 ,54_5,54,5,00,GTG,GGAG/GAGG,5-10bp,0.436,ratio2_Esch_coli_2011C-3911_NODE_1_length_225591_cov_80.249464_79016-89984_ratio2_Esch_coli_2011C-3911_NODE_1_length_225591_cov_80.249464_68,mobileOG_000304542_ratio2_Esch_coli_2011C-3911_NODE_1_length_225591_cov_80.249464_79016-89984_ratio2_Esch_coli_2011C-3911_NODE_1_length_225591_cov_80.249464_68
22,"mobileOG_000025715|ihfB|WP_002898165.1|integration/excision|regulation,lysis/lysogeny|Plasmid RefSeq|Manual",ratio2_Esch_coli_2011C-3911_NODE_4_length_119247_cov_84.076733_3404-15152_ratio2_Esch_coli_2011C-3911_NODE_4_length_119247_cov_84.076733_11_9 # 9257 # 9541 # -1 # ID=59_9;partial=00;start_type=ATG;rbs_motif=GGAGG;rbs_spacer=3-4bp;gc_cont=0.491,97.8,187.0,95,8.879999999999998e-63,95,1,93,1,93,mobileOG_000025715,ihfB,WP_002898165.1,integration/excision,"regulation,lysis/lysogeny",Plasmid RefSeq,Manual,ratio2_Esch_coli_2011C-3911_NODE_4_length_119247_cov_84.076733_3404-15152_ratio2_Esch_coli_2011C-3911_NODE_4_length_119247_cov_84.076733_11_9, 9257 # 9541 # -1 , 9257,9541,-1 ,59_9,59,9,00,ATG,GGAGG,3-4bp,0.491,ratio2_Esch_coli_2011C-3911_NODE_4_length_119247_cov_84.076733_3404-15152_ratio2_Esch_coli_2011C-3911_NODE_4_length_119247_cov_84.076733_11,mobileOG_000025715_ratio2_Esch_coli_2011C-3911_NODE_4_length_119247_cov_84.076733_3404-15152_ratio2_Esch_coli_2011C-3911_NODE_4_length_119247_cov_84.076733_11
23,mobileOG_000002433|dinI|WP_001217754.1|replication/recombination/repair|NA|Multiple|Manual,ratio2_Esch_coli_2011C-3911_NODE_8_length_106393_cov_81.385384_81380-92588_ratio2_Esch_coli_2011C-3911_NODE_8_length_106393_cov_81.385384_89_12 # 8840 # 9085 # 1 # ID=67_12;partial=00;start_type=ATG;rbs_motif=AGxAGG/AGGxGG;rbs_spacer=5-10bp;gc_cont=0.480,100.0,162.0,81,3.9799999999999997e-53,82,1,81,1,81,mobileOG_000002433,dinI,WP_001217754.1,replication/recombination/repair,NA,Multiple,Manual,ratio2_Esch_coli_2011C-3911_NODE_8_length_106393_cov_81.385384_81380-92588_ratio2_Esch_coli_2011C-3911_NODE_8_length_106393_cov_81.385384_89_12, 8840 # 9085 # 1 , 8840,9085,1 ,67_12,67,12,00,ATG,AGxAGG/AGGxGG,5-10bp,0.480,ratio2_Esch_coli_2011C-3911_NODE_8_length_106393_cov_81.385384_81380-92588_ratio2_Esch_coli_2011C-3911_NODE_8_length_106393_cov_81.385384_89,mobileOG_000002433_ratio2_Esch_coli_2011C-3911_NODE_8_length_106393_cov_81.385384_81380-92588_ratio2_Esch_coli_2011C-3911_NODE_8_length_106393_cov_81.385384_89
24,"mobileOG_000337943|cca|WP_000708503.1|phage|regulation,infection|Plasmid RefSeq|Homology",ratio2_Esch_coli_2011C-3911_NODE_9_length_106318_cov_75.755663_1-8850_ratio2_Esch_coli_2011C-3911_NODE_9_length_106318_cov_75.755663_5_6 # 4013 # 5251 # -1 # ID=69_6;partial=00;start_type=GTG;rbs_motif=GGA/GAG/AGG;rbs_spacer=5-10bp;gc_cont=0.563,99.8,842.0,412,1.52e-311,413,1,412,1,412,mobileOG_000337943,cca,WP_000708503.1,phage,"regulation,infection",Plasmid RefSeq,Homology,ratio2_Esch_coli_2011C-3911_NODE_9_length_106318_cov_75.755663_1-8850_ratio2_Esch_coli_2011C-3911_NODE_9_length_106318_cov_75.755663_5_6, 4013 # 5251 # -1 , 4013,5251,-1 ,69_6,69,6,00,GTG,GGA/GAG/AGG,5-10bp,0.563,ratio2_Esch_coli_2011C-3911_NODE_9_length_106318_cov_75.755663_1-8850_ratio2_Esch_coli_2011C-3911_NODE_9_length_106318_cov_75.755663_5,mobileOG_000337943_ratio2_Esch_coli_2011C-3911_NODE_9_length_106318_cov_75.755663_1-8850_ratio2_Esch_coli_2011C-3911_NODE_9_length_106318_cov_75.755663_5
25,mobileOG_000026107|parE|P20083|replication/recombination/repair|partitioning|Multiple|Manual,ratio2_Esch_coli_2011C-3911_NODE_9_length_106318_cov_75.755663_21207-32688_ratio2_Esch_coli_2011C-3911_NODE_9_length_106318_cov_75.755663_25_12 # 9201 # 11093 # 1 # ID=70_12;partial=00;start_type=ATG;rbs_motif=None;rbs_spacer=None;gc_cont=0.539,100.0,1255.0,630,0.0,631,1,630,1,630,mobileOG_000026107,parE,P20083,replication/recombination/repair,partitioning,Multiple,Manual,ratio2_Esch_coli_2011C-3911_NODE_9_length_106318_cov_75.755663_21207-32688_ratio2_Esch_coli_2011C-3911_NODE_9_length_106318_cov_75.755663_25_12, 9201 # 11093 # 1 , 9201,11093,1 ,70_12,70,12,00,ATG,None,None,0.539,ratio2_Esch_coli_2011C-3911_NODE_9_length_106318_cov_75.755663_21207-32688_ratio2_Esch_coli_2011C-3911_NODE_9_length_106318_cov_75.755663_25,mobileOG_000026107_ratio2_Esch_coli_2011C-3911_NODE_9_length_106318_cov_75.755663_21207-32688_ratio2_Esch_coli_2011C-3911_NODE_9_length_106318_cov_75.755663_25
26,mobileOG_000026116|priC|F0JM94|replication/recombination/repair|NA|Plasmid RefSeq|Manual,ratio2_Esch_coli_2011C-3911_NODE_12_length_93872_cov_75.483036_78068-89261_ratio2_Esch_coli_2011C-3911_NODE_12_length_93872_cov_75.483036_74_1 # 3 # 335 # 1 # ID=75_1;partial=10;start_type=Edge;rbs_motif=None;rbs_spacer=None;gc_cont=0.613,96.4,197.0,175,3.479999999999999e-65,111,66,175,1,110,mobileOG_000026116,priC,F0JM94,replication/recombination/repair,NA,Plasmid RefSeq,Manual,ratio2_Esch_coli_2011C-3911_NODE_12_length_93872_cov_75.483036_78068-89261_ratio2_Esch_coli_2011C-3911_NODE_12_length_93872_cov_75.483036_74_1, 3 # 335 # 1 , 3,335,1 ,75_1,75,1,10,Edge,None,None,0.613,ratio2_Esch_coli_2011C-3911_NODE_12_length_93872_cov_75.483036_78068-89261_ratio2_Esch_coli_2011C-3911_NODE_12_length_93872_cov_75.483036_74,mobileOG_000026116_ratio2_Esch_coli_2011C-3911_NODE_12_length_93872_cov_75.483036_78068-89261_ratio2_Esch_coli_2011C-3911_NODE_12_length_93872_cov_75.483036_74
27,mobileOG_000329392|PSLT051|A0A086TQA6|replication/recombination/repair|NA|Plasmid RefSeq|Homology,ratio2_Esch_coli_2011C-3911_NODE_24_length_61399_cov_70.608242_19299-30531_ratio2_Esch_coli_2011C-3911_NODE_24_length_61399_cov_70.608242_27_8 # 6700 # 7644 # 1 # ID=81_8;partial=00;start_type=ATG;rbs_motif=GGA/GAG/AGG;rbs_spacer=5-10bp;gc_cont=0.494,100.0,626.0,314,2.3599999999999988e-229,315,1,314,1,314,mobileOG_000329392,PSLT051,A0A086TQA6,replication/recombination/repair,NA,Plasmid RefSeq,Homology,ratio2_Esch_coli_2011C-3911_NODE_24_length_61399_cov_70.608242_19299-30531_ratio2_Esch_coli_2011C-3911_NODE_24_length_61399_cov_70.608242_27_8, 6700 # 7644 # 1 , 6700,7644,1 ,81_8,81,8,00,ATG,GGA/GAG/AGG,5-10bp,0.494,ratio2_Esch_coli_2011C-3911_NODE_24_length_61399_cov_70.608242_19299-30531_ratio2_Esch_coli_2011C-3911_NODE_24_length_61399_cov_70.608242_27,mobileOG_000329392_ratio2_Esch_coli_2011C-3911_NODE_24_length_61399_cov_70.608242_19299-30531_ratio2_Esch_coli_2011C-3911_NODE_24_length_61399_cov_70.608242_27
28,mobileOG_000003237|fis|WP_000462905.1|integration/excision|replication/recombination/repair|Multiple|Manual,ratio2_Esch_coli_2011C-3911_NODE_52_length_29386_cov_86.581399_178-13282_ratio2_Esch_coli_2011C-3911_NODE_52_length_29386_cov_86.581399_7_12 # 11571 # 11867 # -1 # ID=88_12;partial=00;start_type=ATG;rbs_motif=GGA/GAG/AGG;rbs_spacer=11-12bp;gc_cont=0.471,100.0,189.0,98,1.9899999999999996e-63,99,1,98,1,98,mobileOG_000003237,fis,WP_000462905.1,integration/excision,replication/recombination/repair,Multiple,Manual,ratio2_Esch_coli_2011C-3911_NODE_52_length_29386_cov_86.581399_178-13282_ratio2_Esch_coli_2011C-3911_NODE_52_length_29386_cov_86.581399_7_12, 11571 # 11867 # -1 , 11571,11867,-1 ,88_12,88,12,00,ATG,GGA/GAG/AGG,11-12bp,0.471,ratio2_Esch_coli_2011C-3911_NODE_52_length_29386_cov_86.581399_178-13282_ratio2_Esch_coli_2011C-3911_NODE_52_length_29386_cov_86.581399_7,mobileOG_000003237_ratio2_Esch_coli_2011C-3911_NODE_52_length_29386_cov_86.581399_178-13282_ratio2_Esch_coli_2011C-3911_NODE_52_length_29386_cov_86.581399_7
29,mobileOG_000003237|fis|WP_000462905.1|integration/excision|replication/recombination/repair|Multiple|Manual,ratio2_Esch_coli_2011C-3911_NODE_52_length_29386_cov_86.581399_3294-14451_ratio2_Esch_coli_2011C-3911_NODE_52_length_29386_cov_86.581399_8_9 # 8455 # 8751 # -1 # ID=89_9;partial=00;start_type=ATG;rbs_motif=GGA/GAG/AGG;rbs_spacer=11-12bp;gc_cont=0.471,100.0,189.0,98,1.9899999999999996e-63,99,1,98,1,98,mobileOG_000003237,fis,WP_000462905.1,integration/excision,replication/recombination/repair,Multiple,Manual,ratio2_Esch_coli_2011C-3911_NODE_52_length_29386_cov_86.581399_3294-14451_ratio2_Esch_coli_2011C-3911_NODE_52_length_29386_cov_86.581399_8_9, 8455 # 8751 # -1 , 8455,8751,-1 ,89_9,89,9,00,ATG,GGA/GAG/AGG,11-12bp,0.471,ratio2_Esch_coli_2011C-3911_NODE_52_length_29386_cov_86.581399_3294-14451_ratio2_Esch_coli_2011C-3911_NODE_52_length_29386_cov_86.581399_8,mobileOG_000003237_ratio2_Esch_coli_2011C-3911_NODE_52_length_29386_cov_86.581399_3294-14451_ratio2_Esch_coli_2011C-3911_NODE_52_length_29386_cov_86.581399_8
30,mobileOG_000003237|fis|WP_000462905.1|integration/excision|replication/recombination/repair|Multiple|Manual,ratio2_Esch_coli_2011C-3911_NODE_52_length_29386_cov_86.581399_4850-15512_ratio2_Esch_coli_2011C-3911_NODE_52_length_29386_cov_86.581399_9_8 # 6899 # 7195 # -1 # ID=90_8;partial=00;start_type=ATG;rbs_motif=GGA/GAG/AGG;rbs_spacer=11-12bp;gc_cont=0.471,100.0,189.0,98,1.9899999999999996e-63,99,1,98,1,98,mobileOG_000003237,fis,WP_000462905.1,integration/excision,replication/recombination/repair,Multiple,Manual,ratio2_Esch_coli_2011C-3911_NODE_52_length_29386_cov_86.581399_4850-15512_ratio2_Esch_coli_2011C-3911_NODE_52_length_29386_cov_86.581399_9_8, 6899 # 7195 # -1 , 6899,7195,-1 ,90_8,90,8,00,ATG,GGA/GAG/AGG,11-12bp,0.471,ratio2_Esch_coli_2011C-3911_NODE_52_length_29386_cov_86.581399_4850-15512_ratio2_Esch_coli_2011C-3911_NODE_52_length_29386_cov_86.581399_9,mobileOG_000003237_ratio2_Esch_coli_2011C-3911_NODE_52_length_29386_cov_86.581399_4850-15512_ratio2_Esch_coli_2011C-3911_NODE_52_length_29386_cov_86.581399_9
31,mobileOG_000321643|ecnB|WP_000977757.1|stability/transfer/defense|NA|Plasmid RefSeq|Homology,ratio2_Esch_coli_2011C-3911_NODE_69_length_18690_cov_89.787389_1-10807_ratio2_Esch_coli_2011C-3911_NODE_69_length_18690_cov_89.787389_8_4 # 3144 # 3266 # 1 # ID=91_4;partial=00;start_type=ATG;rbs_motif=GGA/GAG/AGG;rbs_spacer=5-10bp;gc_cont=0.553,100.0,78.6,41,3.3500000000000002e-21,41,2,41,1,40,mobileOG_000321643,ecnB,WP_000977757.1,stability/transfer/defense,NA,Plasmid RefSeq,Homology,ratio2_Esch_coli_2011C-3911_NODE_69_length_18690_cov_89.787389_1-10807_ratio2_Esch_coli_2011C-3911_NODE_69_length_18690_cov_89.787389_8_4, 3144 # 3266 # 1 , 3144,3266,1 ,91_4,91,4,00,ATG,GGA/GAG/AGG,5-10bp,0.553,ratio2_Esch_coli_2011C-3911_NODE_69_length_18690_cov_89.787389_1-10807_ratio2_Esch_coli_2011C-3911_NODE_69_length_18690_cov_89.787389_8,mobileOG_000321643_ratio2_Esch_coli_2011C-3911_NODE_69_length_18690_cov_89.787389_1-10807_ratio2_Esch_coli_2011C-3911_NODE_69_length_18690_cov_89.787389_8
32,mobileOG_000330413|ecnB|ETJ37164.1|stability/transfer/defense|NA|Plasmid RefSeq|Homology,ratio2_Esch_coli_2011C-3911_NODE_69_length_18690_cov_89.787389_1-10807_ratio2_Esch_coli_2011C-3911_NODE_69_length_18690_cov_89.787389_8_5 # 3377 # 3523 # 1 # ID=91_5;partial=00;start_type=ATG;rbs_motif=AGGA;rbs_spacer=5-10bp;gc_cont=0.490,100.0,88.2,48,8.370000000000002e-25,49,1,48,1,48,mobileOG_000330413,ecnB,ETJ37164.1,stability/transfer/defense,NA,Plasmid RefSeq,Homology,ratio2_Esch_coli_2011C-3911_NODE_69_length_18690_cov_89.787389_1-10807_ratio2_Esch_coli_2011C-3911_NODE_69_length_18690_cov_89.787389_8_5, 3377 # 3523 # 1 , 3377,3523,1 ,91_5,91,5,00,ATG,AGGA,5-10bp,0.490,ratio2_Esch_coli_2011C-3911_NODE_69_length_18690_cov_89.787389_1-10807_ratio2_Esch_coli_2011C-3911_NODE_69_length_18690_cov_89.787389_8,mobileOG_000330413_ratio2_Esch_coli_2011C-3911_NODE_69_length_18690_cov_89.787389_1-10807_ratio2_Esch_coli_2011C-3911_NODE_69_length_18690_cov_89.787389_8
33,mobileOG_000017973|insZ|A0A024L4B6|integration/excision|NA|GPD|Manual,ratio2_Esch_coli_2011C-3911_NODE_73_length_14407_cov_94.995819_1-7388_ratio2_Esch_coli_2011C-3911_NODE_73_length_14407_cov_94.995819_3_5 # 3892 # 4401 # -1 # ID=93_5;partial=00;start_type=ATG;rbs_motif=None;rbs_spacer=None;gc_cont=0.522,99.4,318.0,196,1.1499999999999996e-111,170,37,196,10,169,mobileOG_000017973,insZ,A0A024L4B6,integration/excision,NA,GPD,Manual,ratio2_Esch_coli_2011C-3911_NODE_73_length_14407_cov_94.995819_1-7388_ratio2_Esch_coli_2011C-3911_NODE_73_length_14407_cov_94.995819_3_5, 3892 # 4401 # -1 , 3892,4401,-1 ,93_5,93,5,00,ATG,None,None,0.522,ratio2_Esch_coli_2011C-3911_NODE_73_length_14407_cov_94.995819_1-7388_ratio2_Esch_coli_2011C-3911_NODE_73_length_14407_cov_94.995819_3,mobileOG_000017973_ratio2_Esch_coli_2011C-3911_NODE_73_length_14407_cov_94.995819_1-7388_ratio2_Esch_coli_2011C-3911_NODE_73_length_14407_cov_94.995819_3
34,mobileOG_000017974|insZ|A0A037Y8D2|integration/excision|NA|Multiple|Manual,ratio2_Esch_coli_2011C-3911_NODE_73_length_14407_cov_94.995819_1-7388_ratio2_Esch_coli_2011C-3911_NODE_73_length_14407_cov_94.995819_3_6 # 4607 # 4792 # -1 # ID=93_6;partial=00;start_type=ATG;rbs_motif=GGAG/GAGG;rbs_spacer=5-10bp;gc_cont=0.538,100.0,131.0,61,1.59e-41,62,1,61,1,61,mobileOG_000017974,insZ,A0A037Y8D2,integration/excision,NA,Multiple,Manual,ratio2_Esch_coli_2011C-3911_NODE_73_length_14407_cov_94.995819_1-7388_ratio2_Esch_coli_2011C-3911_NODE_73_length_14407_cov_94.995819_3_6, 4607 # 4792 # -1 , 4607,4792,-1 ,93_6,93,6,00,ATG,GGAG/GAGG,5-10bp,0.538,ratio2_Esch_coli_2011C-3911_NODE_73_length_14407_cov_94.995819_1-7388_ratio2_Esch_coli_2011C-3911_NODE_73_length_14407_cov_94.995819_3,mobileOG_000017974_ratio2_Esch_coli_2011C-3911_NODE_73_length_14407_cov_94.995819_1-7388_ratio2_Esch_coli_2011C-3911_NODE_73_length_14407_cov_94.995819_3
35,mobileOG_000304542|traG|WP_001297077.1|transfer|conjugation|Plasmid RefSeq|Homology,ratio2_Esch_coli_MB19_NODE_12_length_56918_cov_78.757909_8616-19584_ratio2_Esch_coli_MB19_NODE_12_length_56918_cov_78.757909_15_8 # 7420 # 8022 # 1 # ID=100_8;partial=00;start_type=GTG;rbs_motif=GGAG/GAGG;rbs_spacer=5-10bp;gc_cont=0.433,99.0,402.0,200,2.7099999999999995e-144,201,1,200,1,200,mobileOG_000304542,traG,WP_001297077.1,transfer,conjugation,Plasmid RefSeq,Homology,ratio2_Esch_coli_MB19_NODE_12_length_56918_cov_78.757909_8616-19584_ratio2_Esch_coli_MB19_NODE_12_length_56918_cov_78.757909_15_8, 7420 # 8022 # 1 , 7420,8022,1 ,100_8,100,8,00,GTG,GGAG/GAGG,5-10bp,0.433,ratio2_Esch_coli_MB19_NODE_12_length_56918_cov_78.757909_8616-19584_ratio2_Esch_coli_MB19_NODE_12_length_56918_cov_78.757909_15,mobileOG_000304542_ratio2_Esch_coli_MB19_NODE_12_length_56918_cov_78.757909_8616-19584_ratio2_Esch_coli_MB19_NODE_12_length_56918_cov_78.757909_15
36,mobileOG_000003237|fis|WP_000462905.1|integration/excision|replication/recombination/repair|Multiple|Manual,ratio2_Esch_coli_MB19_NODE_13_length_56376_cov_96.718027_40462-51124_ratio2_Esch_coli_MB19_NODE_13_length_56376_cov_96.718027_45_4 # 3469 # 3765 # 1 # ID=101_4;partial=00;start_type=ATG;rbs_motif=GGA/GAG/AGG;rbs_spacer=11-12bp;gc_cont=0.471,100.0,189.0,98,1.9899999999999996e-63,99,1,98,1,98,mobileOG_000003237,fis,WP_000462905.1,integration/excision,replication/recombination/repair,Multiple,Manual,ratio2_Esch_coli_MB19_NODE_13_length_56376_cov_96.718027_40462-51124_ratio2_Esch_coli_MB19_NODE_13_length_56376_cov_96.718027_45_4, 3469 # 3765 # 1 , 3469,3765,1 ,101_4,101,4,00,ATG,GGA/GAG/AGG,11-12bp,0.471,ratio2_Esch_coli_MB19_NODE_13_length_56376_cov_96.718027_40462-51124_ratio2_Esch_coli_MB19_NODE_13_length_56376_cov_96.718027_45,mobileOG_000003237_ratio2_Esch_coli_MB19_NODE_13_length_56376_cov_96.718027_40462-51124_ratio2_Esch_coli_MB19_NODE_13_length_56376_cov_96.718027_45
37,mobileOG_000003237|fis|WP_000462905.1|integration/excision|replication/recombination/repair|Multiple|Manual,ratio2_Esch_coli_MB19_NODE_13_length_56376_cov_96.718027_41523-52680_ratio2_Esch_coli_MB19_NODE_13_length_56376_cov_96.718027_46_4 # 2408 # 2704 # 1 # ID=102_4;partial=00;start_type=ATG;rbs_motif=GGA/GAG/AGG;rbs_spacer=11-12bp;gc_cont=0.471,100.0,189.0,98,1.9899999999999996e-63,99,1,98,1,98,mobileOG_000003237,fis,WP_000462905.1,integration/excision,replication/recombination/repair,Multiple,Manual,ratio2_Esch_coli_MB19_NODE_13_length_56376_cov_96.718027_41523-52680_ratio2_Esch_coli_MB19_NODE_13_length_56376_cov_96.718027_46_4, 2408 # 2704 # 1 , 2408,2704,1 ,102_4,102,4,00,ATG,GGA/GAG/AGG,11-12bp,0.471,ratio2_Esch_coli_MB19_NODE_13_length_56376_cov_96.718027_41523-52680_ratio2_Esch_coli_MB19_NODE_13_length_56376_cov_96.718027_46,mobileOG_000003237_ratio2_Esch_coli_MB19_NODE_13_length_56376_cov_96.718027_41523-52680_ratio2_Esch_coli_MB19_NODE_13_length_56376_cov_96.718027_46
38,mobileOG_000003237|fis|WP_000462905.1|integration/excision|replication/recombination/repair|Multiple|Manual,ratio2_Esch_coli_MB19_NODE_13_length_56376_cov_96.718027_42692-55796_ratio2_Esch_coli_MB19_NODE_13_length_56376_cov_96.718027_47_2 # 1239 # 1535 # 1 # ID=103_2;partial=00;start_type=ATG;rbs_motif=GGA/GAG/AGG;rbs_spacer=11-12bp;gc_cont=0.471,100.0,189.0,98,1.9899999999999996e-63,99,1,98,1,98,mobileOG_000003237,fis,WP_000462905.1,integration/excision,replication/recombination/repair,Multiple,Manual,ratio2_Esch_coli_MB19_NODE_13_length_56376_cov_96.718027_42692-55796_ratio2_Esch_coli_MB19_NODE_13_length_56376_cov_96.718027_47_2, 1239 # 1535 # 1 , 1239,1535,1 ,103_2,103,2,00,ATG,GGA/GAG/AGG,11-12bp,0.471,ratio2_Esch_coli_MB19_NODE_13_length_56376_cov_96.718027_42692-55796_ratio2_Esch_coli_MB19_NODE_13_length_56376_cov_96.718027_47,mobileOG_000003237_ratio2_Esch_coli_MB19_NODE_13_length_56376_cov_96.718027_42692-55796_ratio2_Esch_coli_MB19_NODE_13_length_56376_cov_96.718027_47
39,mobileOG_000026116|priC|F0JM94|replication/recombination/repair|NA|Plasmid RefSeq|Manual,ratio2_Esch_coli_MB19_NODE_16_length_52749_cov_78.911204_34856-46049_ratio2_Esch_coli_MB19_NODE_16_length_52749_cov_78.911204_35_1 # 3 # 335 # 1 # ID=104_1;partial=10;start_type=Edge;rbs_motif=None;rbs_spacer=None;gc_cont=0.601,96.4,197.0,175,3.479999999999999e-65,111,66,175,1,110,mobileOG_000026116,priC,F0JM94,replication/recombination/repair,NA,Plasmid RefSeq,Manual,ratio2_Esch_coli_MB19_NODE_16_length_52749_cov_78.911204_34856-46049_ratio2_Esch_coli_MB19_NODE_16_length_52749_cov_78.911204_35_1, 3 # 335 # 1 , 3,335,1 ,104_1,104,1,10,Edge,None,None,0.601,ratio2_Esch_coli_MB19_NODE_16_length_52749_cov_78.911204_34856-46049_ratio2_Esch_coli_MB19_NODE_16_length_52749_cov_78.911204_35,mobileOG_000026116_ratio2_Esch_coli_MB19_NODE_16_length_52749_cov_78.911204_34856-46049_ratio2_Esch_coli_MB19_NODE_16_length_52749_cov_78.911204_35
40,mobileOG_000026107|parE|P20083|replication/recombination/repair|partitioning|Multiple|Manual,ratio2_Esch_coli_MB19_NODE_26_length_37599_cov_105.136986_3728-15209_ratio2_Esch_coli_MB19_NODE_26_length_37599_cov_105.136986_10_12 # 9201 # 11093 # 1 # ID=106_12;partial=00;start_type=ATG;rbs_motif=None;rbs_spacer=None;gc_cont=0.539,100.0,1255.0,630,0.0,631,1,630,1,630,mobileOG_000026107,parE,P20083,replication/recombination/repair,partitioning,Multiple,Manual,ratio2_Esch_coli_MB19_NODE_26_length_37599_cov_105.136986_3728-15209_ratio2_Esch_coli_MB19_NODE_26_length_37599_cov_105.136986_10_12, 9201 # 11093 # 1 , 9201,11093,1 ,106_12,106,12,00,ATG,None,None,0.539,ratio2_Esch_coli_MB19_NODE_26_length_37599_cov_105.136986_3728-15209_ratio2_Esch_coli_MB19_NODE_26_length_37599_cov_105.136986_10,mobileOG_000026107_ratio2_Esch_coli_MB19_NODE_26_length_37599_cov_105.136986_3728-15209_ratio2_Esch_coli_MB19_NODE_26_length_37599_cov_105.136986_10
41,"mobileOG_000025715|ihfB|WP_002898165.1|integration/excision|regulation,lysis/lysogeny|Plasmid RefSeq|Manual",ratio2_Esch_coli_MB19_NODE_31_length_33723_cov_94.055364_7601-19349_ratio2_Esch_coli_MB19_NODE_31_length_33723_cov_94.055364_11_3 # 2208 # 2492 # 1 # ID=107_3;partial=00;start_type=ATG;rbs_motif=GGAGG;rbs_spacer=3-4bp;gc_cont=0.491,97.8,187.0,95,8.879999999999998e-63,95,1,93,1,93,mobileOG_000025715,ihfB,WP_002898165.1,integration/excision,"regulation,lysis/lysogeny",Plasmid RefSeq,Manual,ratio2_Esch_coli_MB19_NODE_31_length_33723_cov_94.055364_7601-19349_ratio2_Esch_coli_MB19_NODE_31_length_33723_cov_94.055364_11_3, 2208 # 2492 # 1 , 2208,2492,1 ,107_3,107,3,00,ATG,GGAGG,3-4bp,0.491,ratio2_Esch_coli_MB19_NODE_31_length_33723_cov_94.055364_7601-19349_ratio2_Esch_coli_MB19_NODE_31_length_33723_cov_94.055364_11,mobileOG_000025715_ratio2_Esch_coli_MB19_NODE_31_length_33723_cov_94.055364_7601-19349_ratio2_Esch_coli_MB19_NODE_31_length_33723_cov_94.055364_11
42,mobileOG_000002433|dinI|WP_001217754.1|replication/recombination/repair|NA|Multiple|Manual,ratio2_Esch_coli_MB19_NODE_44_length_29090_cov_87.388910_3718-14926_ratio2_Esch_coli_MB19_NODE_44_length_29090_cov_87.388910_12_4 # 2125 # 2370 # -1 # ID=115_4;partial=00;start_type=ATG;rbs_motif=AGxAGG/AGGxGG;rbs_spacer=5-10bp;gc_cont=0.476,98.8,160.0,81,2.3099999999999997e-52,82,1,81,1,81,mobileOG_000002433,dinI,WP_001217754.1,replication/recombination/repair,NA,Multiple,Manual,ratio2_Esch_coli_MB19_NODE_44_length_29090_cov_87.388910_3718-14926_ratio2_Esch_coli_MB19_NODE_44_length_29090_cov_87.388910_12_4, 2125 # 2370 # -1 , 2125,2370,-1 ,115_4,115,4,00,ATG,AGxAGG/AGGxGG,5-10bp,0.476,ratio2_Esch_coli_MB19_NODE_44_length_29090_cov_87.388910_3718-14926_ratio2_Esch_coli_MB19_NODE_44_length_29090_cov_87.388910_12,mobileOG_000002433_ratio2_Esch_coli_MB19_NODE_44_length_29090_cov_87.388910_3718-14926_ratio2_Esch_coli_MB19_NODE_44_length_29090_cov_87.388910_12
43,mobileOG_000321643|ecnB|WP_000977757.1|stability/transfer/defense|NA|Plasmid RefSeq|Homology,ratio2_Esch_coli_MB19_NODE_66_length_24486_cov_87.995375_11700-22833_ratio2_Esch_coli_MB19_NODE_66_length_24486_cov_87.995375_19_5 # 3510 # 3632 # 1 # ID=118_5;partial=00;start_type=ATG;rbs_motif=GGA/GAG/AGG;rbs_spacer=5-10bp;gc_cont=0.553,100.0,78.6,41,3.3500000000000002e-21,41,2,41,1,40,mobileOG_000321643,ecnB,WP_000977757.1,stability/transfer/defense,NA,Plasmid RefSeq,Homology,ratio2_Esch_coli_MB19_NODE_66_length_24486_cov_87.995375_11700-22833_ratio2_Esch_coli_MB19_NODE_66_length_24486_cov_87.995375_19_5, 3510 # 3632 # 1 , 3510,3632,1 ,118_5,118,5,00,ATG,GGA/GAG/AGG,5-10bp,0.553,ratio2_Esch_coli_MB19_NODE_66_length_24486_cov_87.995375_11700-22833_ratio2_Esch_coli_MB19_NODE_66_length_24486_cov_87.995375_19,mobileOG_000321643_ratio2_Esch_coli_MB19_NODE_66_length_24486_cov_87.995375_11700-22833_ratio2_Esch_coli_MB19_NODE_66_length_24486_cov_87.995375_19
44,mobileOG_000330413|ecnB|ETJ37164.1|stability/transfer/defense|NA|Plasmid RefSeq|Homology,ratio2_Esch_coli_MB19_NODE_66_length_24486_cov_87.995375_11700-22833_ratio2_Esch_coli_MB19_NODE_66_length_24486_cov_87.995375_19_6 # 3743 # 3889 # 1 # ID=118_6;partial=00;start_type=ATG;rbs_motif=AGGA;rbs_spacer=5-10bp;gc_cont=0.483,100.0,88.2,48,8.370000000000002e-25,49,1,48,1,48,mobileOG_000330413,ecnB,ETJ37164.1,stability/transfer/defense,NA,Plasmid RefSeq,Homology,ratio2_Esch_coli_MB19_NODE_66_length_24486_cov_87.995375_11700-22833_ratio2_Esch_coli_MB19_NODE_66_length_24486_cov_87.995375_19_6, 3743 # 3889 # 1 , 3743,3889,1 ,118_6,118,6,00,ATG,AGGA,5-10bp,0.483,ratio2_Esch_coli_MB19_NODE_66_length_24486_cov_87.995375_11700-22833_ratio2_Esch_coli_MB19_NODE_66_length_24486_cov_87.995375_19,mobileOG_000330413_ratio2_Esch_coli_MB19_NODE_66_length_24486_cov_87.995375_11700-22833_ratio2_Esch_coli_MB19_NODE_66_length_24486_cov_87.995375_19
45,mobileOG_000071197|insB_2|NA|integration/excision|NA|COMPASS|Homology,ratio2_Esch_coli_MB19_NODE_103_length_12900_cov_108.946360_1-7243_ratio2_Esch_coli_MB19_NODE_103_length_12900_cov_108.946360_3_1 # 16 # 225 # -1 # ID=126_1;partial=00;start_type=ATG;rbs_motif=AGGA/GGAG/GAGG;rbs_spacer=11-12bp;gc_cont=0.519,100.0,140.0,69,4.2299999999999995e-45,70,1,69,1,69,mobileOG_000071197,insB_2,NA,integration/excision,NA,COMPASS,Homology,ratio2_Esch_coli_MB19_NODE_103_length_12900_cov_108.946360_1-7243_ratio2_Esch_coli_MB19_NODE_103_length_12900_cov_108.946360_3_1, 16 # 225 # -1 , 16,225,-1 ,126_1,126,1,00,ATG,AGGA/GGAG/GAGG,11-12bp,0.519,ratio2_Esch_coli_MB19_NODE_103_length_12900_cov_108.946360_1-7243_ratio2_Esch_coli_MB19_NODE_103_length_12900_cov_108.946360_3,mobileOG_000071197_ratio2_Esch_coli_MB19_NODE_103_length_12900_cov_108.946360_1-7243_ratio2_Esch_coli_MB19_NODE_103_length_12900_cov_108.946360_3
46,mobileOG_000045297|NA|WP_134806729.1|integration/excision|NA|COMPASS|Homology,ratio2_Esch_coli_MB19_NODE_103_length_12900_cov_108.946360_1-7243_ratio2_Esch_coli_MB19_NODE_103_length_12900_cov_108.946360_3_2 # 226 # 519 # -1 # ID=126_2;partial=00;start_type=ATG;rbs_motif=None;rbs_spacer=None;gc_cont=0.565,100.0,201.0,97,4.889999999999999e-68,98,1,97,1,97,mobileOG_000045297,NA,WP_134806729.1,integration/excision,NA,COMPASS,Homology,ratio2_Esch_coli_MB19_NODE_103_length_12900_cov_108.946360_1-7243_ratio2_Esch_coli_MB19_NODE_103_length_12900_cov_108.946360_3_2, 226 # 519 # -1 , 226,519,-1 ,126_2,126,2,00,ATG,None,None,0.565,ratio2_Esch_coli_MB19_NODE_103_length_12900_cov_108.946360_1-7243_ratio2_Esch_coli_MB19_NODE_103_length_12900_cov_108.946360_3,mobileOG_000045297_ratio2_Esch_coli_MB19_NODE_103_length_12900_cov_108.946360_1-7243_ratio2_Esch_coli_MB19_NODE_103_length_12900_cov_108.946360_3
47,"mobileOG_000025806|cca|J7Q9S8|phage|regulation,infection|Multiple|Manual",ratio2_Esch_coli_MB19_NODE_131_length_9683_cov_75.654342_1-8098_ratio2_Esch_coli_MB19_NODE_131_length_9683_cov_75.654342_4_5 # 3279 # 4517 # -1 # ID=132_5;partial=00;start_type=GTG;rbs_motif=GGA/GAG/AGG;rbs_spacer=5-10bp;gc_cont=0.566,98.8,832.0,412,1.979999999999999e-307,413,1,412,1,412,mobileOG_000025806,cca,J7Q9S8,phage,"regulation,infection",Multiple,Manual,ratio2_Esch_coli_MB19_NODE_131_length_9683_cov_75.654342_1-8098_ratio2_Esch_coli_MB19_NODE_131_length_9683_cov_75.654342_4_5, 3279 # 4517 # -1 , 3279,4517,-1 ,132_5,132,5,00,GTG,GGA/GAG/AGG,5-10bp,0.566,ratio2_Esch_coli_MB19_NODE_131_length_9683_cov_75.654342_1-8098_ratio2_Esch_coli_MB19_NODE_131_length_9683_cov_75.654342_4,mobileOG_000025806_ratio2_Esch_coli_MB19_NODE_131_length_9683_cov_75.654342_1-8098_ratio2_Esch_coli_MB19_NODE_131_length_9683_cov_75.654342_4
48,mobileOG_000326289|alkB|WP_000884919.1|replication/recombination/repair|NA|Plasmid RefSeq|Homology,ratio2_Esch_coli_MB19_NODE_194_length_4322_cov_71.674479_1-4322_ratio2_Esch_coli_MB19_NODE_194_length_4322_cov_71.674479_2_1 # 3 # 488 # 1 # ID=138_1;partial=10;start_type=Edge;rbs_motif=None;rbs_spacer=None;gc_cont=0.521,100.0,348.0,216,1.0599999999999996e-123,162,56,216,1,161,mobileOG_000326289,alkB,WP_000884919.1,replication/recombination/repair,NA,Plasmid RefSeq,Homology,ratio2_Esch_coli_MB19_NODE_194_length_4322_cov_71.674479_1-4322_ratio2_Esch_coli_MB19_NODE_194_length_4322_cov_71.674479_2_1, 3 # 488 # 1 , 3,488,1 ,138_1,138,1,10,Edge,None,None,0.521,ratio2_Esch_coli_MB19_NODE_194_length_4322_cov_71.674479_1-4322_ratio2_Esch_coli_MB19_NODE_194_length_4322_cov_71.674479_2,mobileOG_000326289_ratio2_Esch_coli_MB19_NODE_194_length_4322_cov_71.674479_1-4322_ratio2_Esch_coli_MB19_NODE_194_length_4322_cov_71.674479_2
49,mobileOG_000003237|fis|WP_000462905.1|integration/excision|replication/recombination/repair|Multiple|Manual,ratio2_Esch_coli_TUM20902_NODE_1_length_314982_cov_72.415125_409-13513_ratio2_Esch_coli_TUM20902_NODE_1_length_314982_cov_72.415125_8_12 # 11571 # 11867 # -1 # ID=141_12;partial=00;start_type=ATG;rbs_motif=GGA/GAG/AGG;rbs_spacer=11-12bp;gc_cont=0.475,100.0,189.0,98,1.9899999999999996e-63,99,1,98,1,98,mobileOG_000003237,fis,WP_000462905.1,integration/excision,replication/recombination/repair,Multiple,Manual,ratio2_Esch_coli_TUM20902_NODE_1_length_314982_cov_72.415125_409-13513_ratio2_Esch_coli_TUM20902_NODE_1_length_314982_cov_72.415125_8_12, 11571 # 11867 # -1 , 11571,11867,-1 ,141_12,141,12,00,ATG,GGA/GAG/AGG,11-12bp,0.475,ratio2_Esch_coli_TUM20902_NODE_1_length_314982_cov_72.415125_409-13513_ratio2_Esch_coli_TUM20902_NODE_1_length_314982_cov_72.415125_8,mobileOG_000003237_ratio2_Esch_coli_TUM20902_NODE_1_length_314982_cov_72.415125_409-13513_ratio2_Esch_coli_TUM20902_NODE_1_length_314982_cov_72.415125_8
50,mobileOG_000003237|fis|WP_000462905.1|integration/excision|replication/recombination/repair|Multiple|Manual,ratio2_Esch_coli_TUM20902_NODE_1_length_314982_cov_72.415125_3525-14682_ratio2_Esch_coli_TUM20902_NODE_1_length_314982_cov_72.415125_9_9 # 8455 # 8751 # -1 # ID=142_9;partial=00;start_type=ATG;rbs_motif=GGA/GAG/AGG;rbs_spacer=11-12bp;gc_cont=0.475,100.0,189.0,98,1.9899999999999996e-63,99,1,98,1,98,mobileOG_000003237,fis,WP_000462905.1,integration/excision,replication/recombination/repair,Multiple,Manual,ratio2_Esch_coli_TUM20902_NODE_1_length_314982_cov_72.415125_3525-14682_ratio2_Esch_coli_TUM20902_NODE_1_length_314982_cov_72.415125_9_9, 8455 # 8751 # -1 , 8455,8751,-1 ,142_9,142,9,00,ATG,GGA/GAG/AGG,11-12bp,0.475,ratio2_Esch_coli_TUM20902_NODE_1_length_314982_cov_72.415125_3525-14682_ratio2_Esch_coli_TUM20902_NODE_1_length_314982_cov_72.415125_9,mobileOG_000003237_ratio2_Esch_coli_TUM20902_NODE_1_length_314982_cov_72.415125_3525-14682_ratio2_Esch_coli_TUM20902_NODE_1_length_314982_cov_72.415125_9
51,mobileOG_000003237|fis|WP_000462905.1|integration/excision|replication/recombination/repair|Multiple|Manual,ratio2_Esch_coli_TUM20902_NODE_1_length_314982_cov_72.415125_5081-15743_ratio2_Esch_coli_TUM20902_NODE_1_length_314982_cov_72.415125_10_8 # 6899 # 7195 # -1 # ID=143_8;partial=00;start_type=ATG;rbs_motif=GGA/GAG/AGG;rbs_spacer=11-12bp;gc_cont=0.475,100.0,189.0,98,1.9899999999999996e-63,99,1,98,1,98,mobileOG_000003237,fis,WP_000462905.1,integration/excision,replication/recombination/repair,Multiple,Manual,ratio2_Esch_coli_TUM20902_NODE_1_length_314982_cov_72.415125_5081-15743_ratio2_Esch_coli_TUM20902_NODE_1_length_314982_cov_72.415125_10_8, 6899 # 7195 # -1 , 6899,7195,-1 ,143_8,143,8,00,ATG,GGA/GAG/AGG,11-12bp,0.475,ratio2_Esch_coli_TUM20902_NODE_1_length_314982_cov_72.415125_5081-15743_ratio2_Esch_coli_TUM20902_NODE_1_length_314982_cov_72.415125_10,mobileOG_000003237_ratio2_Esch_coli_TUM20902_NODE_1_length_314982_cov_72.415125_5081-15743_ratio2_Esch_coli_TUM20902_NODE_1_length_314982_cov_72.415125_10
52,"mobileOG_000025806|cca|J7Q9S8|phage|regulation,infection|Multiple|Manual",ratio2_Esch_coli_TUM20902_NODE_1_length_314982_cov_72.415125_205280-216101_ratio2_Esch_coli_TUM20902_NODE_1_length_314982_cov_72.415125_203_8 # 6004 # 7242 # -1 # ID=144_8;partial=00;start_type=GTG;rbs_motif=GGA/GAG/AGG;rbs_spacer=5-10bp;gc_cont=0.568,100.0,842.0,412,3.06e-311,413,1,412,1,412,mobileOG_000025806,cca,J7Q9S8,phage,"regulation,infection",Multiple,Manual,ratio2_Esch_coli_TUM20902_NODE_1_length_314982_cov_72.415125_205280-216101_ratio2_Esch_coli_TUM20902_NODE_1_length_314982_cov_72.415125_203_8, 6004 # 7242 # -1 , 6004,7242,-1 ,144_8,144,8,00,GTG,GGA/GAG/AGG,5-10bp,0.568,ratio2_Esch_coli_TUM20902_NODE_1_length_314982_cov_72.415125_205280-216101_ratio2_Esch_coli_TUM20902_NODE_1_length_314982_cov_72.415125_203,mobileOG_000025806_ratio2_Esch_coli_TUM20902_NODE_1_length_314982_cov_72.415125_205280-216101_ratio2_Esch_coli_TUM20902_NODE_1_length_314982_cov_72.415125_203
53,mobileOG_000026107|parE|P20083|replication/recombination/repair|partitioning|Multiple|Manual,ratio2_Esch_coli_TUM20902_NODE_1_length_314982_cov_72.415125_226913-238394_ratio2_Esch_coli_TUM20902_NODE_1_length_314982_cov_72.415125_222_10 # 9201 # 11093 # 1 # ID=145_10;partial=00;start_type=ATG;rbs_motif=None;rbs_spacer=None;gc_cont=0.535,100.0,1255.0,630,0.0,631,1,630,1,630,mobileOG_000026107,parE,P20083,replication/recombination/repair,partitioning,Multiple,Manual,ratio2_Esch_coli_TUM20902_NODE_1_length_314982_cov_72.415125_226913-238394_ratio2_Esch_coli_TUM20902_NODE_1_length_314982_cov_72.415125_222_10, 9201 # 11093 # 1 , 9201,11093,1 ,145_10,145,10,00,ATG,None,None,0.535,ratio2_Esch_coli_TUM20902_NODE_1_length_314982_cov_72.415125_226913-238394_ratio2_Esch_coli_TUM20902_NODE_1_length_314982_cov_72.415125_222,mobileOG_000026107_ratio2_Esch_coli_TUM20902_NODE_1_length_314982_cov_72.415125_226913-238394_ratio2_Esch_coli_TUM20902_NODE_1_length_314982_cov_72.415125_222
54,mobileOG_000335061|alkB|WP_000884957.1|replication/recombination/repair|NA|Plasmid RefSeq|Homology,ratio2_Esch_coli_TUM20902_NODE_2_length_235896_cov_58.257504_181815-193458_ratio2_Esch_coli_TUM20902_NODE_2_length_235896_cov_58.257504_160_8 # 6720 # 7370 # -1 # ID=151_8;partial=00;start_type=ATG;rbs_motif=AGGAG;rbs_spacer=5-10bp;gc_cont=0.524,99.5,455.0,216,5.889999999999998e-165,217,1,216,1,216,mobileOG_000335061,alkB,WP_000884957.1,replication/recombination/repair,NA,Plasmid RefSeq,Homology,ratio2_Esch_coli_TUM20902_NODE_2_length_235896_cov_58.257504_181815-193458_ratio2_Esch_coli_TUM20902_NODE_2_length_235896_cov_58.257504_160_8, 6720 # 7370 # -1 , 6720,7370,-1 ,151_8,151,8,00,ATG,AGGAG,5-10bp,0.524,ratio2_Esch_coli_TUM20902_NODE_2_length_235896_cov_58.257504_181815-193458_ratio2_Esch_coli_TUM20902_NODE_2_length_235896_cov_58.257504_160,mobileOG_000335061_ratio2_Esch_coli_TUM20902_NODE_2_length_235896_cov_58.257504_181815-193458_ratio2_Esch_coli_TUM20902_NODE_2_length_235896_cov_58.257504_160
55,mobileOG_000002433|dinI|WP_001217754.1|replication/recombination/repair|NA|Multiple|Manual,ratio2_Esch_coli_TUM20902_NODE_4_length_189730_cov_59.769110_101773-112981_ratio2_Esch_coli_TUM20902_NODE_4_length_189730_cov_59.769110_107_4 # 2125 # 2370 # -1 # ID=153_4;partial=00;start_type=ATG;rbs_motif=AGxAGG/AGGxGG;rbs_spacer=5-10bp;gc_cont=0.480,100.0,162.0,81,3.9799999999999997e-53,82,1,81,1,81,mobileOG_000002433,dinI,WP_001217754.1,replication/recombination/repair,NA,Multiple,Manual,ratio2_Esch_coli_TUM20902_NODE_4_length_189730_cov_59.769110_101773-112981_ratio2_Esch_coli_TUM20902_NODE_4_length_189730_cov_59.769110_107_4, 2125 # 2370 # -1 , 2125,2370,-1 ,153_4,153,4,00,ATG,AGxAGG/AGGxGG,5-10bp,0.480,ratio2_Esch_coli_TUM20902_NODE_4_length_189730_cov_59.769110_101773-112981_ratio2_Esch_coli_TUM20902_NODE_4_length_189730_cov_59.769110_107,mobileOG_000002433_ratio2_Esch_coli_TUM20902_NODE_4_length_189730_cov_59.769110_101773-112981_ratio2_Esch_coli_TUM20902_NODE_4_length_189730_cov_59.769110_107
56,mobileOG_000026116|priC|F0JM94|replication/recombination/repair|NA|Plasmid RefSeq|Manual,ratio2_Esch_coli_TUM20902_NODE_6_length_169711_cov_60.094279_33469-44662_ratio2_Esch_coli_TUM20902_NODE_6_length_169711_cov_60.094279_25_1 # 2 # 505 # 1 # ID=154_1;partial=10;start_type=Edge;rbs_motif=None;rbs_spacer=None;gc_cont=0.597,95.8,303.0,175,4.479999999999999e-106,168,9,175,1,167,mobileOG_000026116,priC,F0JM94,replication/recombination/repair,NA,Plasmid RefSeq,Manual,ratio2_Esch_coli_TUM20902_NODE_6_length_169711_cov_60.094279_33469-44662_ratio2_Esch_coli_TUM20902_NODE_6_length_169711_cov_60.094279_25_1, 2 # 505 # 1 , 2,505,1 ,154_1,154,1,10,Edge,None,None,0.597,ratio2_Esch_coli_TUM20902_NODE_6_length_169711_cov_60.094279_33469-44662_ratio2_Esch_coli_TUM20902_NODE_6_length_169711_cov_60.094279_25,mobileOG_000026116_ratio2_Esch_coli_TUM20902_NODE_6_length_169711_cov_60.094279_33469-44662_ratio2_Esch_coli_TUM20902_NODE_6_length_169711_cov_60.094279_25
57,mobileOG_000352862|seqA|WP_000848387.1|replication/recombination/repair|NA|Plasmid RefSeq|Homology,ratio2_Esch_coli_TUM20902_NODE_10_length_133182_cov_60.061167_68342-79019_ratio2_Esch_coli_TUM20902_NODE_10_length_133182_cov_60.061167_72_4 # 1979 # 2524 # 1 # ID=162_4;partial=00;start_type=ATG;rbs_motif=GGA/GAG/AGG;rbs_spacer=5-10bp;gc_cont=0.500,100.0,353.0,181,1.0399999999999997e-125,182,1,181,1,181,mobileOG_000352862,seqA,WP_000848387.1,replication/recombination/repair,NA,Plasmid RefSeq,Homology,ratio2_Esch_coli_TUM20902_NODE_10_length_133182_cov_60.061167_68342-79019_ratio2_Esch_coli_TUM20902_NODE_10_length_133182_cov_60.061167_72_4, 1979 # 2524 # 1 , 1979,2524,1 ,162_4,162,4,00,ATG,GGA/GAG/AGG,5-10bp,0.500,ratio2_Esch_coli_TUM20902_NODE_10_length_133182_cov_60.061167_68342-79019_ratio2_Esch_coli_TUM20902_NODE_10_length_133182_cov_60.061167_72,mobileOG_000352862_ratio2_Esch_coli_TUM20902_NODE_10_length_133182_cov_60.061167_68342-79019_ratio2_Esch_coli_TUM20902_NODE_10_length_133182_cov_60.061167_72
58,mobileOG_000304542|traG|WP_001297077.1|transfer|conjugation|Plasmid RefSeq|Homology,ratio2_Esch_coli_TUM20902_NODE_14_length_109460_cov_60.176610_8981-19949_ratio2_Esch_coli_TUM20902_NODE_14_length_109460_cov_60.176610_15_5 # 2948 # 3550 # -1 # ID=163_5;partial=00;start_type=GTG;rbs_motif=GGAG/GAGG;rbs_spacer=5-10bp;gc_cont=0.438,99.5,404.0,200,2.3199999999999994e-145,201,1,200,1,200,mobileOG_000304542,traG,WP_001297077.1,transfer,conjugation,Plasmid RefSeq,Homology,ratio2_Esch_coli_TUM20902_NODE_14_length_109460_cov_60.176610_8981-19949_ratio2_Esch_coli_TUM20902_NODE_14_length_109460_cov_60.176610_15_5, 2948 # 3550 # -1 , 2948,3550,-1 ,163_5,163,5,00,GTG,GGAG/GAGG,5-10bp,0.438,ratio2_Esch_coli_TUM20902_NODE_14_length_109460_cov_60.176610_8981-19949_ratio2_Esch_coli_TUM20902_NODE_14_length_109460_cov_60.176610_15,mobileOG_000304542_ratio2_Esch_coli_TUM20902_NODE_14_length_109460_cov_60.176610_8981-19949_ratio2_Esch_coli_TUM20902_NODE_14_length_109460_cov_60.176610_15
59,mobileOG_000330413|ecnB|ETJ37164.1|stability/transfer/defense|NA|Plasmid RefSeq|Homology,ratio2_Esch_coli_TUM20902_NODE_27_length_65565_cov_60.777133_8114-19280_ratio2_Esch_coli_TUM20902_NODE_27_length_65565_cov_60.777133_11_10 # 7278 # 7424 # -1 # ID=169_10;partial=00;start_type=ATG;rbs_motif=AGGA;rbs_spacer=5-10bp;gc_cont=0.483,100.0,88.2,48,8.370000000000002e-25,49,1,48,1,48,mobileOG_000330413,ecnB,ETJ37164.1,stability/transfer/defense,NA,Plasmid RefSeq,Homology,ratio2_Esch_coli_TUM20902_NODE_27_length_65565_cov_60.777133_8114-19280_ratio2_Esch_coli_TUM20902_NODE_27_length_65565_cov_60.777133_11_10, 7278 # 7424 # -1 , 7278,7424,-1 ,169_10,169,10,00,ATG,AGGA,5-10bp,0.483,ratio2_Esch_coli_TUM20902_NODE_27_length_65565_cov_60.777133_8114-19280_ratio2_Esch_coli_TUM20902_NODE_27_length_65565_cov_60.777133_11,mobileOG_000330413_ratio2_Esch_coli_TUM20902_NODE_27_length_65565_cov_60.777133_8114-19280_ratio2_Esch_coli_TUM20902_NODE_27_length_65565_cov_60.777133_11
60,mobileOG_000321643|ecnB|WP_000977757.1|stability/transfer/defense|NA|Plasmid RefSeq|Homology,ratio2_Esch_coli_TUM20902_NODE_27_length_65565_cov_60.777133_8114-19280_ratio2_Esch_coli_TUM20902_NODE_27_length_65565_cov_60.777133_11_11 # 7535 # 7660 # -1 # ID=169_11;partial=00;start_type=ATG;rbs_motif=GGA/GAG/AGG;rbs_spacer=5-10bp;gc_cont=0.500,97.6,77.8,41,7.08e-21,42,1,41,1,41,mobileOG_000321643,ecnB,WP_000977757.1,stability/transfer/defense,NA,Plasmid RefSeq,Homology,ratio2_Esch_coli_TUM20902_NODE_27_length_65565_cov_60.777133_8114-19280_ratio2_Esch_coli_TUM20902_NODE_27_length_65565_cov_60.777133_11_11, 7535 # 7660 # -1 , 7535,7660,-1 ,169_11,169,11,00,ATG,GGA/GAG/AGG,5-10bp,0.500,ratio2_Esch_coli_TUM20902_NODE_27_length_65565_cov_60.777133_8114-19280_ratio2_Esch_coli_TUM20902_NODE_27_length_65565_cov_60.777133_11,mobileOG_000321643_ratio2_Esch_coli_TUM20902_NODE_27_length_65565_cov_60.777133_8114-19280_ratio2_Esch_coli_TUM20902_NODE_27_length_65565_cov_60.777133_11
61,"mobileOG_000025715|ihfB|WP_002898165.1|integration/excision|regulation,lysis/lysogeny|Plasmid RefSeq|Manual",ratio2_Esch_coli_TUM20902_NODE_32_length_56141_cov_61.960079_24609-36357_ratio2_Esch_coli_TUM20902_NODE_32_length_56141_cov_61.960079_23_3 # 2209 # 2493 # 1 # ID=172_3;partial=00;start_type=ATG;rbs_motif=GGAGG;rbs_spacer=3-4bp;gc_cont=0.491,97.8,187.0,95,8.879999999999998e-63,95,1,93,1,93,mobileOG_000025715,ihfB,WP_002898165.1,integration/excision,"regulation,lysis/lysogeny",Plasmid RefSeq,Manual,ratio2_Esch_coli_TUM20902_NODE_32_length_56141_cov_61.960079_24609-36357_ratio2_Esch_coli_TUM20902_NODE_32_length_56141_cov_61.960079_23_3, 2209 # 2493 # 1 , 2209,2493,1 ,172_3,172,3,00,ATG,GGAGG,3-4bp,0.491,ratio2_Esch_coli_TUM20902_NODE_32_length_56141_cov_61.960079_24609-36357_ratio2_Esch_coli_TUM20902_NODE_32_length_56141_cov_61.960079_23,mobileOG_000025715_ratio2_Esch_coli_TUM20902_NODE_32_length_56141_cov_61.960079_24609-36357_ratio2_Esch_coli_TUM20902_NODE_32_length_56141_cov_61.960079_23
62,mobileOG_000064204|tnpA|WP_015344976.1|integration/excision|NA|Multiple|Homology,ratio2_unmapped_NODE_34_length_10018_cov_9.307839_1668-10018_ratio2_unmapped_NODE_34_length_10018_cov_9.307839_7_1 # 1 # 2601 # -1 # ID=188_1;partial=10;start_type=ATG;rbs_motif=GGA/GAG/AGG;rbs_spacer=5-10bp;gc_cont=0.631,100.0,1711.0,983,0.0,867,1,867,1,867,mobileOG_000064204,tnpA,WP_015344976.1,integration/excision,NA,Multiple,Homology,ratio2_unmapped_NODE_34_length_10018_cov_9.307839_1668-10018_ratio2_unmapped_NODE_34_length_10018_cov_9.307839_7_1, 1 # 2601 # -1 , 1,2601,-1 ,188_1,188,1,10,ATG,GGA/GAG/AGG,5-10bp,0.631,ratio2_unmapped_NODE_34_length_10018_cov_9.307839_1668-10018_ratio2_unmapped_NODE_34_length_10018_cov_9.307839_7,mobileOG_000064204_ratio2_unmapped_NODE_34_length_10018_cov_9.307839_1668-10018_ratio2_unmapped_NODE_34_length_10018_cov_9.307839_7
63,mobileOG_000001365|tnpR|P04130|integration/excision|NA|Multiple|Manual,ratio2_unmapped_NODE_34_length_10018_cov_9.307839_1668-10018_ratio2_unmapped_NODE_34_length_10018_cov_9.307839_7_2 # 2604 # 3164 # -1 # ID=188_2;partial=00;start_type=ATG;rbs_motif=GGA/GAG/AGG;rbs_spacer=5-10bp;gc_cont=0.579,100.0,353.0,186,1.5199999999999997e-125,187,1,186,1,186,mobileOG_000001365,tnpR,P04130,integration/excision,NA,Multiple,Manual,ratio2_unmapped_NODE_34_length_10018_cov_9.307839_1668-10018_ratio2_unmapped_NODE_34_length_10018_cov_9.307839_7_2, 2604 # 3164 # -1 , 2604,3164,-1 ,188_2,188,2,00,ATG,GGA/GAG/AGG,5-10bp,0.579,ratio2_unmapped_NODE_34_length_10018_cov_9.307839_1668-10018_ratio2_unmapped_NODE_34_length_10018_cov_9.307839_7,mobileOG_000001365_ratio2_unmapped_NODE_34_length_10018_cov_9.307839_1668-10018_ratio2_unmapped_NODE_34_length_10018_cov_9.307839_7
64,mobileOG_000001364|tnpM|P04162|integration/excision|NA|Multiple|Manual,ratio2_unmapped_NODE_34_length_10018_cov_9.307839_1668-10018_ratio2_unmapped_NODE_34_length_10018_cov_9.307839_7_3 # 3290 # 3640 # -1 # ID=188_3;partial=00;start_type=ATG;rbs_motif=None;rbs_spacer=None;gc_cont=0.635,100.0,250.0,116,4.109999999999999e-87,117,1,116,1,116,mobileOG_000001364,tnpM,P04162,integration/excision,NA,Multiple,Manual,ratio2_unmapped_NODE_34_length_10018_cov_9.307839_1668-10018_ratio2_unmapped_NODE_34_length_10018_cov_9.307839_7_3, 3290 # 3640 # -1 , 3290,3640,-1 ,188_3,188,3,00,ATG,None,None,0.635,ratio2_unmapped_NODE_34_length_10018_cov_9.307839_1668-10018_ratio2_unmapped_NODE_34_length_10018_cov_9.307839_7,mobileOG_000001364_ratio2_unmapped_NODE_34_length_10018_cov_9.307839_1668-10018_ratio2_unmapped_NODE_34_length_10018_cov_9.307839_7
65,mobileOG_000033487|int|WP_000845039.1|integration/excision|NA|Multiple|Homology,ratio2_unmapped_NODE_34_length_10018_cov_9.307839_1668-10018_ratio2_unmapped_NODE_34_length_10018_cov_9.307839_7_4 # 3843 # 4856 # -1 # ID=188_4;partial=00;start_type=ATG;rbs_motif=None;rbs_spacer=None;gc_cont=0.612,100.0,687.0,337,8.179999999999993e-253,338,1,337,1,337,mobileOG_000033487,int,WP_000845039.1,integration/excision,NA,Multiple,Homology,ratio2_unmapped_NODE_34_length_10018_cov_9.307839_1668-10018_ratio2_unmapped_NODE_34_length_10018_cov_9.307839_7_4, 3843 # 4856 # -1 , 3843,4856,-1 ,188_4,188,4,00,ATG,None,None,0.612,ratio2_unmapped_NODE_34_length_10018_cov_9.307839_1668-10018_ratio2_unmapped_NODE_34_length_10018_cov_9.307839_7,mobileOG_000033487_ratio2_unmapped_NODE_34_length_10018_cov_9.307839_1668-10018_ratio2_unmapped_NODE_34_length_10018_cov_9.307839_7
66,mobileOG_000064204|tnpA|WP_015344976.1|integration/excision|NA|Multiple|Homology,ratio2_unmapped_NODE_34_length_10018_cov_9.307839_2585-10018_ratio2_unmapped_NODE_34_length_10018_cov_9.307839_8_1 # 2 # 1684 # -1 # ID=189_1;partial=10;start_type=ATG;rbs_motif=GGA/GAG/AGG;rbs_spacer=5-10bp;gc_cont=0.636,100.0,1093.0,983,0.0,561,1,561,1,561,mobileOG_000064204,tnpA,WP_015344976.1,integration/excision,NA,Multiple,Homology,ratio2_unmapped_NODE_34_length_10018_cov_9.307839_2585-10018_ratio2_unmapped_NODE_34_length_10018_cov_9.307839_8_1, 2 # 1684 # -1 , 2,1684,-1 ,189_1,189,1,10,ATG,GGA/GAG/AGG,5-10bp,0.636,ratio2_unmapped_NODE_34_length_10018_cov_9.307839_2585-10018_ratio2_unmapped_NODE_34_length_10018_cov_9.307839_8,mobileOG_000064204_ratio2_unmapped_NODE_34_length_10018_cov_9.307839_2585-10018_ratio2_unmapped_NODE_34_length_10018_cov_9.307839_8
67,mobileOG_000001365|tnpR|P04130|integration/excision|NA|Multiple|Manual,ratio2_unmapped_NODE_34_length_10018_cov_9.307839_2585-10018_ratio2_unmapped_NODE_34_length_10018_cov_9.307839_8_2 # 1687 # 2247 # -1 # ID=189_2;partial=00;start_type=ATG;rbs_motif=GGA/GAG/AGG;rbs_spacer=5-10bp;gc_cont=0.579,100.0,353.0,186,1.5199999999999997e-125,187,1,186,1,186,mobileOG_000001365,tnpR,P04130,integration/excision,NA,Multiple,Manual,ratio2_unmapped_NODE_34_length_10018_cov_9.307839_2585-10018_ratio2_unmapped_NODE_34_length_10018_cov_9.307839_8_2, 1687 # 2247 # -1 , 1687,2247,-1 ,189_2,189,2,00,ATG,GGA/GAG/AGG,5-10bp,0.579,ratio2_unmapped_NODE_34_length_10018_cov_9.307839_2585-10018_ratio2_unmapped_NODE_34_length_10018_cov_9.307839_8,mobileOG_000001365_ratio2_unmapped_NODE_34_length_10018_cov_9.307839_2585-10018_ratio2_unmapped_NODE_34_length_10018_cov_9.307839_8
68,mobileOG_000001364|tnpM|P04162|integration/excision|NA|Multiple|Manual,ratio2_unmapped_NODE_34_length_10018_cov_9.307839_2585-10018_ratio2_unmapped_NODE_34_length_10018_cov_9.307839_8_3 # 2373 # 2723 # -1 # ID=189_3;partial=00;start_type=ATG;rbs_motif=None;rbs_spacer=None;gc_cont=0.635,100.0,250.0,116,4.109999999999999e-87,117,1,116,1,116,mobileOG_000001364,tnpM,P04162,integration/excision,NA,Multiple,Manual,ratio2_unmapped_NODE_34_length_10018_cov_9.307839_2585-10018_ratio2_unmapped_NODE_34_length_10018_cov_9.307839_8_3, 2373 # 2723 # -1 , 2373,2723,-1 ,189_3,189,3,00,ATG,None,None,0.635,ratio2_unmapped_NODE_34_length_10018_cov_9.307839_2585-10018_ratio2_unmapped_NODE_34_length_10018_cov_9.307839_8,mobileOG_000001364_ratio2_unmapped_NODE_34_length_10018_cov_9.307839_2585-10018_ratio2_unmapped_NODE_34_length_10018_cov_9.307839_8
69,mobileOG_000033487|int|WP_000845039.1|integration/excision|NA|Multiple|Homology,ratio2_unmapped_NODE_34_length_10018_cov_9.307839_2585-10018_ratio2_unmapped_NODE_34_length_10018_cov_9.307839_8_4 # 2926 # 3939 # -1 # ID=189_4;partial=00;start_type=ATG;rbs_motif=None;rbs_spacer=None;gc_cont=0.612,100.0,687.0,337,8.179999999999993e-253,338,1,337,1,337,mobileOG_000033487,int,WP_000845039.1,integration/excision,NA,Multiple,Homology,ratio2_unmapped_NODE_34_length_10018_cov_9.307839_2585-10018_ratio2_unmapped_NODE_34_length_10018_cov_9.307839_8_4, 2926 # 3939 # -1 , 2926,3939,-1 ,189_4,189,4,00,ATG,None,None,0.612,ratio2_unmapped_NODE_34_length_10018_cov_9.307839_2585-10018_ratio2_unmapped_NODE_34_length_10018_cov_9.307839_8,mobileOG_000033487_ratio2_unmapped_NODE_34_length_10018_cov_9.307839_2585-10018_ratio2_unmapped_NODE_34_length_10018_cov_9.307839_8
70,mobileOG_000061115|tnpA|A0A0Q0Z271|integration/excision|NA|COMPASS|Homology,ratio2_unmapped_NODE_34_length_10018_cov_9.307839_3626-10018_ratio2_unmapped_NODE_34_length_10018_cov_9.307839_9_1 # 2 # 643 # -1 # ID=190_1;partial=10;start_type=ATG;rbs_motif=GGA/GAG/AGG;rbs_spacer=5-10bp;gc_cont=0.650,100.0,417.0,271,3.2999999999999993e-149,214,1,214,1,214,mobileOG_000061115,tnpA,A0A0Q0Z271,integration/excision,NA,COMPASS,Homology,ratio2_unmapped_NODE_34_length_10018_cov_9.307839_3626-10018_ratio2_unmapped_NODE_34_length_10018_cov_9.307839_9_1, 2 # 643 # -1 , 2,643,-1 ,190_1,190,1,10,ATG,GGA/GAG/AGG,5-10bp,0.650,ratio2_unmapped_NODE_34_length_10018_cov_9.307839_3626-10018_ratio2_unmapped_NODE_34_length_10018_cov_9.307839_9,mobileOG_000061115_ratio2_unmapped_NODE_34_length_10018_cov_9.307839_3626-10018_ratio2_unmapped_NODE_34_length_10018_cov_9.307839_9
71,mobileOG_000001365|tnpR|P04130|integration/excision|NA|Multiple|Manual,ratio2_unmapped_NODE_34_length_10018_cov_9.307839_3626-10018_ratio2_unmapped_NODE_34_length_10018_cov_9.307839_9_2 # 646 # 1206 # -1 # ID=190_2;partial=00;start_type=ATG;rbs_motif=GGA/GAG/AGG;rbs_spacer=5-10bp;gc_cont=0.579,100.0,353.0,186,1.5199999999999997e-125,187,1,186,1,186,mobileOG_000001365,tnpR,P04130,integration/excision,NA,Multiple,Manual,ratio2_unmapped_NODE_34_length_10018_cov_9.307839_3626-10018_ratio2_unmapped_NODE_34_length_10018_cov_9.307839_9_2, 646 # 1206 # -1 , 646,1206,-1 ,190_2,190,2,00,ATG,GGA/GAG/AGG,5-10bp,0.579,ratio2_unmapped_NODE_34_length_10018_cov_9.307839_3626-10018_ratio2_unmapped_NODE_34_length_10018_cov_9.307839_9,mobileOG_000001365_ratio2_unmapped_NODE_34_length_10018_cov_9.307839_3626-10018_ratio2_unmapped_NODE_34_length_10018_cov_9.307839_9
72,mobileOG_000001702|tnpM|P04162|integration/excision|NA|Multiple|Manual,ratio2_unmapped_NODE_34_length_10018_cov_9.307839_3626-10018_ratio2_unmapped_NODE_34_length_10018_cov_9.307839_9_3 # 1332 # 1832 # -1 # ID=190_3;partial=00;start_type=GTG;rbs_motif=GGA/GAG/AGG;rbs_spacer=5-10bp;gc_cont=0.633,99.4,340.0,194,9.579999999999998e-121,167,29,194,1,166,mobileOG_000001702,tnpM,P04162,integration/excision,NA,Multiple,Manual,ratio2_unmapped_NODE_34_length_10018_cov_9.307839_3626-10018_ratio2_unmapped_NODE_34_length_10018_cov_9.307839_9_3, 1332 # 1832 # -1 , 1332,1832,-1 ,190_3,190,3,00,GTG,GGA/GAG/AGG,5-10bp,0.633,ratio2_unmapped_NODE_34_length_10018_cov_9.307839_3626-10018_ratio2_unmapped_NODE_34_length_10018_cov_9.307839_9,mobileOG_000001702_ratio2_unmapped_NODE_34_length_10018_cov_9.307839_3626-10018_ratio2_unmapped_NODE_34_length_10018_cov_9.307839_9
73,mobileOG_000033487|int|WP_000845039.1|integration/excision|NA|Multiple|Homology,ratio2_unmapped_NODE_34_length_10018_cov_9.307839_3626-10018_ratio2_unmapped_NODE_34_length_10018_cov_9.307839_9_4 # 1885 # 2898 # -1 # ID=190_4;partial=00;start_type=ATG;rbs_motif=None;rbs_spacer=None;gc_cont=0.612,100.0,687.0,337,8.179999999999993e-253,338,1,337,1,337,mobileOG_000033487,int,WP_000845039.1,integration/excision,NA,Multiple,Homology,ratio2_unmapped_NODE_34_length_10018_cov_9.307839_3626-10018_ratio2_unmapped_NODE_34_length_10018_cov_9.307839_9_4, 1885 # 2898 # -1 , 1885,2898,-1 ,190_4,190,4,00,ATG,None,None,0.612,ratio2_unmapped_NODE_34_length_10018_cov_9.307839_3626-10018_ratio2_unmapped_NODE_34_length_10018_cov_9.307839_9,mobileOG_000033487_ratio2_unmapped_NODE_34_length_10018_cov_9.307839_3626-10018_ratio2_unmapped_NODE_34_length_10018_cov_9.307839_9
74,mobileOG_000333812|alkB|WP_000884953.1|replication/recombination/repair|NA|Plasmid RefSeq|Homology,ratio2_unmapped_NODE_59_length_7012_cov_4.730344_1085-7012_ratio2_unmapped_NODE_59_length_7012_cov_4.730344_6_5 # 4275 # 4925 # 1 # ID=191_5;partial=00;start_type=ATG;rbs_motif=AGGAG;rbs_spacer=5-10bp;gc_cont=0.525,99.1,454.0,216,1.6899999999999993e-164,217,1,216,1,216,mobileOG_000333812,alkB,WP_000884953.1,replication/recombination/repair,NA,Plasmid RefSeq,Homology,ratio2_unmapped_NODE_59_length_7012_cov_4.730344_1085-7012_ratio2_unmapped_NODE_59_length_7012_cov_4.730344_6_5, 4275 # 4925 # 1 , 4275,4925,1 ,191_5,191,5,00,ATG,AGGAG,5-10bp,0.525,ratio2_unmapped_NODE_59_length_7012_cov_4.730344_1085-7012_ratio2_unmapped_NODE_59_length_7012_cov_4.730344_6,mobileOG_000333812_ratio2_unmapped_NODE_59_length_7012_cov_4.730344_1085-7012_ratio2_unmapped_NODE_59_length_7012_cov_4.730344_6
75,mobileOG_000059551|tnpA|WP_012478345.1|integration/excision|NA|Multiple|Homology,ratio2_unmapped_NODE_79_length_5903_cov_7.591142_1-5903_ratio2_unmapped_NODE_79_length_5903_cov_7.591142_3_2 # 742 # 1665 # 1 # ID=192_2;partial=00;start_type=ATG;rbs_motif=GGA/GAG/AGG;rbs_spacer=5-10bp;gc_cont=0.430,100.0,605.0,307,2.339999999999999e-221,308,1,307,1,307,mobileOG_000059551,tnpA,WP_012478345.1,integration/excision,NA,Multiple,Homology,ratio2_unmapped_NODE_79_length_5903_cov_7.591142_1-5903_ratio2_unmapped_NODE_79_length_5903_cov_7.591142_3_2, 742 # 1665 # 1 , 742,1665,1 ,192_2,192,2,00,ATG,GGA/GAG/AGG,5-10bp,0.430,ratio2_unmapped_NODE_79_length_5903_cov_7.591142_1-5903_ratio2_unmapped_NODE_79_length_5903_cov_7.591142_3,mobileOG_000059551_ratio2_unmapped_NODE_79_length_5903_cov_7.591142_1-5903_ratio2_unmapped_NODE_79_length_5903_cov_7.591142_3
76,mobileOG_000059553|NGR_a00240|WP_000125669.1|integration/excision|NA|Multiple|Homology,ratio2_unmapped_NODE_79_length_5903_cov_7.591142_1-5903_ratio2_unmapped_NODE_79_length_5903_cov_7.591142_3_5 # 4307 # 5713 # -1 # ID=192_5;partial=00;start_type=ATG;rbs_motif=AGGA;rbs_spacer=5-10bp;gc_cont=0.510,99.8,922.0,468,0.0,469,1,468,1,468,mobileOG_000059553,NGR_a00240,WP_000125669.1,integration/excision,NA,Multiple,Homology,ratio2_unmapped_NODE_79_length_5903_cov_7.591142_1-5903_ratio2_unmapped_NODE_79_length_5903_cov_7.591142_3_5, 4307 # 5713 # -1 , 4307,5713,-1 ,192_5,192,5,00,ATG,AGGA,5-10bp,0.510,ratio2_unmapped_NODE_79_length_5903_cov_7.591142_1-5903_ratio2_unmapped_NODE_79_length_5903_cov_7.591142_3,mobileOG_000059553_ratio2_unmapped_NODE_79_length_5903_cov_7.591142_1-5903_ratio2_unmapped_NODE_79_length_5903_cov_7.591142_3
77,mobileOG_000037312|tnpR|WP_001235713.1|integration/excision|NA|Multiple|Homology,ratio2_unmapped_NODE_189_length_3981_cov_6.985736_1-3981_ratio2_unmapped_NODE_189_length_3981_cov_6.985736_1_4 # 2997 # 3554 # -1 # ID=194_4;partial=00;start_type=ATG;rbs_motif=GGA/GAG/AGG;rbs_spacer=5-10bp;gc_cont=0.523,100.0,348.0,185,1.3499999999999997e-123,186,1,185,1,185,mobileOG_000037312,tnpR,WP_001235713.1,integration/excision,NA,Multiple,Homology,ratio2_unmapped_NODE_189_length_3981_cov_6.985736_1-3981_ratio2_unmapped_NODE_189_length_3981_cov_6.985736_1_4, 2997 # 3554 # -1 , 2997,3554,-1 ,194_4,194,4,00,ATG,GGA/GAG/AGG,5-10bp,0.523,ratio2_unmapped_NODE_189_length_3981_cov_6.985736_1-3981_ratio2_unmapped_NODE_189_length_3981_cov_6.985736_1,mobileOG_000037312_ratio2_unmapped_NODE_189_length_3981_cov_6.985736_1-3981_ratio2_unmapped_NODE_189_length_3981_cov_6.985736_1
78,mobileOG_000375359|tnpA|WP_013307854.1|integration/excision|NA|Plasmid RefSeq|Homology,ratio2_unmapped_NODE_189_length_3981_cov_6.985736_1-3981_ratio2_unmapped_NODE_189_length_3981_cov_6.985736_1_5 # 3718 # 3981 # 1 # ID=194_5;partial=01;start_type=ATG;rbs_motif=GGAGG;rbs_spacer=5-10bp;gc_cont=0.500,100.0,185.0,95,3.8399999999999992e-62,88,1,88,1,88,mobileOG_000375359,tnpA,WP_013307854.1,integration/excision,NA,Plasmid RefSeq,Homology,ratio2_unmapped_NODE_189_length_3981_cov_6.985736_1-3981_ratio2_unmapped_NODE_189_length_3981_cov_6.985736_1_5, 3718 # 3981 # 1 , 3718,3981,1 ,194_5,194,5,01,ATG,GGAGG,5-10bp,0.500,ratio2_unmapped_NODE_189_length_3981_cov_6.985736_1-3981_ratio2_unmapped_NODE_189_length_3981_cov_6.985736_1,mobileOG_000375359_ratio2_unmapped_NODE_189_length_3981_cov_6.985736_1-3981_ratio2_unmapped_NODE_189_length_3981_cov_6.985736_1
79,mobileOG_000037312|tnpR|WP_001235713.1|integration/excision|NA|Multiple|Homology,ratio2_unmapped_NODE_189_length_3981_cov_6.985736_1-3981_ratio2_unmapped_NODE_189_length_3981_cov_6.985736_2_4 # 2997 # 3554 # -1 # ID=195_4;partial=00;start_type=ATG;rbs_motif=GGA/GAG/AGG;rbs_spacer=5-10bp;gc_cont=0.523,100.0,348.0,185,1.3499999999999997e-123,186,1,185,1,185,mobileOG_000037312,tnpR,WP_001235713.1,integration/excision,NA,Multiple,Homology,ratio2_unmapped_NODE_189_length_3981_cov_6.985736_1-3981_ratio2_unmapped_NODE_189_length_3981_cov_6.985736_2_4, 2997 # 3554 # -1 , 2997,3554,-1 ,195_4,195,4,00,ATG,GGA/GAG/AGG,5-10bp,0.523,ratio2_unmapped_NODE_189_length_3981_cov_6.985736_1-3981_ratio2_unmapped_NODE_189_length_3981_cov_6.985736_2,mobileOG_000037312_ratio2_unmapped_NODE_189_length_3981_cov_6.985736_1-3981_ratio2_unmapped_NODE_189_length_3981_cov_6.985736_2
80,mobileOG_000375359|tnpA|WP_013307854.1|integration/excision|NA|Plasmid RefSeq|Homology,ratio2_unmapped_NODE_189_length_3981_cov_6.985736_1-3981_ratio2_unmapped_NODE_189_length_3981_cov_6.985736_2_5 # 3718 # 3981 # 1 # ID=195_5;partial=01;start_type=ATG;rbs_motif=GGAGG;rbs_spacer=5-10bp;gc_cont=0.500,100.0,185.0,95,3.8399999999999992e-62,88,1,88,1,88,mobileOG_000375359,tnpA,WP_013307854.1,integration/excision,NA,Plasmid RefSeq,Homology,ratio2_unmapped_NODE_189_length_3981_cov_6.985736_1-3981_ratio2_unmapped_NODE_189_length_3981_cov_6.985736_2_5, 3718 # 3981 # 1 , 3718,3981,1 ,195_5,195,5,01,ATG,GGAGG,5-10bp,0.500,ratio2_unmapped_NODE_189_length_3981_cov_6.985736_1-3981_ratio2_unmapped_NODE_189_length_3981_cov_6.985736_2,mobileOG_000375359_ratio2_unmapped_NODE_189_length_3981_cov_6.985736_1-3981_ratio2_unmapped_NODE_189_length_3981_cov_6.985736_2
81,mobileOG_000037312|tnpR|WP_001235713.1|integration/excision|NA|Multiple|Homology,ratio2_unmapped_NODE_189_length_3981_cov_6.985736_1-3981_ratio2_unmapped_NODE_189_length_3981_cov_6.985736_3_4 # 2997 # 3554 # -1 # ID=196_4;partial=00;start_type=ATG;rbs_motif=GGA/GAG/AGG;rbs_spacer=5-10bp;gc_cont=0.523,100.0,348.0,185,1.3499999999999997e-123,186,1,185,1,185,mobileOG_000037312,tnpR,WP_001235713.1,integration/excision,NA,Multiple,Homology,ratio2_unmapped_NODE_189_length_3981_cov_6.985736_1-3981_ratio2_unmapped_NODE_189_length_3981_cov_6.985736_3_4, 2997 # 3554 # -1 , 2997,3554,-1 ,196_4,196,4,00,ATG,GGA/GAG/AGG,5-10bp,0.523,ratio2_unmapped_NODE_189_length_3981_cov_6.985736_1-3981_ratio2_unmapped_NODE_189_length_3981_cov_6.985736_3,mobileOG_000037312_ratio2_unmapped_NODE_189_length_3981_cov_6.985736_1-3981_ratio2_unmapped_NODE_189_length_3981_cov_6.985736_3
82,mobileOG_000375359|tnpA|WP_013307854.1|integration/excision|NA|Plasmid RefSeq|Homology,ratio2_unmapped_NODE_189_length_3981_cov_6.985736_1-3981_ratio2_unmapped_NODE_189_length_3981_cov_6.985736_3_5 # 3718 # 3981 # 1 # ID=196_5;partial=01;start_type=ATG;rbs_motif=GGAGG;rbs_spacer=5-10bp;gc_cont=0.500,100.0,185.0,95,3.8399999999999992e-62,88,1,88,1,88,mobileOG_000375359,tnpA,WP_013307854.1,integration/excision,NA,Plasmid RefSeq,Homology,ratio2_unmapped_NODE_189_length_3981_cov_6.985736_1-3981_ratio2_unmapped_NODE_189_length_3981_cov_6.985736_3_5, 3718 # 3981 # 1 , 3718,3981,1 ,196_5,196,5,01,ATG,GGAGG,5-10bp,0.500,ratio2_unmapped_NODE_189_length_3981_cov_6.985736_1-3981_ratio2_unmapped_NODE_189_length_3981_cov_6.985736_3,mobileOG_000375359_ratio2_unmapped_NODE_189_length_3981_cov_6.985736_1-3981_ratio2_unmapped_NODE_189_length_3981_cov_6.985736_3
83,mobileOG_000269897|tnpA|WP_129554438.1|integration/excision|NA|IME|Homology,ratio2_unmapped_NODE_209_length_3793_cov_9.234082_1-3793_ratio2_unmapped_NODE_209_length_3793_cov_9.234082_1_4 # 3350 # 3793 # -1 # ID=197_4;partial=01;start_type=Edge;rbs_motif=None;rbs_spacer=None;gc_cont=0.613,100.0,293.0,209,5.879999999999998e-102,148,63,209,1,147,mobileOG_000269897,tnpA,WP_129554438.1,integration/excision,NA,IME,Homology,ratio2_unmapped_NODE_209_length_3793_cov_9.234082_1-3793_ratio2_unmapped_NODE_209_length_3793_cov_9.234082_1_4, 3350 # 3793 # -1 , 3350,3793,-1 ,197_4,197,4,01,Edge,None,None,0.613,ratio2_unmapped_NODE_209_length_3793_cov_9.234082_1-3793_ratio2_unmapped_NODE_209_length_3793_cov_9.234082_1,mobileOG_000269897_ratio2_unmapped_NODE_209_length_3793_cov_9.234082_1-3793_ratio2_unmapped_NODE_209_length_3793_cov_9.234082_1
84,mobileOG_000062109|tnpA|WP_109138279.1|integration/excision|NA|Multiple|Homology,ratio2_unmapped_NODE_308_length_3063_cov_34.929521_1-3063_ratio2_unmapped_NODE_308_length_3063_cov_34.929521_3_1 # 79 # 321 # 1 # ID=200_1;partial=00;start_type=GTG;rbs_motif=GGA/GAG/AGG;rbs_spacer=5-10bp;gc_cont=0.716,98.7,143.0,198,3.8700000000000003e-44,81,123,198,5,80,mobileOG_000062109,tnpA,WP_109138279.1,integration/excision,NA,Multiple,Homology,ratio2_unmapped_NODE_308_length_3063_cov_34.929521_1-3063_ratio2_unmapped_NODE_308_length_3063_cov_34.929521_3_1, 79 # 321 # 1 , 79,321,1 ,200_1,200,1,00,GTG,GGA/GAG/AGG,5-10bp,0.716,ratio2_unmapped_NODE_308_length_3063_cov_34.929521_1-3063_ratio2_unmapped_NODE_308_length_3063_cov_34.929521_3,mobileOG_000062109_ratio2_unmapped_NODE_308_length_3063_cov_34.929521_1-3063_ratio2_unmapped_NODE_308_length_3063_cov_34.929521_3
85,mobileOG_000035646|tnpA|WP_000608644.1|integration/excision|NA|Multiple|Homology,ratio2_unmapped_NODE_313_length_3029_cov_34.998991_1-3029_ratio2_unmapped_NODE_313_length_3029_cov_34.998991_2_4 # 1578 # 2840 # -1 # ID=201_4;partial=00;start_type=ATG;rbs_motif=TAAAAA;rbs_spacer=12bp;gc_cont=0.340,100.0,823.0,420,1.689999999999999e-303,421,1,420,1,420,mobileOG_000035646,tnpA,WP_000608644.1,integration/excision,NA,Multiple,Homology,ratio2_unmapped_NODE_313_length_3029_cov_34.998991_1-3029_ratio2_unmapped_NODE_313_length_3029_cov_34.998991_2_4, 1578 # 2840 # -1 , 1578,2840,-1 ,201_4,201,4,00,ATG,TAAAAA,12bp,0.340,ratio2_unmapped_NODE_313_length_3029_cov_34.998991_1-3029_ratio2_unmapped_NODE_313_length_3029_cov_34.998991_2,mobileOG_000035646_ratio2_unmapped_NODE_313_length_3029_cov_34.998991_1-3029_ratio2_unmapped_NODE_313_length_3029_cov_34.998991_2
86,mobileOG_000003237|fis|WP_000462905.1|integration/excision|replication/recombination/repair|Multiple|Manual,ratio2_unmapped_NODE_408_length_2508_cov_4.181818_1-2508_ratio2_unmapped_NODE_408_length_2508_cov_4.181818_1_3 # 2212 # 2508 # -1 # ID=206_3;partial=01;start_type=Edge;rbs_motif=None;rbs_spacer=None;gc_cont=0.468,100.0,189.0,98,1.9899999999999996e-63,99,1,98,1,98,mobileOG_000003237,fis,WP_000462905.1,integration/excision,replication/recombination/repair,Multiple,Manual,ratio2_unmapped_NODE_408_length_2508_cov_4.181818_1-2508_ratio2_unmapped_NODE_408_length_2508_cov_4.181818_1_3, 2212 # 2508 # -1 , 2212,2508,-1 ,206_3,206,3,01,Edge,None,None,0.468,ratio2_unmapped_NODE_408_length_2508_cov_4.181818_1-2508_ratio2_unmapped_NODE_408_length_2508_cov_4.181818_1,mobileOG_000003237_ratio2_unmapped_NODE_408_length_2508_cov_4.181818_1-2508_ratio2_unmapped_NODE_408_length_2508_cov_4.181818_1
87,"mobileOG_000025806|cca|J7Q9S8|phage|regulation,infection|Multiple|Manual",ratio2_unmapped_NODE_443_length_2389_cov_8.147386_1-2389_ratio2_unmapped_NODE_443_length_2389_cov_8.147386_3_2 # 337 # 1575 # 1 # ID=208_2;partial=00;start_type=GTG;rbs_motif=GGA/GAG/AGG;rbs_spacer=5-10bp;gc_cont=0.563,100.0,842.0,412,3.06e-311,413,1,412,1,412,mobileOG_000025806,cca,J7Q9S8,phage,"regulation,infection",Multiple,Manual,ratio2_unmapped_NODE_443_length_2389_cov_8.147386_1-2389_ratio2_unmapped_NODE_443_length_2389_cov_8.147386_3_2, 337 # 1575 # 1 , 337,1575,1 ,208_2,208,2,00,GTG,GGA/GAG/AGG,5-10bp,0.563,ratio2_unmapped_NODE_443_length_2389_cov_8.147386_1-2389_ratio2_unmapped_NODE_443_length_2389_cov_8.147386_3,mobileOG_000025806_ratio2_unmapped_NODE_443_length_2389_cov_8.147386_1-2389_ratio2_unmapped_NODE_443_length_2389_cov_8.147386_3
88,mobileOG_000056778|insC1|WP_001459498.1|integration/excision|NA|COMPASS|Homology,ratio2_unmapped_NODE_471_length_2262_cov_64.244676_1-2262_ratio2_unmapped_NODE_471_length_2262_cov_64.244676_5_2 # 916 # 1107 # -1 # ID=210_2;partial=00;start_type=ATG;rbs_motif=4Base/6BMM;rbs_spacer=13-15bp;gc_cont=0.479,100.0,127.0,63,4.32e-40,64,1,63,1,63,mobileOG_000056778,insC1,WP_001459498.1,integration/excision,NA,COMPASS,Homology,ratio2_unmapped_NODE_471_length_2262_cov_64.244676_1-2262_ratio2_unmapped_NODE_471_length_2262_cov_64.244676_5_2, 916 # 1107 # -1 , 916,1107,-1 ,210_2,210,2,00,ATG,4Base/6BMM,13-15bp,0.479,ratio2_unmapped_NODE_471_length_2262_cov_64.244676_1-2262_ratio2_unmapped_NODE_471_length_2262_cov_64.244676_5,mobileOG_000056778_ratio2_unmapped_NODE_471_length_2262_cov_64.244676_1-2262_ratio2_unmapped_NODE_471_length_2262_cov_64.244676_5
89,mobileOG_000002197|insN|WP_000747081.1|integration/excision|NA|COMPASS|Manual,ratio2_unmapped_NODE_1032_length_1195_cov_28.431579_1-1195_ratio2_unmapped_NODE_1032_length_1195_cov_28.431579_1_2 # 879 # 1193 # 1 # ID=225_2;partial=01;start_type=ATG;rbs_motif=GGA/GAG/AGG;rbs_spacer=5-10bp;gc_cont=0.435,100.0,202.0,122,5.07e-68,105,1,105,1,105,mobileOG_000002197,insN,WP_000747081.1,integration/excision,NA,COMPASS,Manual,ratio2_unmapped_NODE_1032_length_1195_cov_28.431579_1-1195_ratio2_unmapped_NODE_1032_length_1195_cov_28.431579_1_2, 879 # 1193 # 1 , 879,1193,1 ,225_2,225,2,01,ATG,GGA/GAG/AGG,5-10bp,0.435,ratio2_unmapped_NODE_1032_length_1195_cov_28.431579_1-1195_ratio2_unmapped_NODE_1032_length_1195_cov_28.431579_1,mobileOG_000002197_ratio2_unmapped_NODE_1032_length_1195_cov_28.431579_1-1195_ratio2_unmapped_NODE_1032_length_1195_cov_28.431579_1
,Sequence Title,Query Title,Pident,Bitscore,Subject Sequence Length,e-value,Query Sequence Length,Start of Alignment in Subject,End of Alignment in Query,Start of Alignment in Query,End of Alignment in Query,mobileOG ID,Gene Name,Best Hit Accession ID,Major mobileOG Category,Minor mobileOG Category,Source Database,Evidence Type,Contig/ORF Name,ORF_Start_Stop_Strands,ORF_Start,ORF_End,Sense or Antisense Strand,Prodigal ID,Prodigal Designated Contigs,Unique_ORF,Partial Tag,Start Codon,RBS Motif,RBS Spacer,GC Content,Specific Contig,Final Sample Name
0,mobileOG_000276712|IS_Pl3_3|A0A0F8ET67|integration/excision|NA|ISFinder|Homology,ratio3_Esch_coli_14EC033_NODE_3_length_49635_cov_146.537717_3772-15310_ratio3_Esch_coli_14EC033_NODE_3_length_49635_cov_146.537717_17_2 # 825 # 1349 # -1 # ID=1_2;partial=00;start_type=GTG;rbs_motif=GGA/GAG/AGG;rbs_spacer=5-10bp;gc_cont=0.655,94.3,337.0,559,3.009999999999999e-114,175,314,487,1,174,mobileOG_000276712,IS_Pl3_3,A0A0F8ET67,integration/excision,NA,ISFinder,Homology,ratio3_Esch_coli_14EC033_NODE_3_length_49635_cov_146.537717_3772-15310_ratio3_Esch_coli_14EC033_NODE_3_length_49635_cov_146.537717_17_2, 825 # 1349 # -1 , 825,1349,-1 ,1_2,1,2,00,GTG,GGA/GAG/AGG,5-10bp,0.655,ratio3_Esch_coli_14EC033_NODE_3_length_49635_cov_146.537717_3772-15310_ratio3_Esch_coli_14EC033_NODE_3_length_49635_cov_146.537717_17,mobileOG_000276712_ratio3_Esch_coli_14EC033_NODE_3_length_49635_cov_146.537717_3772-15310_ratio3_Esch_coli_14EC033_NODE_3_length_49635_cov_146.537717_17
1,mobileOG_000001346|insA3|P0CF08|integration/excision|NA|Multiple|Manual,ratio3_Esch_coli_14EC033_NODE_3_length_49635_cov_146.537717_3772-15310_ratio3_Esch_coli_14EC033_NODE_3_length_49635_cov_146.537717_17_5 # 4047 # 4322 # -1 # ID=1_5;partial=00;start_type=GTG;rbs_motif=GGAG/GAGG;rbs_spacer=5-10bp;gc_cont=0.529,100.0,190.0,91,4.1599999999999995e-64,92,1,91,1,91,mobileOG_000001346,insA3,P0CF08,integration/excision,NA,Multiple,Manual,ratio3_Esch_coli_14EC033_NODE_3_length_49635_cov_146.537717_3772-15310_ratio3_Esch_coli_14EC033_NODE_3_length_49635_cov_146.537717_17_5, 4047 # 4322 # -1 , 4047,4322,-1 ,1_5,1,5,00,GTG,GGAG/GAGG,5-10bp,0.529,ratio3_Esch_coli_14EC033_NODE_3_length_49635_cov_146.537717_3772-15310_ratio3_Esch_coli_14EC033_NODE_3_length_49635_cov_146.537717_17,mobileOG_000001346_ratio3_Esch_coli_14EC033_NODE_3_length_49635_cov_146.537717_3772-15310_ratio3_Esch_coli_14EC033_NODE_3_length_49635_cov_146.537717_17
2,mobileOG_000001346|insA3|P0CF08|integration/excision|NA|Multiple|Manual,ratio3_Esch_coli_14EC033_NODE_3_length_49635_cov_146.537717_5310-16473_ratio3_Esch_coli_14EC033_NODE_3_length_49635_cov_146.537717_18_3 # 2509 # 2784 # -1 # ID=2_3;partial=00;start_type=GTG;rbs_motif=GGAG/GAGG;rbs_spacer=5-10bp;gc_cont=0.529,100.0,190.0,91,4.1599999999999995e-64,92,1,91,1,91,mobileOG_000001346,insA3,P0CF08,integration/excision,NA,Multiple,Manual,ratio3_Esch_coli_14EC033_NODE_3_length_49635_cov_146.537717_5310-16473_ratio3_Esch_coli_14EC033_NODE_3_length_49635_cov_146.537717_18_3, 2509 # 2784 # -1 , 2509,2784,-1 ,2_3,2,3,00,GTG,GGAG/GAGG,5-10bp,0.529,ratio3_Esch_coli_14EC033_NODE_3_length_49635_cov_146.537717_5310-16473_ratio3_Esch_coli_14EC033_NODE_3_length_49635_cov_146.537717_18,mobileOG_000001346_ratio3_Esch_coli_14EC033_NODE_3_length_49635_cov_146.537717_5310-16473_ratio3_Esch_coli_14EC033_NODE_3_length_49635_cov_146.537717_18
3,mobileOG_000001346|insA3|P0CF08|integration/excision|NA|Multiple|Manual,ratio3_Esch_coli_14EC033_NODE_3_length_49635_cov_146.537717_6888-17502_ratio3_Esch_coli_14EC033_NODE_3_length_49635_cov_146.537717_19_1 # 931 # 1206 # -1 # ID=3_1;partial=00;start_type=GTG;rbs_motif=GGAG/GAGG;rbs_spacer=5-10bp;gc_cont=0.529,100.0,190.0,91,4.1599999999999995e-64,92,1,91,1,91,mobileOG_000001346,insA3,P0CF08,integration/excision,NA,Multiple,Manual,ratio3_Esch_coli_14EC033_NODE_3_length_49635_cov_146.537717_6888-17502_ratio3_Esch_coli_14EC033_NODE_3_length_49635_cov_146.537717_19_1, 931 # 1206 # -1 , 931,1206,-1 ,3_1,3,1,00,GTG,GGAG/GAGG,5-10bp,0.529,ratio3_Esch_coli_14EC033_NODE_3_length_49635_cov_146.537717_6888-17502_ratio3_Esch_coli_14EC033_NODE_3_length_49635_cov_146.537717_19,mobileOG_000001346_ratio3_Esch_coli_14EC033_NODE_3_length_49635_cov_146.537717_6888-17502_ratio3_Esch_coli_14EC033_NODE_3_length_49635_cov_146.537717_19
4,mobileOG_000001346|insA3|P0CF08|integration/excision|NA|Multiple|Manual,ratio3_Esch_coli_14EC033_NODE_3_length_49635_cov_146.537717_7507-21100_ratio3_Esch_coli_14EC033_NODE_3_length_49635_cov_146.537717_20_1 # 312 # 587 # -1 # ID=4_1;partial=00;start_type=GTG;rbs_motif=GGAG/GAGG;rbs_spacer=5-10bp;gc_cont=0.529,100.0,190.0,91,4.1599999999999995e-64,92,1,91,1,91,mobileOG_000001346,insA3,P0CF08,integration/excision,NA,Multiple,Manual,ratio3_Esch_coli_14EC033_NODE_3_length_49635_cov_146.537717_7507-21100_ratio3_Esch_coli_14EC033_NODE_3_length_49635_cov_146.537717_20_1, 312 # 587 # -1 , 312,587,-1 ,4_1,4,1,00,GTG,GGAG/GAGG,5-10bp,0.529,ratio3_Esch_coli_14EC033_NODE_3_length_49635_cov_146.537717_7507-21100_ratio3_Esch_coli_14EC033_NODE_3_length_49635_cov_146.537717_20,mobileOG_000001346_ratio3_Esch_coli_14EC033_NODE_3_length_49635_cov_146.537717_7507-21100_ratio3_Esch_coli_14EC033_NODE_3_length_49635_cov_146.537717_20
5,"mobileOG_000025806|cca|J7Q9S8|phage|regulation,infection|Multiple|Manual",ratio3_Esch_coli_14EC033_NODE_14_length_28191_cov_233.692849_4426-15247_ratio3_Esch_coli_14EC033_NODE_14_length_28191_cov_233.692849_7_4 # 3582 # 4820 # 1 # ID=5_4;partial=00;start_type=GTG;rbs_motif=GGA/GAG/AGG;rbs_spacer=5-10bp;gc_cont=0.563,98.8,833.0,412,6.909999999999995e-308,413,1,412,1,412,mobileOG_000025806,cca,J7Q9S8,phage,"regulation,infection",Multiple,Manual,ratio3_Esch_coli_14EC033_NODE_14_length_28191_cov_233.692849_4426-15247_ratio3_Esch_coli_14EC033_NODE_14_length_28191_cov_233.692849_7_4, 3582 # 4820 # 1 , 3582,4820,1 ,5_4,5,4,00,GTG,GGA/GAG/AGG,5-10bp,0.563,ratio3_Esch_coli_14EC033_NODE_14_length_28191_cov_233.692849_4426-15247_ratio3_Esch_coli_14EC033_NODE_14_length_28191_cov_233.692849_7,mobileOG_000025806_ratio3_Esch_coli_14EC033_NODE_14_length_28191_cov_233.692849_4426-15247_ratio3_Esch_coli_14EC033_NODE_14_length_28191_cov_233.692849_7
6,mobileOG_000038749|NA|NA|integration/excision|NA|Multiple|Homology,ratio3_Esch_coli_14EC033_NODE_14_length_28191_cov_233.692849_4426-15247_ratio3_Esch_coli_14EC033_NODE_14_length_28191_cov_233.692849_7_9 # 8092 # 8469 # -1 # ID=5_9;partial=00;start_type=ATG;rbs_motif=None;rbs_spacer=None;gc_cont=0.540,100.0,257.0,125,1.4400000000000001e-89,126,1,125,1,125,mobileOG_000038749,NA,NA,integration/excision,NA,Multiple,Homology,ratio3_Esch_coli_14EC033_NODE_14_length_28191_cov_233.692849_4426-15247_ratio3_Esch_coli_14EC033_NODE_14_length_28191_cov_233.692849_7_9, 8092 # 8469 # -1 , 8092,8469,-1 ,5_9,5,9,00,ATG,None,None,0.540,ratio3_Esch_coli_14EC033_NODE_14_length_28191_cov_233.692849_4426-15247_ratio3_Esch_coli_14EC033_NODE_14_length_28191_cov_233.692849_7,mobileOG_000038749_ratio3_Esch_coli_14EC033_NODE_14_length_28191_cov_233.692849_4426-15247_ratio3_Esch_coli_14EC033_NODE_14_length_28191_cov_233.692849_7
7,mobileOG_000001346|insA3|P0CF08|integration/excision|NA|Multiple|Manual,ratio3_Esch_coli_14EC033_NODE_14_length_28191_cov_233.692849_4426-15247_ratio3_Esch_coli_14EC033_NODE_14_length_28191_cov_233.692849_7_10 # 8514 # 8789 # -1 # ID=5_10;partial=00;start_type=GTG;rbs_motif=GGAG/GAGG;rbs_spacer=5-10bp;gc_cont=0.529,100.0,190.0,91,4.1599999999999995e-64,92,1,91,1,91,mobileOG_000001346,insA3,P0CF08,integration/excision,NA,Multiple,Manual,ratio3_Esch_coli_14EC033_NODE_14_length_28191_cov_233.692849_4426-15247_ratio3_Esch_coli_14EC033_NODE_14_length_28191_cov_233.692849_7_10, 8514 # 8789 # -1 , 8514,8789,-1 ,5_10,5,10,00,GTG,GGAG/GAGG,5-10bp,0.529,ratio3_Esch_coli_14EC033_NODE_14_length_28191_cov_233.692849_4426-15247_ratio3_Esch_coli_14EC033_NODE_14_length_28191_cov_233.692849_7,mobileOG_000001346_ratio3_Esch_coli_14EC033_NODE_14_length_28191_cov_233.692849_4426-15247_ratio3_Esch_coli_14EC033_NODE_14_length_28191_cov_233.692849_7
8,mobileOG_000038749|NA|NA|integration/excision|NA|Multiple|Homology,ratio3_Esch_coli_14EC033_NODE_15_length_27915_cov_222.538119_1-6222_ratio3_Esch_coli_14EC033_NODE_15_length_27915_cov_222.538119_1_4 # 2848 # 3225 # -1 # ID=6_4;partial=00;start_type=ATG;rbs_motif=None;rbs_spacer=None;gc_cont=0.540,100.0,257.0,125,1.4400000000000001e-89,126,1,125,1,125,mobileOG_000038749,NA,NA,integration/excision,NA,Multiple,Homology,ratio3_Esch_coli_14EC033_NODE_15_length_27915_cov_222.538119_1-6222_ratio3_Esch_coli_14EC033_NODE_15_length_27915_cov_222.538119_1_4, 2848 # 3225 # -1 , 2848,3225,-1 ,6_4,6,4,00,ATG,None,None,0.540,ratio3_Esch_coli_14EC033_NODE_15_length_27915_cov_222.538119_1-6222_ratio3_Esch_coli_14EC033_NODE_15_length_27915_cov_222.538119_1,mobileOG_000038749_ratio3_Esch_coli_14EC033_NODE_15_length_27915_cov_222.538119_1-6222_ratio3_Esch_coli_14EC033_NODE_15_length_27915_cov_222.538119_1
9,mobileOG_000001346|insA3|P0CF08|integration/excision|NA|Multiple|Manual,ratio3_Esch_coli_14EC033_NODE_15_length_27915_cov_222.538119_1-6222_ratio3_Esch_coli_14EC033_NODE_15_length_27915_cov_222.538119_1_5 # 3270 # 3545 # -1 # ID=6_5;partial=00;start_type=GTG;rbs_motif=GGAG/GAGG;rbs_spacer=5-10bp;gc_cont=0.529,100.0,190.0,91,4.1599999999999995e-64,92,1,91,1,91,mobileOG_000001346,insA3,P0CF08,integration/excision,NA,Multiple,Manual,ratio3_Esch_coli_14EC033_NODE_15_length_27915_cov_222.538119_1-6222_ratio3_Esch_coli_14EC033_NODE_15_length_27915_cov_222.538119_1_5, 3270 # 3545 # -1 , 3270,3545,-1 ,6_5,6,5,00,GTG,GGAG/GAGG,5-10bp,0.529,ratio3_Esch_coli_14EC033_NODE_15_length_27915_cov_222.538119_1-6222_ratio3_Esch_coli_14EC033_NODE_15_length_27915_cov_222.538119_1,mobileOG_000001346_ratio3_Esch_coli_14EC033_NODE_15_length_27915_cov_222.538119_1-6222_ratio3_Esch_coli_14EC033_NODE_15_length_27915_cov_222.538119_1
10,mobileOG_000038749|NA|NA|integration/excision|NA|Multiple|Homology,ratio3_Esch_coli_14EC033_NODE_15_length_27915_cov_222.538119_1-7253_ratio3_Esch_coli_14EC033_NODE_15_length_27915_cov_222.538119_2_4 # 2848 # 3225 # -1 # ID=7_4;partial=00;start_type=ATG;rbs_motif=None;rbs_spacer=None;gc_cont=0.540,100.0,257.0,125,1.4400000000000001e-89,126,1,125,1,125,mobileOG_000038749,NA,NA,integration/excision,NA,Multiple,Homology,ratio3_Esch_coli_14EC033_NODE_15_length_27915_cov_222.538119_1-7253_ratio3_Esch_coli_14EC033_NODE_15_length_27915_cov_222.538119_2_4, 2848 # 3225 # -1 , 2848,3225,-1 ,7_4,7,4,00,ATG,None,None,0.540,ratio3_Esch_coli_14EC033_NODE_15_length_27915_cov_222.538119_1-7253_ratio3_Esch_coli_14EC033_NODE_15_length_27915_cov_222.538119_2,mobileOG_000038749_ratio3_Esch_coli_14EC033_NODE_15_length_27915_cov_222.538119_1-7253_ratio3_Esch_coli_14EC033_NODE_15_length_27915_cov_222.538119_2
11,mobileOG_000001346|insA3|P0CF08|integration/excision|NA|Multiple|Manual,ratio3_Esch_coli_14EC033_NODE_15_length_27915_cov_222.538119_1-7253_ratio3_Esch_coli_14EC033_NODE_15_length_27915_cov_222.538119_2_5 # 3270 # 3545 # -1 # ID=7_5;partial=00;start_type=GTG;rbs_motif=GGAG/GAGG;rbs_spacer=5-10bp;gc_cont=0.529,100.0,190.0,91,4.1599999999999995e-64,92,1,91,1,91,mobileOG_000001346,insA3,P0CF08,integration/excision,NA,Multiple,Manual,ratio3_Esch_coli_14EC033_NODE_15_length_27915_cov_222.538119_1-7253_ratio3_Esch_coli_14EC033_NODE_15_length_27915_cov_222.538119_2_5, 3270 # 3545 # -1 , 3270,3545,-1 ,7_5,7,5,00,GTG,GGAG/GAGG,5-10bp,0.529,ratio3_Esch_coli_14EC033_NODE_15_length_27915_cov_222.538119_1-7253_ratio3_Esch_coli_14EC033_NODE_15_length_27915_cov_222.538119_2,mobileOG_000001346_ratio3_Esch_coli_14EC033_NODE_15_length_27915_cov_222.538119_1-7253_ratio3_Esch_coli_14EC033_NODE_15_length_27915_cov_222.538119_2
12,mobileOG_000002433|dinI|WP_001217754.1|replication/recombination/repair|NA|Multiple|Manual,ratio3_Esch_coli_14EC033_NODE_28_length_21336_cov_62.959870_15123-21336_ratio3_Esch_coli_14EC033_NODE_28_length_21336_cov_62.959870_24_4 # 2125 # 2370 # -1 # ID=9_4;partial=00;start_type=ATG;rbs_motif=AGxAGG/AGGxGG;rbs_spacer=5-10bp;gc_cont=0.488,100.0,162.0,81,3.9799999999999997e-53,82,1,81,1,81,mobileOG_000002433,dinI,WP_001217754.1,replication/recombination/repair,NA,Multiple,Manual,ratio3_Esch_coli_14EC033_NODE_28_length_21336_cov_62.959870_15123-21336_ratio3_Esch_coli_14EC033_NODE_28_length_21336_cov_62.959870_24_4, 2125 # 2370 # -1 , 2125,2370,-1 ,9_4,9,4,00,ATG,AGxAGG/AGGxGG,5-10bp,0.488,ratio3_Esch_coli_14EC033_NODE_28_length_21336_cov_62.959870_15123-21336_ratio3_Esch_coli_14EC033_NODE_28_length_21336_cov_62.959870_24,mobileOG_000002433_ratio3_Esch_coli_14EC033_NODE_28_length_21336_cov_62.959870_15123-21336_ratio3_Esch_coli_14EC033_NODE_28_length_21336_cov_62.959870_24
13,mobileOG_000003237|fis|WP_000462905.1|integration/excision|replication/recombination/repair|Multiple|Manual,ratio3_Esch_coli_14EC033_NODE_53_length_17102_cov_91.266968_11864-17102_ratio3_Esch_coli_14EC033_NODE_53_length_17102_cov_91.266968_18_4 # 3469 # 3765 # 1 # ID=10_4;partial=00;start_type=ATG;rbs_motif=GGA/GAG/AGG;rbs_spacer=11-12bp;gc_cont=0.471,100.0,189.0,98,1.9899999999999996e-63,99,1,98,1,98,mobileOG_000003237,fis,WP_000462905.1,integration/excision,replication/recombination/repair,Multiple,Manual,ratio3_Esch_coli_14EC033_NODE_53_length_17102_cov_91.266968_11864-17102_ratio3_Esch_coli_14EC033_NODE_53_length_17102_cov_91.266968_18_4, 3469 # 3765 # 1 , 3469,3765,1 ,10_4,10,4,00,ATG,GGA/GAG/AGG,11-12bp,0.471,ratio3_Esch_coli_14EC033_NODE_53_length_17102_cov_91.266968_11864-17102_ratio3_Esch_coli_14EC033_NODE_53_length_17102_cov_91.266968_18,mobileOG_000003237_ratio3_Esch_coli_14EC033_NODE_53_length_17102_cov_91.266968_11864-17102_ratio3_Esch_coli_14EC033_NODE_53_length_17102_cov_91.266968_18
14,mobileOG_000001346|insA3|P0CF08|integration/excision|NA|Multiple|Manual,ratio3_Esch_coli_14EC033_NODE_95_length_13876_cov_393.044715_853-12010_ratio3_Esch_coli_14EC033_NODE_95_length_13876_cov_393.044715_5_11 # 10566 # 10841 # 1 # ID=20_11;partial=00;start_type=GTG;rbs_motif=GGAG/GAGG;rbs_spacer=5-10bp;gc_cont=0.533,100.0,190.0,91,4.1599999999999995e-64,92,1,91,1,91,mobileOG_000001346,insA3,P0CF08,integration/excision,NA,Multiple,Manual,ratio3_Esch_coli_14EC033_NODE_95_length_13876_cov_393.044715_853-12010_ratio3_Esch_coli_14EC033_NODE_95_length_13876_cov_393.044715_5_11, 10566 # 10841 # 1 , 10566,10841,1 ,20_11,20,11,00,GTG,GGAG/GAGG,5-10bp,0.533,ratio3_Esch_coli_14EC033_NODE_95_length_13876_cov_393.044715_853-12010_ratio3_Esch_coli_14EC033_NODE_95_length_13876_cov_393.044715_5,mobileOG_000001346_ratio3_Esch_coli_14EC033_NODE_95_length_13876_cov_393.044715_853-12010_ratio3_Esch_coli_14EC033_NODE_95_length_13876_cov_393.044715_5
15,mobileOG_000052858|NA|NA|integration/excision|NA|COMPASS|Homology,ratio3_Esch_coli_14EC033_NODE_95_length_13876_cov_393.044715_853-12010_ratio3_Esch_coli_14EC033_NODE_95_length_13876_cov_393.044715_5_12 # 10886 # 11158 # 1 # ID=20_12;partial=01;start_type=ATG;rbs_motif=None;rbs_spacer=None;gc_cont=0.560,100.0,191.0,91,1.3899999999999997e-64,91,1,91,1,91,mobileOG_000052858,NA,NA,integration/excision,NA,COMPASS,Homology,ratio3_Esch_coli_14EC033_NODE_95_length_13876_cov_393.044715_853-12010_ratio3_Esch_coli_14EC033_NODE_95_length_13876_cov_393.044715_5_12, 10886 # 11158 # 1 , 10886,11158,1 ,20_12,20,12,01,ATG,None,None,0.560,ratio3_Esch_coli_14EC033_NODE_95_length_13876_cov_393.044715_853-12010_ratio3_Esch_coli_14EC033_NODE_95_length_13876_cov_393.044715_5,mobileOG_000052858_ratio3_Esch_coli_14EC033_NODE_95_length_13876_cov_393.044715_853-12010_ratio3_Esch_coli_14EC033_NODE_95_length_13876_cov_393.044715_5
16,mobileOG_000026107|parE|P20083|replication/recombination/repair|partitioning|Multiple|Manual,ratio3_Esch_coli_14EC033_NODE_108_length_12678_cov_80.144023_1-10371_ratio3_Esch_coli_14EC033_NODE_108_length_12678_cov_80.144023_6_1 # 2 # 1171 # -1 # ID=22_1;partial=10;start_type=ATG;rbs_motif=None;rbs_spacer=None;gc_cont=0.537,100.0,789.0,630,2.0899999999999986e-287,390,1,390,1,390,mobileOG_000026107,parE,P20083,replication/recombination/repair,partitioning,Multiple,Manual,ratio3_Esch_coli_14EC033_NODE_108_length_12678_cov_80.144023_1-10371_ratio3_Esch_coli_14EC033_NODE_108_length_12678_cov_80.144023_6_1, 2 # 1171 # -1 , 2,1171,-1 ,22_1,22,1,10,ATG,None,None,0.537,ratio3_Esch_coli_14EC033_NODE_108_length_12678_cov_80.144023_1-10371_ratio3_Esch_coli_14EC033_NODE_108_length_12678_cov_80.144023_6,mobileOG_000026107_ratio3_Esch_coli_14EC033_NODE_108_length_12678_cov_80.144023_1-10371_ratio3_Esch_coli_14EC033_NODE_108_length_12678_cov_80.144023_6
17,mobileOG_000321643|ecnB|WP_000977757.1|stability/transfer/defense|NA|Plasmid RefSeq|Homology,ratio3_Esch_coli_14EC033_NODE_129_length_10180_cov_76.344099_1-9631_ratio3_Esch_coli_14EC033_NODE_129_length_10180_cov_76.344099_7_3 # 1969 # 2091 # 1 # ID=26_3;partial=00;start_type=ATG;rbs_motif=GGA/GAG/AGG;rbs_spacer=5-10bp;gc_cont=0.545,100.0,78.6,41,3.3500000000000002e-21,41,2,41,1,40,mobileOG_000321643,ecnB,WP_000977757.1,stability/transfer/defense,NA,Plasmid RefSeq,Homology,ratio3_Esch_coli_14EC033_NODE_129_length_10180_cov_76.344099_1-9631_ratio3_Esch_coli_14EC033_NODE_129_length_10180_cov_76.344099_7_3, 1969 # 2091 # 1 , 1969,2091,1 ,26_3,26,3,00,ATG,GGA/GAG/AGG,5-10bp,0.545,ratio3_Esch_coli_14EC033_NODE_129_length_10180_cov_76.344099_1-9631_ratio3_Esch_coli_14EC033_NODE_129_length_10180_cov_76.344099_7,mobileOG_000321643_ratio3_Esch_coli_14EC033_NODE_129_length_10180_cov_76.344099_1-9631_ratio3_Esch_coli_14EC033_NODE_129_length_10180_cov_76.344099_7
18,mobileOG_000330413|ecnB|ETJ37164.1|stability/transfer/defense|NA|Plasmid RefSeq|Homology,ratio3_Esch_coli_14EC033_NODE_129_length_10180_cov_76.344099_1-9631_ratio3_Esch_coli_14EC033_NODE_129_length_10180_cov_76.344099_7_4 # 2202 # 2348 # 1 # ID=26_4;partial=00;start_type=ATG;rbs_motif=AGGA;rbs_spacer=5-10bp;gc_cont=0.490,100.0,88.2,48,8.370000000000002e-25,49,1,48,1,48,mobileOG_000330413,ecnB,ETJ37164.1,stability/transfer/defense,NA,Plasmid RefSeq,Homology,ratio3_Esch_coli_14EC033_NODE_129_length_10180_cov_76.344099_1-9631_ratio3_Esch_coli_14EC033_NODE_129_length_10180_cov_76.344099_7_4, 2202 # 2348 # 1 , 2202,2348,1 ,26_4,26,4,00,ATG,AGGA,5-10bp,0.490,ratio3_Esch_coli_14EC033_NODE_129_length_10180_cov_76.344099_1-9631_ratio3_Esch_coli_14EC033_NODE_129_length_10180_cov_76.344099_7,mobileOG_000330413_ratio3_Esch_coli_14EC033_NODE_129_length_10180_cov_76.344099_1-9631_ratio3_Esch_coli_14EC033_NODE_129_length_10180_cov_76.344099_7
19,mobileOG_000333812|alkB|WP_000884953.1|replication/recombination/repair|NA|Plasmid RefSeq|Homology,ratio3_Esch_coli_14EC033_NODE_190_length_7503_cov_50.030075_1-7503_ratio3_Esch_coli_14EC033_NODE_190_length_7503_cov_50.030075_5_4 # 3978 # 4628 # 1 # ID=33_4;partial=00;start_type=ATG;rbs_motif=AGGAG;rbs_spacer=5-10bp;gc_cont=0.528,99.5,456.0,216,2.9199999999999987e-165,217,1,216,1,216,mobileOG_000333812,alkB,WP_000884953.1,replication/recombination/repair,NA,Plasmid RefSeq,Homology,ratio3_Esch_coli_14EC033_NODE_190_length_7503_cov_50.030075_1-7503_ratio3_Esch_coli_14EC033_NODE_190_length_7503_cov_50.030075_5_4, 3978 # 4628 # 1 , 3978,4628,1 ,33_4,33,4,00,ATG,AGGAG,5-10bp,0.528,ratio3_Esch_coli_14EC033_NODE_190_length_7503_cov_50.030075_1-7503_ratio3_Esch_coli_14EC033_NODE_190_length_7503_cov_50.030075_5,mobileOG_000333812_ratio3_Esch_coli_14EC033_NODE_190_length_7503_cov_50.030075_1-7503_ratio3_Esch_coli_14EC033_NODE_190_length_7503_cov_50.030075_5
20,mobileOG_000326289|alkB|WP_000884919.1|replication/recombination/repair|NA|Plasmid RefSeq|Homology,ratio3_Esch_coli_2011C-3911_NODE_1_length_225591_cov_80.802324_30354-41997_ratio3_Esch_coli_2011C-3911_NODE_1_length_225591_cov_80.802324_35_8 # 6720 # 7370 # -1 # ID=51_8;partial=00;start_type=ATG;rbs_motif=AGGAG;rbs_spacer=5-10bp;gc_cont=0.525,99.5,456.0,216,2.0499999999999994e-165,217,1,216,1,216,mobileOG_000326289,alkB,WP_000884919.1,replication/recombination/repair,NA,Plasmid RefSeq,Homology,ratio3_Esch_coli_2011C-3911_NODE_1_length_225591_cov_80.802324_30354-41997_ratio3_Esch_coli_2011C-3911_NODE_1_length_225591_cov_80.802324_35_8, 6720 # 7370 # -1 , 6720,7370,-1 ,51_8,51,8,00,ATG,AGGAG,5-10bp,0.525,ratio3_Esch_coli_2011C-3911_NODE_1_length_225591_cov_80.802324_30354-41997_ratio3_Esch_coli_2011C-3911_NODE_1_length_225591_cov_80.802324_35,mobileOG_000326289_ratio3_Esch_coli_2011C-3911_NODE_1_length_225591_cov_80.802324_30354-41997_ratio3_Esch_coli_2011C-3911_NODE_1_length_225591_cov_80.802324_35
21,mobileOG_000304542|traG|WP_001297077.1|transfer|conjugation|Plasmid RefSeq|Homology,ratio3_Esch_coli_2011C-3911_NODE_1_length_225591_cov_80.802324_79016-89984_ratio3_Esch_coli_2011C-3911_NODE_1_length_225591_cov_80.802324_68_5 # 2948 # 3550 # -1 # ID=52_5;partial=00;start_type=GTG;rbs_motif=GGAG/GAGG;rbs_spacer=5-10bp;gc_cont=0.436,100.0,406.0,200,4.009999999999999e-146,201,1,200,1,200,mobileOG_000304542,traG,WP_001297077.1,transfer,conjugation,Plasmid RefSeq,Homology,ratio3_Esch_coli_2011C-3911_NODE_1_length_225591_cov_80.802324_79016-89984_ratio3_Esch_coli_2011C-3911_NODE_1_length_225591_cov_80.802324_68_5, 2948 # 3550 # -1 , 2948,3550,-1 ,52_5,52,5,00,GTG,GGAG/GAGG,5-10bp,0.436,ratio3_Esch_coli_2011C-3911_NODE_1_length_225591_cov_80.802324_79016-89984_ratio3_Esch_coli_2011C-3911_NODE_1_length_225591_cov_80.802324_68,mobileOG_000304542_ratio3_Esch_coli_2011C-3911_NODE_1_length_225591_cov_80.802324_79016-89984_ratio3_Esch_coli_2011C-3911_NODE_1_length_225591_cov_80.802324_68
22,"mobileOG_000025715|ihfB|WP_002898165.1|integration/excision|regulation,lysis/lysogeny|Plasmid RefSeq|Manual",ratio3_Esch_coli_2011C-3911_NODE_4_length_119247_cov_84.345904_3404-15152_ratio3_Esch_coli_2011C-3911_NODE_4_length_119247_cov_84.345904_11_9 # 9257 # 9541 # -1 # ID=57_9;partial=00;start_type=ATG;rbs_motif=GGAGG;rbs_spacer=3-4bp;gc_cont=0.491,97.8,187.0,95,8.879999999999998e-63,95,1,93,1,93,mobileOG_000025715,ihfB,WP_002898165.1,integration/excision,"regulation,lysis/lysogeny",Plasmid RefSeq,Manual,ratio3_Esch_coli_2011C-3911_NODE_4_length_119247_cov_84.345904_3404-15152_ratio3_Esch_coli_2011C-3911_NODE_4_length_119247_cov_84.345904_11_9, 9257 # 9541 # -1 , 9257,9541,-1 ,57_9,57,9,00,ATG,GGAGG,3-4bp,0.491,ratio3_Esch_coli_2011C-3911_NODE_4_length_119247_cov_84.345904_3404-15152_ratio3_Esch_coli_2011C-3911_NODE_4_length_119247_cov_84.345904_11,mobileOG_000025715_ratio3_Esch_coli_2011C-3911_NODE_4_length_119247_cov_84.345904_3404-15152_ratio3_Esch_coli_2011C-3911_NODE_4_length_119247_cov_84.345904_11
23,mobileOG_000002433|dinI|WP_001217754.1|replication/recombination/repair|NA|Multiple|Manual,ratio3_Esch_coli_2011C-3911_NODE_8_length_106393_cov_81.768531_81380-92588_ratio3_Esch_coli_2011C-3911_NODE_8_length_106393_cov_81.768531_89_12 # 8840 # 9085 # 1 # ID=65_12;partial=00;start_type=ATG;rbs_motif=AGxAGG/AGGxGG;rbs_spacer=5-10bp;gc_cont=0.480,100.0,162.0,81,3.9799999999999997e-53,82,1,81,1,81,mobileOG_000002433,dinI,WP_001217754.1,replication/recombination/repair,NA,Multiple,Manual,ratio3_Esch_coli_2011C-3911_NODE_8_length_106393_cov_81.768531_81380-92588_ratio3_Esch_coli_2011C-3911_NODE_8_length_106393_cov_81.768531_89_12, 8840 # 9085 # 1 , 8840,9085,1 ,65_12,65,12,00,ATG,AGxAGG/AGGxGG,5-10bp,0.480,ratio3_Esch_coli_2011C-3911_NODE_8_length_106393_cov_81.768531_81380-92588_ratio3_Esch_coli_2011C-3911_NODE_8_length_106393_cov_81.768531_89,mobileOG_000002433_ratio3_Esch_coli_2011C-3911_NODE_8_length_106393_cov_81.768531_81380-92588_ratio3_Esch_coli_2011C-3911_NODE_8_length_106393_cov_81.768531_89
24,"mobileOG_000337943|cca|WP_000708503.1|phage|regulation,infection|Plasmid RefSeq|Homology",ratio3_Esch_coli_2011C-3911_NODE_9_length_106318_cov_76.484185_1-8850_ratio3_Esch_coli_2011C-3911_NODE_9_length_106318_cov_76.484185_5_6 # 4013 # 5251 # -1 # ID=67_6;partial=00;start_type=GTG;rbs_motif=GGA/GAG/AGG;rbs_spacer=5-10bp;gc_cont=0.563,99.8,842.0,412,1.52e-311,413,1,412,1,412,mobileOG_000337943,cca,WP_000708503.1,phage,"regulation,infection",Plasmid RefSeq,Homology,ratio3_Esch_coli_2011C-3911_NODE_9_length_106318_cov_76.484185_1-8850_ratio3_Esch_coli_2011C-3911_NODE_9_length_106318_cov_76.484185_5_6, 4013 # 5251 # -1 , 4013,5251,-1 ,67_6,67,6,00,GTG,GGA/GAG/AGG,5-10bp,0.563,ratio3_Esch_coli_2011C-3911_NODE_9_length_106318_cov_76.484185_1-8850_ratio3_Esch_coli_2011C-3911_NODE_9_length_106318_cov_76.484185_5,mobileOG_000337943_ratio3_Esch_coli_2011C-3911_NODE_9_length_106318_cov_76.484185_1-8850_ratio3_Esch_coli_2011C-3911_NODE_9_length_106318_cov_76.484185_5
25,mobileOG_000026107|parE|P20083|replication/recombination/repair|partitioning|Multiple|Manual,ratio3_Esch_coli_2011C-3911_NODE_9_length_106318_cov_76.484185_21207-32688_ratio3_Esch_coli_2011C-3911_NODE_9_length_106318_cov_76.484185_25_12 # 9201 # 11093 # 1 # ID=68_12;partial=00;start_type=ATG;rbs_motif=None;rbs_spacer=None;gc_cont=0.539,100.0,1255.0,630,0.0,631,1,630,1,630,mobileOG_000026107,parE,P20083,replication/recombination/repair,partitioning,Multiple,Manual,ratio3_Esch_coli_2011C-3911_NODE_9_length_106318_cov_76.484185_21207-32688_ratio3_Esch_coli_2011C-3911_NODE_9_length_106318_cov_76.484185_25_12, 9201 # 11093 # 1 , 9201,11093,1 ,68_12,68,12,00,ATG,None,None,0.539,ratio3_Esch_coli_2011C-3911_NODE_9_length_106318_cov_76.484185_21207-32688_ratio3_Esch_coli_2011C-3911_NODE_9_length_106318_cov_76.484185_25,mobileOG_000026107_ratio3_Esch_coli_2011C-3911_NODE_9_length_106318_cov_76.484185_21207-32688_ratio3_Esch_coli_2011C-3911_NODE_9_length_106318_cov_76.484185_25
26,mobileOG_000026116|priC|F0JM94|replication/recombination/repair|NA|Plasmid RefSeq|Manual,ratio3_Esch_coli_2011C-3911_NODE_13_length_93872_cov_76.034770_78068-89261_ratio3_Esch_coli_2011C-3911_NODE_13_length_93872_cov_76.034770_74_1 # 3 # 335 # 1 # ID=73_1;partial=10;start_type=Edge;rbs_motif=None;rbs_spacer=None;gc_cont=0.613,96.4,197.0,175,3.479999999999999e-65,111,66,175,1,110,mobileOG_000026116,priC,F0JM94,replication/recombination/repair,NA,Plasmid RefSeq,Manual,ratio3_Esch_coli_2011C-3911_NODE_13_length_93872_cov_76.034770_78068-89261_ratio3_Esch_coli_2011C-3911_NODE_13_length_93872_cov_76.034770_74_1, 3 # 335 # 1 , 3,335,1 ,73_1,73,1,10,Edge,None,None,0.613,ratio3_Esch_coli_2011C-3911_NODE_13_length_93872_cov_76.034770_78068-89261_ratio3_Esch_coli_2011C-3911_NODE_13_length_93872_cov_76.034770_74,mobileOG_000026116_ratio3_Esch_coli_2011C-3911_NODE_13_length_93872_cov_76.034770_78068-89261_ratio3_Esch_coli_2011C-3911_NODE_13_length_93872_cov_76.034770_74
27,mobileOG_000329392|PSLT051|A0A086TQA6|replication/recombination/repair|NA|Plasmid RefSeq|Homology,ratio3_Esch_coli_2011C-3911_NODE_25_length_61399_cov_71.698944_19299-30531_ratio3_Esch_coli_2011C-3911_NODE_25_length_61399_cov_71.698944_27_8 # 6700 # 7644 # 1 # ID=82_8;partial=00;start_type=ATG;rbs_motif=GGA/GAG/AGG;rbs_spacer=5-10bp;gc_cont=0.494,100.0,626.0,314,2.3599999999999988e-229,315,1,314,1,314,mobileOG_000329392,PSLT051,A0A086TQA6,replication/recombination/repair,NA,Plasmid RefSeq,Homology,ratio3_Esch_coli_2011C-3911_NODE_25_length_61399_cov_71.698944_19299-30531_ratio3_Esch_coli_2011C-3911_NODE_25_length_61399_cov_71.698944_27_8, 6700 # 7644 # 1 , 6700,7644,1 ,82_8,82,8,00,ATG,GGA/GAG/AGG,5-10bp,0.494,ratio3_Esch_coli_2011C-3911_NODE_25_length_61399_cov_71.698944_19299-30531_ratio3_Esch_coli_2011C-3911_NODE_25_length_61399_cov_71.698944_27,mobileOG_000329392_ratio3_Esch_coli_2011C-3911_NODE_25_length_61399_cov_71.698944_19299-30531_ratio3_Esch_coli_2011C-3911_NODE_25_length_61399_cov_71.698944_27
28,mobileOG_000003237|fis|WP_000462905.1|integration/excision|replication/recombination/repair|Multiple|Manual,ratio3_Esch_coli_2011C-3911_NODE_50_length_29386_cov_87.046981_178-13282_ratio3_Esch_coli_2011C-3911_NODE_50_length_29386_cov_87.046981_7_12 # 11571 # 11867 # -1 # ID=86_12;partial=00;start_type=ATG;rbs_motif=GGA/GAG/AGG;rbs_spacer=11-12bp;gc_cont=0.471,100.0,189.0,98,1.9899999999999996e-63,99,1,98,1,98,mobileOG_000003237,fis,WP_000462905.1,integration/excision,replication/recombination/repair,Multiple,Manual,ratio3_Esch_coli_2011C-3911_NODE_50_length_29386_cov_87.046981_178-13282_ratio3_Esch_coli_2011C-3911_NODE_50_length_29386_cov_87.046981_7_12, 11571 # 11867 # -1 , 11571,11867,-1 ,86_12,86,12,00,ATG,GGA/GAG/AGG,11-12bp,0.471,ratio3_Esch_coli_2011C-3911_NODE_50_length_29386_cov_87.046981_178-13282_ratio3_Esch_coli_2011C-3911_NODE_50_length_29386_cov_87.046981_7,mobileOG_000003237_ratio3_Esch_coli_2011C-3911_NODE_50_length_29386_cov_87.046981_178-13282_ratio3_Esch_coli_2011C-3911_NODE_50_length_29386_cov_87.046981_7
29,mobileOG_000003237|fis|WP_000462905.1|integration/excision|replication/recombination/repair|Multiple|Manual,ratio3_Esch_coli_2011C-3911_NODE_50_length_29386_cov_87.046981_3294-14451_ratio3_Esch_coli_2011C-3911_NODE_50_length_29386_cov_87.046981_8_9 # 8455 # 8751 # -1 # ID=87_9;partial=00;start_type=ATG;rbs_motif=GGA/GAG/AGG;rbs_spacer=11-12bp;gc_cont=0.471,100.0,189.0,98,1.9899999999999996e-63,99,1,98,1,98,mobileOG_000003237,fis,WP_000462905.1,integration/excision,replication/recombination/repair,Multiple,Manual,ratio3_Esch_coli_2011C-3911_NODE_50_length_29386_cov_87.046981_3294-14451_ratio3_Esch_coli_2011C-3911_NODE_50_length_29386_cov_87.046981_8_9, 8455 # 8751 # -1 , 8455,8751,-1 ,87_9,87,9,00,ATG,GGA/GAG/AGG,11-12bp,0.471,ratio3_Esch_coli_2011C-3911_NODE_50_length_29386_cov_87.046981_3294-14451_ratio3_Esch_coli_2011C-3911_NODE_50_length_29386_cov_87.046981_8,mobileOG_000003237_ratio3_Esch_coli_2011C-3911_NODE_50_length_29386_cov_87.046981_3294-14451_ratio3_Esch_coli_2011C-3911_NODE_50_length_29386_cov_87.046981_8
30,mobileOG_000003237|fis|WP_000462905.1|integration/excision|replication/recombination/repair|Multiple|Manual,ratio3_Esch_coli_2011C-3911_NODE_50_length_29386_cov_87.046981_4850-15512_ratio3_Esch_coli_2011C-3911_NODE_50_length_29386_cov_87.046981_9_8 # 6899 # 7195 # -1 # ID=88_8;partial=00;start_type=ATG;rbs_motif=GGA/GAG/AGG;rbs_spacer=11-12bp;gc_cont=0.471,100.0,189.0,98,1.9899999999999996e-63,99,1,98,1,98,mobileOG_000003237,fis,WP_000462905.1,integration/excision,replication/recombination/repair,Multiple,Manual,ratio3_Esch_coli_2011C-3911_NODE_50_length_29386_cov_87.046981_4850-15512_ratio3_Esch_coli_2011C-3911_NODE_50_length_29386_cov_87.046981_9_8, 6899 # 7195 # -1 , 6899,7195,-1 ,88_8,88,8,00,ATG,GGA/GAG/AGG,11-12bp,0.471,ratio3_Esch_coli_2011C-3911_NODE_50_length_29386_cov_87.046981_4850-15512_ratio3_Esch_coli_2011C-3911_NODE_50_length_29386_cov_87.046981_9,mobileOG_000003237_ratio3_Esch_coli_2011C-3911_NODE_50_length_29386_cov_87.046981_4850-15512_ratio3_Esch_coli_2011C-3911_NODE_50_length_29386_cov_87.046981_9
31,mobileOG_000330413|ecnB|ETJ37164.1|stability/transfer/defense|NA|Plasmid RefSeq|Homology,ratio3_Esch_coli_2011C-3911_NODE_67_length_18690_cov_90.237134_7884-18690_ratio3_Esch_coli_2011C-3911_NODE_67_length_18690_cov_90.237134_11_10 # 7285 # 7431 # -1 # ID=89_10;partial=00;start_type=ATG;rbs_motif=AGGA;rbs_spacer=5-10bp;gc_cont=0.490,100.0,88.2,48,8.370000000000002e-25,49,1,48,1,48,mobileOG_000330413,ecnB,ETJ37164.1,stability/transfer/defense,NA,Plasmid RefSeq,Homology,ratio3_Esch_coli_2011C-3911_NODE_67_length_18690_cov_90.237134_7884-18690_ratio3_Esch_coli_2011C-3911_NODE_67_length_18690_cov_90.237134_11_10, 7285 # 7431 # -1 , 7285,7431,-1 ,89_10,89,10,00,ATG,AGGA,5-10bp,0.490,ratio3_Esch_coli_2011C-3911_NODE_67_length_18690_cov_90.237134_7884-18690_ratio3_Esch_coli_2011C-3911_NODE_67_length_18690_cov_90.237134_11,mobileOG_000330413_ratio3_Esch_coli_2011C-3911_NODE_67_length_18690_cov_90.237134_7884-18690_ratio3_Esch_coli_2011C-3911_NODE_67_length_18690_cov_90.237134_11
32,mobileOG_000321643|ecnB|WP_000977757.1|stability/transfer/defense|NA|Plasmid RefSeq|Homology,ratio3_Esch_coli_2011C-3911_NODE_67_length_18690_cov_90.237134_7884-18690_ratio3_Esch_coli_2011C-3911_NODE_67_length_18690_cov_90.237134_11_11 # 7542 # 7667 # -1 # ID=89_11;partial=00;start_type=ATG;rbs_motif=GGA/GAG/AGG;rbs_spacer=5-10bp;gc_cont=0.540,100.0,79.3,41,1.73e-21,42,1,41,1,41,mobileOG_000321643,ecnB,WP_000977757.1,stability/transfer/defense,NA,Plasmid RefSeq,Homology,ratio3_Esch_coli_2011C-3911_NODE_67_length_18690_cov_90.237134_7884-18690_ratio3_Esch_coli_2011C-3911_NODE_67_length_18690_cov_90.237134_11_11, 7542 # 7667 # -1 , 7542,7667,-1 ,89_11,89,11,00,ATG,GGA/GAG/AGG,5-10bp,0.540,ratio3_Esch_coli_2011C-3911_NODE_67_length_18690_cov_90.237134_7884-18690_ratio3_Esch_coli_2011C-3911_NODE_67_length_18690_cov_90.237134_11,mobileOG_000321643_ratio3_Esch_coli_2011C-3911_NODE_67_length_18690_cov_90.237134_7884-18690_ratio3_Esch_coli_2011C-3911_NODE_67_length_18690_cov_90.237134_11
33,mobileOG_000017973|insZ|A0A024L4B6|integration/excision|NA|GPD|Manual,ratio3_Esch_coli_2011C-3911_NODE_71_length_14407_cov_93.713977_1-7388_ratio3_Esch_coli_2011C-3911_NODE_71_length_14407_cov_93.713977_3_5 # 3892 # 4401 # -1 # ID=91_5;partial=00;start_type=ATG;rbs_motif=None;rbs_spacer=None;gc_cont=0.522,99.4,318.0,196,1.1499999999999996e-111,170,37,196,10,169,mobileOG_000017973,insZ,A0A024L4B6,integration/excision,NA,GPD,Manual,ratio3_Esch_coli_2011C-3911_NODE_71_length_14407_cov_93.713977_1-7388_ratio3_Esch_coli_2011C-3911_NODE_71_length_14407_cov_93.713977_3_5, 3892 # 4401 # -1 , 3892,4401,-1 ,91_5,91,5,00,ATG,None,None,0.522,ratio3_Esch_coli_2011C-3911_NODE_71_length_14407_cov_93.713977_1-7388_ratio3_Esch_coli_2011C-3911_NODE_71_length_14407_cov_93.713977_3,mobileOG_000017973_ratio3_Esch_coli_2011C-3911_NODE_71_length_14407_cov_93.713977_1-7388_ratio3_Esch_coli_2011C-3911_NODE_71_length_14407_cov_93.713977_3
34,mobileOG_000017974|insZ|A0A037Y8D2|integration/excision|NA|Multiple|Manual,ratio3_Esch_coli_2011C-3911_NODE_71_length_14407_cov_93.713977_1-7388_ratio3_Esch_coli_2011C-3911_NODE_71_length_14407_cov_93.713977_3_6 # 4607 # 4792 # -1 # ID=91_6;partial=00;start_type=ATG;rbs_motif=GGAG/GAGG;rbs_spacer=5-10bp;gc_cont=0.538,100.0,131.0,61,1.59e-41,62,1,61,1,61,mobileOG_000017974,insZ,A0A037Y8D2,integration/excision,NA,Multiple,Manual,ratio3_Esch_coli_2011C-3911_NODE_71_length_14407_cov_93.713977_1-7388_ratio3_Esch_coli_2011C-3911_NODE_71_length_14407_cov_93.713977_3_6, 4607 # 4792 # -1 , 4607,4792,-1 ,91_6,91,6,00,ATG,GGAG/GAGG,5-10bp,0.538,ratio3_Esch_coli_2011C-3911_NODE_71_length_14407_cov_93.713977_1-7388_ratio3_Esch_coli_2011C-3911_NODE_71_length_14407_cov_93.713977_3,mobileOG_000017974_ratio3_Esch_coli_2011C-3911_NODE_71_length_14407_cov_93.713977_1-7388_ratio3_Esch_coli_2011C-3911_NODE_71_length_14407_cov_93.713977_3
35,mobileOG_000026107|parE|P20083|replication/recombination/repair|partitioning|Multiple|Manual,ratio3_Esch_coli_MB19_NODE_3_length_82532_cov_104.199401_3782-15263_ratio3_Esch_coli_MB19_NODE_3_length_82532_cov_104.199401_10_12 # 9201 # 11093 # 1 # ID=93_12;partial=00;start_type=ATG;rbs_motif=None;rbs_spacer=None;gc_cont=0.539,100.0,1255.0,630,0.0,631,1,630,1,630,mobileOG_000026107,parE,P20083,replication/recombination/repair,partitioning,Multiple,Manual,ratio3_Esch_coli_MB19_NODE_3_length_82532_cov_104.199401_3782-15263_ratio3_Esch_coli_MB19_NODE_3_length_82532_cov_104.199401_10_12, 9201 # 11093 # 1 , 9201,11093,1 ,93_12,93,12,00,ATG,None,None,0.539,ratio3_Esch_coli_MB19_NODE_3_length_82532_cov_104.199401_3782-15263_ratio3_Esch_coli_MB19_NODE_3_length_82532_cov_104.199401_10,mobileOG_000026107_ratio3_Esch_coli_MB19_NODE_3_length_82532_cov_104.199401_3782-15263_ratio3_Esch_coli_MB19_NODE_3_length_82532_cov_104.199401_10
36,mobileOG_000304542|traG|WP_001297077.1|transfer|conjugation|Plasmid RefSeq|Homology,ratio3_Esch_coli_MB19_NODE_11_length_56917_cov_76.327442_8615-19583_ratio3_Esch_coli_MB19_NODE_11_length_56917_cov_76.327442_15_8 # 7420 # 8022 # 1 # ID=97_8;partial=00;start_type=GTG;rbs_motif=GGAG/GAGG;rbs_spacer=5-10bp;gc_cont=0.433,99.0,402.0,200,2.7099999999999995e-144,201,1,200,1,200,mobileOG_000304542,traG,WP_001297077.1,transfer,conjugation,Plasmid RefSeq,Homology,ratio3_Esch_coli_MB19_NODE_11_length_56917_cov_76.327442_8615-19583_ratio3_Esch_coli_MB19_NODE_11_length_56917_cov_76.327442_15_8, 7420 # 8022 # 1 , 7420,8022,1 ,97_8,97,8,00,GTG,GGAG/GAGG,5-10bp,0.433,ratio3_Esch_coli_MB19_NODE_11_length_56917_cov_76.327442_8615-19583_ratio3_Esch_coli_MB19_NODE_11_length_56917_cov_76.327442_15,mobileOG_000304542_ratio3_Esch_coli_MB19_NODE_11_length_56917_cov_76.327442_8615-19583_ratio3_Esch_coli_MB19_NODE_11_length_56917_cov_76.327442_15
37,mobileOG_000003237|fis|WP_000462905.1|integration/excision|replication/recombination/repair|Multiple|Manual,ratio3_Esch_coli_MB19_NODE_12_length_56353_cov_95.560606_581-13685_ratio3_Esch_coli_MB19_NODE_12_length_56353_cov_95.560606_9_13 # 11571 # 11867 # -1 # ID=98_13;partial=00;start_type=ATG;rbs_motif=GGA/GAG/AGG;rbs_spacer=11-12bp;gc_cont=0.471,100.0,189.0,98,1.9899999999999996e-63,99,1,98,1,98,mobileOG_000003237,fis,WP_000462905.1,integration/excision,replication/recombination/repair,Multiple,Manual,ratio3_Esch_coli_MB19_NODE_12_length_56353_cov_95.560606_581-13685_ratio3_Esch_coli_MB19_NODE_12_length_56353_cov_95.560606_9_13, 11571 # 11867 # -1 , 11571,11867,-1 ,98_13,98,13,00,ATG,GGA/GAG/AGG,11-12bp,0.471,ratio3_Esch_coli_MB19_NODE_12_length_56353_cov_95.560606_581-13685_ratio3_Esch_coli_MB19_NODE_12_length_56353_cov_95.560606_9,mobileOG_000003237_ratio3_Esch_coli_MB19_NODE_12_length_56353_cov_95.560606_581-13685_ratio3_Esch_coli_MB19_NODE_12_length_56353_cov_95.560606_9
38,mobileOG_000003237|fis|WP_000462905.1|integration/excision|replication/recombination/repair|Multiple|Manual,ratio3_Esch_coli_MB19_NODE_12_length_56353_cov_95.560606_3697-14854_ratio3_Esch_coli_MB19_NODE_12_length_56353_cov_95.560606_10_9 # 8455 # 8751 # -1 # ID=99_9;partial=00;start_type=ATG;rbs_motif=GGA/GAG/AGG;rbs_spacer=11-12bp;gc_cont=0.471,100.0,189.0,98,1.9899999999999996e-63,99,1,98,1,98,mobileOG_000003237,fis,WP_000462905.1,integration/excision,replication/recombination/repair,Multiple,Manual,ratio3_Esch_coli_MB19_NODE_12_length_56353_cov_95.560606_3697-14854_ratio3_Esch_coli_MB19_NODE_12_length_56353_cov_95.560606_10_9, 8455 # 8751 # -1 , 8455,8751,-1 ,99_9,99,9,00,ATG,GGA/GAG/AGG,11-12bp,0.471,ratio3_Esch_coli_MB19_NODE_12_length_56353_cov_95.560606_3697-14854_ratio3_Esch_coli_MB19_NODE_12_length_56353_cov_95.560606_10,mobileOG_000003237_ratio3_Esch_coli_MB19_NODE_12_length_56353_cov_95.560606_3697-14854_ratio3_Esch_coli_MB19_NODE_12_length_56353_cov_95.560606_10
39,mobileOG_000003237|fis|WP_000462905.1|integration/excision|replication/recombination/repair|Multiple|Manual,ratio3_Esch_coli_MB19_NODE_12_length_56353_cov_95.560606_5253-15915_ratio3_Esch_coli_MB19_NODE_12_length_56353_cov_95.560606_11_8 # 6899 # 7195 # -1 # ID=100_8;partial=00;start_type=ATG;rbs_motif=GGA/GAG/AGG;rbs_spacer=11-12bp;gc_cont=0.471,100.0,189.0,98,1.9899999999999996e-63,99,1,98,1,98,mobileOG_000003237,fis,WP_000462905.1,integration/excision,replication/recombination/repair,Multiple,Manual,ratio3_Esch_coli_MB19_NODE_12_length_56353_cov_95.560606_5253-15915_ratio3_Esch_coli_MB19_NODE_12_length_56353_cov_95.560606_11_8, 6899 # 7195 # -1 , 6899,7195,-1 ,100_8,100,8,00,ATG,GGA/GAG/AGG,11-12bp,0.471,ratio3_Esch_coli_MB19_NODE_12_length_56353_cov_95.560606_5253-15915_ratio3_Esch_coli_MB19_NODE_12_length_56353_cov_95.560606_11,mobileOG_000003237_ratio3_Esch_coli_MB19_NODE_12_length_56353_cov_95.560606_5253-15915_ratio3_Esch_coli_MB19_NODE_12_length_56353_cov_95.560606_11
40,mobileOG_000026116|priC|F0JM94|replication/recombination/repair|NA|Plasmid RefSeq|Manual,ratio3_Esch_coli_MB19_NODE_16_length_52850_cov_76.775149_34957-46150_ratio3_Esch_coli_MB19_NODE_16_length_52850_cov_76.775149_35_1 # 3 # 335 # 1 # ID=101_1;partial=10;start_type=Edge;rbs_motif=None;rbs_spacer=None;gc_cont=0.601,96.4,197.0,175,3.479999999999999e-65,111,66,175,1,110,mobileOG_000026116,priC,F0JM94,replication/recombination/repair,NA,Plasmid RefSeq,Manual,ratio3_Esch_coli_MB19_NODE_16_length_52850_cov_76.775149_34957-46150_ratio3_Esch_coli_MB19_NODE_16_length_52850_cov_76.775149_35_1, 3 # 335 # 1 , 3,335,1 ,101_1,101,1,10,Edge,None,None,0.601,ratio3_Esch_coli_MB19_NODE_16_length_52850_cov_76.775149_34957-46150_ratio3_Esch_coli_MB19_NODE_16_length_52850_cov_76.775149_35,mobileOG_000026116_ratio3_Esch_coli_MB19_NODE_16_length_52850_cov_76.775149_34957-46150_ratio3_Esch_coli_MB19_NODE_16_length_52850_cov_76.775149_35
41,"mobileOG_000025715|ihfB|WP_002898165.1|integration/excision|regulation,lysis/lysogeny|Plasmid RefSeq|Manual",ratio3_Esch_coli_MB19_NODE_29_length_33723_cov_92.405934_14375-26123_ratio3_Esch_coli_MB19_NODE_29_length_33723_cov_92.405934_17_9 # 9258 # 9542 # -1 # ID=104_9;partial=00;start_type=ATG;rbs_motif=GGAGG;rbs_spacer=3-4bp;gc_cont=0.491,97.8,187.0,95,8.879999999999998e-63,95,1,93,1,93,mobileOG_000025715,ihfB,WP_002898165.1,integration/excision,"regulation,lysis/lysogeny",Plasmid RefSeq,Manual,ratio3_Esch_coli_MB19_NODE_29_length_33723_cov_92.405934_14375-26123_ratio3_Esch_coli_MB19_NODE_29_length_33723_cov_92.405934_17_9, 9258 # 9542 # -1 , 9258,9542,-1 ,104_9,104,9,00,ATG,GGAGG,3-4bp,0.491,ratio3_Esch_coli_MB19_NODE_29_length_33723_cov_92.405934_14375-26123_ratio3_Esch_coli_MB19_NODE_29_length_33723_cov_92.405934_17,mobileOG_000025715_ratio3_Esch_coli_MB19_NODE_29_length_33723_cov_92.405934_14375-26123_ratio3_Esch_coli_MB19_NODE_29_length_33723_cov_92.405934_17
42,mobileOG_000002433|dinI|WP_001217754.1|replication/recombination/repair|NA|Multiple|Manual,ratio3_Esch_coli_MB19_NODE_42_length_29090_cov_85.525469_3718-14926_ratio3_Esch_coli_MB19_NODE_42_length_29090_cov_85.525469_12_4 # 2125 # 2370 # -1 # ID=112_4;partial=00;start_type=ATG;rbs_motif=AGxAGG/AGGxGG;rbs_spacer=5-10bp;gc_cont=0.476,98.8,160.0,81,2.3099999999999997e-52,82,1,81,1,81,mobileOG_000002433,dinI,WP_001217754.1,replication/recombination/repair,NA,Multiple,Manual,ratio3_Esch_coli_MB19_NODE_42_length_29090_cov_85.525469_3718-14926_ratio3_Esch_coli_MB19_NODE_42_length_29090_cov_85.525469_12_4, 2125 # 2370 # -1 , 2125,2370,-1 ,112_4,112,4,00,ATG,AGxAGG/AGGxGG,5-10bp,0.476,ratio3_Esch_coli_MB19_NODE_42_length_29090_cov_85.525469_3718-14926_ratio3_Esch_coli_MB19_NODE_42_length_29090_cov_85.525469_12,mobileOG_000002433_ratio3_Esch_coli_MB19_NODE_42_length_29090_cov_85.525469_3718-14926_ratio3_Esch_coli_MB19_NODE_42_length_29090_cov_85.525469_12
43,mobileOG_000071197|insB_2|NA|integration/excision|NA|COMPASS|Homology,ratio3_Esch_coli_MB19_NODE_104_length_12900_cov_108.595874_1-7243_ratio3_Esch_coli_MB19_NODE_104_length_12900_cov_108.595874_3_1 # 16 # 225 # -1 # ID=124_1;partial=00;start_type=ATG;rbs_motif=AGGA/GGAG/GAGG;rbs_spacer=11-12bp;gc_cont=0.519,100.0,140.0,69,4.2299999999999995e-45,70,1,69,1,69,mobileOG_000071197,insB_2,NA,integration/excision,NA,COMPASS,Homology,ratio3_Esch_coli_MB19_NODE_104_length_12900_cov_108.595874_1-7243_ratio3_Esch_coli_MB19_NODE_104_length_12900_cov_108.595874_3_1, 16 # 225 # -1 , 16,225,-1 ,124_1,124,1,00,ATG,AGGA/GGAG/GAGG,11-12bp,0.519,ratio3_Esch_coli_MB19_NODE_104_length_12900_cov_108.595874_1-7243_ratio3_Esch_coli_MB19_NODE_104_length_12900_cov_108.595874_3,mobileOG_000071197_ratio3_Esch_coli_MB19_NODE_104_length_12900_cov_108.595874_1-7243_ratio3_Esch_coli_MB19_NODE_104_length_12900_cov_108.595874_3
44,mobileOG_000045297|NA|WP_134806729.1|integration/excision|NA|COMPASS|Homology,ratio3_Esch_coli_MB19_NODE_104_length_12900_cov_108.595874_1-7243_ratio3_Esch_coli_MB19_NODE_104_length_12900_cov_108.595874_3_2 # 226 # 519 # -1 # ID=124_2;partial=00;start_type=ATG;rbs_motif=None;rbs_spacer=None;gc_cont=0.565,100.0,201.0,97,4.889999999999999e-68,98,1,97,1,97,mobileOG_000045297,NA,WP_134806729.1,integration/excision,NA,COMPASS,Homology,ratio3_Esch_coli_MB19_NODE_104_length_12900_cov_108.595874_1-7243_ratio3_Esch_coli_MB19_NODE_104_length_12900_cov_108.595874_3_2, 226 # 519 # -1 , 226,519,-1 ,124_2,124,2,00,ATG,None,None,0.565,ratio3_Esch_coli_MB19_NODE_104_length_12900_cov_108.595874_1-7243_ratio3_Esch_coli_MB19_NODE_104_length_12900_cov_108.595874_3,mobileOG_000045297_ratio3_Esch_coli_MB19_NODE_104_length_12900_cov_108.595874_1-7243_ratio3_Esch_coli_MB19_NODE_104_length_12900_cov_108.595874_3
45,mobileOG_000321643|ecnB|WP_000977757.1|stability/transfer/defense|NA|Plasmid RefSeq|Homology,ratio3_Esch_coli_MB19_NODE_122_length_10683_cov_89.465092_1-10683_ratio3_Esch_coli_MB19_NODE_122_length_10683_cov_89.465092_8_4 # 3244 # 3366 # 1 # ID=130_4;partial=00;start_type=ATG;rbs_motif=GGA/GAG/AGG;rbs_spacer=5-10bp;gc_cont=0.553,100.0,78.6,41,3.3500000000000002e-21,41,2,41,1,40,mobileOG_000321643,ecnB,WP_000977757.1,stability/transfer/defense,NA,Plasmid RefSeq,Homology,ratio3_Esch_coli_MB19_NODE_122_length_10683_cov_89.465092_1-10683_ratio3_Esch_coli_MB19_NODE_122_length_10683_cov_89.465092_8_4, 3244 # 3366 # 1 , 3244,3366,1 ,130_4,130,4,00,ATG,GGA/GAG/AGG,5-10bp,0.553,ratio3_Esch_coli_MB19_NODE_122_length_10683_cov_89.465092_1-10683_ratio3_Esch_coli_MB19_NODE_122_length_10683_cov_89.465092_8,mobileOG_000321643_ratio3_Esch_coli_MB19_NODE_122_length_10683_cov_89.465092_1-10683_ratio3_Esch_coli_MB19_NODE_122_length_10683_cov_89.465092_8
46,mobileOG_000330413|ecnB|ETJ37164.1|stability/transfer/defense|NA|Plasmid RefSeq|Homology,ratio3_Esch_coli_MB19_NODE_122_length_10683_cov_89.465092_1-10683_ratio3_Esch_coli_MB19_NODE_122_length_10683_cov_89.465092_8_5 # 3477 # 3623 # 1 # ID=130_5;partial=00;start_type=ATG;rbs_motif=AGGA;rbs_spacer=5-10bp;gc_cont=0.483,100.0,88.2,48,8.370000000000002e-25,49,1,48,1,48,mobileOG_000330413,ecnB,ETJ37164.1,stability/transfer/defense,NA,Plasmid RefSeq,Homology,ratio3_Esch_coli_MB19_NODE_122_length_10683_cov_89.465092_1-10683_ratio3_Esch_coli_MB19_NODE_122_length_10683_cov_89.465092_8_5, 3477 # 3623 # 1 , 3477,3623,1 ,130_5,130,5,00,ATG,AGGA,5-10bp,0.483,ratio3_Esch_coli_MB19_NODE_122_length_10683_cov_89.465092_1-10683_ratio3_Esch_coli_MB19_NODE_122_length_10683_cov_89.465092_8,mobileOG_000330413_ratio3_Esch_coli_MB19_NODE_122_length_10683_cov_89.465092_1-10683_ratio3_Esch_coli_MB19_NODE_122_length_10683_cov_89.465092_8
47,mobileOG_000326289|alkB|WP_000884919.1|replication/recombination/repair|NA|Plasmid RefSeq|Homology,ratio3_Esch_coli_MB19_NODE_193_length_4322_cov_72.067729_1-4322_ratio3_Esch_coli_MB19_NODE_193_length_4322_cov_72.067729_2_1 # 3 # 488 # 1 # ID=134_1;partial=10;start_type=Edge;rbs_motif=None;rbs_spacer=None;gc_cont=0.521,100.0,348.0,216,1.0599999999999996e-123,162,56,216,1,161,mobileOG_000326289,alkB,WP_000884919.1,replication/recombination/repair,NA,Plasmid RefSeq,Homology,ratio3_Esch_coli_MB19_NODE_193_length_4322_cov_72.067729_1-4322_ratio3_Esch_coli_MB19_NODE_193_length_4322_cov_72.067729_2_1, 3 # 488 # 1 , 3,488,1 ,134_1,134,1,10,Edge,None,None,0.521,ratio3_Esch_coli_MB19_NODE_193_length_4322_cov_72.067729_1-4322_ratio3_Esch_coli_MB19_NODE_193_length_4322_cov_72.067729_2,mobileOG_000326289_ratio3_Esch_coli_MB19_NODE_193_length_4322_cov_72.067729_1-4322_ratio3_Esch_coli_MB19_NODE_193_length_4322_cov_72.067729_2
48,mobileOG_000003237|fis|WP_000462905.1|integration/excision|replication/recombination/repair|Multiple|Manual,ratio3_Esch_coli_TUM20902_NODE_1_length_314982_cov_72.745643_409-13513_ratio3_Esch_coli_TUM20902_NODE_1_length_314982_cov_72.745643_8_12 # 11571 # 11867 # -1 # ID=138_12;partial=00;start_type=ATG;rbs_motif=GGA/GAG/AGG;rbs_spacer=11-12bp;gc_cont=0.475,100.0,189.0,98,1.9899999999999996e-63,99,1,98,1,98,mobileOG_000003237,fis,WP_000462905.1,integration/excision,replication/recombination/repair,Multiple,Manual,ratio3_Esch_coli_TUM20902_NODE_1_length_314982_cov_72.745643_409-13513_ratio3_Esch_coli_TUM20902_NODE_1_length_314982_cov_72.745643_8_12, 11571 # 11867 # -1 , 11571,11867,-1 ,138_12,138,12,00,ATG,GGA/GAG/AGG,11-12bp,0.475,ratio3_Esch_coli_TUM20902_NODE_1_length_314982_cov_72.745643_409-13513_ratio3_Esch_coli_TUM20902_NODE_1_length_314982_cov_72.745643_8,mobileOG_000003237_ratio3_Esch_coli_TUM20902_NODE_1_length_314982_cov_72.745643_409-13513_ratio3_Esch_coli_TUM20902_NODE_1_length_314982_cov_72.745643_8
49,mobileOG_000003237|fis|WP_000462905.1|integration/excision|replication/recombination/repair|Multiple|Manual,ratio3_Esch_coli_TUM20902_NODE_1_length_314982_cov_72.745643_3525-14682_ratio3_Esch_coli_TUM20902_NODE_1_length_314982_cov_72.745643_9_9 # 8455 # 8751 # -1 # ID=139_9;partial=00;start_type=ATG;rbs_motif=GGA/GAG/AGG;rbs_spacer=11-12bp;gc_cont=0.475,100.0,189.0,98,1.9899999999999996e-63,99,1,98,1,98,mobileOG_000003237,fis,WP_000462905.1,integration/excision,replication/recombination/repair,Multiple,Manual,ratio3_Esch_coli_TUM20902_NODE_1_length_314982_cov_72.745643_3525-14682_ratio3_Esch_coli_TUM20902_NODE_1_length_314982_cov_72.745643_9_9, 8455 # 8751 # -1 , 8455,8751,-1 ,139_9,139,9,00,ATG,GGA/GAG/AGG,11-12bp,0.475,ratio3_Esch_coli_TUM20902_NODE_1_length_314982_cov_72.745643_3525-14682_ratio3_Esch_coli_TUM20902_NODE_1_length_314982_cov_72.745643_9,mobileOG_000003237_ratio3_Esch_coli_TUM20902_NODE_1_length_314982_cov_72.745643_3525-14682_ratio3_Esch_coli_TUM20902_NODE_1_length_314982_cov_72.745643_9
50,mobileOG_000003237|fis|WP_000462905.1|integration/excision|replication/recombination/repair|Multiple|Manual,ratio3_Esch_coli_TUM20902_NODE_1_length_314982_cov_72.745643_5081-15743_ratio3_Esch_coli_TUM20902_NODE_1_length_314982_cov_72.745643_10_8 # 6899 # 7195 # -1 # ID=140_8;partial=00;start_type=ATG;rbs_motif=GGA/GAG/AGG;rbs_spacer=11-12bp;gc_cont=0.475,100.0,189.0,98,1.9899999999999996e-63,99,1,98,1,98,mobileOG_000003237,fis,WP_000462905.1,integration/excision,replication/recombination/repair,Multiple,Manual,ratio3_Esch_coli_TUM20902_NODE_1_length_314982_cov_72.745643_5081-15743_ratio3_Esch_coli_TUM20902_NODE_1_length_314982_cov_72.745643_10_8, 6899 # 7195 # -1 , 6899,7195,-1 ,140_8,140,8,00,ATG,GGA/GAG/AGG,11-12bp,0.475,ratio3_Esch_coli_TUM20902_NODE_1_length_314982_cov_72.745643_5081-15743_ratio3_Esch_coli_TUM20902_NODE_1_length_314982_cov_72.745643_10,mobileOG_000003237_ratio3_Esch_coli_TUM20902_NODE_1_length_314982_cov_72.745643_5081-15743_ratio3_Esch_coli_TUM20902_NODE_1_length_314982_cov_72.745643_10
51,"mobileOG_000025806|cca|J7Q9S8|phage|regulation,infection|Multiple|Manual",ratio3_Esch_coli_TUM20902_NODE_1_length_314982_cov_72.745643_205280-216101_ratio3_Esch_coli_TUM20902_NODE_1_length_314982_cov_72.745643_203_8 # 6004 # 7242 # -1 # ID=141_8;partial=00;start_type=GTG;rbs_motif=GGA/GAG/AGG;rbs_spacer=5-10bp;gc_cont=0.568,100.0,842.0,412,3.06e-311,413,1,412,1,412,mobileOG_000025806,cca,J7Q9S8,phage,"regulation,infection",Multiple,Manual,ratio3_Esch_coli_TUM20902_NODE_1_length_314982_cov_72.745643_205280-216101_ratio3_Esch_coli_TUM20902_NODE_1_length_314982_cov_72.745643_203_8, 6004 # 7242 # -1 , 6004,7242,-1 ,141_8,141,8,00,GTG,GGA/GAG/AGG,5-10bp,0.568,ratio3_Esch_coli_TUM20902_NODE_1_length_314982_cov_72.745643_205280-216101_ratio3_Esch_coli_TUM20902_NODE_1_length_314982_cov_72.745643_203,mobileOG_000025806_ratio3_Esch_coli_TUM20902_NODE_1_length_314982_cov_72.745643_205280-216101_ratio3_Esch_coli_TUM20902_NODE_1_length_314982_cov_72.745643_203
52,mobileOG_000026107|parE|P20083|replication/recombination/repair|partitioning|Multiple|Manual,ratio3_Esch_coli_TUM20902_NODE_1_length_314982_cov_72.745643_226913-238394_ratio3_Esch_coli_TUM20902_NODE_1_length_314982_cov_72.745643_222_10 # 9201 # 11093 # 1 # ID=142_10;partial=00;start_type=ATG;rbs_motif=None;rbs_spacer=None;gc_cont=0.535,100.0,1255.0,630,0.0,631,1,630,1,630,mobileOG_000026107,parE,P20083,replication/recombination/repair,partitioning,Multiple,Manual,ratio3_Esch_coli_TUM20902_NODE_1_length_314982_cov_72.745643_226913-238394_ratio3_Esch_coli_TUM20902_NODE_1_length_314982_cov_72.745643_222_10, 9201 # 11093 # 1 , 9201,11093,1 ,142_10,142,10,00,ATG,None,None,0.535,ratio3_Esch_coli_TUM20902_NODE_1_length_314982_cov_72.745643_226913-238394_ratio3_Esch_coli_TUM20902_NODE_1_length_314982_cov_72.745643_222,mobileOG_000026107_ratio3_Esch_coli_TUM20902_NODE_1_length_314982_cov_72.745643_226913-238394_ratio3_Esch_coli_TUM20902_NODE_1_length_314982_cov_72.745643_222
53,mobileOG_000335061|alkB|WP_000884957.1|replication/recombination/repair|NA|Plasmid RefSeq|Homology,ratio3_Esch_coli_TUM20902_NODE_2_length_235896_cov_59.144568_181815-193458_ratio3_Esch_coli_TUM20902_NODE_2_length_235896_cov_59.144568_160_8 # 6720 # 7370 # -1 # ID=148_8;partial=00;start_type=ATG;rbs_motif=AGGAG;rbs_spacer=5-10bp;gc_cont=0.524,99.5,455.0,216,5.889999999999998e-165,217,1,216,1,216,mobileOG_000335061,alkB,WP_000884957.1,replication/recombination/repair,NA,Plasmid RefSeq,Homology,ratio3_Esch_coli_TUM20902_NODE_2_length_235896_cov_59.144568_181815-193458_ratio3_Esch_coli_TUM20902_NODE_2_length_235896_cov_59.144568_160_8, 6720 # 7370 # -1 , 6720,7370,-1 ,148_8,148,8,00,ATG,AGGAG,5-10bp,0.524,ratio3_Esch_coli_TUM20902_NODE_2_length_235896_cov_59.144568_181815-193458_ratio3_Esch_coli_TUM20902_NODE_2_length_235896_cov_59.144568_160,mobileOG_000335061_ratio3_Esch_coli_TUM20902_NODE_2_length_235896_cov_59.144568_181815-193458_ratio3_Esch_coli_TUM20902_NODE_2_length_235896_cov_59.144568_160
54,mobileOG_000002433|dinI|WP_001217754.1|replication/recombination/repair|NA|Multiple|Manual,ratio3_Esch_coli_TUM20902_NODE_4_length_189730_cov_60.708918_101773-112981_ratio3_Esch_coli_TUM20902_NODE_4_length_189730_cov_60.708918_107_4 # 2125 # 2370 # -1 # ID=150_4;partial=00;start_type=ATG;rbs_motif=AGxAGG/AGGxGG;rbs_spacer=5-10bp;gc_cont=0.480,100.0,162.0,81,3.9799999999999997e-53,82,1,81,1,81,mobileOG_000002433,dinI,WP_001217754.1,replication/recombination/repair,NA,Multiple,Manual,ratio3_Esch_coli_TUM20902_NODE_4_length_189730_cov_60.708918_101773-112981_ratio3_Esch_coli_TUM20902_NODE_4_length_189730_cov_60.708918_107_4, 2125 # 2370 # -1 , 2125,2370,-1 ,150_4,150,4,00,ATG,AGxAGG/AGGxGG,5-10bp,0.480,ratio3_Esch_coli_TUM20902_NODE_4_length_189730_cov_60.708918_101773-112981_ratio3_Esch_coli_TUM20902_NODE_4_length_189730_cov_60.708918_107,mobileOG_000002433_ratio3_Esch_coli_TUM20902_NODE_4_length_189730_cov_60.708918_101773-112981_ratio3_Esch_coli_TUM20902_NODE_4_length_189730_cov_60.708918_107
55,mobileOG_000026116|priC|F0JM94|replication/recombination/repair|NA|Plasmid RefSeq|Manual,ratio3_Esch_coli_TUM20902_NODE_6_length_169711_cov_61.025057_33469-44662_ratio3_Esch_coli_TUM20902_NODE_6_length_169711_cov_61.025057_25_1 # 2 # 505 # 1 # ID=151_1;partial=10;start_type=Edge;rbs_motif=None;rbs_spacer=None;gc_cont=0.597,95.8,303.0,175,4.479999999999999e-106,168,9,175,1,167,mobileOG_000026116,priC,F0JM94,replication/recombination/repair,NA,Plasmid RefSeq,Manual,ratio3_Esch_coli_TUM20902_NODE_6_length_169711_cov_61.025057_33469-44662_ratio3_Esch_coli_TUM20902_NODE_6_length_169711_cov_61.025057_25_1, 2 # 505 # 1 , 2,505,1 ,151_1,151,1,10,Edge,None,None,0.597,ratio3_Esch_coli_TUM20902_NODE_6_length_169711_cov_61.025057_33469-44662_ratio3_Esch_coli_TUM20902_NODE_6_length_169711_cov_61.025057_25,mobileOG_000026116_ratio3_Esch_coli_TUM20902_NODE_6_length_169711_cov_61.025057_33469-44662_ratio3_Esch_coli_TUM20902_NODE_6_length_169711_cov_61.025057_25
56,mobileOG_000352862|seqA|WP_000848387.1|replication/recombination/repair|NA|Plasmid RefSeq|Homology,ratio3_Esch_coli_TUM20902_NODE_10_length_133182_cov_60.984999_68342-79019_ratio3_Esch_coli_TUM20902_NODE_10_length_133182_cov_60.984999_72_4 # 1979 # 2524 # 1 # ID=159_4;partial=00;start_type=ATG;rbs_motif=GGA/GAG/AGG;rbs_spacer=5-10bp;gc_cont=0.500,100.0,353.0,181,1.0399999999999997e-125,182,1,181,1,181,mobileOG_000352862,seqA,WP_000848387.1,replication/recombination/repair,NA,Plasmid RefSeq,Homology,ratio3_Esch_coli_TUM20902_NODE_10_length_133182_cov_60.984999_68342-79019_ratio3_Esch_coli_TUM20902_NODE_10_length_133182_cov_60.984999_72_4, 1979 # 2524 # 1 , 1979,2524,1 ,159_4,159,4,00,ATG,GGA/GAG/AGG,5-10bp,0.500,ratio3_Esch_coli_TUM20902_NODE_10_length_133182_cov_60.984999_68342-79019_ratio3_Esch_coli_TUM20902_NODE_10_length_133182_cov_60.984999_72,mobileOG_000352862_ratio3_Esch_coli_TUM20902_NODE_10_length_133182_cov_60.984999_68342-79019_ratio3_Esch_coli_TUM20902_NODE_10_length_133182_cov_60.984999_72
57,mobileOG_000304542|traG|WP_001297077.1|transfer|conjugation|Plasmid RefSeq|Homology,ratio3_Esch_coli_TUM20902_NODE_14_length_109460_cov_61.189872_8981-19949_ratio3_Esch_coli_TUM20902_NODE_14_length_109460_cov_61.189872_15_5 # 2948 # 3550 # -1 # ID=160_5;partial=00;start_type=GTG;rbs_motif=GGAG/GAGG;rbs_spacer=5-10bp;gc_cont=0.438,99.5,404.0,200,2.3199999999999994e-145,201,1,200,1,200,mobileOG_000304542,traG,WP_001297077.1,transfer,conjugation,Plasmid RefSeq,Homology,ratio3_Esch_coli_TUM20902_NODE_14_length_109460_cov_61.189872_8981-19949_ratio3_Esch_coli_TUM20902_NODE_14_length_109460_cov_61.189872_15_5, 2948 # 3550 # -1 , 2948,3550,-1 ,160_5,160,5,00,GTG,GGAG/GAGG,5-10bp,0.438,ratio3_Esch_coli_TUM20902_NODE_14_length_109460_cov_61.189872_8981-19949_ratio3_Esch_coli_TUM20902_NODE_14_length_109460_cov_61.189872_15,mobileOG_000304542_ratio3_Esch_coli_TUM20902_NODE_14_length_109460_cov_61.189872_8981-19949_ratio3_Esch_coli_TUM20902_NODE_14_length_109460_cov_61.189872_15
58,mobileOG_000330413|ecnB|ETJ37164.1|stability/transfer/defense|NA|Plasmid RefSeq|Homology,ratio3_Esch_coli_TUM20902_NODE_28_length_65565_cov_61.636742_8114-19280_ratio3_Esch_coli_TUM20902_NODE_28_length_65565_cov_61.636742_11_10 # 7278 # 7424 # -1 # ID=167_10;partial=00;start_type=ATG;rbs_motif=AGGA;rbs_spacer=5-10bp;gc_cont=0.483,100.0,88.2,48,8.370000000000002e-25,49,1,48,1,48,mobileOG_000330413,ecnB,ETJ37164.1,stability/transfer/defense,NA,Plasmid RefSeq,Homology,ratio3_Esch_coli_TUM20902_NODE_28_length_65565_cov_61.636742_8114-19280_ratio3_Esch_coli_TUM20902_NODE_28_length_65565_cov_61.636742_11_10, 7278 # 7424 # -1 , 7278,7424,-1 ,167_10,167,10,00,ATG,AGGA,5-10bp,0.483,ratio3_Esch_coli_TUM20902_NODE_28_length_65565_cov_61.636742_8114-19280_ratio3_Esch_coli_TUM20902_NODE_28_length_65565_cov_61.636742_11,mobileOG_000330413_ratio3_Esch_coli_TUM20902_NODE_28_length_65565_cov_61.636742_8114-19280_ratio3_Esch_coli_TUM20902_NODE_28_length_65565_cov_61.636742_11
59,mobileOG_000321643|ecnB|WP_000977757.1|stability/transfer/defense|NA|Plasmid RefSeq|Homology,ratio3_Esch_coli_TUM20902_NODE_28_length_65565_cov_61.636742_8114-19280_ratio3_Esch_coli_TUM20902_NODE_28_length_65565_cov_61.636742_11_11 # 7535 # 7660 # -1 # ID=167_11;partial=00;start_type=ATG;rbs_motif=GGA/GAG/AGG;rbs_spacer=5-10bp;gc_cont=0.500,97.6,77.8,41,7.08e-21,42,1,41,1,41,mobileOG_000321643,ecnB,WP_000977757.1,stability/transfer/defense,NA,Plasmid RefSeq,Homology,ratio3_Esch_coli_TUM20902_NODE_28_length_65565_cov_61.636742_8114-19280_ratio3_Esch_coli_TUM20902_NODE_28_length_65565_cov_61.636742_11_11, 7535 # 7660 # -1 , 7535,7660,-1 ,167_11,167,11,00,ATG,GGA/GAG/AGG,5-10bp,0.500,ratio3_Esch_coli_TUM20902_NODE_28_length_65565_cov_61.636742_8114-19280_ratio3_Esch_coli_TUM20902_NODE_28_length_65565_cov_61.636742_11,mobileOG_000321643_ratio3_Esch_coli_TUM20902_NODE_28_length_65565_cov_61.636742_8114-19280_ratio3_Esch_coli_TUM20902_NODE_28_length_65565_cov_61.636742_11
60,"mobileOG_000025715|ihfB|WP_002898165.1|integration/excision|regulation,lysis/lysogeny|Plasmid RefSeq|Manual",ratio3_Esch_coli_TUM20902_NODE_32_length_56141_cov_62.937792_24609-36357_ratio3_Esch_coli_TUM20902_NODE_32_length_56141_cov_62.937792_23_3 # 2209 # 2493 # 1 # ID=169_3;partial=00;start_type=ATG;rbs_motif=GGAGG;rbs_spacer=3-4bp;gc_cont=0.491,97.8,187.0,95,8.879999999999998e-63,95,1,93,1,93,mobileOG_000025715,ihfB,WP_002898165.1,integration/excision,"regulation,lysis/lysogeny",Plasmid RefSeq,Manual,ratio3_Esch_coli_TUM20902_NODE_32_length_56141_cov_62.937792_24609-36357_ratio3_Esch_coli_TUM20902_NODE_32_length_56141_cov_62.937792_23_3, 2209 # 2493 # 1 , 2209,2493,1 ,169_3,169,3,00,ATG,GGAGG,3-4bp,0.491,ratio3_Esch_coli_TUM20902_NODE_32_length_56141_cov_62.937792_24609-36357_ratio3_Esch_coli_TUM20902_NODE_32_length_56141_cov_62.937792_23,mobileOG_000025715_ratio3_Esch_coli_TUM20902_NODE_32_length_56141_cov_62.937792_24609-36357_ratio3_Esch_coli_TUM20902_NODE_32_length_56141_cov_62.937792_23
61,mobileOG_000064204|tnpA|WP_015344976.1|integration/excision|NA|Multiple|Homology,ratio3_unmapped_NODE_28_length_10018_cov_9.281843_1668-10018_ratio3_unmapped_NODE_28_length_10018_cov_9.281843_7_1 # 1 # 2601 # -1 # ID=181_1;partial=10;start_type=ATG;rbs_motif=GGA/GAG/AGG;rbs_spacer=5-10bp;gc_cont=0.631,100.0,1711.0,983,0.0,867,1,867,1,867,mobileOG_000064204,tnpA,WP_015344976.1,integration/excision,NA,Multiple,Homology,ratio3_unmapped_NODE_28_length_10018_cov_9.281843_1668-10018_ratio3_unmapped_NODE_28_length_10018_cov_9.281843_7_1, 1 # 2601 # -1 , 1,2601,-1 ,181_1,181,1,10,ATG,GGA/GAG/AGG,5-10bp,0.631,ratio3_unmapped_NODE_28_length_10018_cov_9.281843_1668-10018_ratio3_unmapped_NODE_28_length_10018_cov_9.281843_7,mobileOG_000064204_ratio3_unmapped_NODE_28_length_10018_cov_9.281843_1668-10018_ratio3_unmapped_NODE_28_length_10018_cov_9.281843_7
62,mobileOG_000001365|tnpR|P04130|integration/excision|NA|Multiple|Manual,ratio3_unmapped_NODE_28_length_10018_cov_9.281843_1668-10018_ratio3_unmapped_NODE_28_length_10018_cov_9.281843_7_2 # 2604 # 3164 # -1 # ID=181_2;partial=00;start_type=ATG;rbs_motif=GGA/GAG/AGG;rbs_spacer=5-10bp;gc_cont=0.581,100.0,353.0,186,1.5199999999999997e-125,187,1,186,1,186,mobileOG_000001365,tnpR,P04130,integration/excision,NA,Multiple,Manual,ratio3_unmapped_NODE_28_length_10018_cov_9.281843_1668-10018_ratio3_unmapped_NODE_28_length_10018_cov_9.281843_7_2, 2604 # 3164 # -1 , 2604,3164,-1 ,181_2,181,2,00,ATG,GGA/GAG/AGG,5-10bp,0.581,ratio3_unmapped_NODE_28_length_10018_cov_9.281843_1668-10018_ratio3_unmapped_NODE_28_length_10018_cov_9.281843_7,mobileOG_000001365_ratio3_unmapped_NODE_28_length_10018_cov_9.281843_1668-10018_ratio3_unmapped_NODE_28_length_10018_cov_9.281843_7
63,mobileOG_000001364|tnpM|P04162|integration/excision|NA|Multiple|Manual,ratio3_unmapped_NODE_28_length_10018_cov_9.281843_1668-10018_ratio3_unmapped_NODE_28_length_10018_cov_9.281843_7_3 # 3290 # 3640 # -1 # ID=181_3;partial=00;start_type=ATG;rbs_motif=None;rbs_spacer=None;gc_cont=0.635,100.0,250.0,116,4.109999999999999e-87,117,1,116,1,116,mobileOG_000001364,tnpM,P04162,integration/excision,NA,Multiple,Manual,ratio3_unmapped_NODE_28_length_10018_cov_9.281843_1668-10018_ratio3_unmapped_NODE_28_length_10018_cov_9.281843_7_3, 3290 # 3640 # -1 , 3290,3640,-1 ,181_3,181,3,00,ATG,None,None,0.635,ratio3_unmapped_NODE_28_length_10018_cov_9.281843_1668-10018_ratio3_unmapped_NODE_28_length_10018_cov_9.281843_7,mobileOG_000001364_ratio3_unmapped_NODE_28_length_10018_cov_9.281843_1668-10018_ratio3_unmapped_NODE_28_length_10018_cov_9.281843_7
64,mobileOG_000033487|int|WP_000845039.1|integration/excision|NA|Multiple|Homology,ratio3_unmapped_NODE_28_length_10018_cov_9.281843_1668-10018_ratio3_unmapped_NODE_28_length_10018_cov_9.281843_7_4 # 3843 # 4856 # -1 # ID=181_4;partial=00;start_type=ATG;rbs_motif=None;rbs_spacer=None;gc_cont=0.612,100.0,687.0,337,8.179999999999993e-253,338,1,337,1,337,mobileOG_000033487,int,WP_000845039.1,integration/excision,NA,Multiple,Homology,ratio3_unmapped_NODE_28_length_10018_cov_9.281843_1668-10018_ratio3_unmapped_NODE_28_length_10018_cov_9.281843_7_4, 3843 # 4856 # -1 , 3843,4856,-1 ,181_4,181,4,00,ATG,None,None,0.612,ratio3_unmapped_NODE_28_length_10018_cov_9.281843_1668-10018_ratio3_unmapped_NODE_28_length_10018_cov_9.281843_7,mobileOG_000033487_ratio3_unmapped_NODE_28_length_10018_cov_9.281843_1668-10018_ratio3_unmapped_NODE_28_length_10018_cov_9.281843_7
65,mobileOG_000064204|tnpA|WP_015344976.1|integration/excision|NA|Multiple|Homology,ratio3_unmapped_NODE_28_length_10018_cov_9.281843_2585-10018_ratio3_unmapped_NODE_28_length_10018_cov_9.281843_8_1 # 2 # 1684 # -1 # ID=182_1;partial=10;start_type=ATG;rbs_motif=GGA/GAG/AGG;rbs_spacer=5-10bp;gc_cont=0.636,100.0,1093.0,983,0.0,561,1,561,1,561,mobileOG_000064204,tnpA,WP_015344976.1,integration/excision,NA,Multiple,Homology,ratio3_unmapped_NODE_28_length_10018_cov_9.281843_2585-10018_ratio3_unmapped_NODE_28_length_10018_cov_9.281843_8_1, 2 # 1684 # -1 , 2,1684,-1 ,182_1,182,1,10,ATG,GGA/GAG/AGG,5-10bp,0.636,ratio3_unmapped_NODE_28_length_10018_cov_9.281843_2585-10018_ratio3_unmapped_NODE_28_length_10018_cov_9.281843_8,mobileOG_000064204_ratio3_unmapped_NODE_28_length_10018_cov_9.281843_2585-10018_ratio3_unmapped_NODE_28_length_10018_cov_9.281843_8
66,mobileOG_000001365|tnpR|P04130|integration/excision|NA|Multiple|Manual,ratio3_unmapped_NODE_28_length_10018_cov_9.281843_2585-10018_ratio3_unmapped_NODE_28_length_10018_cov_9.281843_8_2 # 1687 # 2247 # -1 # ID=182_2;partial=00;start_type=ATG;rbs_motif=GGA/GAG/AGG;rbs_spacer=5-10bp;gc_cont=0.581,100.0,353.0,186,1.5199999999999997e-125,187,1,186,1,186,mobileOG_000001365,tnpR,P04130,integration/excision,NA,Multiple,Manual,ratio3_unmapped_NODE_28_length_10018_cov_9.281843_2585-10018_ratio3_unmapped_NODE_28_length_10018_cov_9.281843_8_2, 1687 # 2247 # -1 , 1687,2247,-1 ,182_2,182,2,00,ATG,GGA/GAG/AGG,5-10bp,0.581,ratio3_unmapped_NODE_28_length_10018_cov_9.281843_2585-10018_ratio3_unmapped_NODE_28_length_10018_cov_9.281843_8,mobileOG_000001365_ratio3_unmapped_NODE_28_length_10018_cov_9.281843_2585-10018_ratio3_unmapped_NODE_28_length_10018_cov_9.281843_8
67,mobileOG_000001364|tnpM|P04162|integration/excision|NA|Multiple|Manual,ratio3_unmapped_NODE_28_length_10018_cov_9.281843_2585-10018_ratio3_unmapped_NODE_28_length_10018_cov_9.281843_8_3 # 2373 # 2723 # -1 # ID=182_3;partial=00;start_type=ATG;rbs_motif=None;rbs_spacer=None;gc_cont=0.635,100.0,250.0,116,4.109999999999999e-87,117,1,116,1,116,mobileOG_000001364,tnpM,P04162,integration/excision,NA,Multiple,Manual,ratio3_unmapped_NODE_28_length_10018_cov_9.281843_2585-10018_ratio3_unmapped_NODE_28_length_10018_cov_9.281843_8_3, 2373 # 2723 # -1 , 2373,2723,-1 ,182_3,182,3,00,ATG,None,None,0.635,ratio3_unmapped_NODE_28_length_10018_cov_9.281843_2585-10018_ratio3_unmapped_NODE_28_length_10018_cov_9.281843_8,mobileOG_000001364_ratio3_unmapped_NODE_28_length_10018_cov_9.281843_2585-10018_ratio3_unmapped_NODE_28_length_10018_cov_9.281843_8
68,mobileOG_000033487|int|WP_000845039.1|integration/excision|NA|Multiple|Homology,ratio3_unmapped_NODE_28_length_10018_cov_9.281843_2585-10018_ratio3_unmapped_NODE_28_length_10018_cov_9.281843_8_4 # 2926 # 3939 # -1 # ID=182_4;partial=00;start_type=ATG;rbs_motif=None;rbs_spacer=None;gc_cont=0.612,100.0,687.0,337,8.179999999999993e-253,338,1,337,1,337,mobileOG_000033487,int,WP_000845039.1,integration/excision,NA,Multiple,Homology,ratio3_unmapped_NODE_28_length_10018_cov_9.281843_2585-10018_ratio3_unmapped_NODE_28_length_10018_cov_9.281843_8_4, 2926 # 3939 # -1 , 2926,3939,-1 ,182_4,182,4,00,ATG,None,None,0.612,ratio3_unmapped_NODE_28_length_10018_cov_9.281843_2585-10018_ratio3_unmapped_NODE_28_length_10018_cov_9.281843_8,mobileOG_000033487_ratio3_unmapped_NODE_28_length_10018_cov_9.281843_2585-10018_ratio3_unmapped_NODE_28_length_10018_cov_9.281843_8
69,mobileOG_000061115|tnpA|A0A0Q0Z271|integration/excision|NA|COMPASS|Homology,ratio3_unmapped_NODE_28_length_10018_cov_9.281843_3626-10018_ratio3_unmapped_NODE_28_length_10018_cov_9.281843_9_1 # 2 # 643 # -1 # ID=183_1;partial=10;start_type=ATG;rbs_motif=GGA/GAG/AGG;rbs_spacer=5-10bp;gc_cont=0.650,100.0,417.0,271,3.2999999999999993e-149,214,1,214,1,214,mobileOG_000061115,tnpA,A0A0Q0Z271,integration/excision,NA,COMPASS,Homology,ratio3_unmapped_NODE_28_length_10018_cov_9.281843_3626-10018_ratio3_unmapped_NODE_28_length_10018_cov_9.281843_9_1, 2 # 643 # -1 , 2,643,-1 ,183_1,183,1,10,ATG,GGA/GAG/AGG,5-10bp,0.650,ratio3_unmapped_NODE_28_length_10018_cov_9.281843_3626-10018_ratio3_unmapped_NODE_28_length_10018_cov_9.281843_9,mobileOG_000061115_ratio3_unmapped_NODE_28_length_10018_cov_9.281843_3626-10018_ratio3_unmapped_NODE_28_length_10018_cov_9.281843_9
70,mobileOG_000001365|tnpR|P04130|integration/excision|NA|Multiple|Manual,ratio3_unmapped_NODE_28_length_10018_cov_9.281843_3626-10018_ratio3_unmapped_NODE_28_length_10018_cov_9.281843_9_2 # 646 # 1206 # -1 # ID=183_2;partial=00;start_type=ATG;rbs_motif=GGA/GAG/AGG;rbs_spacer=5-10bp;gc_cont=0.581,100.0,353.0,186,1.5199999999999997e-125,187,1,186,1,186,mobileOG_000001365,tnpR,P04130,integration/excision,NA,Multiple,Manual,ratio3_unmapped_NODE_28_length_10018_cov_9.281843_3626-10018_ratio3_unmapped_NODE_28_length_10018_cov_9.281843_9_2, 646 # 1206 # -1 , 646,1206,-1 ,183_2,183,2,00,ATG,GGA/GAG/AGG,5-10bp,0.581,ratio3_unmapped_NODE_28_length_10018_cov_9.281843_3626-10018_ratio3_unmapped_NODE_28_length_10018_cov_9.281843_9,mobileOG_000001365_ratio3_unmapped_NODE_28_length_10018_cov_9.281843_3626-10018_ratio3_unmapped_NODE_28_length_10018_cov_9.281843_9
71,mobileOG_000001702|tnpM|P04162|integration/excision|NA|Multiple|Manual,ratio3_unmapped_NODE_28_length_10018_cov_9.281843_3626-10018_ratio3_unmapped_NODE_28_length_10018_cov_9.281843_9_3 # 1332 # 1832 # -1 # ID=183_3;partial=00;start_type=GTG;rbs_motif=GGA/GAG/AGG;rbs_spacer=5-10bp;gc_cont=0.633,99.4,340.0,194,9.579999999999998e-121,167,29,194,1,166,mobileOG_000001702,tnpM,P04162,integration/excision,NA,Multiple,Manual,ratio3_unmapped_NODE_28_length_10018_cov_9.281843_3626-10018_ratio3_unmapped_NODE_28_length_10018_cov_9.281843_9_3, 1332 # 1832 # -1 , 1332,1832,-1 ,183_3,183,3,00,GTG,GGA/GAG/AGG,5-10bp,0.633,ratio3_unmapped_NODE_28_length_10018_cov_9.281843_3626-10018_ratio3_unmapped_NODE_28_length_10018_cov_9.281843_9,mobileOG_000001702_ratio3_unmapped_NODE_28_length_10018_cov_9.281843_3626-10018_ratio3_unmapped_NODE_28_length_10018_cov_9.281843_9
72,mobileOG_000033487|int|WP_000845039.1|integration/excision|NA|Multiple|Homology,ratio3_unmapped_NODE_28_length_10018_cov_9.281843_3626-10018_ratio3_unmapped_NODE_28_length_10018_cov_9.281843_9_4 # 1885 # 2898 # -1 # ID=183_4;partial=00;start_type=ATG;rbs_motif=None;rbs_spacer=None;gc_cont=0.612,100.0,687.0,337,8.179999999999993e-253,338,1,337,1,337,mobileOG_000033487,int,WP_000845039.1,integration/excision,NA,Multiple,Homology,ratio3_unmapped_NODE_28_length_10018_cov_9.281843_3626-10018_ratio3_unmapped_NODE_28_length_10018_cov_9.281843_9_4, 1885 # 2898 # -1 , 1885,2898,-1 ,183_4,183,4,00,ATG,None,None,0.612,ratio3_unmapped_NODE_28_length_10018_cov_9.281843_3626-10018_ratio3_unmapped_NODE_28_length_10018_cov_9.281843_9,mobileOG_000033487_ratio3_unmapped_NODE_28_length_10018_cov_9.281843_3626-10018_ratio3_unmapped_NODE_28_length_10018_cov_9.281843_9
73,mobileOG_000059551|tnpA|WP_012478345.1|integration/excision|NA|Multiple|Homology,ratio3_unmapped_NODE_69_length_5903_cov_7.409884_1-5903_ratio3_unmapped_NODE_69_length_5903_cov_7.409884_3_2 # 742 # 1665 # 1 # ID=184_2;partial=00;start_type=ATG;rbs_motif=GGA/GAG/AGG;rbs_spacer=5-10bp;gc_cont=0.430,100.0,605.0,307,2.339999999999999e-221,308,1,307,1,307,mobileOG_000059551,tnpA,WP_012478345.1,integration/excision,NA,Multiple,Homology,ratio3_unmapped_NODE_69_length_5903_cov_7.409884_1-5903_ratio3_unmapped_NODE_69_length_5903_cov_7.409884_3_2, 742 # 1665 # 1 , 742,1665,1 ,184_2,184,2,00,ATG,GGA/GAG/AGG,5-10bp,0.430,ratio3_unmapped_NODE_69_length_5903_cov_7.409884_1-5903_ratio3_unmapped_NODE_69_length_5903_cov_7.409884_3,mobileOG_000059551_ratio3_unmapped_NODE_69_length_5903_cov_7.409884_1-5903_ratio3_unmapped_NODE_69_length_5903_cov_7.409884_3
74,mobileOG_000059553|NGR_a00240|WP_000125669.1|integration/excision|NA|Multiple|Homology,ratio3_unmapped_NODE_69_length_5903_cov_7.409884_1-5903_ratio3_unmapped_NODE_69_length_5903_cov_7.409884_3_5 # 4307 # 5713 # -1 # ID=184_5;partial=00;start_type=ATG;rbs_motif=AGGA;rbs_spacer=5-10bp;gc_cont=0.510,99.8,922.0,468,0.0,469,1,468,1,468,mobileOG_000059553,NGR_a00240,WP_000125669.1,integration/excision,NA,Multiple,Homology,ratio3_unmapped_NODE_69_length_5903_cov_7.409884_1-5903_ratio3_unmapped_NODE_69_length_5903_cov_7.409884_3_5, 4307 # 5713 # -1 , 4307,5713,-1 ,184_5,184,5,00,ATG,AGGA,5-10bp,0.510,ratio3_unmapped_NODE_69_length_5903_cov_7.409884_1-5903_ratio3_unmapped_NODE_69_length_5903_cov_7.409884_3,mobileOG_000059553_ratio3_unmapped_NODE_69_length_5903_cov_7.409884_1-5903_ratio3_unmapped_NODE_69_length_5903_cov_7.409884_3
75,mobileOG_000269840|tnpA|WP_001398206.1|integration/excision|NA|ICE|Homology,ratio3_unmapped_NODE_92_length_5037_cov_57.118226_1-5037_ratio3_unmapped_NODE_92_length_5037_cov_57.118226_5_1 # 2 # 2797 # 1 # ID=187_1;partial=10;start_type=Edge;rbs_motif=None;rbs_spacer=None;gc_cont=0.518,100.0,1837.0,1044,0.0,932,114,1044,1,931,mobileOG_000269840,tnpA,WP_001398206.1,integration/excision,NA,ICE,Homology,ratio3_unmapped_NODE_92_length_5037_cov_57.118226_1-5037_ratio3_unmapped_NODE_92_length_5037_cov_57.118226_5_1, 2 # 2797 # 1 , 2,2797,1 ,187_1,187,1,10,Edge,None,None,0.518,ratio3_unmapped_NODE_92_length_5037_cov_57.118226_1-5037_ratio3_unmapped_NODE_92_length_5037_cov_57.118226_5,mobileOG_000269840_ratio3_unmapped_NODE_92_length_5037_cov_57.118226_1-5037_ratio3_unmapped_NODE_92_length_5037_cov_57.118226_5
76,mobileOG_000056778|insC1|WP_001459498.1|integration/excision|NA|COMPASS|Homology,ratio3_unmapped_NODE_92_length_5037_cov_57.118226_1-5037_ratio3_unmapped_NODE_92_length_5037_cov_57.118226_5_3 # 3691 # 3882 # -1 # ID=187_3;partial=00;start_type=ATG;rbs_motif=4Base/6BMM;rbs_spacer=13-15bp;gc_cont=0.479,100.0,127.0,63,4.32e-40,64,1,63,1,63,mobileOG_000056778,insC1,WP_001459498.1,integration/excision,NA,COMPASS,Homology,ratio3_unmapped_NODE_92_length_5037_cov_57.118226_1-5037_ratio3_unmapped_NODE_92_length_5037_cov_57.118226_5_3, 3691 # 3882 # -1 , 3691,3882,-1 ,187_3,187,3,00,ATG,4Base/6BMM,13-15bp,0.479,ratio3_unmapped_NODE_92_length_5037_cov_57.118226_1-5037_ratio3_unmapped_NODE_92_length_5037_cov_57.118226_5,mobileOG_000056778_ratio3_unmapped_NODE_92_length_5037_cov_57.118226_1-5037_ratio3_unmapped_NODE_92_length_5037_cov_57.118226_5
77,mobileOG_000037312|tnpR|WP_001235713.1|integration/excision|NA|Multiple|Homology,ratio3_unmapped_NODE_127_length_3981_cov_6.802089_1-3981_ratio3_unmapped_NODE_127_length_3981_cov_6.802089_1_4 # 2997 # 3554 # -1 # ID=188_4;partial=00;start_type=ATG;rbs_motif=GGA/GAG/AGG;rbs_spacer=5-10bp;gc_cont=0.523,100.0,348.0,185,1.3499999999999997e-123,186,1,185,1,185,mobileOG_000037312,tnpR,WP_001235713.1,integration/excision,NA,Multiple,Homology,ratio3_unmapped_NODE_127_length_3981_cov_6.802089_1-3981_ratio3_unmapped_NODE_127_length_3981_cov_6.802089_1_4, 2997 # 3554 # -1 , 2997,3554,-1 ,188_4,188,4,00,ATG,GGA/GAG/AGG,5-10bp,0.523,ratio3_unmapped_NODE_127_length_3981_cov_6.802089_1-3981_ratio3_unmapped_NODE_127_length_3981_cov_6.802089_1,mobileOG_000037312_ratio3_unmapped_NODE_127_length_3981_cov_6.802089_1-3981_ratio3_unmapped_NODE_127_length_3981_cov_6.802089_1
78,mobileOG_000375359|tnpA|WP_013307854.1|integration/excision|NA|Plasmid RefSeq|Homology,ratio3_unmapped_NODE_127_length_3981_cov_6.802089_1-3981_ratio3_unmapped_NODE_127_length_3981_cov_6.802089_1_5 # 3718 # 3981 # 1 # ID=188_5;partial=01;start_type=ATG;rbs_motif=GGAGG;rbs_spacer=5-10bp;gc_cont=0.500,100.0,185.0,95,3.8399999999999992e-62,88,1,88,1,88,mobileOG_000375359,tnpA,WP_013307854.1,integration/excision,NA,Plasmid RefSeq,Homology,ratio3_unmapped_NODE_127_length_3981_cov_6.802089_1-3981_ratio3_unmapped_NODE_127_length_3981_cov_6.802089_1_5, 3718 # 3981 # 1 , 3718,3981,1 ,188_5,188,5,01,ATG,GGAGG,5-10bp,0.500,ratio3_unmapped_NODE_127_length_3981_cov_6.802089_1-3981_ratio3_unmapped_NODE_127_length_3981_cov_6.802089_1,mobileOG_000375359_ratio3_unmapped_NODE_127_length_3981_cov_6.802089_1-3981_ratio3_unmapped_NODE_127_length_3981_cov_6.802089_1
79,mobileOG_000037312|tnpR|WP_001235713.1|integration/excision|NA|Multiple|Homology,ratio3_unmapped_NODE_127_length_3981_cov_6.802089_1-3981_ratio3_unmapped_NODE_127_length_3981_cov_6.802089_2_4 # 2997 # 3554 # -1 # ID=189_4;partial=00;start_type=ATG;rbs_motif=GGA/GAG/AGG;rbs_spacer=5-10bp;gc_cont=0.523,100.0,348.0,185,1.3499999999999997e-123,186,1,185,1,185,mobileOG_000037312,tnpR,WP_001235713.1,integration/excision,NA,Multiple,Homology,ratio3_unmapped_NODE_127_length_3981_cov_6.802089_1-3981_ratio3_unmapped_NODE_127_length_3981_cov_6.802089_2_4, 2997 # 3554 # -1 , 2997,3554,-1 ,189_4,189,4,00,ATG,GGA/GAG/AGG,5-10bp,0.523,ratio3_unmapped_NODE_127_length_3981_cov_6.802089_1-3981_ratio3_unmapped_NODE_127_length_3981_cov_6.802089_2,mobileOG_000037312_ratio3_unmapped_NODE_127_length_3981_cov_6.802089_1-3981_ratio3_unmapped_NODE_127_length_3981_cov_6.802089_2
80,mobileOG_000375359|tnpA|WP_013307854.1|integration/excision|NA|Plasmid RefSeq|Homology,ratio3_unmapped_NODE_127_length_3981_cov_6.802089_1-3981_ratio3_unmapped_NODE_127_length_3981_cov_6.802089_2_5 # 3718 # 3981 # 1 # ID=189_5;partial=01;start_type=ATG;rbs_motif=GGAGG;rbs_spacer=5-10bp;gc_cont=0.500,100.0,185.0,95,3.8399999999999992e-62,88,1,88,1,88,mobileOG_000375359,tnpA,WP_013307854.1,integration/excision,NA,Plasmid RefSeq,Homology,ratio3_unmapped_NODE_127_length_3981_cov_6.802089_1-3981_ratio3_unmapped_NODE_127_length_3981_cov_6.802089_2_5, 3718 # 3981 # 1 , 3718,3981,1 ,189_5,189,5,01,ATG,GGAGG,5-10bp,0.500,ratio3_unmapped_NODE_127_length_3981_cov_6.802089_1-3981_ratio3_unmapped_NODE_127_length_3981_cov_6.802089_2,mobileOG_000375359_ratio3_unmapped_NODE_127_length_3981_cov_6.802089_1-3981_ratio3_unmapped_NODE_127_length_3981_cov_6.802089_2
81,mobileOG_000037312|tnpR|WP_001235713.1|integration/excision|NA|Multiple|Homology,ratio3_unmapped_NODE_127_length_3981_cov_6.802089_1-3981_ratio3_unmapped_NODE_127_length_3981_cov_6.802089_3_4 # 2997 # 3554 # -1 # ID=190_4;partial=00;start_type=ATG;rbs_motif=GGA/GAG/AGG;rbs_spacer=5-10bp;gc_cont=0.523,100.0,348.0,185,1.3499999999999997e-123,186,1,185,1,185,mobileOG_000037312,tnpR,WP_001235713.1,integration/excision,NA,Multiple,Homology,ratio3_unmapped_NODE_127_length_3981_cov_6.802089_1-3981_ratio3_unmapped_NODE_127_length_3981_cov_6.802089_3_4, 2997 # 3554 # -1 , 2997,3554,-1 ,190_4,190,4,00,ATG,GGA/GAG/AGG,5-10bp,0.523,ratio3_unmapped_NODE_127_length_3981_cov_6.802089_1-3981_ratio3_unmapped_NODE_127_length_3981_cov_6.802089_3,mobileOG_000037312_ratio3_unmapped_NODE_127_length_3981_cov_6.802089_1-3981_ratio3_unmapped_NODE_127_length_3981_cov_6.802089_3
82,mobileOG_000375359|tnpA|WP_013307854.1|integration/excision|NA|Plasmid RefSeq|Homology,ratio3_unmapped_NODE_127_length_3981_cov_6.802089_1-3981_ratio3_unmapped_NODE_127_length_3981_cov_6.802089_3_5 # 3718 # 3981 # 1 # ID=190_5;partial=01;start_type=ATG;rbs_motif=GGAGG;rbs_spacer=5-10bp;gc_cont=0.500,100.0,185.0,95,3.8399999999999992e-62,88,1,88,1,88,mobileOG_000375359,tnpA,WP_013307854.1,integration/excision,NA,Plasmid RefSeq,Homology,ratio3_unmapped_NODE_127_length_3981_cov_6.802089_1-3981_ratio3_unmapped_NODE_127_length_3981_cov_6.802089_3_5, 3718 # 3981 # 1 , 3718,3981,1 ,190_5,190,5,01,ATG,GGAGG,5-10bp,0.500,ratio3_unmapped_NODE_127_length_3981_cov_6.802089_1-3981_ratio3_unmapped_NODE_127_length_3981_cov_6.802089_3,mobileOG_000375359_ratio3_unmapped_NODE_127_length_3981_cov_6.802089_1-3981_ratio3_unmapped_NODE_127_length_3981_cov_6.802089_3
83,mobileOG_000035646|tnpA|WP_000608644.1|integration/excision|NA|Multiple|Homology,ratio3_unmapped_NODE_132_length_3933_cov_25.095410_1-3933_ratio3_unmapped_NODE_132_length_3933_cov_25.095410_2_4 # 1578 # 2840 # -1 # ID=191_4;partial=00;start_type=ATG;rbs_motif=GGA/GAG/AGG;rbs_spacer=5-10bp;gc_cont=0.340,100.0,823.0,420,1.689999999999999e-303,421,1,420,1,420,mobileOG_000035646,tnpA,WP_000608644.1,integration/excision,NA,Multiple,Homology,ratio3_unmapped_NODE_132_length_3933_cov_25.095410_1-3933_ratio3_unmapped_NODE_132_length_3933_cov_25.095410_2_4, 1578 # 2840 # -1 , 1578,2840,-1 ,191_4,191,4,00,ATG,GGA/GAG/AGG,5-10bp,0.340,ratio3_unmapped_NODE_132_length_3933_cov_25.095410_1-3933_ratio3_unmapped_NODE_132_length_3933_cov_25.095410_2,mobileOG_000035646_ratio3_unmapped_NODE_132_length_3933_cov_25.095410_1-3933_ratio3_unmapped_NODE_132_length_3933_cov_25.095410_2
84,mobileOG_000062109|tnpA|WP_109138279.1|integration/excision|NA|Multiple|Homology,ratio3_unmapped_NODE_185_length_3063_cov_34.845745_1-3063_ratio3_unmapped_NODE_185_length_3063_cov_34.845745_2_4 # 2743 # 2985 # -1 # ID=194_4;partial=00;start_type=GTG;rbs_motif=GGA/GAG/AGG;rbs_spacer=5-10bp;gc_cont=0.716,98.7,143.0,198,3.8700000000000003e-44,81,123,198,5,80,mobileOG_000062109,tnpA,WP_109138279.1,integration/excision,NA,Multiple,Homology,ratio3_unmapped_NODE_185_length_3063_cov_34.845745_1-3063_ratio3_unmapped_NODE_185_length_3063_cov_34.845745_2_4, 2743 # 2985 # -1 , 2743,2985,-1 ,194_4,194,4,00,GTG,GGA/GAG/AGG,5-10bp,0.716,ratio3_unmapped_NODE_185_length_3063_cov_34.845745_1-3063_ratio3_unmapped_NODE_185_length_3063_cov_34.845745_2,mobileOG_000062109_ratio3_unmapped_NODE_185_length_3063_cov_34.845745_1-3063_ratio3_unmapped_NODE_185_length_3063_cov_34.845745_2
85,"mobileOG_000025806|cca|J7Q9S8|phage|regulation,infection|Multiple|Manual",ratio3_unmapped_NODE_283_length_2280_cov_7.148764_1-2280_ratio3_unmapped_NODE_283_length_2280_cov_7.148764_3_2 # 337 # 1575 # 1 # ID=197_2;partial=00;start_type=GTG;rbs_motif=GGA/GAG/AGG;rbs_spacer=5-10bp;gc_cont=0.563,100.0,842.0,412,3.06e-311,413,1,412,1,412,mobileOG_000025806,cca,J7Q9S8,phage,"regulation,infection",Multiple,Manual,ratio3_unmapped_NODE_283_length_2280_cov_7.148764_1-2280_ratio3_unmapped_NODE_283_length_2280_cov_7.148764_3_2, 337 # 1575 # 1 , 337,1575,1 ,197_2,197,2,00,GTG,GGA/GAG/AGG,5-10bp,0.563,ratio3_unmapped_NODE_283_length_2280_cov_7.148764_1-2280_ratio3_unmapped_NODE_283_length_2280_cov_7.148764_3,mobileOG_000025806_ratio3_unmapped_NODE_283_length_2280_cov_7.148764_1-2280_ratio3_unmapped_NODE_283_length_2280_cov_7.148764_3
86,mobileOG_000012594|fis|WP_000462905.1|integration/excision|replication/recombination/repair|GPD|Manual,ratio3_unmapped_NODE_400_length_1799_cov_3.271216_1-1799_ratio3_unmapped_NODE_400_length_1799_cov_3.271216_4_1 # 2 # 241 # 1 # ID=203_1;partial=10;start_type=Edge;rbs_motif=None;rbs_spacer=None;gc_cont=0.479,100.0,154.0,93,8.409999999999999e-50,80,15,93,1,79,mobileOG_000012594,fis,WP_000462905.1,integration/excision,replication/recombination/repair,GPD,Manual,ratio3_unmapped_NODE_400_length_1799_cov_3.271216_1-1799_ratio3_unmapped_NODE_400_length_1799_cov_3.271216_4_1, 2 # 241 # 1 , 2,241,1 ,203_1,203,1,10,Edge,None,None,0.479,ratio3_unmapped_NODE_400_length_1799_cov_3.271216_1-1799_ratio3_unmapped_NODE_400_length_1799_cov_3.271216_4,mobileOG_000012594_ratio3_unmapped_NODE_400_length_1799_cov_3.271216_1-1799_ratio3_unmapped_NODE_400_length_1799_cov_3.271216_4
87,mobileOG_000333812|alkB|WP_000884953.1|replication/recombination/repair|NA|Plasmid RefSeq|Homology,ratio3_unmapped_NODE_535_length_1485_cov_3.245455_1-1485_ratio3_unmapped_NODE_535_length_1485_cov_3.245455_3_2 # 585 # 1235 # 1 # ID=206_2;partial=00;start_type=ATG;rbs_motif=AGGAG;rbs_spacer=5-10bp;gc_cont=0.525,99.1,454.0,216,1.6899999999999993e-164,217,1,216,1,216,mobileOG_000333812,alkB,WP_000884953.1,replication/recombination/repair,NA,Plasmid RefSeq,Homology,ratio3_unmapped_NODE_535_length_1485_cov_3.245455_1-1485_ratio3_unmapped_NODE_535_length_1485_cov_3.245455_3_2, 585 # 1235 # 1 , 585,1235,1 ,206_2,206,2,00,ATG,AGGAG,5-10bp,0.525,ratio3_unmapped_NODE_535_length_1485_cov_3.245455_1-1485_ratio3_unmapped_NODE_535_length_1485_cov_3.245455_3,mobileOG_000333812_ratio3_unmapped_NODE_535_length_1485_cov_3.245455_1-1485_ratio3_unmapped_NODE_535_length_1485_cov_3.245455_3
,Sequence Title,Query Title,Pident,Bitscore,Subject Sequence Length,e-value,Query Sequence Length,Start of Alignment in Subject,End of Alignment in Query,Start of Alignment in Query,End of Alignment in Query,mobileOG ID,Gene Name,Best Hit Accession ID,Major mobileOG Category,Minor mobileOG Category,Source Database,Evidence Type,Contig/ORF Name,ORF_Start_Stop_Strands,ORF_Start,ORF_End,Sense or Antisense Strand,Prodigal ID,Prodigal Designated Contigs,Unique_ORF,Partial Tag,Start Codon,RBS Motif,RBS Spacer,GC Content,Specific Contig,Final Sample Name
0,mobileOG_000038749|NA|NA|integration/excision|NA|Multiple|Homology,ratio4_Esch_coli_14EC033_NODE_32_length_16502_cov_117.884964_1-6222_ratio4_Esch_coli_14EC033_NODE_32_length_16502_cov_117.884964_1_4 # 2848 # 3225 # -1 # ID=3_4;partial=00;start_type=ATG;rbs_motif=None;rbs_spacer=None;gc_cont=0.540,100.0,257.0,125,1.4400000000000001e-89,126,1,125,1,125,mobileOG_000038749,NA,NA,integration/excision,NA,Multiple,Homology,ratio4_Esch_coli_14EC033_NODE_32_length_16502_cov_117.884964_1-6222_ratio4_Esch_coli_14EC033_NODE_32_length_16502_cov_117.884964_1_4, 2848 # 3225 # -1 , 2848,3225,-1 ,3_4,3,4,00,ATG,None,None,0.540,ratio4_Esch_coli_14EC033_NODE_32_length_16502_cov_117.884964_1-6222_ratio4_Esch_coli_14EC033_NODE_32_length_16502_cov_117.884964_1,mobileOG_000038749_ratio4_Esch_coli_14EC033_NODE_32_length_16502_cov_117.884964_1-6222_ratio4_Esch_coli_14EC033_NODE_32_length_16502_cov_117.884964_1
1,mobileOG_000001273|insA8|P0CF13|integration/excision|NA|Multiple|Manual,ratio4_Esch_coli_14EC033_NODE_32_length_16502_cov_117.884964_1-6222_ratio4_Esch_coli_14EC033_NODE_32_length_16502_cov_117.884964_1_5 # 3270 # 3545 # -1 # ID=3_5;partial=00;start_type=GTG;rbs_motif=GGAG/GAGG;rbs_spacer=5-10bp;gc_cont=0.525,100.0,189.0,91,1.6999999999999997e-63,92,1,91,1,91,mobileOG_000001273,insA8,P0CF13,integration/excision,NA,Multiple,Manual,ratio4_Esch_coli_14EC033_NODE_32_length_16502_cov_117.884964_1-6222_ratio4_Esch_coli_14EC033_NODE_32_length_16502_cov_117.884964_1_5, 3270 # 3545 # -1 , 3270,3545,-1 ,3_5,3,5,00,GTG,GGAG/GAGG,5-10bp,0.525,ratio4_Esch_coli_14EC033_NODE_32_length_16502_cov_117.884964_1-6222_ratio4_Esch_coli_14EC033_NODE_32_length_16502_cov_117.884964_1,mobileOG_000001273_ratio4_Esch_coli_14EC033_NODE_32_length_16502_cov_117.884964_1-6222_ratio4_Esch_coli_14EC033_NODE_32_length_16502_cov_117.884964_1
2,mobileOG_000038749|NA|NA|integration/excision|NA|Multiple|Homology,ratio4_Esch_coli_14EC033_NODE_32_length_16502_cov_117.884964_1-7253_ratio4_Esch_coli_14EC033_NODE_32_length_16502_cov_117.884964_2_4 # 2848 # 3225 # -1 # ID=4_4;partial=00;start_type=ATG;rbs_motif=None;rbs_spacer=None;gc_cont=0.540,100.0,257.0,125,1.4400000000000001e-89,126,1,125,1,125,mobileOG_000038749,NA,NA,integration/excision,NA,Multiple,Homology,ratio4_Esch_coli_14EC033_NODE_32_length_16502_cov_117.884964_1-7253_ratio4_Esch_coli_14EC033_NODE_32_length_16502_cov_117.884964_2_4, 2848 # 3225 # -1 , 2848,3225,-1 ,4_4,4,4,00,ATG,None,None,0.540,ratio4_Esch_coli_14EC033_NODE_32_length_16502_cov_117.884964_1-7253_ratio4_Esch_coli_14EC033_NODE_32_length_16502_cov_117.884964_2,mobileOG_000038749_ratio4_Esch_coli_14EC033_NODE_32_length_16502_cov_117.884964_1-7253_ratio4_Esch_coli_14EC033_NODE_32_length_16502_cov_117.884964_2
3,mobileOG_000001273|insA8|P0CF13|integration/excision|NA|Multiple|Manual,ratio4_Esch_coli_14EC033_NODE_32_length_16502_cov_117.884964_1-7253_ratio4_Esch_coli_14EC033_NODE_32_length_16502_cov_117.884964_2_5 # 3270 # 3545 # -1 # ID=4_5;partial=00;start_type=GTG;rbs_motif=GGAG/GAGG;rbs_spacer=5-10bp;gc_cont=0.525,100.0,189.0,91,1.6999999999999997e-63,92,1,91,1,91,mobileOG_000001273,insA8,P0CF13,integration/excision,NA,Multiple,Manual,ratio4_Esch_coli_14EC033_NODE_32_length_16502_cov_117.884964_1-7253_ratio4_Esch_coli_14EC033_NODE_32_length_16502_cov_117.884964_2_5, 3270 # 3545 # -1 , 3270,3545,-1 ,4_5,4,5,00,GTG,GGAG/GAGG,5-10bp,0.525,ratio4_Esch_coli_14EC033_NODE_32_length_16502_cov_117.884964_1-7253_ratio4_Esch_coli_14EC033_NODE_32_length_16502_cov_117.884964_2,mobileOG_000001273_ratio4_Esch_coli_14EC033_NODE_32_length_16502_cov_117.884964_1-7253_ratio4_Esch_coli_14EC033_NODE_32_length_16502_cov_117.884964_2
4,mobileOG_000026107|parE|P20083|replication/recombination/repair|partitioning|Multiple|Manual,ratio4_Esch_coli_14EC033_NODE_85_length_11127_cov_59.815932_765-11127_ratio4_Esch_coli_14EC033_NODE_85_length_11127_cov_59.815932_9_12 # 9201 # 10361 # 1 # ID=14_12;partial=01;start_type=ATG;rbs_motif=None;rbs_spacer=None;gc_cont=0.537,100.0,783.0,630,3.5399999999999986e-285,387,1,387,1,387,mobileOG_000026107,parE,P20083,replication/recombination/repair,partitioning,Multiple,Manual,ratio4_Esch_coli_14EC033_NODE_85_length_11127_cov_59.815932_765-11127_ratio4_Esch_coli_14EC033_NODE_85_length_11127_cov_59.815932_9_12, 9201 # 10361 # 1 , 9201,10361,1 ,14_12,14,12,01,ATG,None,None,0.537,ratio4_Esch_coli_14EC033_NODE_85_length_11127_cov_59.815932_765-11127_ratio4_Esch_coli_14EC033_NODE_85_length_11127_cov_59.815932_9,mobileOG_000026107_ratio4_Esch_coli_14EC033_NODE_85_length_11127_cov_59.815932_765-11127_ratio4_Esch_coli_14EC033_NODE_85_length_11127_cov_59.815932_9
5,mobileOG_000321643|ecnB|WP_000977757.1|stability/transfer/defense|NA|Plasmid RefSeq|Homology,ratio4_Esch_coli_14EC033_NODE_132_length_9119_cov_46.002317_1-9119_ratio4_Esch_coli_14EC033_NODE_132_length_9119_cov_46.002317_7_3 # 1966 # 2088 # 1 # ID=18_3;partial=00;start_type=ATG;rbs_motif=GGA/GAG/AGG;rbs_spacer=5-10bp;gc_cont=0.545,100.0,78.6,41,3.3500000000000002e-21,41,2,41,1,40,mobileOG_000321643,ecnB,WP_000977757.1,stability/transfer/defense,NA,Plasmid RefSeq,Homology,ratio4_Esch_coli_14EC033_NODE_132_length_9119_cov_46.002317_1-9119_ratio4_Esch_coli_14EC033_NODE_132_length_9119_cov_46.002317_7_3, 1966 # 2088 # 1 , 1966,2088,1 ,18_3,18,3,00,ATG,GGA/GAG/AGG,5-10bp,0.545,ratio4_Esch_coli_14EC033_NODE_132_length_9119_cov_46.002317_1-9119_ratio4_Esch_coli_14EC033_NODE_132_length_9119_cov_46.002317_7,mobileOG_000321643_ratio4_Esch_coli_14EC033_NODE_132_length_9119_cov_46.002317_1-9119_ratio4_Esch_coli_14EC033_NODE_132_length_9119_cov_46.002317_7
6,mobileOG_000330413|ecnB|ETJ37164.1|stability/transfer/defense|NA|Plasmid RefSeq|Homology,ratio4_Esch_coli_14EC033_NODE_132_length_9119_cov_46.002317_1-9119_ratio4_Esch_coli_14EC033_NODE_132_length_9119_cov_46.002317_7_4 # 2199 # 2345 # 1 # ID=18_4;partial=00;start_type=ATG;rbs_motif=AGGA;rbs_spacer=5-10bp;gc_cont=0.490,100.0,88.2,48,8.370000000000002e-25,49,1,48,1,48,mobileOG_000330413,ecnB,ETJ37164.1,stability/transfer/defense,NA,Plasmid RefSeq,Homology,ratio4_Esch_coli_14EC033_NODE_132_length_9119_cov_46.002317_1-9119_ratio4_Esch_coli_14EC033_NODE_132_length_9119_cov_46.002317_7_4, 2199 # 2345 # 1 , 2199,2345,1 ,18_4,18,4,00,ATG,AGGA,5-10bp,0.490,ratio4_Esch_coli_14EC033_NODE_132_length_9119_cov_46.002317_1-9119_ratio4_Esch_coli_14EC033_NODE_132_length_9119_cov_46.002317_7,mobileOG_000330413_ratio4_Esch_coli_14EC033_NODE_132_length_9119_cov_46.002317_1-9119_ratio4_Esch_coli_14EC033_NODE_132_length_9119_cov_46.002317_7
7,"mobileOG_000025806|cca|J7Q9S8|phage|regulation,infection|Multiple|Manual",ratio4_Esch_coli_14EC033_NODE_142_length_8710_cov_31.450029_1-5135_ratio4_Esch_coli_14EC033_NODE_142_length_8710_cov_31.450029_1_2 # 316 # 1554 # -1 # ID=23_2;partial=00;start_type=GTG;rbs_motif=GGA/GAG/AGG;rbs_spacer=5-10bp;gc_cont=0.565,98.8,833.0,412,6.909999999999995e-308,413,1,412,1,412,mobileOG_000025806,cca,J7Q9S8,phage,"regulation,infection",Multiple,Manual,ratio4_Esch_coli_14EC033_NODE_142_length_8710_cov_31.450029_1-5135_ratio4_Esch_coli_14EC033_NODE_142_length_8710_cov_31.450029_1_2, 316 # 1554 # -1 , 316,1554,-1 ,23_2,23,2,00,GTG,GGA/GAG/AGG,5-10bp,0.565,ratio4_Esch_coli_14EC033_NODE_142_length_8710_cov_31.450029_1-5135_ratio4_Esch_coli_14EC033_NODE_142_length_8710_cov_31.450029_1,mobileOG_000025806_ratio4_Esch_coli_14EC033_NODE_142_length_8710_cov_31.450029_1-5135_ratio4_Esch_coli_14EC033_NODE_142_length_8710_cov_31.450029_1
8,mobileOG_000333812|alkB|WP_000884953.1|replication/recombination/repair|NA|Plasmid RefSeq|Homology,ratio4_Esch_coli_14EC033_NODE_219_length_6485_cov_20.348367_1-6485_ratio4_Esch_coli_14EC033_NODE_219_length_6485_cov_20.348367_2_3 # 2838 # 3488 # -1 # ID=29_3;partial=00;start_type=ATG;rbs_motif=AGGAG;rbs_spacer=5-10bp;gc_cont=0.528,99.5,456.0,216,2.9199999999999987e-165,217,1,216,1,216,mobileOG_000333812,alkB,WP_000884953.1,replication/recombination/repair,NA,Plasmid RefSeq,Homology,ratio4_Esch_coli_14EC033_NODE_219_length_6485_cov_20.348367_1-6485_ratio4_Esch_coli_14EC033_NODE_219_length_6485_cov_20.348367_2_3, 2838 # 3488 # -1 , 2838,3488,-1 ,29_3,29,3,00,ATG,AGGAG,5-10bp,0.528,ratio4_Esch_coli_14EC033_NODE_219_length_6485_cov_20.348367_1-6485_ratio4_Esch_coli_14EC033_NODE_219_length_6485_cov_20.348367_2,mobileOG_000333812_ratio4_Esch_coli_14EC033_NODE_219_length_6485_cov_20.348367_1-6485_ratio4_Esch_coli_14EC033_NODE_219_length_6485_cov_20.348367_2
9,mobileOG_000003237|fis|WP_000462905.1|integration/excision|replication/recombination/repair|Multiple|Manual,ratio4_Esch_coli_14EC033_NODE_266_length_5414_cov_79.669155_176-5414_ratio4_Esch_coli_14EC033_NODE_266_length_5414_cov_79.669155_7_4 # 3469 # 3765 # 1 # ID=32_4;partial=00;start_type=ATG;rbs_motif=GGA/GAG/AGG;rbs_spacer=11-12bp;gc_cont=0.471,100.0,189.0,98,1.9899999999999996e-63,99,1,98,1,98,mobileOG_000003237,fis,WP_000462905.1,integration/excision,replication/recombination/repair,Multiple,Manual,ratio4_Esch_coli_14EC033_NODE_266_length_5414_cov_79.669155_176-5414_ratio4_Esch_coli_14EC033_NODE_266_length_5414_cov_79.669155_7_4, 3469 # 3765 # 1 , 3469,3765,1 ,32_4,32,4,00,ATG,GGA/GAG/AGG,11-12bp,0.471,ratio4_Esch_coli_14EC033_NODE_266_length_5414_cov_79.669155_176-5414_ratio4_Esch_coli_14EC033_NODE_266_length_5414_cov_79.669155_7,mobileOG_000003237_ratio4_Esch_coli_14EC033_NODE_266_length_5414_cov_79.669155_176-5414_ratio4_Esch_coli_14EC033_NODE_266_length_5414_cov_79.669155_7
10,mobileOG_000326289|alkB|WP_000884919.1|replication/recombination/repair|NA|Plasmid RefSeq|Homology,ratio4_Esch_coli_2011C-3911_NODE_1_length_340844_cov_196.635220_145728-157371_ratio4_Esch_coli_2011C-3911_NODE_1_length_340844_cov_196.635220_133_8 # 6720 # 7370 # -1 # ID=54_8;partial=00;start_type=ATG;rbs_motif=AGGAG;rbs_spacer=5-10bp;gc_cont=0.525,99.5,456.0,216,2.0499999999999994e-165,217,1,216,1,216,mobileOG_000326289,alkB,WP_000884919.1,replication/recombination/repair,NA,Plasmid RefSeq,Homology,ratio4_Esch_coli_2011C-3911_NODE_1_length_340844_cov_196.635220_145728-157371_ratio4_Esch_coli_2011C-3911_NODE_1_length_340844_cov_196.635220_133_8, 6720 # 7370 # -1 , 6720,7370,-1 ,54_8,54,8,00,ATG,AGGAG,5-10bp,0.525,ratio4_Esch_coli_2011C-3911_NODE_1_length_340844_cov_196.635220_145728-157371_ratio4_Esch_coli_2011C-3911_NODE_1_length_340844_cov_196.635220_133,mobileOG_000326289_ratio4_Esch_coli_2011C-3911_NODE_1_length_340844_cov_196.635220_145728-157371_ratio4_Esch_coli_2011C-3911_NODE_1_length_340844_cov_196.635220_133
11,mobileOG_000304542|traG|WP_001297077.1|transfer|conjugation|Plasmid RefSeq|Homology,ratio4_Esch_coli_2011C-3911_NODE_1_length_340844_cov_196.635220_194390-205358_ratio4_Esch_coli_2011C-3911_NODE_1_length_340844_cov_196.635220_166_5 # 2948 # 3550 # -1 # ID=55_5;partial=00;start_type=GTG;rbs_motif=GGAG/GAGG;rbs_spacer=5-10bp;gc_cont=0.436,100.0,406.0,200,4.009999999999999e-146,201,1,200,1,200,mobileOG_000304542,traG,WP_001297077.1,transfer,conjugation,Plasmid RefSeq,Homology,ratio4_Esch_coli_2011C-3911_NODE_1_length_340844_cov_196.635220_194390-205358_ratio4_Esch_coli_2011C-3911_NODE_1_length_340844_cov_196.635220_166_5, 2948 # 3550 # -1 , 2948,3550,-1 ,55_5,55,5,00,GTG,GGAG/GAGG,5-10bp,0.436,ratio4_Esch_coli_2011C-3911_NODE_1_length_340844_cov_196.635220_194390-205358_ratio4_Esch_coli_2011C-3911_NODE_1_length_340844_cov_196.635220_166,mobileOG_000304542_ratio4_Esch_coli_2011C-3911_NODE_1_length_340844_cov_196.635220_194390-205358_ratio4_Esch_coli_2011C-3911_NODE_1_length_340844_cov_196.635220_166
12,mobileOG_000003237|fis|WP_000462905.1|integration/excision|replication/recombination/repair|Multiple|Manual,ratio4_Esch_coli_2011C-3911_NODE_2_length_214458_cov_197.254176_198947-209609_ratio4_Esch_coli_2011C-3911_NODE_2_length_214458_cov_197.254176_193_4 # 3469 # 3765 # 1 # ID=60_4;partial=00;start_type=ATG;rbs_motif=GGA/GAG/AGG;rbs_spacer=11-12bp;gc_cont=0.471,100.0,189.0,98,1.9899999999999996e-63,99,1,98,1,98,mobileOG_000003237,fis,WP_000462905.1,integration/excision,replication/recombination/repair,Multiple,Manual,ratio4_Esch_coli_2011C-3911_NODE_2_length_214458_cov_197.254176_198947-209609_ratio4_Esch_coli_2011C-3911_NODE_2_length_214458_cov_197.254176_193_4, 3469 # 3765 # 1 , 3469,3765,1 ,60_4,60,4,00,ATG,GGA/GAG/AGG,11-12bp,0.471,ratio4_Esch_coli_2011C-3911_NODE_2_length_214458_cov_197.254176_198947-209609_ratio4_Esch_coli_2011C-3911_NODE_2_length_214458_cov_197.254176_193,mobileOG_000003237_ratio4_Esch_coli_2011C-3911_NODE_2_length_214458_cov_197.254176_198947-209609_ratio4_Esch_coli_2011C-3911_NODE_2_length_214458_cov_197.254176_193
13,mobileOG_000003237|fis|WP_000462905.1|integration/excision|replication/recombination/repair|Multiple|Manual,ratio4_Esch_coli_2011C-3911_NODE_2_length_214458_cov_197.254176_200008-211165_ratio4_Esch_coli_2011C-3911_NODE_2_length_214458_cov_197.254176_194_4 # 2408 # 2704 # 1 # ID=61_4;partial=00;start_type=ATG;rbs_motif=GGA/GAG/AGG;rbs_spacer=11-12bp;gc_cont=0.471,100.0,189.0,98,1.9899999999999996e-63,99,1,98,1,98,mobileOG_000003237,fis,WP_000462905.1,integration/excision,replication/recombination/repair,Multiple,Manual,ratio4_Esch_coli_2011C-3911_NODE_2_length_214458_cov_197.254176_200008-211165_ratio4_Esch_coli_2011C-3911_NODE_2_length_214458_cov_197.254176_194_4, 2408 # 2704 # 1 , 2408,2704,1 ,61_4,61,4,00,ATG,GGA/GAG/AGG,11-12bp,0.471,ratio4_Esch_coli_2011C-3911_NODE_2_length_214458_cov_197.254176_200008-211165_ratio4_Esch_coli_2011C-3911_NODE_2_length_214458_cov_197.254176_194,mobileOG_000003237_ratio4_Esch_coli_2011C-3911_NODE_2_length_214458_cov_197.254176_200008-211165_ratio4_Esch_coli_2011C-3911_NODE_2_length_214458_cov_197.254176_194
14,mobileOG_000003237|fis|WP_000462905.1|integration/excision|replication/recombination/repair|Multiple|Manual,ratio4_Esch_coli_2011C-3911_NODE_2_length_214458_cov_197.254176_201177-214281_ratio4_Esch_coli_2011C-3911_NODE_2_length_214458_cov_197.254176_195_2 # 1239 # 1535 # 1 # ID=62_2;partial=00;start_type=ATG;rbs_motif=GGA/GAG/AGG;rbs_spacer=11-12bp;gc_cont=0.471,100.0,189.0,98,1.9899999999999996e-63,99,1,98,1,98,mobileOG_000003237,fis,WP_000462905.1,integration/excision,replication/recombination/repair,Multiple,Manual,ratio4_Esch_coli_2011C-3911_NODE_2_length_214458_cov_197.254176_201177-214281_ratio4_Esch_coli_2011C-3911_NODE_2_length_214458_cov_197.254176_195_2, 1239 # 1535 # 1 , 1239,1535,1 ,62_2,62,2,00,ATG,GGA/GAG/AGG,11-12bp,0.471,ratio4_Esch_coli_2011C-3911_NODE_2_length_214458_cov_197.254176_201177-214281_ratio4_Esch_coli_2011C-3911_NODE_2_length_214458_cov_197.254176_195,mobileOG_000003237_ratio4_Esch_coli_2011C-3911_NODE_2_length_214458_cov_197.254176_201177-214281_ratio4_Esch_coli_2011C-3911_NODE_2_length_214458_cov_197.254176_195
15,"mobileOG_000337943|cca|WP_000708503.1|phage|regulation,infection|Plasmid RefSeq|Homology",ratio4_Esch_coli_2011C-3911_NODE_3_length_213892_cov_192.811426_1-8719_ratio4_Esch_coli_2011C-3911_NODE_3_length_213892_cov_192.811426_5_6 # 3882 # 5120 # -1 # ID=63_6;partial=00;start_type=GTG;rbs_motif=GGA/GAG/AGG;rbs_spacer=5-10bp;gc_cont=0.563,99.8,842.0,412,1.52e-311,413,1,412,1,412,mobileOG_000337943,cca,WP_000708503.1,phage,"regulation,infection",Plasmid RefSeq,Homology,ratio4_Esch_coli_2011C-3911_NODE_3_length_213892_cov_192.811426_1-8719_ratio4_Esch_coli_2011C-3911_NODE_3_length_213892_cov_192.811426_5_6, 3882 # 5120 # -1 , 3882,5120,-1 ,63_6,63,6,00,GTG,GGA/GAG/AGG,5-10bp,0.563,ratio4_Esch_coli_2011C-3911_NODE_3_length_213892_cov_192.811426_1-8719_ratio4_Esch_coli_2011C-3911_NODE_3_length_213892_cov_192.811426_5,mobileOG_000337943_ratio4_Esch_coli_2011C-3911_NODE_3_length_213892_cov_192.811426_1-8719_ratio4_Esch_coli_2011C-3911_NODE_3_length_213892_cov_192.811426_5
16,mobileOG_000026107|parE|P20083|replication/recombination/repair|partitioning|Multiple|Manual,ratio4_Esch_coli_2011C-3911_NODE_3_length_213892_cov_192.811426_21076-32557_ratio4_Esch_coli_2011C-3911_NODE_3_length_213892_cov_192.811426_25_12 # 9201 # 11093 # 1 # ID=64_12;partial=00;start_type=ATG;rbs_motif=None;rbs_spacer=None;gc_cont=0.539,100.0,1255.0,630,0.0,631,1,630,1,630,mobileOG_000026107,parE,P20083,replication/recombination/repair,partitioning,Multiple,Manual,ratio4_Esch_coli_2011C-3911_NODE_3_length_213892_cov_192.811426_21076-32557_ratio4_Esch_coli_2011C-3911_NODE_3_length_213892_cov_192.811426_25_12, 9201 # 11093 # 1 , 9201,11093,1 ,64_12,64,12,00,ATG,None,None,0.539,ratio4_Esch_coli_2011C-3911_NODE_3_length_213892_cov_192.811426_21076-32557_ratio4_Esch_coli_2011C-3911_NODE_3_length_213892_cov_192.811426_25,mobileOG_000026107_ratio4_Esch_coli_2011C-3911_NODE_3_length_213892_cov_192.811426_21076-32557_ratio4_Esch_coli_2011C-3911_NODE_3_length_213892_cov_192.811426_25
17,"mobileOG_000025715|ihfB|WP_002898165.1|integration/excision|regulation,lysis/lysogeny|Plasmid RefSeq|Manual",ratio4_Esch_coli_2011C-3911_NODE_4_length_206377_cov_198.698428_90534-102282_ratio4_Esch_coli_2011C-3911_NODE_4_length_206377_cov_198.698428_86_9 # 9257 # 9541 # -1 # ID=65_9;partial=00;start_type=ATG;rbs_motif=GGAGG;rbs_spacer=3-4bp;gc_cont=0.491,97.8,187.0,95,8.879999999999998e-63,95,1,93,1,93,mobileOG_000025715,ihfB,WP_002898165.1,integration/excision,"regulation,lysis/lysogeny",Plasmid RefSeq,Manual,ratio4_Esch_coli_2011C-3911_NODE_4_length_206377_cov_198.698428_90534-102282_ratio4_Esch_coli_2011C-3911_NODE_4_length_206377_cov_198.698428_86_9, 9257 # 9541 # -1 , 9257,9541,-1 ,65_9,65,9,00,ATG,GGAGG,3-4bp,0.491,ratio4_Esch_coli_2011C-3911_NODE_4_length_206377_cov_198.698428_90534-102282_ratio4_Esch_coli_2011C-3911_NODE_4_length_206377_cov_198.698428_86,mobileOG_000025715_ratio4_Esch_coli_2011C-3911_NODE_4_length_206377_cov_198.698428_90534-102282_ratio4_Esch_coli_2011C-3911_NODE_4_length_206377_cov_198.698428_86
18,mobileOG_000002433|dinI|WP_001217754.1|replication/recombination/repair|NA|Multiple|Manual,ratio4_Esch_coli_2011C-3911_NODE_7_length_170594_cov_190.732859_123660-134868_ratio4_Esch_coli_2011C-3911_NODE_7_length_170594_cov_190.732859_130_12 # 8840 # 9085 # 1 # ID=68_12;partial=00;start_type=ATG;rbs_motif=AGxAGG/AGGxGG;rbs_spacer=5-10bp;gc_cont=0.480,100.0,162.0,81,3.9799999999999997e-53,82,1,81,1,81,mobileOG_000002433,dinI,WP_001217754.1,replication/recombination/repair,NA,Multiple,Manual,ratio4_Esch_coli_2011C-3911_NODE_7_length_170594_cov_190.732859_123660-134868_ratio4_Esch_coli_2011C-3911_NODE_7_length_170594_cov_190.732859_130_12, 8840 # 9085 # 1 , 8840,9085,1 ,68_12,68,12,00,ATG,AGxAGG/AGGxGG,5-10bp,0.480,ratio4_Esch_coli_2011C-3911_NODE_7_length_170594_cov_190.732859_123660-134868_ratio4_Esch_coli_2011C-3911_NODE_7_length_170594_cov_190.732859_130,mobileOG_000002433_ratio4_Esch_coli_2011C-3911_NODE_7_length_170594_cov_190.732859_123660-134868_ratio4_Esch_coli_2011C-3911_NODE_7_length_170594_cov_190.732859_130
19,mobileOG_000026116|priC|F0JM94|replication/recombination/repair|NA|Plasmid RefSeq|Manual,ratio4_Esch_coli_2011C-3911_NODE_12_length_92546_cov_199.806122_32975-44168_ratio4_Esch_coli_2011C-3911_NODE_12_length_92546_cov_199.806122_35_1 # 3 # 335 # 1 # ID=75_1;partial=10;start_type=Edge;rbs_motif=None;rbs_spacer=None;gc_cont=0.613,96.4,197.0,175,3.479999999999999e-65,111,66,175,1,110,mobileOG_000026116,priC,F0JM94,replication/recombination/repair,NA,Plasmid RefSeq,Manual,ratio4_Esch_coli_2011C-3911_NODE_12_length_92546_cov_199.806122_32975-44168_ratio4_Esch_coli_2011C-3911_NODE_12_length_92546_cov_199.806122_35_1, 3 # 335 # 1 , 3,335,1 ,75_1,75,1,10,Edge,None,None,0.613,ratio4_Esch_coli_2011C-3911_NODE_12_length_92546_cov_199.806122_32975-44168_ratio4_Esch_coli_2011C-3911_NODE_12_length_92546_cov_199.806122_35,mobileOG_000026116_ratio4_Esch_coli_2011C-3911_NODE_12_length_92546_cov_199.806122_32975-44168_ratio4_Esch_coli_2011C-3911_NODE_12_length_92546_cov_199.806122_35
20,mobileOG_000329392|PSLT051|A0A086TQA6|replication/recombination/repair|NA|Plasmid RefSeq|Homology,ratio4_Esch_coli_2011C-3911_NODE_25_length_61872_cov_195.669395_19299-30531_ratio4_Esch_coli_2011C-3911_NODE_25_length_61872_cov_195.669395_26_8 # 6700 # 7644 # 1 # ID=89_8;partial=00;start_type=ATG;rbs_motif=GGA/GAG/AGG;rbs_spacer=5-10bp;gc_cont=0.494,100.0,626.0,314,2.3599999999999988e-229,315,1,314,1,314,mobileOG_000329392,PSLT051,A0A086TQA6,replication/recombination/repair,NA,Plasmid RefSeq,Homology,ratio4_Esch_coli_2011C-3911_NODE_25_length_61872_cov_195.669395_19299-30531_ratio4_Esch_coli_2011C-3911_NODE_25_length_61872_cov_195.669395_26_8, 6700 # 7644 # 1 , 6700,7644,1 ,89_8,89,8,00,ATG,GGA/GAG/AGG,5-10bp,0.494,ratio4_Esch_coli_2011C-3911_NODE_25_length_61872_cov_195.669395_19299-30531_ratio4_Esch_coli_2011C-3911_NODE_25_length_61872_cov_195.669395_26,mobileOG_000329392_ratio4_Esch_coli_2011C-3911_NODE_25_length_61872_cov_195.669395_19299-30531_ratio4_Esch_coli_2011C-3911_NODE_25_length_61872_cov_195.669395_26
21,mobileOG_000017974|insZ|A0A037Y8D2|integration/excision|NA|Multiple|Manual,ratio4_Esch_coli_2011C-3911_NODE_31_length_48393_cov_191.184451_20279-30692_ratio4_Esch_coli_2011C-3911_NODE_31_length_48393_cov_191.184451_28_2 # 2597 # 2782 # 1 # ID=90_2;partial=00;start_type=ATG;rbs_motif=GGAG/GAGG;rbs_spacer=5-10bp;gc_cont=0.538,100.0,131.0,61,1.59e-41,62,1,61,1,61,mobileOG_000017974,insZ,A0A037Y8D2,integration/excision,NA,Multiple,Manual,ratio4_Esch_coli_2011C-3911_NODE_31_length_48393_cov_191.184451_20279-30692_ratio4_Esch_coli_2011C-3911_NODE_31_length_48393_cov_191.184451_28_2, 2597 # 2782 # 1 , 2597,2782,1 ,90_2,90,2,00,ATG,GGAG/GAGG,5-10bp,0.538,ratio4_Esch_coli_2011C-3911_NODE_31_length_48393_cov_191.184451_20279-30692_ratio4_Esch_coli_2011C-3911_NODE_31_length_48393_cov_191.184451_28,mobileOG_000017974_ratio4_Esch_coli_2011C-3911_NODE_31_length_48393_cov_191.184451_20279-30692_ratio4_Esch_coli_2011C-3911_NODE_31_length_48393_cov_191.184451_28
22,mobileOG_000017973|insZ|A0A024L4B6|integration/excision|NA|GPD|Manual,ratio4_Esch_coli_2011C-3911_NODE_31_length_48393_cov_191.184451_20279-30692_ratio4_Esch_coli_2011C-3911_NODE_31_length_48393_cov_191.184451_28_3 # 2988 # 3497 # 1 # ID=90_3;partial=00;start_type=ATG;rbs_motif=None;rbs_spacer=None;gc_cont=0.522,99.4,318.0,196,1.1499999999999996e-111,170,37,196,10,169,mobileOG_000017973,insZ,A0A024L4B6,integration/excision,NA,GPD,Manual,ratio4_Esch_coli_2011C-3911_NODE_31_length_48393_cov_191.184451_20279-30692_ratio4_Esch_coli_2011C-3911_NODE_31_length_48393_cov_191.184451_28_3, 2988 # 3497 # 1 , 2988,3497,1 ,90_3,90,3,00,ATG,None,None,0.522,ratio4_Esch_coli_2011C-3911_NODE_31_length_48393_cov_191.184451_20279-30692_ratio4_Esch_coli_2011C-3911_NODE_31_length_48393_cov_191.184451_28,mobileOG_000017973_ratio4_Esch_coli_2011C-3911_NODE_31_length_48393_cov_191.184451_20279-30692_ratio4_Esch_coli_2011C-3911_NODE_31_length_48393_cov_191.184451_28
23,mobileOG_000321643|ecnB|WP_000977757.1|stability/transfer/defense|NA|Plasmid RefSeq|Homology,ratio4_Esch_coli_2011C-3911_NODE_54_length_18690_cov_210.527770_1-10807_ratio4_Esch_coli_2011C-3911_NODE_54_length_18690_cov_210.527770_8_4 # 3144 # 3266 # 1 # ID=94_4;partial=00;start_type=ATG;rbs_motif=GGA/GAG/AGG;rbs_spacer=5-10bp;gc_cont=0.553,100.0,78.6,41,3.3500000000000002e-21,41,2,41,1,40,mobileOG_000321643,ecnB,WP_000977757.1,stability/transfer/defense,NA,Plasmid RefSeq,Homology,ratio4_Esch_coli_2011C-3911_NODE_54_length_18690_cov_210.527770_1-10807_ratio4_Esch_coli_2011C-3911_NODE_54_length_18690_cov_210.527770_8_4, 3144 # 3266 # 1 , 3144,3266,1 ,94_4,94,4,00,ATG,GGA/GAG/AGG,5-10bp,0.553,ratio4_Esch_coli_2011C-3911_NODE_54_length_18690_cov_210.527770_1-10807_ratio4_Esch_coli_2011C-3911_NODE_54_length_18690_cov_210.527770_8,mobileOG_000321643_ratio4_Esch_coli_2011C-3911_NODE_54_length_18690_cov_210.527770_1-10807_ratio4_Esch_coli_2011C-3911_NODE_54_length_18690_cov_210.527770_8
24,mobileOG_000330413|ecnB|ETJ37164.1|stability/transfer/defense|NA|Plasmid RefSeq|Homology,ratio4_Esch_coli_2011C-3911_NODE_54_length_18690_cov_210.527770_1-10807_ratio4_Esch_coli_2011C-3911_NODE_54_length_18690_cov_210.527770_8_5 # 3377 # 3523 # 1 # ID=94_5;partial=00;start_type=ATG;rbs_motif=AGGA;rbs_spacer=5-10bp;gc_cont=0.490,100.0,88.2,48,8.370000000000002e-25,49,1,48,1,48,mobileOG_000330413,ecnB,ETJ37164.1,stability/transfer/defense,NA,Plasmid RefSeq,Homology,ratio4_Esch_coli_2011C-3911_NODE_54_length_18690_cov_210.527770_1-10807_ratio4_Esch_coli_2011C-3911_NODE_54_length_18690_cov_210.527770_8_5, 3377 # 3523 # 1 , 3377,3523,1 ,94_5,94,5,00,ATG,AGGA,5-10bp,0.490,ratio4_Esch_coli_2011C-3911_NODE_54_length_18690_cov_210.527770_1-10807_ratio4_Esch_coli_2011C-3911_NODE_54_length_18690_cov_210.527770_8,mobileOG_000330413_ratio4_Esch_coli_2011C-3911_NODE_54_length_18690_cov_210.527770_1-10807_ratio4_Esch_coli_2011C-3911_NODE_54_length_18690_cov_210.527770_8
25,"mobileOG_000025806|cca|J7Q9S8|phage|regulation,infection|Multiple|Manual",ratio4_Esch_coli_MB19_NODE_1_length_104625_cov_59.118849_8250-19071_ratio4_Esch_coli_MB19_NODE_1_length_104625_cov_59.118849_14_8 # 6003 # 7241 # -1 # ID=97_8;partial=00;start_type=GTG;rbs_motif=GGA/GAG/AGG;rbs_spacer=5-10bp;gc_cont=0.564,99.3,835.0,412,8.409999999999994e-309,413,1,412,1,412,mobileOG_000025806,cca,J7Q9S8,phage,"regulation,infection",Multiple,Manual,ratio4_Esch_coli_MB19_NODE_1_length_104625_cov_59.118849_8250-19071_ratio4_Esch_coli_MB19_NODE_1_length_104625_cov_59.118849_14_8, 6003 # 7241 # -1 , 6003,7241,-1 ,97_8,97,8,00,GTG,GGA/GAG/AGG,5-10bp,0.564,ratio4_Esch_coli_MB19_NODE_1_length_104625_cov_59.118849_8250-19071_ratio4_Esch_coli_MB19_NODE_1_length_104625_cov_59.118849_14,mobileOG_000025806_ratio4_Esch_coli_MB19_NODE_1_length_104625_cov_59.118849_8250-19071_ratio4_Esch_coli_MB19_NODE_1_length_104625_cov_59.118849_14
26,mobileOG_000026107|parE|P20083|replication/recombination/repair|partitioning|Multiple|Manual,ratio4_Esch_coli_MB19_NODE_1_length_104625_cov_59.118849_31447-42928_ratio4_Esch_coli_MB19_NODE_1_length_104625_cov_59.118849_34_12 # 9201 # 11093 # 1 # ID=98_12;partial=00;start_type=ATG;rbs_motif=None;rbs_spacer=None;gc_cont=0.539,100.0,1255.0,630,0.0,631,1,630,1,630,mobileOG_000026107,parE,P20083,replication/recombination/repair,partitioning,Multiple,Manual,ratio4_Esch_coli_MB19_NODE_1_length_104625_cov_59.118849_31447-42928_ratio4_Esch_coli_MB19_NODE_1_length_104625_cov_59.118849_34_12, 9201 # 11093 # 1 , 9201,11093,1 ,98_12,98,12,00,ATG,None,None,0.539,ratio4_Esch_coli_MB19_NODE_1_length_104625_cov_59.118849_31447-42928_ratio4_Esch_coli_MB19_NODE_1_length_104625_cov_59.118849_34,mobileOG_000026107_ratio4_Esch_coli_MB19_NODE_1_length_104625_cov_59.118849_31447-42928_ratio4_Esch_coli_MB19_NODE_1_length_104625_cov_59.118849_34
27,mobileOG_000002433|dinI|WP_001217754.1|replication/recombination/repair|NA|Multiple|Manual,ratio4_Esch_coli_MB19_NODE_3_length_86106_cov_74.954573_70144-81352_ratio4_Esch_coli_MB19_NODE_3_length_86106_cov_74.954573_74_12 # 8840 # 9085 # 1 # ID=99_12;partial=00;start_type=ATG;rbs_motif=AGxAGG/AGGxGG;rbs_spacer=5-10bp;gc_cont=0.476,98.8,160.0,81,2.3099999999999997e-52,82,1,81,1,81,mobileOG_000002433,dinI,WP_001217754.1,replication/recombination/repair,NA,Multiple,Manual,ratio4_Esch_coli_MB19_NODE_3_length_86106_cov_74.954573_70144-81352_ratio4_Esch_coli_MB19_NODE_3_length_86106_cov_74.954573_74_12, 8840 # 9085 # 1 , 8840,9085,1 ,99_12,99,12,00,ATG,AGxAGG/AGGxGG,5-10bp,0.476,ratio4_Esch_coli_MB19_NODE_3_length_86106_cov_74.954573_70144-81352_ratio4_Esch_coli_MB19_NODE_3_length_86106_cov_74.954573_74,mobileOG_000002433_ratio4_Esch_coli_MB19_NODE_3_length_86106_cov_74.954573_70144-81352_ratio4_Esch_coli_MB19_NODE_3_length_86106_cov_74.954573_74
28,mobileOG_000003237|fis|WP_000462905.1|integration/excision|replication/recombination/repair|Multiple|Manual,ratio4_Esch_coli_MB19_NODE_12_length_54436_cov_88.375370_38925-49587_ratio4_Esch_coli_MB19_NODE_12_length_54436_cov_88.375370_43_4 # 3469 # 3765 # 1 # ID=101_4;partial=00;start_type=ATG;rbs_motif=GGA/GAG/AGG;rbs_spacer=11-12bp;gc_cont=0.471,100.0,189.0,98,1.9899999999999996e-63,99,1,98,1,98,mobileOG_000003237,fis,WP_000462905.1,integration/excision,replication/recombination/repair,Multiple,Manual,ratio4_Esch_coli_MB19_NODE_12_length_54436_cov_88.375370_38925-49587_ratio4_Esch_coli_MB19_NODE_12_length_54436_cov_88.375370_43_4, 3469 # 3765 # 1 , 3469,3765,1 ,101_4,101,4,00,ATG,GGA/GAG/AGG,11-12bp,0.471,ratio4_Esch_coli_MB19_NODE_12_length_54436_cov_88.375370_38925-49587_ratio4_Esch_coli_MB19_NODE_12_length_54436_cov_88.375370_43,mobileOG_000003237_ratio4_Esch_coli_MB19_NODE_12_length_54436_cov_88.375370_38925-49587_ratio4_Esch_coli_MB19_NODE_12_length_54436_cov_88.375370_43
29,mobileOG_000003237|fis|WP_000462905.1|integration/excision|replication/recombination/repair|Multiple|Manual,ratio4_Esch_coli_MB19_NODE_12_length_54436_cov_88.375370_39986-51143_ratio4_Esch_coli_MB19_NODE_12_length_54436_cov_88.375370_44_4 # 2408 # 2704 # 1 # ID=102_4;partial=00;start_type=ATG;rbs_motif=GGA/GAG/AGG;rbs_spacer=11-12bp;gc_cont=0.471,100.0,189.0,98,1.9899999999999996e-63,99,1,98,1,98,mobileOG_000003237,fis,WP_000462905.1,integration/excision,replication/recombination/repair,Multiple,Manual,ratio4_Esch_coli_MB19_NODE_12_length_54436_cov_88.375370_39986-51143_ratio4_Esch_coli_MB19_NODE_12_length_54436_cov_88.375370_44_4, 2408 # 2704 # 1 , 2408,2704,1 ,102_4,102,4,00,ATG,GGA/GAG/AGG,11-12bp,0.471,ratio4_Esch_coli_MB19_NODE_12_length_54436_cov_88.375370_39986-51143_ratio4_Esch_coli_MB19_NODE_12_length_54436_cov_88.375370_44,mobileOG_000003237_ratio4_Esch_coli_MB19_NODE_12_length_54436_cov_88.375370_39986-51143_ratio4_Esch_coli_MB19_NODE_12_length_54436_cov_88.375370_44
30,mobileOG_000003237|fis|WP_000462905.1|integration/excision|replication/recombination/repair|Multiple|Manual,ratio4_Esch_coli_MB19_NODE_12_length_54436_cov_88.375370_41155-54259_ratio4_Esch_coli_MB19_NODE_12_length_54436_cov_88.375370_45_2 # 1239 # 1535 # 1 # ID=103_2;partial=00;start_type=ATG;rbs_motif=GGA/GAG/AGG;rbs_spacer=11-12bp;gc_cont=0.471,100.0,189.0,98,1.9899999999999996e-63,99,1,98,1,98,mobileOG_000003237,fis,WP_000462905.1,integration/excision,replication/recombination/repair,Multiple,Manual,ratio4_Esch_coli_MB19_NODE_12_length_54436_cov_88.375370_41155-54259_ratio4_Esch_coli_MB19_NODE_12_length_54436_cov_88.375370_45_2, 1239 # 1535 # 1 , 1239,1535,1 ,103_2,103,2,00,ATG,GGA/GAG/AGG,11-12bp,0.471,ratio4_Esch_coli_MB19_NODE_12_length_54436_cov_88.375370_41155-54259_ratio4_Esch_coli_MB19_NODE_12_length_54436_cov_88.375370_45,mobileOG_000003237_ratio4_Esch_coli_MB19_NODE_12_length_54436_cov_88.375370_41155-54259_ratio4_Esch_coli_MB19_NODE_12_length_54436_cov_88.375370_45
31,mobileOG_000026116|priC|F0JM94|replication/recombination/repair|NA|Plasmid RefSeq|Manual,ratio4_Esch_coli_MB19_NODE_16_length_47409_cov_62.961946_34861-46054_ratio4_Esch_coli_MB19_NODE_16_length_47409_cov_62.961946_35_1 # 3 # 335 # 1 # ID=104_1;partial=10;start_type=Edge;rbs_motif=None;rbs_spacer=None;gc_cont=0.601,96.4,197.0,175,3.479999999999999e-65,111,66,175,1,110,mobileOG_000026116,priC,F0JM94,replication/recombination/repair,NA,Plasmid RefSeq,Manual,ratio4_Esch_coli_MB19_NODE_16_length_47409_cov_62.961946_34861-46054_ratio4_Esch_coli_MB19_NODE_16_length_47409_cov_62.961946_35_1, 3 # 335 # 1 , 3,335,1 ,104_1,104,1,10,Edge,None,None,0.601,ratio4_Esch_coli_MB19_NODE_16_length_47409_cov_62.961946_34861-46054_ratio4_Esch_coli_MB19_NODE_16_length_47409_cov_62.961946_35,mobileOG_000026116_ratio4_Esch_coli_MB19_NODE_16_length_47409_cov_62.961946_34861-46054_ratio4_Esch_coli_MB19_NODE_16_length_47409_cov_62.961946_35
32,mobileOG_000304542|traG|WP_001297077.1|transfer|conjugation|Plasmid RefSeq|Homology,ratio4_Esch_coli_MB19_NODE_27_length_34398_cov_68.764988_8618-19586_ratio4_Esch_coli_MB19_NODE_27_length_34398_cov_68.764988_15_8 # 7420 # 8022 # 1 # ID=108_8;partial=00;start_type=GTG;rbs_motif=GGAG/GAGG;rbs_spacer=5-10bp;gc_cont=0.433,99.0,402.0,200,2.7099999999999995e-144,201,1,200,1,200,mobileOG_000304542,traG,WP_001297077.1,transfer,conjugation,Plasmid RefSeq,Homology,ratio4_Esch_coli_MB19_NODE_27_length_34398_cov_68.764988_8618-19586_ratio4_Esch_coli_MB19_NODE_27_length_34398_cov_68.764988_15_8, 7420 # 8022 # 1 , 7420,8022,1 ,108_8,108,8,00,GTG,GGAG/GAGG,5-10bp,0.433,ratio4_Esch_coli_MB19_NODE_27_length_34398_cov_68.764988_8618-19586_ratio4_Esch_coli_MB19_NODE_27_length_34398_cov_68.764988_15,mobileOG_000304542_ratio4_Esch_coli_MB19_NODE_27_length_34398_cov_68.764988_8618-19586_ratio4_Esch_coli_MB19_NODE_27_length_34398_cov_68.764988_15
33,mobileOG_000017973|insZ|A0A024L4B6|integration/excision|NA|GPD|Manual,ratio4_Esch_coli_MB19_NODE_44_length_26160_cov_108.272860_183-10596_ratio4_Esch_coli_MB19_NODE_44_length_26160_cov_108.272860_6_8 # 6918 # 7508 # -1 # ID=114_8;partial=00;start_type=ATG;rbs_motif=3Base/5BMM;rbs_spacer=13-15bp;gc_cont=0.533,100.0,398.0,196,6.679999999999998e-143,197,1,196,1,196,mobileOG_000017973,insZ,A0A024L4B6,integration/excision,NA,GPD,Manual,ratio4_Esch_coli_MB19_NODE_44_length_26160_cov_108.272860_183-10596_ratio4_Esch_coli_MB19_NODE_44_length_26160_cov_108.272860_6_8, 6918 # 7508 # -1 , 6918,7508,-1 ,114_8,114,8,00,ATG,3Base/5BMM,13-15bp,0.533,ratio4_Esch_coli_MB19_NODE_44_length_26160_cov_108.272860_183-10596_ratio4_Esch_coli_MB19_NODE_44_length_26160_cov_108.272860_6,mobileOG_000017973_ratio4_Esch_coli_MB19_NODE_44_length_26160_cov_108.272860_183-10596_ratio4_Esch_coli_MB19_NODE_44_length_26160_cov_108.272860_6
34,mobileOG_000017974|insZ|A0A037Y8D2|integration/excision|NA|Multiple|Manual,ratio4_Esch_coli_MB19_NODE_44_length_26160_cov_108.272860_183-10596_ratio4_Esch_coli_MB19_NODE_44_length_26160_cov_108.272860_6_9 # 7629 # 7814 # -1 # ID=114_9;partial=00;start_type=ATG;rbs_motif=GGAG/GAGG;rbs_spacer=5-10bp;gc_cont=0.538,100.0,131.0,61,1.59e-41,62,1,61,1,61,mobileOG_000017974,insZ,A0A037Y8D2,integration/excision,NA,Multiple,Manual,ratio4_Esch_coli_MB19_NODE_44_length_26160_cov_108.272860_183-10596_ratio4_Esch_coli_MB19_NODE_44_length_26160_cov_108.272860_6_9, 7629 # 7814 # -1 , 7629,7814,-1 ,114_9,114,9,00,ATG,GGAG/GAGG,5-10bp,0.538,ratio4_Esch_coli_MB19_NODE_44_length_26160_cov_108.272860_183-10596_ratio4_Esch_coli_MB19_NODE_44_length_26160_cov_108.272860_6,mobileOG_000017974_ratio4_Esch_coli_MB19_NODE_44_length_26160_cov_108.272860_183-10596_ratio4_Esch_coli_MB19_NODE_44_length_26160_cov_108.272860_6
35,"mobileOG_000025715|ihfB|WP_002898165.1|integration/excision|regulation,lysis/lysogeny|Plasmid RefSeq|Manual",ratio4_Esch_coli_MB19_NODE_46_length_25530_cov_91.775348_14375-25530_ratio4_Esch_coli_MB19_NODE_46_length_25530_cov_91.775348_17_9 # 9258 # 9542 # -1 # ID=115_9;partial=00;start_type=ATG;rbs_motif=GGAGG;rbs_spacer=3-4bp;gc_cont=0.491,97.8,187.0,95,8.879999999999998e-63,95,1,93,1,93,mobileOG_000025715,ihfB,WP_002898165.1,integration/excision,"regulation,lysis/lysogeny",Plasmid RefSeq,Manual,ratio4_Esch_coli_MB19_NODE_46_length_25530_cov_91.775348_14375-25530_ratio4_Esch_coli_MB19_NODE_46_length_25530_cov_91.775348_17_9, 9258 # 9542 # -1 , 9258,9542,-1 ,115_9,115,9,00,ATG,GGAGG,3-4bp,0.491,ratio4_Esch_coli_MB19_NODE_46_length_25530_cov_91.775348_14375-25530_ratio4_Esch_coli_MB19_NODE_46_length_25530_cov_91.775348_17,mobileOG_000025715_ratio4_Esch_coli_MB19_NODE_46_length_25530_cov_91.775348_14375-25530_ratio4_Esch_coli_MB19_NODE_46_length_25530_cov_91.775348_17
36,mobileOG_000321643|ecnB|WP_000977757.1|stability/transfer/defense|NA|Plasmid RefSeq|Homology,ratio4_Esch_coli_MB19_NODE_71_length_19671_cov_73.982412_1-10901_ratio4_Esch_coli_MB19_NODE_71_length_19671_cov_73.982412_8_4 # 3244 # 3366 # 1 # ID=116_4;partial=00;start_type=ATG;rbs_motif=GGA/GAG/AGG;rbs_spacer=5-10bp;gc_cont=0.553,100.0,78.6,41,3.3500000000000002e-21,41,2,41,1,40,mobileOG_000321643,ecnB,WP_000977757.1,stability/transfer/defense,NA,Plasmid RefSeq,Homology,ratio4_Esch_coli_MB19_NODE_71_length_19671_cov_73.982412_1-10901_ratio4_Esch_coli_MB19_NODE_71_length_19671_cov_73.982412_8_4, 3244 # 3366 # 1 , 3244,3366,1 ,116_4,116,4,00,ATG,GGA/GAG/AGG,5-10bp,0.553,ratio4_Esch_coli_MB19_NODE_71_length_19671_cov_73.982412_1-10901_ratio4_Esch_coli_MB19_NODE_71_length_19671_cov_73.982412_8,mobileOG_000321643_ratio4_Esch_coli_MB19_NODE_71_length_19671_cov_73.982412_1-10901_ratio4_Esch_coli_MB19_NODE_71_length_19671_cov_73.982412_8
37,mobileOG_000330413|ecnB|ETJ37164.1|stability/transfer/defense|NA|Plasmid RefSeq|Homology,ratio4_Esch_coli_MB19_NODE_71_length_19671_cov_73.982412_1-10901_ratio4_Esch_coli_MB19_NODE_71_length_19671_cov_73.982412_8_5 # 3477 # 3623 # 1 # ID=116_5;partial=00;start_type=ATG;rbs_motif=AGGA;rbs_spacer=5-10bp;gc_cont=0.483,100.0,88.2,48,8.370000000000002e-25,49,1,48,1,48,mobileOG_000330413,ecnB,ETJ37164.1,stability/transfer/defense,NA,Plasmid RefSeq,Homology,ratio4_Esch_coli_MB19_NODE_71_length_19671_cov_73.982412_1-10901_ratio4_Esch_coli_MB19_NODE_71_length_19671_cov_73.982412_8_5, 3477 # 3623 # 1 , 3477,3623,1 ,116_5,116,5,00,ATG,AGGA,5-10bp,0.483,ratio4_Esch_coli_MB19_NODE_71_length_19671_cov_73.982412_1-10901_ratio4_Esch_coli_MB19_NODE_71_length_19671_cov_73.982412_8,mobileOG_000330413_ratio4_Esch_coli_MB19_NODE_71_length_19671_cov_73.982412_1-10901_ratio4_Esch_coli_MB19_NODE_71_length_19671_cov_73.982412_8
38,mobileOG_000045297|NA|WP_134806729.1|integration/excision|NA|COMPASS|Homology,ratio4_Esch_coli_MB19_NODE_107_length_12899_cov_44.419184_5656-12899_ratio4_Esch_coli_MB19_NODE_107_length_12899_cov_44.419184_13_8 # 6725 # 7018 # 1 # ID=126_8;partial=00;start_type=ATG;rbs_motif=None;rbs_spacer=None;gc_cont=0.558,100.0,201.0,97,4.889999999999999e-68,98,1,97,1,97,mobileOG_000045297,NA,WP_134806729.1,integration/excision,NA,COMPASS,Homology,ratio4_Esch_coli_MB19_NODE_107_length_12899_cov_44.419184_5656-12899_ratio4_Esch_coli_MB19_NODE_107_length_12899_cov_44.419184_13_8, 6725 # 7018 # 1 , 6725,7018,1 ,126_8,126,8,00,ATG,None,None,0.558,ratio4_Esch_coli_MB19_NODE_107_length_12899_cov_44.419184_5656-12899_ratio4_Esch_coli_MB19_NODE_107_length_12899_cov_44.419184_13,mobileOG_000045297_ratio4_Esch_coli_MB19_NODE_107_length_12899_cov_44.419184_5656-12899_ratio4_Esch_coli_MB19_NODE_107_length_12899_cov_44.419184_13
39,mobileOG_000071197|insB_2|NA|integration/excision|NA|COMPASS|Homology,ratio4_Esch_coli_MB19_NODE_107_length_12899_cov_44.419184_5656-12899_ratio4_Esch_coli_MB19_NODE_107_length_12899_cov_44.419184_13_9 # 7019 # 7228 # 1 # ID=126_9;partial=00;start_type=ATG;rbs_motif=AGGA/GGAG/GAGG;rbs_spacer=11-12bp;gc_cont=0.519,100.0,140.0,69,4.2299999999999995e-45,70,1,69,1,69,mobileOG_000071197,insB_2,NA,integration/excision,NA,COMPASS,Homology,ratio4_Esch_coli_MB19_NODE_107_length_12899_cov_44.419184_5656-12899_ratio4_Esch_coli_MB19_NODE_107_length_12899_cov_44.419184_13_9, 7019 # 7228 # 1 , 7019,7228,1 ,126_9,126,9,00,ATG,AGGA/GGAG/GAGG,11-12bp,0.519,ratio4_Esch_coli_MB19_NODE_107_length_12899_cov_44.419184_5656-12899_ratio4_Esch_coli_MB19_NODE_107_length_12899_cov_44.419184_13,mobileOG_000071197_ratio4_Esch_coli_MB19_NODE_107_length_12899_cov_44.419184_5656-12899_ratio4_Esch_coli_MB19_NODE_107_length_12899_cov_44.419184_13
40,mobileOG_000326289|alkB|WP_000884919.1|replication/recombination/repair|NA|Plasmid RefSeq|Homology,ratio4_Esch_coli_MB19_NODE_221_length_4237_cov_56.076279_1-4237_ratio4_Esch_coli_MB19_NODE_221_length_4237_cov_56.076279_2_1 # 2 # 475 # 1 # ID=139_1;partial=10;start_type=Edge;rbs_motif=None;rbs_spacer=None;gc_cont=0.519,100.0,341.0,216,7.099999999999998e-121,158,60,216,1,157,mobileOG_000326289,alkB,WP_000884919.1,replication/recombination/repair,NA,Plasmid RefSeq,Homology,ratio4_Esch_coli_MB19_NODE_221_length_4237_cov_56.076279_1-4237_ratio4_Esch_coli_MB19_NODE_221_length_4237_cov_56.076279_2_1, 2 # 475 # 1 , 2,475,1 ,139_1,139,1,10,Edge,None,None,0.519,ratio4_Esch_coli_MB19_NODE_221_length_4237_cov_56.076279_1-4237_ratio4_Esch_coli_MB19_NODE_221_length_4237_cov_56.076279_2,mobileOG_000326289_ratio4_Esch_coli_MB19_NODE_221_length_4237_cov_56.076279_1-4237_ratio4_Esch_coli_MB19_NODE_221_length_4237_cov_56.076279_2
41,mobileOG_000335061|alkB|WP_000884957.1|replication/recombination/repair|NA|Plasmid RefSeq|Homology,ratio4_Esch_coli_TUM20902_NODE_827_length_1520_cov_2.225939_1-1520_ratio4_Esch_coli_TUM20902_NODE_827_length_1520_cov_2.225939_1_2 # 916 # 1518 # -1 # ID=169_2;partial=01;start_type=Edge;rbs_motif=None;rbs_spacer=None;gc_cont=0.524,99.5,422.0,216,5.669999999999998e-152,201,17,216,1,200,mobileOG_000335061,alkB,WP_000884957.1,replication/recombination/repair,NA,Plasmid RefSeq,Homology,ratio4_Esch_coli_TUM20902_NODE_827_length_1520_cov_2.225939_1-1520_ratio4_Esch_coli_TUM20902_NODE_827_length_1520_cov_2.225939_1_2, 916 # 1518 # -1 , 916,1518,-1 ,169_2,169,2,01,Edge,None,None,0.524,ratio4_Esch_coli_TUM20902_NODE_827_length_1520_cov_2.225939_1-1520_ratio4_Esch_coli_TUM20902_NODE_827_length_1520_cov_2.225939_1,mobileOG_000335061_ratio4_Esch_coli_TUM20902_NODE_827_length_1520_cov_2.225939_1-1520_ratio4_Esch_coli_TUM20902_NODE_827_length_1520_cov_2.225939_1
42,mobileOG_000269897|tnpA|WP_129554438.1|integration/excision|NA|IME|Homology,ratio4_unmapped_NODE_6_length_22846_cov_20.428722_1-6039_ratio4_unmapped_NODE_6_length_22846_cov_20.428722_1_4 # 3351 # 3671 # -1 # ID=239_4;partial=00;start_type=TTG;rbs_motif=None;rbs_spacer=None;gc_cont=0.604,99.1,211.0,209,2.9299999999999994e-70,107,104,209,1,106,mobileOG_000269897,tnpA,WP_129554438.1,integration/excision,NA,IME,Homology,ratio4_unmapped_NODE_6_length_22846_cov_20.428722_1-6039_ratio4_unmapped_NODE_6_length_22846_cov_20.428722_1_4, 3351 # 3671 # -1 , 3351,3671,-1 ,239_4,239,4,00,TTG,None,None,0.604,ratio4_unmapped_NODE_6_length_22846_cov_20.428722_1-6039_ratio4_unmapped_NODE_6_length_22846_cov_20.428722_1,mobileOG_000269897_ratio4_unmapped_NODE_6_length_22846_cov_20.428722_1-6039_ratio4_unmapped_NODE_6_length_22846_cov_20.428722_1
43,mobileOG_000318210|tnpA|WP_086893244.1|integration/excision|NA|Plasmid RefSeq|Homology,ratio4_unmapped_NODE_6_length_22846_cov_20.428722_1-6039_ratio4_unmapped_NODE_6_length_22846_cov_20.428722_1_5 # 3847 # 4380 # -1 # ID=239_5;partial=00;start_type=ATG;rbs_motif=None;rbs_spacer=None;gc_cont=0.530,100.0,370.0,227,1.2499999999999996e-131,178,51,227,1,177,mobileOG_000318210,tnpA,WP_086893244.1,integration/excision,NA,Plasmid RefSeq,Homology,ratio4_unmapped_NODE_6_length_22846_cov_20.428722_1-6039_ratio4_unmapped_NODE_6_length_22846_cov_20.428722_1_5, 3847 # 4380 # -1 , 3847,4380,-1 ,239_5,239,5,00,ATG,None,None,0.530,ratio4_unmapped_NODE_6_length_22846_cov_20.428722_1-6039_ratio4_unmapped_NODE_6_length_22846_cov_20.428722_1,mobileOG_000318210_ratio4_unmapped_NODE_6_length_22846_cov_20.428722_1-6039_ratio4_unmapped_NODE_6_length_22846_cov_20.428722_1
44,mobileOG_000074301|tnpA|WP_021512645.1|integration/excision|NA|COMPASS|Homology,ratio4_unmapped_NODE_40_length_9829_cov_38.654901_1-6024_ratio4_unmapped_NODE_40_length_9829_cov_38.654901_1_3 # 1663 # 4212 # 1 # ID=240_3;partial=00;start_type=ATG;rbs_motif=GGA/GAG/AGG;rbs_spacer=5-10bp;gc_cont=0.517,100.0,1669.0,980,0.0,850,132,980,1,849,mobileOG_000074301,tnpA,WP_021512645.1,integration/excision,NA,COMPASS,Homology,ratio4_unmapped_NODE_40_length_9829_cov_38.654901_1-6024_ratio4_unmapped_NODE_40_length_9829_cov_38.654901_1_3, 1663 # 4212 # 1 , 1663,4212,1 ,240_3,240,3,00,ATG,GGA/GAG/AGG,5-10bp,0.517,ratio4_unmapped_NODE_40_length_9829_cov_38.654901_1-6024_ratio4_unmapped_NODE_40_length_9829_cov_38.654901_1,mobileOG_000074301_ratio4_unmapped_NODE_40_length_9829_cov_38.654901_1-6024_ratio4_unmapped_NODE_40_length_9829_cov_38.654901_1
45,mobileOG_000057143|insC1|WP_012002054.1|integration/excision|NA|COMPASS|Homology,ratio4_unmapped_NODE_40_length_9829_cov_38.654901_1-6024_ratio4_unmapped_NODE_40_length_9829_cov_38.654901_1_5 # 4902 # 5066 # -1 # ID=240_5;partial=00;start_type=GTG;rbs_motif=GGAG/GAGG;rbs_spacer=5-10bp;gc_cont=0.576,98.1,105.0,134,1.1e-30,55,81,134,1,54,mobileOG_000057143,insC1,WP_012002054.1,integration/excision,NA,COMPASS,Homology,ratio4_unmapped_NODE_40_length_9829_cov_38.654901_1-6024_ratio4_unmapped_NODE_40_length_9829_cov_38.654901_1_5, 4902 # 5066 # -1 , 4902,5066,-1 ,240_5,240,5,00,GTG,GGAG/GAGG,5-10bp,0.576,ratio4_unmapped_NODE_40_length_9829_cov_38.654901_1-6024_ratio4_unmapped_NODE_40_length_9829_cov_38.654901_1,mobileOG_000057143_ratio4_unmapped_NODE_40_length_9829_cov_38.654901_1-6024_ratio4_unmapped_NODE_40_length_9829_cov_38.654901_1
46,mobileOG_000056778|insC1|WP_001459498.1|integration/excision|NA|COMPASS|Homology,ratio4_unmapped_NODE_40_length_9829_cov_38.654901_1-6024_ratio4_unmapped_NODE_40_length_9829_cov_38.654901_1_6 # 5106 # 5297 # -1 # ID=240_6;partial=00;start_type=ATG;rbs_motif=4Base/6BMM;rbs_spacer=13-15bp;gc_cont=0.479,100.0,127.0,63,4.32e-40,64,1,63,1,63,mobileOG_000056778,insC1,WP_001459498.1,integration/excision,NA,COMPASS,Homology,ratio4_unmapped_NODE_40_length_9829_cov_38.654901_1-6024_ratio4_unmapped_NODE_40_length_9829_cov_38.654901_1_6, 5106 # 5297 # -1 , 5106,5297,-1 ,240_6,240,6,00,ATG,4Base/6BMM,13-15bp,0.479,ratio4_unmapped_NODE_40_length_9829_cov_38.654901_1-6024_ratio4_unmapped_NODE_40_length_9829_cov_38.654901_1,mobileOG_000056778_ratio4_unmapped_NODE_40_length_9829_cov_38.654901_1-6024_ratio4_unmapped_NODE_40_length_9829_cov_38.654901_1
47,mobileOG_000074301|tnpA|WP_021512645.1|integration/excision|NA|COMPASS|Homology,ratio4_unmapped_NODE_40_length_9829_cov_38.654901_665-9829_ratio4_unmapped_NODE_40_length_9829_cov_38.654901_7_3 # 999 # 3548 # 1 # ID=241_3;partial=00;start_type=ATG;rbs_motif=GGA/GAG/AGG;rbs_spacer=5-10bp;gc_cont=0.517,100.0,1669.0,980,0.0,850,132,980,1,849,mobileOG_000074301,tnpA,WP_021512645.1,integration/excision,NA,COMPASS,Homology,ratio4_unmapped_NODE_40_length_9829_cov_38.654901_665-9829_ratio4_unmapped_NODE_40_length_9829_cov_38.654901_7_3, 999 # 3548 # 1 , 999,3548,1 ,241_3,241,3,00,ATG,GGA/GAG/AGG,5-10bp,0.517,ratio4_unmapped_NODE_40_length_9829_cov_38.654901_665-9829_ratio4_unmapped_NODE_40_length_9829_cov_38.654901_7,mobileOG_000074301_ratio4_unmapped_NODE_40_length_9829_cov_38.654901_665-9829_ratio4_unmapped_NODE_40_length_9829_cov_38.654901_7
48,mobileOG_000057143|insC1|WP_012002054.1|integration/excision|NA|COMPASS|Homology,ratio4_unmapped_NODE_40_length_9829_cov_38.654901_665-9829_ratio4_unmapped_NODE_40_length_9829_cov_38.654901_7_5 # 4238 # 4402 # -1 # ID=241_5;partial=00;start_type=GTG;rbs_motif=GGAG/GAGG;rbs_spacer=5-10bp;gc_cont=0.576,98.1,105.0,134,1.1e-30,55,81,134,1,54,mobileOG_000057143,insC1,WP_012002054.1,integration/excision,NA,COMPASS,Homology,ratio4_unmapped_NODE_40_length_9829_cov_38.654901_665-9829_ratio4_unmapped_NODE_40_length_9829_cov_38.654901_7_5, 4238 # 4402 # -1 , 4238,4402,-1 ,241_5,241,5,00,GTG,GGAG/GAGG,5-10bp,0.576,ratio4_unmapped_NODE_40_length_9829_cov_38.654901_665-9829_ratio4_unmapped_NODE_40_length_9829_cov_38.654901_7,mobileOG_000057143_ratio4_unmapped_NODE_40_length_9829_cov_38.654901_665-9829_ratio4_unmapped_NODE_40_length_9829_cov_38.654901_7
49,mobileOG_000056778|insC1|WP_001459498.1|integration/excision|NA|COMPASS|Homology,ratio4_unmapped_NODE_40_length_9829_cov_38.654901_665-9829_ratio4_unmapped_NODE_40_length_9829_cov_38.654901_7_6 # 4442 # 4633 # -1 # ID=241_6;partial=00;start_type=ATG;rbs_motif=4Base/6BMM;rbs_spacer=13-15bp;gc_cont=0.479,100.0,127.0,63,4.32e-40,64,1,63,1,63,mobileOG_000056778,insC1,WP_001459498.1,integration/excision,NA,COMPASS,Homology,ratio4_unmapped_NODE_40_length_9829_cov_38.654901_665-9829_ratio4_unmapped_NODE_40_length_9829_cov_38.654901_7_6, 4442 # 4633 # -1 , 4442,4633,-1 ,241_6,241,6,00,ATG,4Base/6BMM,13-15bp,0.479,ratio4_unmapped_NODE_40_length_9829_cov_38.654901_665-9829_ratio4_unmapped_NODE_40_length_9829_cov_38.654901_7,mobileOG_000056778_ratio4_unmapped_NODE_40_length_9829_cov_38.654901_665-9829_ratio4_unmapped_NODE_40_length_9829_cov_38.654901_7
50,mobileOG_000056465|gin|WP_001493760.1|integration/excision|NA|COMPASS|Homology,ratio4_unmapped_NODE_40_length_9829_cov_38.654901_665-9829_ratio4_unmapped_NODE_40_length_9829_cov_38.654901_7_8 # 5976 # 6413 # -1 # ID=241_8;partial=00;start_type=ATG;rbs_motif=None;rbs_spacer=None;gc_cont=0.553,100.0,279.0,145,1.8499999999999994e-97,146,1,145,1,145,mobileOG_000056465,gin,WP_001493760.1,integration/excision,NA,COMPASS,Homology,ratio4_unmapped_NODE_40_length_9829_cov_38.654901_665-9829_ratio4_unmapped_NODE_40_length_9829_cov_38.654901_7_8, 5976 # 6413 # -1 , 5976,6413,-1 ,241_8,241,8,00,ATG,None,None,0.553,ratio4_unmapped_NODE_40_length_9829_cov_38.654901_665-9829_ratio4_unmapped_NODE_40_length_9829_cov_38.654901_7,mobileOG_000056465_ratio4_unmapped_NODE_40_length_9829_cov_38.654901_665-9829_ratio4_unmapped_NODE_40_length_9829_cov_38.654901_7
51,mobileOG_000056464|tnpR|WP_001493762.1|integration/excision|NA|Multiple|Homology,ratio4_unmapped_NODE_40_length_9829_cov_38.654901_665-9829_ratio4_unmapped_NODE_40_length_9829_cov_38.654901_7_10 # 7865 # 8437 # -1 # ID=241_10;partial=00;start_type=GTG;rbs_motif=GGAGG;rbs_spacer=5-10bp;gc_cont=0.545,100.0,374.0,190,1.7099999999999998e-133,191,1,190,1,190,mobileOG_000056464,tnpR,WP_001493762.1,integration/excision,NA,Multiple,Homology,ratio4_unmapped_NODE_40_length_9829_cov_38.654901_665-9829_ratio4_unmapped_NODE_40_length_9829_cov_38.654901_7_10, 7865 # 8437 # -1 , 7865,8437,-1 ,241_10,241,10,00,GTG,GGAGG,5-10bp,0.545,ratio4_unmapped_NODE_40_length_9829_cov_38.654901_665-9829_ratio4_unmapped_NODE_40_length_9829_cov_38.654901_7,mobileOG_000056464_ratio4_unmapped_NODE_40_length_9829_cov_38.654901_665-9829_ratio4_unmapped_NODE_40_length_9829_cov_38.654901_7
52,mobileOG_000056463|tnpM|WP_001493763.1|integration/excision|NA|Multiple|Homology,ratio4_unmapped_NODE_40_length_9829_cov_38.654901_665-9829_ratio4_unmapped_NODE_40_length_9829_cov_38.654901_7_11 # 8574 # 9119 # -1 # ID=241_11;partial=00;start_type=ATG;rbs_motif=GGAG/GAGG;rbs_spacer=5-10bp;gc_cont=0.511,100.0,377.0,181,5.179999999999998e-135,182,1,181,1,181,mobileOG_000056463,tnpM,WP_001493763.1,integration/excision,NA,Multiple,Homology,ratio4_unmapped_NODE_40_length_9829_cov_38.654901_665-9829_ratio4_unmapped_NODE_40_length_9829_cov_38.654901_7_11, 8574 # 9119 # -1 , 8574,9119,-1 ,241_11,241,11,00,ATG,GGAG/GAGG,5-10bp,0.511,ratio4_unmapped_NODE_40_length_9829_cov_38.654901_665-9829_ratio4_unmapped_NODE_40_length_9829_cov_38.654901_7,mobileOG_000056463_ratio4_unmapped_NODE_40_length_9829_cov_38.654901_665-9829_ratio4_unmapped_NODE_40_length_9829_cov_38.654901_7
53,mobileOG_000333812|alkB|WP_000884953.1|replication/recombination/repair|NA|Plasmid RefSeq|Homology,ratio4_unmapped_NODE_63_length_8198_cov_8.884809_2216-8198_ratio4_unmapped_NODE_63_length_8198_cov_8.884809_6_5 # 4275 # 4925 # 1 # ID=243_5;partial=00;start_type=ATG;rbs_motif=AGGAG;rbs_spacer=5-10bp;gc_cont=0.527,99.1,455.0,216,8.369999999999998e-165,217,1,216,1,216,mobileOG_000333812,alkB,WP_000884953.1,replication/recombination/repair,NA,Plasmid RefSeq,Homology,ratio4_unmapped_NODE_63_length_8198_cov_8.884809_2216-8198_ratio4_unmapped_NODE_63_length_8198_cov_8.884809_6_5, 4275 # 4925 # 1 , 4275,4925,1 ,243_5,243,5,00,ATG,AGGAG,5-10bp,0.527,ratio4_unmapped_NODE_63_length_8198_cov_8.884809_2216-8198_ratio4_unmapped_NODE_63_length_8198_cov_8.884809_6,mobileOG_000333812_ratio4_unmapped_NODE_63_length_8198_cov_8.884809_2216-8198_ratio4_unmapped_NODE_63_length_8198_cov_8.884809_6
54,mobileOG_000026107|parE|P20083|replication/recombination/repair|partitioning|Multiple|Manual,ratio4_unmapped_NODE_148_length_5430_cov_7.554977_1-5430_ratio4_unmapped_NODE_148_length_5430_cov_7.554977_1_6 # 4200 # 5429 # 1 # ID=248_6;partial=01;start_type=ATG;rbs_motif=None;rbs_spacer=None;gc_cont=0.539,100.0,829.0,630,6.979999999999996e-303,410,1,410,1,410,mobileOG_000026107,parE,P20083,replication/recombination/repair,partitioning,Multiple,Manual,ratio4_unmapped_NODE_148_length_5430_cov_7.554977_1-5430_ratio4_unmapped_NODE_148_length_5430_cov_7.554977_1_6, 4200 # 5429 # 1 , 4200,5429,1 ,248_6,248,6,01,ATG,None,None,0.539,ratio4_unmapped_NODE_148_length_5430_cov_7.554977_1-5430_ratio4_unmapped_NODE_148_length_5430_cov_7.554977_1,mobileOG_000026107_ratio4_unmapped_NODE_148_length_5430_cov_7.554977_1-5430_ratio4_unmapped_NODE_148_length_5430_cov_7.554977_1
55,mobileOG_000373302|tnpA|WP_048230589.1|integration/excision|NA|Plasmid RefSeq|Homology,ratio4_unmapped_NODE_152_length_5388_cov_7.916932_1-5388_ratio4_unmapped_NODE_152_length_5388_cov_7.916932_4_1 # 2 # 862 # 1 # ID=249_1;partial=10;start_type=Edge;rbs_motif=None;rbs_spacer=None;gc_cont=0.648,99.3,566.0,300,1.919999999999999e-206,287,15,300,1,286,mobileOG_000373302,tnpA,WP_048230589.1,integration/excision,NA,Plasmid RefSeq,Homology,ratio4_unmapped_NODE_152_length_5388_cov_7.916932_1-5388_ratio4_unmapped_NODE_152_length_5388_cov_7.916932_4_1, 2 # 862 # 1 , 2,862,1 ,249_1,249,1,10,Edge,None,None,0.648,ratio4_unmapped_NODE_152_length_5388_cov_7.916932_1-5388_ratio4_unmapped_NODE_152_length_5388_cov_7.916932_4,mobileOG_000373302_ratio4_unmapped_NODE_152_length_5388_cov_7.916932_1-5388_ratio4_unmapped_NODE_152_length_5388_cov_7.916932_4
56,mobileOG_000062109|tnpA|WP_109138279.1|integration/excision|NA|Multiple|Homology,ratio4_unmapped_NODE_152_length_5388_cov_7.916932_1-5388_ratio4_unmapped_NODE_152_length_5388_cov_7.916932_4_2 # 920 # 1162 # 1 # ID=249_2;partial=00;start_type=GTG;rbs_motif=GGA/GAG/AGG;rbs_spacer=5-10bp;gc_cont=0.720,100.0,146.0,198,2.3699999999999997e-45,81,123,198,5,80,mobileOG_000062109,tnpA,WP_109138279.1,integration/excision,NA,Multiple,Homology,ratio4_unmapped_NODE_152_length_5388_cov_7.916932_1-5388_ratio4_unmapped_NODE_152_length_5388_cov_7.916932_4_2, 920 # 1162 # 1 , 920,1162,1 ,249_2,249,2,00,GTG,GGA/GAG/AGG,5-10bp,0.720,ratio4_unmapped_NODE_152_length_5388_cov_7.916932_1-5388_ratio4_unmapped_NODE_152_length_5388_cov_7.916932_4,mobileOG_000062109_ratio4_unmapped_NODE_152_length_5388_cov_7.916932_1-5388_ratio4_unmapped_NODE_152_length_5388_cov_7.916932_4
57,mobileOG_000002833|tnpA|WP_001301408.1|integration/excision|NA|COMPASS|Manual,ratio4_unmapped_NODE_152_length_5388_cov_7.916932_1-5388_ratio4_unmapped_NODE_152_length_5388_cov_7.916932_4_6 # 4554 # 5387 # 1 # ID=249_6;partial=01;start_type=ATG;rbs_motif=None;rbs_spacer=None;gc_cont=0.643,100.0,546.0,363,2.2799999999999992e-197,278,9,286,1,278,mobileOG_000002833,tnpA,WP_001301408.1,integration/excision,NA,COMPASS,Manual,ratio4_unmapped_NODE_152_length_5388_cov_7.916932_1-5388_ratio4_unmapped_NODE_152_length_5388_cov_7.916932_4_6, 4554 # 5387 # 1 , 4554,5387,1 ,249_6,249,6,01,ATG,None,None,0.643,ratio4_unmapped_NODE_152_length_5388_cov_7.916932_1-5388_ratio4_unmapped_NODE_152_length_5388_cov_7.916932_4,mobileOG_000002833_ratio4_unmapped_NODE_152_length_5388_cov_7.916932_1-5388_ratio4_unmapped_NODE_152_length_5388_cov_7.916932_4
58,mobileOG_000321643|ecnB|WP_000977757.1|stability/transfer/defense|NA|Plasmid RefSeq|Homology,ratio4_unmapped_NODE_198_length_4664_cov_9.447603_1-4664_ratio4_unmapped_NODE_198_length_4664_cov_9.447603_6_2 # 398 # 520 # 1 # ID=253_2;partial=00;start_type=ATG;rbs_motif=GGA/GAG/AGG;rbs_spacer=5-10bp;gc_cont=0.545,100.0,78.6,41,3.3500000000000002e-21,41,2,41,1,40,mobileOG_000321643,ecnB,WP_000977757.1,stability/transfer/defense,NA,Plasmid RefSeq,Homology,ratio4_unmapped_NODE_198_length_4664_cov_9.447603_1-4664_ratio4_unmapped_NODE_198_length_4664_cov_9.447603_6_2, 398 # 520 # 1 , 398,520,1 ,253_2,253,2,00,ATG,GGA/GAG/AGG,5-10bp,0.545,ratio4_unmapped_NODE_198_length_4664_cov_9.447603_1-4664_ratio4_unmapped_NODE_198_length_4664_cov_9.447603_6,mobileOG_000321643_ratio4_unmapped_NODE_198_length_4664_cov_9.447603_1-4664_ratio4_unmapped_NODE_198_length_4664_cov_9.447603_6
59,mobileOG_000330413|ecnB|ETJ37164.1|stability/transfer/defense|NA|Plasmid RefSeq|Homology,ratio4_unmapped_NODE_198_length_4664_cov_9.447603_1-4664_ratio4_unmapped_NODE_198_length_4664_cov_9.447603_6_3 # 631 # 777 # 1 # ID=253_3;partial=00;start_type=ATG;rbs_motif=AGGA;rbs_spacer=5-10bp;gc_cont=0.483,100.0,88.2,48,8.370000000000002e-25,49,1,48,1,48,mobileOG_000330413,ecnB,ETJ37164.1,stability/transfer/defense,NA,Plasmid RefSeq,Homology,ratio4_unmapped_NODE_198_length_4664_cov_9.447603_1-4664_ratio4_unmapped_NODE_198_length_4664_cov_9.447603_6_3, 631 # 777 # 1 , 631,777,1 ,253_3,253,3,00,ATG,AGGA,5-10bp,0.483,ratio4_unmapped_NODE_198_length_4664_cov_9.447603_1-4664_ratio4_unmapped_NODE_198_length_4664_cov_9.447603_6,mobileOG_000330413_ratio4_unmapped_NODE_198_length_4664_cov_9.447603_1-4664_ratio4_unmapped_NODE_198_length_4664_cov_9.447603_6
60,mobileOG_000003237|fis|WP_000462905.1|integration/excision|replication/recombination/repair|Multiple|Manual,ratio4_unmapped_NODE_288_length_3580_cov_7.308369_1-3580_ratio4_unmapped_NODE_288_length_3580_cov_7.308369_1_5 # 3080 # 3376 # -1 # ID=255_5;partial=00;start_type=ATG;rbs_motif=GGA/GAG/AGG;rbs_spacer=11-12bp;gc_cont=0.471,100.0,189.0,98,1.9899999999999996e-63,99,1,98,1,98,mobileOG_000003237,fis,WP_000462905.1,integration/excision,replication/recombination/repair,Multiple,Manual,ratio4_unmapped_NODE_288_length_3580_cov_7.308369_1-3580_ratio4_unmapped_NODE_288_length_3580_cov_7.308369_1_5, 3080 # 3376 # -1 , 3080,3376,-1 ,255_5,255,5,00,ATG,GGA/GAG/AGG,11-12bp,0.471,ratio4_unmapped_NODE_288_length_3580_cov_7.308369_1-3580_ratio4_unmapped_NODE_288_length_3580_cov_7.308369_1,mobileOG_000003237_ratio4_unmapped_NODE_288_length_3580_cov_7.308369_1-3580_ratio4_unmapped_NODE_288_length_3580_cov_7.308369_1
61,mobileOG_000003237|fis|WP_000462905.1|integration/excision|replication/recombination/repair|Multiple|Manual,ratio4_unmapped_NODE_288_length_3580_cov_7.308369_1-3580_ratio4_unmapped_NODE_288_length_3580_cov_7.308369_2_5 # 3080 # 3376 # -1 # ID=256_5;partial=00;start_type=ATG;rbs_motif=GGA/GAG/AGG;rbs_spacer=11-12bp;gc_cont=0.471,100.0,189.0,98,1.9899999999999996e-63,99,1,98,1,98,mobileOG_000003237,fis,WP_000462905.1,integration/excision,replication/recombination/repair,Multiple,Manual,ratio4_unmapped_NODE_288_length_3580_cov_7.308369_1-3580_ratio4_unmapped_NODE_288_length_3580_cov_7.308369_2_5, 3080 # 3376 # -1 , 3080,3376,-1 ,256_5,256,5,00,ATG,GGA/GAG/AGG,11-12bp,0.471,ratio4_unmapped_NODE_288_length_3580_cov_7.308369_1-3580_ratio4_unmapped_NODE_288_length_3580_cov_7.308369_2,mobileOG_000003237_ratio4_unmapped_NODE_288_length_3580_cov_7.308369_1-3580_ratio4_unmapped_NODE_288_length_3580_cov_7.308369_2
62,mobileOG_000038469|tnpR|WP_000427619.1|integration/excision|NA|Multiple|Homology,ratio4_unmapped_NODE_358_length_3137_cov_3.833550_1-3137_ratio4_unmapped_NODE_358_length_3137_cov_3.833550_5_3 # 598 # 1602 # 1 # ID=261_3;partial=00;start_type=ATG;rbs_motif=GGAG/GAGG;rbs_spacer=5-10bp;gc_cont=0.489,99.7,651.0,334,1.969999999999999e-238,335,1,334,1,334,mobileOG_000038469,tnpR,WP_000427619.1,integration/excision,NA,Multiple,Homology,ratio4_unmapped_NODE_358_length_3137_cov_3.833550_1-3137_ratio4_unmapped_NODE_358_length_3137_cov_3.833550_5_3, 598 # 1602 # 1 , 598,1602,1 ,261_3,261,3,00,ATG,GGAG/GAGG,5-10bp,0.489,ratio4_unmapped_NODE_358_length_3137_cov_3.833550_1-3137_ratio4_unmapped_NODE_358_length_3137_cov_3.833550_5,mobileOG_000038469_ratio4_unmapped_NODE_358_length_3137_cov_3.833550_1-3137_ratio4_unmapped_NODE_358_length_3137_cov_3.833550_5
63,"mobileOG_000025806|cca|J7Q9S8|phage|regulation,infection|Multiple|Manual",ratio4_unmapped_NODE_534_length_2233_cov_10.080808_1-2233_ratio4_unmapped_NODE_534_length_2233_cov_10.080808_3_2 # 181 # 1419 # 1 # ID=269_2;partial=00;start_type=GTG;rbs_motif=GGA/GAG/AGG;rbs_spacer=5-10bp;gc_cont=0.563,100.0,842.0,412,3.06e-311,413,1,412,1,412,mobileOG_000025806,cca,J7Q9S8,phage,"regulation,infection",Multiple,Manual,ratio4_unmapped_NODE_534_length_2233_cov_10.080808_1-2233_ratio4_unmapped_NODE_534_length_2233_cov_10.080808_3_2, 181 # 1419 # 1 , 181,1419,1 ,269_2,269,2,00,GTG,GGA/GAG/AGG,5-10bp,0.563,ratio4_unmapped_NODE_534_length_2233_cov_10.080808_1-2233_ratio4_unmapped_NODE_534_length_2233_cov_10.080808_3,mobileOG_000025806_ratio4_unmapped_NODE_534_length_2233_cov_10.080808_1-2233_ratio4_unmapped_NODE_534_length_2233_cov_10.080808_3
64,mobileOG_000135039|O|A0A376S7T6|phage|replication/recombination/repair|GPD|Homology,ratio4_unmapped_NODE_605_length_2007_cov_13.658811_1-2007_ratio4_unmapped_NODE_605_length_2007_cov_13.658811_4_1 # 2 # 544 # 1 # ID=272_1;partial=10;start_type=Edge;rbs_motif=None;rbs_spacer=None;gc_cont=0.490,100.0,372.0,309,2.1599999999999994e-131,181,130,309,1,180,mobileOG_000135039,O,A0A376S7T6,phage,replication/recombination/repair,GPD,Homology,ratio4_unmapped_NODE_605_length_2007_cov_13.658811_1-2007_ratio4_unmapped_NODE_605_length_2007_cov_13.658811_4_1, 2 # 544 # 1 , 2,544,1 ,272_1,272,1,10,Edge,None,None,0.490,ratio4_unmapped_NODE_605_length_2007_cov_13.658811_1-2007_ratio4_unmapped_NODE_605_length_2007_cov_13.658811_4,mobileOG_000135039_ratio4_unmapped_NODE_605_length_2007_cov_13.658811_1-2007_ratio4_unmapped_NODE_605_length_2007_cov_13.658811_4
65,"mobileOG_000079227|P|A0A0A1A1Z3|phage|replication/recombination/repair,initiation|GPD|Homology",ratio4_unmapped_NODE_605_length_2007_cov_13.658811_1-2007_ratio4_unmapped_NODE_605_length_2007_cov_13.658811_4_2 # 541 # 1242 # 1 # ID=272_2;partial=00;start_type=ATG;rbs_motif=GGxGG;rbs_spacer=3-4bp;gc_cont=0.541,99.6,461.0,233,1.5999999999999994e-166,234,1,233,1,233,mobileOG_000079227,P,A0A0A1A1Z3,phage,"replication/recombination/repair,initiation",GPD,Homology,ratio4_unmapped_NODE_605_length_2007_cov_13.658811_1-2007_ratio4_unmapped_NODE_605_length_2007_cov_13.658811_4_2, 541 # 1242 # 1 , 541,1242,1 ,272_2,272,2,00,ATG,GGxGG,3-4bp,0.541,ratio4_unmapped_NODE_605_length_2007_cov_13.658811_1-2007_ratio4_unmapped_NODE_605_length_2007_cov_13.658811_4,mobileOG_000079227_ratio4_unmapped_NODE_605_length_2007_cov_13.658811_1-2007_ratio4_unmapped_NODE_605_length_2007_cov_13.658811_4
66,mobileOG_000001795|tnpR|P0ADI2|integration/excision|NA|Multiple|Manual,ratio4_unmapped_NODE_1058_length_1178_cov_2.011576_1-1178_ratio4_unmapped_NODE_1058_length_1178_cov_2.011576_2_1 # 1 # 249 # 1 # ID=283_1;partial=10;start_type=Edge;rbs_motif=None;rbs_spacer=None;gc_cont=0.542,98.8,151.0,83,5.8099999999999995e-49,83,2,83,1,82,mobileOG_000001795,tnpR,P0ADI2,integration/excision,NA,Multiple,Manual,ratio4_unmapped_NODE_1058_length_1178_cov_2.011576_1-1178_ratio4_unmapped_NODE_1058_length_1178_cov_2.011576_2_1, 1 # 249 # 1 , 1,249,1 ,283_1,283,1,10,Edge,None,None,0.542,ratio4_unmapped_NODE_1058_length_1178_cov_2.011576_1-1178_ratio4_unmapped_NODE_1058_length_1178_cov_2.011576_2,mobileOG_000001795_ratio4_unmapped_NODE_1058_length_1178_cov_2.011576_1-1178_ratio4_unmapped_NODE_1058_length_1178_cov_2.011576_2
67,"mobileOG_000354202|cpxA|WP_033636450.1|transfer|conjugation,relaxosome|Plasmid RefSeq|Homology",ratio4_unmapped_NODE_2923_length_260_cov_1.590244_1-260_ratio4_unmapped_NODE_2923_length_260_cov_1.590244_1_1 # 3 # 260 # -1 # ID=317_1;partial=11;start_type=Edge;rbs_motif=None;rbs_spacer=None;gc_cont=0.523,90.7,155.0,464,2.57e-46,86,139,224,1,86,mobileOG_000354202,cpxA,WP_033636450.1,transfer,"conjugation,relaxosome",Plasmid RefSeq,Homology,ratio4_unmapped_NODE_2923_length_260_cov_1.590244_1-260_ratio4_unmapped_NODE_2923_length_260_cov_1.590244_1_1, 3 # 260 # -1 , 3,260,-1 ,317_1,317,1,11,Edge,None,None,0.523,ratio4_unmapped_NODE_2923_length_260_cov_1.590244_1-260_ratio4_unmapped_NODE_2923_length_260_cov_1.590244_1,mobileOG_000354202_ratio4_unmapped_NODE_2923_length_260_cov_1.590244_1-260_ratio4_unmapped_NODE_2923_length_260_cov_1.590244_1
,Sequence Title,Query Title,Pident,Bitscore,Subject Sequence Length,e-value,Query Sequence Length,Start of Alignment in Subject,End of Alignment in Query,Start of Alignment in Query,End of Alignment in Query,mobileOG ID,Gene Name,Best Hit Accession ID,Major mobileOG Category,Minor mobileOG Category,Source Database,Evidence Type,Contig/ORF Name,ORF_Start_Stop_Strands,ORF_Start,ORF_End,Sense or Antisense Strand,Prodigal ID,Prodigal Designated Contigs,Unique_ORF,Partial Tag,Start Codon,RBS Motif,RBS Spacer,GC Content,Specific Contig,Final Sample Name
0,mobileOG_000038749|NA|NA|integration/excision|NA|Multiple|Homology,ratio5_Esch_coli_14EC033_NODE_19_length_20432_cov_97.888551_1-6222_ratio5_Esch_coli_14EC033_NODE_19_length_20432_cov_97.888551_1_4 # 2848 # 3225 # -1 # ID=3_4;partial=00;start_type=ATG;rbs_motif=None;rbs_spacer=None;gc_cont=0.540,100.0,257.0,125,1.4400000000000001e-89,126,1,125,1,125,mobileOG_000038749,NA,NA,integration/excision,NA,Multiple,Homology,ratio5_Esch_coli_14EC033_NODE_19_length_20432_cov_97.888551_1-6222_ratio5_Esch_coli_14EC033_NODE_19_length_20432_cov_97.888551_1_4, 2848 # 3225 # -1 , 2848,3225,-1 ,3_4,3,4,00,ATG,None,None,0.540,ratio5_Esch_coli_14EC033_NODE_19_length_20432_cov_97.888551_1-6222_ratio5_Esch_coli_14EC033_NODE_19_length_20432_cov_97.888551_1,mobileOG_000038749_ratio5_Esch_coli_14EC033_NODE_19_length_20432_cov_97.888551_1-6222_ratio5_Esch_coli_14EC033_NODE_19_length_20432_cov_97.888551_1
1,mobileOG_000001273|insA8|P0CF13|integration/excision|NA|Multiple|Manual,ratio5_Esch_coli_14EC033_NODE_19_length_20432_cov_97.888551_1-6222_ratio5_Esch_coli_14EC033_NODE_19_length_20432_cov_97.888551_1_5 # 3270 # 3545 # -1 # ID=3_5;partial=00;start_type=GTG;rbs_motif=GGAG/GAGG;rbs_spacer=5-10bp;gc_cont=0.525,100.0,189.0,91,1.6999999999999997e-63,92,1,91,1,91,mobileOG_000001273,insA8,P0CF13,integration/excision,NA,Multiple,Manual,ratio5_Esch_coli_14EC033_NODE_19_length_20432_cov_97.888551_1-6222_ratio5_Esch_coli_14EC033_NODE_19_length_20432_cov_97.888551_1_5, 3270 # 3545 # -1 , 3270,3545,-1 ,3_5,3,5,00,GTG,GGAG/GAGG,5-10bp,0.525,ratio5_Esch_coli_14EC033_NODE_19_length_20432_cov_97.888551_1-6222_ratio5_Esch_coli_14EC033_NODE_19_length_20432_cov_97.888551_1,mobileOG_000001273_ratio5_Esch_coli_14EC033_NODE_19_length_20432_cov_97.888551_1-6222_ratio5_Esch_coli_14EC033_NODE_19_length_20432_cov_97.888551_1
2,mobileOG_000038749|NA|NA|integration/excision|NA|Multiple|Homology,ratio5_Esch_coli_14EC033_NODE_19_length_20432_cov_97.888551_1-7253_ratio5_Esch_coli_14EC033_NODE_19_length_20432_cov_97.888551_2_4 # 2848 # 3225 # -1 # ID=4_4;partial=00;start_type=ATG;rbs_motif=None;rbs_spacer=None;gc_cont=0.540,100.0,257.0,125,1.4400000000000001e-89,126,1,125,1,125,mobileOG_000038749,NA,NA,integration/excision,NA,Multiple,Homology,ratio5_Esch_coli_14EC033_NODE_19_length_20432_cov_97.888551_1-7253_ratio5_Esch_coli_14EC033_NODE_19_length_20432_cov_97.888551_2_4, 2848 # 3225 # -1 , 2848,3225,-1 ,4_4,4,4,00,ATG,None,None,0.540,ratio5_Esch_coli_14EC033_NODE_19_length_20432_cov_97.888551_1-7253_ratio5_Esch_coli_14EC033_NODE_19_length_20432_cov_97.888551_2,mobileOG_000038749_ratio5_Esch_coli_14EC033_NODE_19_length_20432_cov_97.888551_1-7253_ratio5_Esch_coli_14EC033_NODE_19_length_20432_cov_97.888551_2
3,mobileOG_000001273|insA8|P0CF13|integration/excision|NA|Multiple|Manual,ratio5_Esch_coli_14EC033_NODE_19_length_20432_cov_97.888551_1-7253_ratio5_Esch_coli_14EC033_NODE_19_length_20432_cov_97.888551_2_5 # 3270 # 3545 # -1 # ID=4_5;partial=00;start_type=GTG;rbs_motif=GGAG/GAGG;rbs_spacer=5-10bp;gc_cont=0.525,100.0,189.0,91,1.6999999999999997e-63,92,1,91,1,91,mobileOG_000001273,insA8,P0CF13,integration/excision,NA,Multiple,Manual,ratio5_Esch_coli_14EC033_NODE_19_length_20432_cov_97.888551_1-7253_ratio5_Esch_coli_14EC033_NODE_19_length_20432_cov_97.888551_2_5, 3270 # 3545 # -1 , 3270,3545,-1 ,4_5,4,5,00,GTG,GGAG/GAGG,5-10bp,0.525,ratio5_Esch_coli_14EC033_NODE_19_length_20432_cov_97.888551_1-7253_ratio5_Esch_coli_14EC033_NODE_19_length_20432_cov_97.888551_2,mobileOG_000001273_ratio5_Esch_coli_14EC033_NODE_19_length_20432_cov_97.888551_1-7253_ratio5_Esch_coli_14EC033_NODE_19_length_20432_cov_97.888551_2
4,mobileOG_000026107|parE|P20083|replication/recombination/repair|partitioning|Multiple|Manual,ratio5_Esch_coli_14EC033_NODE_70_length_12598_cov_55.418241_2236-12598_ratio5_Esch_coli_14EC033_NODE_70_length_12598_cov_55.418241_10_12 # 9201 # 10361 # 1 # ID=14_12;partial=01;start_type=ATG;rbs_motif=None;rbs_spacer=None;gc_cont=0.537,100.0,783.0,630,3.5399999999999986e-285,387,1,387,1,387,mobileOG_000026107,parE,P20083,replication/recombination/repair,partitioning,Multiple,Manual,ratio5_Esch_coli_14EC033_NODE_70_length_12598_cov_55.418241_2236-12598_ratio5_Esch_coli_14EC033_NODE_70_length_12598_cov_55.418241_10_12, 9201 # 10361 # 1 , 9201,10361,1 ,14_12,14,12,01,ATG,None,None,0.537,ratio5_Esch_coli_14EC033_NODE_70_length_12598_cov_55.418241_2236-12598_ratio5_Esch_coli_14EC033_NODE_70_length_12598_cov_55.418241_10,mobileOG_000026107_ratio5_Esch_coli_14EC033_NODE_70_length_12598_cov_55.418241_2236-12598_ratio5_Esch_coli_14EC033_NODE_70_length_12598_cov_55.418241_10
5,"mobileOG_000025806|cca|J7Q9S8|phage|regulation,infection|Multiple|Manual",ratio5_Esch_coli_14EC033_NODE_119_length_9530_cov_27.456148_1-5135_ratio5_Esch_coli_14EC033_NODE_119_length_9530_cov_27.456148_1_2 # 316 # 1554 # -1 # ID=20_2;partial=00;start_type=GTG;rbs_motif=GGA/GAG/AGG;rbs_spacer=5-10bp;gc_cont=0.565,98.8,833.0,412,6.909999999999995e-308,413,1,412,1,412,mobileOG_000025806,cca,J7Q9S8,phage,"regulation,infection",Multiple,Manual,ratio5_Esch_coli_14EC033_NODE_119_length_9530_cov_27.456148_1-5135_ratio5_Esch_coli_14EC033_NODE_119_length_9530_cov_27.456148_1_2, 316 # 1554 # -1 , 316,1554,-1 ,20_2,20,2,00,GTG,GGA/GAG/AGG,5-10bp,0.565,ratio5_Esch_coli_14EC033_NODE_119_length_9530_cov_27.456148_1-5135_ratio5_Esch_coli_14EC033_NODE_119_length_9530_cov_27.456148_1,mobileOG_000025806_ratio5_Esch_coli_14EC033_NODE_119_length_9530_cov_27.456148_1-5135_ratio5_Esch_coli_14EC033_NODE_119_length_9530_cov_27.456148_1
6,mobileOG_000321643|ecnB|WP_000977757.1|stability/transfer/defense|NA|Plasmid RefSeq|Homology,ratio5_Esch_coli_14EC033_NODE_133_length_9119_cov_46.696271_1-9119_ratio5_Esch_coli_14EC033_NODE_133_length_9119_cov_46.696271_7_3 # 1966 # 2088 # 1 # ID=21_3;partial=00;start_type=ATG;rbs_motif=GGA/GAG/AGG;rbs_spacer=5-10bp;gc_cont=0.545,100.0,78.6,41,3.3500000000000002e-21,41,2,41,1,40,mobileOG_000321643,ecnB,WP_000977757.1,stability/transfer/defense,NA,Plasmid RefSeq,Homology,ratio5_Esch_coli_14EC033_NODE_133_length_9119_cov_46.696271_1-9119_ratio5_Esch_coli_14EC033_NODE_133_length_9119_cov_46.696271_7_3, 1966 # 2088 # 1 , 1966,2088,1 ,21_3,21,3,00,ATG,GGA/GAG/AGG,5-10bp,0.545,ratio5_Esch_coli_14EC033_NODE_133_length_9119_cov_46.696271_1-9119_ratio5_Esch_coli_14EC033_NODE_133_length_9119_cov_46.696271_7,mobileOG_000321643_ratio5_Esch_coli_14EC033_NODE_133_length_9119_cov_46.696271_1-9119_ratio5_Esch_coli_14EC033_NODE_133_length_9119_cov_46.696271_7
7,mobileOG_000330413|ecnB|ETJ37164.1|stability/transfer/defense|NA|Plasmid RefSeq|Homology,ratio5_Esch_coli_14EC033_NODE_133_length_9119_cov_46.696271_1-9119_ratio5_Esch_coli_14EC033_NODE_133_length_9119_cov_46.696271_7_4 # 2199 # 2345 # 1 # ID=21_4;partial=00;start_type=ATG;rbs_motif=AGGA;rbs_spacer=5-10bp;gc_cont=0.490,100.0,88.2,48,8.370000000000002e-25,49,1,48,1,48,mobileOG_000330413,ecnB,ETJ37164.1,stability/transfer/defense,NA,Plasmid RefSeq,Homology,ratio5_Esch_coli_14EC033_NODE_133_length_9119_cov_46.696271_1-9119_ratio5_Esch_coli_14EC033_NODE_133_length_9119_cov_46.696271_7_4, 2199 # 2345 # 1 , 2199,2345,1 ,21_4,21,4,00,ATG,AGGA,5-10bp,0.490,ratio5_Esch_coli_14EC033_NODE_133_length_9119_cov_46.696271_1-9119_ratio5_Esch_coli_14EC033_NODE_133_length_9119_cov_46.696271_7,mobileOG_000330413_ratio5_Esch_coli_14EC033_NODE_133_length_9119_cov_46.696271_1-9119_ratio5_Esch_coli_14EC033_NODE_133_length_9119_cov_46.696271_7
8,mobileOG_000001273|insA8|P0CF13|integration/excision|NA|Multiple|Manual,ratio5_Esch_coli_14EC033_NODE_139_length_8922_cov_209.533100_1-7636_ratio5_Esch_coli_14EC033_NODE_139_length_8922_cov_209.533100_4_2 # 111 # 386 # 1 # ID=23_2;partial=00;start_type=GTG;rbs_motif=GGAG/GAGG;rbs_spacer=5-10bp;gc_cont=0.529,100.0,189.0,91,1.6999999999999997e-63,92,1,91,1,91,mobileOG_000001273,insA8,P0CF13,integration/excision,NA,Multiple,Manual,ratio5_Esch_coli_14EC033_NODE_139_length_8922_cov_209.533100_1-7636_ratio5_Esch_coli_14EC033_NODE_139_length_8922_cov_209.533100_4_2, 111 # 386 # 1 , 111,386,1 ,23_2,23,2,00,GTG,GGAG/GAGG,5-10bp,0.529,ratio5_Esch_coli_14EC033_NODE_139_length_8922_cov_209.533100_1-7636_ratio5_Esch_coli_14EC033_NODE_139_length_8922_cov_209.533100_4,mobileOG_000001273_ratio5_Esch_coli_14EC033_NODE_139_length_8922_cov_209.533100_1-7636_ratio5_Esch_coli_14EC033_NODE_139_length_8922_cov_209.533100_4
9,mobileOG_000038749|NA|NA|integration/excision|NA|Multiple|Homology,ratio5_Esch_coli_14EC033_NODE_139_length_8922_cov_209.533100_1-7636_ratio5_Esch_coli_14EC033_NODE_139_length_8922_cov_209.533100_4_3 # 431 # 808 # 1 # ID=23_3;partial=00;start_type=ATG;rbs_motif=None;rbs_spacer=None;gc_cont=0.540,100.0,257.0,125,1.4400000000000001e-89,126,1,125,1,125,mobileOG_000038749,NA,NA,integration/excision,NA,Multiple,Homology,ratio5_Esch_coli_14EC033_NODE_139_length_8922_cov_209.533100_1-7636_ratio5_Esch_coli_14EC033_NODE_139_length_8922_cov_209.533100_4_3, 431 # 808 # 1 , 431,808,1 ,23_3,23,3,00,ATG,None,None,0.540,ratio5_Esch_coli_14EC033_NODE_139_length_8922_cov_209.533100_1-7636_ratio5_Esch_coli_14EC033_NODE_139_length_8922_cov_209.533100_4,mobileOG_000038749_ratio5_Esch_coli_14EC033_NODE_139_length_8922_cov_209.533100_1-7636_ratio5_Esch_coli_14EC033_NODE_139_length_8922_cov_209.533100_4
10,mobileOG_000001273|insA8|P0CF13|integration/excision|NA|Multiple|Manual,ratio5_Esch_coli_14EC033_NODE_139_length_8922_cov_209.533100_1-8922_ratio5_Esch_coli_14EC033_NODE_139_length_8922_cov_209.533100_5_2 # 111 # 386 # 1 # ID=24_2;partial=00;start_type=GTG;rbs_motif=GGAG/GAGG;rbs_spacer=5-10bp;gc_cont=0.529,100.0,189.0,91,1.6999999999999997e-63,92,1,91,1,91,mobileOG_000001273,insA8,P0CF13,integration/excision,NA,Multiple,Manual,ratio5_Esch_coli_14EC033_NODE_139_length_8922_cov_209.533100_1-8922_ratio5_Esch_coli_14EC033_NODE_139_length_8922_cov_209.533100_5_2, 111 # 386 # 1 , 111,386,1 ,24_2,24,2,00,GTG,GGAG/GAGG,5-10bp,0.529,ratio5_Esch_coli_14EC033_NODE_139_length_8922_cov_209.533100_1-8922_ratio5_Esch_coli_14EC033_NODE_139_length_8922_cov_209.533100_5,mobileOG_000001273_ratio5_Esch_coli_14EC033_NODE_139_length_8922_cov_209.533100_1-8922_ratio5_Esch_coli_14EC033_NODE_139_length_8922_cov_209.533100_5
11,mobileOG_000038749|NA|NA|integration/excision|NA|Multiple|Homology,ratio5_Esch_coli_14EC033_NODE_139_length_8922_cov_209.533100_1-8922_ratio5_Esch_coli_14EC033_NODE_139_length_8922_cov_209.533100_5_3 # 431 # 808 # 1 # ID=24_3;partial=00;start_type=ATG;rbs_motif=None;rbs_spacer=None;gc_cont=0.540,100.0,257.0,125,1.4400000000000001e-89,126,1,125,1,125,mobileOG_000038749,NA,NA,integration/excision,NA,Multiple,Homology,ratio5_Esch_coli_14EC033_NODE_139_length_8922_cov_209.533100_1-8922_ratio5_Esch_coli_14EC033_NODE_139_length_8922_cov_209.533100_5_3, 431 # 808 # 1 , 431,808,1 ,24_3,24,3,00,ATG,None,None,0.540,ratio5_Esch_coli_14EC033_NODE_139_length_8922_cov_209.533100_1-8922_ratio5_Esch_coli_14EC033_NODE_139_length_8922_cov_209.533100_5,mobileOG_000038749_ratio5_Esch_coli_14EC033_NODE_139_length_8922_cov_209.533100_1-8922_ratio5_Esch_coli_14EC033_NODE_139_length_8922_cov_209.533100_5
12,mobileOG_000333812|alkB|WP_000884953.1|replication/recombination/repair|NA|Plasmid RefSeq|Homology,ratio5_Esch_coli_14EC033_NODE_221_length_6485_cov_18.908243_1-6485_ratio5_Esch_coli_14EC033_NODE_221_length_6485_cov_18.908243_2_3 # 2838 # 3488 # -1 # ID=30_3;partial=00;start_type=ATG;rbs_motif=AGGAG;rbs_spacer=5-10bp;gc_cont=0.528,99.5,456.0,216,2.9199999999999987e-165,217,1,216,1,216,mobileOG_000333812,alkB,WP_000884953.1,replication/recombination/repair,NA,Plasmid RefSeq,Homology,ratio5_Esch_coli_14EC033_NODE_221_length_6485_cov_18.908243_1-6485_ratio5_Esch_coli_14EC033_NODE_221_length_6485_cov_18.908243_2_3, 2838 # 3488 # -1 , 2838,3488,-1 ,30_3,30,3,00,ATG,AGGAG,5-10bp,0.528,ratio5_Esch_coli_14EC033_NODE_221_length_6485_cov_18.908243_1-6485_ratio5_Esch_coli_14EC033_NODE_221_length_6485_cov_18.908243_2,mobileOG_000333812_ratio5_Esch_coli_14EC033_NODE_221_length_6485_cov_18.908243_1-6485_ratio5_Esch_coli_14EC033_NODE_221_length_6485_cov_18.908243_2
13,mobileOG_000003237|fis|WP_000462905.1|integration/excision|replication/recombination/repair|Multiple|Manual,ratio5_Esch_coli_14EC033_NODE_263_length_5414_cov_80.498600_176-5414_ratio5_Esch_coli_14EC033_NODE_263_length_5414_cov_80.498600_7_4 # 3469 # 3765 # 1 # ID=33_4;partial=00;start_type=ATG;rbs_motif=GGA/GAG/AGG;rbs_spacer=11-12bp;gc_cont=0.471,100.0,189.0,98,1.9899999999999996e-63,99,1,98,1,98,mobileOG_000003237,fis,WP_000462905.1,integration/excision,replication/recombination/repair,Multiple,Manual,ratio5_Esch_coli_14EC033_NODE_263_length_5414_cov_80.498600_176-5414_ratio5_Esch_coli_14EC033_NODE_263_length_5414_cov_80.498600_7_4, 3469 # 3765 # 1 , 3469,3765,1 ,33_4,33,4,00,ATG,GGA/GAG/AGG,11-12bp,0.471,ratio5_Esch_coli_14EC033_NODE_263_length_5414_cov_80.498600_176-5414_ratio5_Esch_coli_14EC033_NODE_263_length_5414_cov_80.498600_7,mobileOG_000003237_ratio5_Esch_coli_14EC033_NODE_263_length_5414_cov_80.498600_176-5414_ratio5_Esch_coli_14EC033_NODE_263_length_5414_cov_80.498600_7
14,mobileOG_000326289|alkB|WP_000884919.1|replication/recombination/repair|NA|Plasmid RefSeq|Homology,ratio5_Esch_coli_2011C-3911_NODE_1_length_362601_cov_207.244038_167705-179348_ratio5_Esch_coli_2011C-3911_NODE_1_length_362601_cov_207.244038_150_8 # 6720 # 7370 # -1 # ID=54_8;partial=00;start_type=ATG;rbs_motif=AGGAG;rbs_spacer=5-10bp;gc_cont=0.525,99.5,456.0,216,2.0499999999999994e-165,217,1,216,1,216,mobileOG_000326289,alkB,WP_000884919.1,replication/recombination/repair,NA,Plasmid RefSeq,Homology,ratio5_Esch_coli_2011C-3911_NODE_1_length_362601_cov_207.244038_167705-179348_ratio5_Esch_coli_2011C-3911_NODE_1_length_362601_cov_207.244038_150_8, 6720 # 7370 # -1 , 6720,7370,-1 ,54_8,54,8,00,ATG,AGGAG,5-10bp,0.525,ratio5_Esch_coli_2011C-3911_NODE_1_length_362601_cov_207.244038_167705-179348_ratio5_Esch_coli_2011C-3911_NODE_1_length_362601_cov_207.244038_150,mobileOG_000326289_ratio5_Esch_coli_2011C-3911_NODE_1_length_362601_cov_207.244038_167705-179348_ratio5_Esch_coli_2011C-3911_NODE_1_length_362601_cov_207.244038_150
15,mobileOG_000304542|traG|WP_001297077.1|transfer|conjugation|Plasmid RefSeq|Homology,ratio5_Esch_coli_2011C-3911_NODE_1_length_362601_cov_207.244038_216367-227335_ratio5_Esch_coli_2011C-3911_NODE_1_length_362601_cov_207.244038_183_5 # 2948 # 3550 # -1 # ID=55_5;partial=00;start_type=GTG;rbs_motif=GGAG/GAGG;rbs_spacer=5-10bp;gc_cont=0.436,100.0,406.0,200,4.009999999999999e-146,201,1,200,1,200,mobileOG_000304542,traG,WP_001297077.1,transfer,conjugation,Plasmid RefSeq,Homology,ratio5_Esch_coli_2011C-3911_NODE_1_length_362601_cov_207.244038_216367-227335_ratio5_Esch_coli_2011C-3911_NODE_1_length_362601_cov_207.244038_183_5, 2948 # 3550 # -1 , 2948,3550,-1 ,55_5,55,5,00,GTG,GGAG/GAGG,5-10bp,0.436,ratio5_Esch_coli_2011C-3911_NODE_1_length_362601_cov_207.244038_216367-227335_ratio5_Esch_coli_2011C-3911_NODE_1_length_362601_cov_207.244038_183,mobileOG_000304542_ratio5_Esch_coli_2011C-3911_NODE_1_length_362601_cov_207.244038_216367-227335_ratio5_Esch_coli_2011C-3911_NODE_1_length_362601_cov_207.244038_183
16,"mobileOG_000337943|cca|WP_000708503.1|phage|regulation,infection|Plasmid RefSeq|Homology",ratio5_Esch_coli_2011C-3911_NODE_3_length_214023_cov_204.031561_1-8850_ratio5_Esch_coli_2011C-3911_NODE_3_length_214023_cov_204.031561_5_6 # 4013 # 5251 # -1 # ID=60_6;partial=00;start_type=GTG;rbs_motif=GGA/GAG/AGG;rbs_spacer=5-10bp;gc_cont=0.563,99.8,842.0,412,1.52e-311,413,1,412,1,412,mobileOG_000337943,cca,WP_000708503.1,phage,"regulation,infection",Plasmid RefSeq,Homology,ratio5_Esch_coli_2011C-3911_NODE_3_length_214023_cov_204.031561_1-8850_ratio5_Esch_coli_2011C-3911_NODE_3_length_214023_cov_204.031561_5_6, 4013 # 5251 # -1 , 4013,5251,-1 ,60_6,60,6,00,GTG,GGA/GAG/AGG,5-10bp,0.563,ratio5_Esch_coli_2011C-3911_NODE_3_length_214023_cov_204.031561_1-8850_ratio5_Esch_coli_2011C-3911_NODE_3_length_214023_cov_204.031561_5,mobileOG_000337943_ratio5_Esch_coli_2011C-3911_NODE_3_length_214023_cov_204.031561_1-8850_ratio5_Esch_coli_2011C-3911_NODE_3_length_214023_cov_204.031561_5
17,mobileOG_000026107|parE|P20083|replication/recombination/repair|partitioning|Multiple|Manual,ratio5_Esch_coli_2011C-3911_NODE_3_length_214023_cov_204.031561_21207-32688_ratio5_Esch_coli_2011C-3911_NODE_3_length_214023_cov_204.031561_25_12 # 9201 # 11093 # 1 # ID=61_12;partial=00;start_type=ATG;rbs_motif=None;rbs_spacer=None;gc_cont=0.539,100.0,1255.0,630,0.0,631,1,630,1,630,mobileOG_000026107,parE,P20083,replication/recombination/repair,partitioning,Multiple,Manual,ratio5_Esch_coli_2011C-3911_NODE_3_length_214023_cov_204.031561_21207-32688_ratio5_Esch_coli_2011C-3911_NODE_3_length_214023_cov_204.031561_25_12, 9201 # 11093 # 1 , 9201,11093,1 ,61_12,61,12,00,ATG,None,None,0.539,ratio5_Esch_coli_2011C-3911_NODE_3_length_214023_cov_204.031561_21207-32688_ratio5_Esch_coli_2011C-3911_NODE_3_length_214023_cov_204.031561_25,mobileOG_000026107_ratio5_Esch_coli_2011C-3911_NODE_3_length_214023_cov_204.031561_21207-32688_ratio5_Esch_coli_2011C-3911_NODE_3_length_214023_cov_204.031561_25
18,"mobileOG_000025715|ihfB|WP_002898165.1|integration/excision|regulation,lysis/lysogeny|Plasmid RefSeq|Manual",ratio5_Esch_coli_2011C-3911_NODE_4_length_206377_cov_208.106702_90534-102282_ratio5_Esch_coli_2011C-3911_NODE_4_length_206377_cov_208.106702_86_9 # 9257 # 9541 # -1 # ID=62_9;partial=00;start_type=ATG;rbs_motif=GGAGG;rbs_spacer=3-4bp;gc_cont=0.491,97.8,187.0,95,8.879999999999998e-63,95,1,93,1,93,mobileOG_000025715,ihfB,WP_002898165.1,integration/excision,"regulation,lysis/lysogeny",Plasmid RefSeq,Manual,ratio5_Esch_coli_2011C-3911_NODE_4_length_206377_cov_208.106702_90534-102282_ratio5_Esch_coli_2011C-3911_NODE_4_length_206377_cov_208.106702_86_9, 9257 # 9541 # -1 , 9257,9541,-1 ,62_9,62,9,00,ATG,GGAGG,3-4bp,0.491,ratio5_Esch_coli_2011C-3911_NODE_4_length_206377_cov_208.106702_90534-102282_ratio5_Esch_coli_2011C-3911_NODE_4_length_206377_cov_208.106702_86,mobileOG_000025715_ratio5_Esch_coli_2011C-3911_NODE_4_length_206377_cov_208.106702_90534-102282_ratio5_Esch_coli_2011C-3911_NODE_4_length_206377_cov_208.106702_86
19,mobileOG_000002433|dinI|WP_001217754.1|replication/recombination/repair|NA|Multiple|Manual,ratio5_Esch_coli_2011C-3911_NODE_6_length_170594_cov_199.513103_123660-134868_ratio5_Esch_coli_2011C-3911_NODE_6_length_170594_cov_199.513103_130_12 # 8840 # 9085 # 1 # ID=65_12;partial=00;start_type=ATG;rbs_motif=AGxAGG/AGGxGG;rbs_spacer=5-10bp;gc_cont=0.480,100.0,162.0,81,3.9799999999999997e-53,82,1,81,1,81,mobileOG_000002433,dinI,WP_001217754.1,replication/recombination/repair,NA,Multiple,Manual,ratio5_Esch_coli_2011C-3911_NODE_6_length_170594_cov_199.513103_123660-134868_ratio5_Esch_coli_2011C-3911_NODE_6_length_170594_cov_199.513103_130_12, 8840 # 9085 # 1 , 8840,9085,1 ,65_12,65,12,00,ATG,AGxAGG/AGGxGG,5-10bp,0.480,ratio5_Esch_coli_2011C-3911_NODE_6_length_170594_cov_199.513103_123660-134868_ratio5_Esch_coli_2011C-3911_NODE_6_length_170594_cov_199.513103_130,mobileOG_000002433_ratio5_Esch_coli_2011C-3911_NODE_6_length_170594_cov_199.513103_123660-134868_ratio5_Esch_coli_2011C-3911_NODE_6_length_170594_cov_199.513103_130
20,mobileOG_000026116|priC|F0JM94|replication/recombination/repair|NA|Plasmid RefSeq|Manual,ratio5_Esch_coli_2011C-3911_NODE_12_length_92546_cov_211.159507_32975-44168_ratio5_Esch_coli_2011C-3911_NODE_12_length_92546_cov_211.159507_35_1 # 3 # 335 # 1 # ID=72_1;partial=10;start_type=Edge;rbs_motif=None;rbs_spacer=None;gc_cont=0.613,96.4,197.0,175,3.479999999999999e-65,111,66,175,1,110,mobileOG_000026116,priC,F0JM94,replication/recombination/repair,NA,Plasmid RefSeq,Manual,ratio5_Esch_coli_2011C-3911_NODE_12_length_92546_cov_211.159507_32975-44168_ratio5_Esch_coli_2011C-3911_NODE_12_length_92546_cov_211.159507_35_1, 3 # 335 # 1 , 3,335,1 ,72_1,72,1,10,Edge,None,None,0.613,ratio5_Esch_coli_2011C-3911_NODE_12_length_92546_cov_211.159507_32975-44168_ratio5_Esch_coli_2011C-3911_NODE_12_length_92546_cov_211.159507_35,mobileOG_000026116_ratio5_Esch_coli_2011C-3911_NODE_12_length_92546_cov_211.159507_32975-44168_ratio5_Esch_coli_2011C-3911_NODE_12_length_92546_cov_211.159507_35
21,mobileOG_000329392|PSLT051|A0A086TQA6|replication/recombination/repair|NA|Plasmid RefSeq|Homology,ratio5_Esch_coli_2011C-3911_NODE_23_length_61871_cov_209.364566_19299-30531_ratio5_Esch_coli_2011C-3911_NODE_23_length_61871_cov_209.364566_27_8 # 6700 # 7644 # 1 # ID=81_8;partial=00;start_type=ATG;rbs_motif=GGA/GAG/AGG;rbs_spacer=5-10bp;gc_cont=0.494,100.0,626.0,314,2.3599999999999988e-229,315,1,314,1,314,mobileOG_000329392,PSLT051,A0A086TQA6,replication/recombination/repair,NA,Plasmid RefSeq,Homology,ratio5_Esch_coli_2011C-3911_NODE_23_length_61871_cov_209.364566_19299-30531_ratio5_Esch_coli_2011C-3911_NODE_23_length_61871_cov_209.364566_27_8, 6700 # 7644 # 1 , 6700,7644,1 ,81_8,81,8,00,ATG,GGA/GAG/AGG,5-10bp,0.494,ratio5_Esch_coli_2011C-3911_NODE_23_length_61871_cov_209.364566_19299-30531_ratio5_Esch_coli_2011C-3911_NODE_23_length_61871_cov_209.364566_27,mobileOG_000329392_ratio5_Esch_coli_2011C-3911_NODE_23_length_61871_cov_209.364566_19299-30531_ratio5_Esch_coli_2011C-3911_NODE_23_length_61871_cov_209.364566_27
22,mobileOG_000003237|fis|WP_000462905.1|integration/excision|replication/recombination/repair|Multiple|Manual,ratio5_Esch_coli_2011C-3911_NODE_24_length_61798_cov_213.879258_46014-56676_ratio5_Esch_coli_2011C-3911_NODE_24_length_61798_cov_213.879258_46_4 # 3469 # 3765 # 1 # ID=82_4;partial=00;start_type=ATG;rbs_motif=GGA/GAG/AGG;rbs_spacer=11-12bp;gc_cont=0.471,100.0,189.0,98,1.9899999999999996e-63,99,1,98,1,98,mobileOG_000003237,fis,WP_000462905.1,integration/excision,replication/recombination/repair,Multiple,Manual,ratio5_Esch_coli_2011C-3911_NODE_24_length_61798_cov_213.879258_46014-56676_ratio5_Esch_coli_2011C-3911_NODE_24_length_61798_cov_213.879258_46_4, 3469 # 3765 # 1 , 3469,3765,1 ,82_4,82,4,00,ATG,GGA/GAG/AGG,11-12bp,0.471,ratio5_Esch_coli_2011C-3911_NODE_24_length_61798_cov_213.879258_46014-56676_ratio5_Esch_coli_2011C-3911_NODE_24_length_61798_cov_213.879258_46,mobileOG_000003237_ratio5_Esch_coli_2011C-3911_NODE_24_length_61798_cov_213.879258_46014-56676_ratio5_Esch_coli_2011C-3911_NODE_24_length_61798_cov_213.879258_46
23,mobileOG_000003237|fis|WP_000462905.1|integration/excision|replication/recombination/repair|Multiple|Manual,ratio5_Esch_coli_2011C-3911_NODE_24_length_61798_cov_213.879258_47075-58232_ratio5_Esch_coli_2011C-3911_NODE_24_length_61798_cov_213.879258_47_4 # 2408 # 2704 # 1 # ID=83_4;partial=00;start_type=ATG;rbs_motif=GGA/GAG/AGG;rbs_spacer=11-12bp;gc_cont=0.471,100.0,189.0,98,1.9899999999999996e-63,99,1,98,1,98,mobileOG_000003237,fis,WP_000462905.1,integration/excision,replication/recombination/repair,Multiple,Manual,ratio5_Esch_coli_2011C-3911_NODE_24_length_61798_cov_213.879258_47075-58232_ratio5_Esch_coli_2011C-3911_NODE_24_length_61798_cov_213.879258_47_4, 2408 # 2704 # 1 , 2408,2704,1 ,83_4,83,4,00,ATG,GGA/GAG/AGG,11-12bp,0.471,ratio5_Esch_coli_2011C-3911_NODE_24_length_61798_cov_213.879258_47075-58232_ratio5_Esch_coli_2011C-3911_NODE_24_length_61798_cov_213.879258_47,mobileOG_000003237_ratio5_Esch_coli_2011C-3911_NODE_24_length_61798_cov_213.879258_47075-58232_ratio5_Esch_coli_2011C-3911_NODE_24_length_61798_cov_213.879258_47
24,mobileOG_000003237|fis|WP_000462905.1|integration/excision|replication/recombination/repair|Multiple|Manual,ratio5_Esch_coli_2011C-3911_NODE_24_length_61798_cov_213.879258_48244-61348_ratio5_Esch_coli_2011C-3911_NODE_24_length_61798_cov_213.879258_48_2 # 1239 # 1535 # 1 # ID=84_2;partial=00;start_type=ATG;rbs_motif=GGA/GAG/AGG;rbs_spacer=11-12bp;gc_cont=0.471,100.0,189.0,98,1.9899999999999996e-63,99,1,98,1,98,mobileOG_000003237,fis,WP_000462905.1,integration/excision,replication/recombination/repair,Multiple,Manual,ratio5_Esch_coli_2011C-3911_NODE_24_length_61798_cov_213.879258_48244-61348_ratio5_Esch_coli_2011C-3911_NODE_24_length_61798_cov_213.879258_48_2, 1239 # 1535 # 1 , 1239,1535,1 ,84_2,84,2,00,ATG,GGA/GAG/AGG,11-12bp,0.471,ratio5_Esch_coli_2011C-3911_NODE_24_length_61798_cov_213.879258_48244-61348_ratio5_Esch_coli_2011C-3911_NODE_24_length_61798_cov_213.879258_48,mobileOG_000003237_ratio5_Esch_coli_2011C-3911_NODE_24_length_61798_cov_213.879258_48244-61348_ratio5_Esch_coli_2011C-3911_NODE_24_length_61798_cov_213.879258_48
25,mobileOG_000017974|insZ|A0A037Y8D2|integration/excision|NA|Multiple|Manual,ratio5_Esch_coli_2011C-3911_NODE_42_length_30751_cov_185.089165_20279-30692_ratio5_Esch_coli_2011C-3911_NODE_42_length_30751_cov_185.089165_28_2 # 2597 # 2782 # 1 # ID=87_2;partial=00;start_type=ATG;rbs_motif=GGAG/GAGG;rbs_spacer=5-10bp;gc_cont=0.538,100.0,131.0,61,1.59e-41,62,1,61,1,61,mobileOG_000017974,insZ,A0A037Y8D2,integration/excision,NA,Multiple,Manual,ratio5_Esch_coli_2011C-3911_NODE_42_length_30751_cov_185.089165_20279-30692_ratio5_Esch_coli_2011C-3911_NODE_42_length_30751_cov_185.089165_28_2, 2597 # 2782 # 1 , 2597,2782,1 ,87_2,87,2,00,ATG,GGAG/GAGG,5-10bp,0.538,ratio5_Esch_coli_2011C-3911_NODE_42_length_30751_cov_185.089165_20279-30692_ratio5_Esch_coli_2011C-3911_NODE_42_length_30751_cov_185.089165_28,mobileOG_000017974_ratio5_Esch_coli_2011C-3911_NODE_42_length_30751_cov_185.089165_20279-30692_ratio5_Esch_coli_2011C-3911_NODE_42_length_30751_cov_185.089165_28
26,mobileOG_000017973|insZ|A0A024L4B6|integration/excision|NA|GPD|Manual,ratio5_Esch_coli_2011C-3911_NODE_42_length_30751_cov_185.089165_20279-30692_ratio5_Esch_coli_2011C-3911_NODE_42_length_30751_cov_185.089165_28_3 # 2988 # 3497 # 1 # ID=87_3;partial=00;start_type=ATG;rbs_motif=None;rbs_spacer=None;gc_cont=0.522,99.4,318.0,196,1.1499999999999996e-111,170,37,196,10,169,mobileOG_000017973,insZ,A0A024L4B6,integration/excision,NA,GPD,Manual,ratio5_Esch_coli_2011C-3911_NODE_42_length_30751_cov_185.089165_20279-30692_ratio5_Esch_coli_2011C-3911_NODE_42_length_30751_cov_185.089165_28_3, 2988 # 3497 # 1 , 2988,3497,1 ,87_3,87,3,00,ATG,None,None,0.522,ratio5_Esch_coli_2011C-3911_NODE_42_length_30751_cov_185.089165_20279-30692_ratio5_Esch_coli_2011C-3911_NODE_42_length_30751_cov_185.089165_28,mobileOG_000017973_ratio5_Esch_coli_2011C-3911_NODE_42_length_30751_cov_185.089165_20279-30692_ratio5_Esch_coli_2011C-3911_NODE_42_length_30751_cov_185.089165_28
27,mobileOG_000321643|ecnB|WP_000977757.1|stability/transfer/defense|NA|Plasmid RefSeq|Homology,ratio5_Esch_coli_2011C-3911_NODE_54_length_18690_cov_220.322619_1-10807_ratio5_Esch_coli_2011C-3911_NODE_54_length_18690_cov_220.322619_8_4 # 3144 # 3266 # 1 # ID=89_4;partial=00;start_type=ATG;rbs_motif=GGA/GAG/AGG;rbs_spacer=5-10bp;gc_cont=0.553,100.0,78.6,41,3.3500000000000002e-21,41,2,41,1,40,mobileOG_000321643,ecnB,WP_000977757.1,stability/transfer/defense,NA,Plasmid RefSeq,Homology,ratio5_Esch_coli_2011C-3911_NODE_54_length_18690_cov_220.322619_1-10807_ratio5_Esch_coli_2011C-3911_NODE_54_length_18690_cov_220.322619_8_4, 3144 # 3266 # 1 , 3144,3266,1 ,89_4,89,4,00,ATG,GGA/GAG/AGG,5-10bp,0.553,ratio5_Esch_coli_2011C-3911_NODE_54_length_18690_cov_220.322619_1-10807_ratio5_Esch_coli_2011C-3911_NODE_54_length_18690_cov_220.322619_8,mobileOG_000321643_ratio5_Esch_coli_2011C-3911_NODE_54_length_18690_cov_220.322619_1-10807_ratio5_Esch_coli_2011C-3911_NODE_54_length_18690_cov_220.322619_8
28,mobileOG_000330413|ecnB|ETJ37164.1|stability/transfer/defense|NA|Plasmid RefSeq|Homology,ratio5_Esch_coli_2011C-3911_NODE_54_length_18690_cov_220.322619_1-10807_ratio5_Esch_coli_2011C-3911_NODE_54_length_18690_cov_220.322619_8_5 # 3377 # 3523 # 1 # ID=89_5;partial=00;start_type=ATG;rbs_motif=AGGA;rbs_spacer=5-10bp;gc_cont=0.490,100.0,88.2,48,8.370000000000002e-25,49,1,48,1,48,mobileOG_000330413,ecnB,ETJ37164.1,stability/transfer/defense,NA,Plasmid RefSeq,Homology,ratio5_Esch_coli_2011C-3911_NODE_54_length_18690_cov_220.322619_1-10807_ratio5_Esch_coli_2011C-3911_NODE_54_length_18690_cov_220.322619_8_5, 3377 # 3523 # 1 , 3377,3523,1 ,89_5,89,5,00,ATG,AGGA,5-10bp,0.490,ratio5_Esch_coli_2011C-3911_NODE_54_length_18690_cov_220.322619_1-10807_ratio5_Esch_coli_2011C-3911_NODE_54_length_18690_cov_220.322619_8,mobileOG_000330413_ratio5_Esch_coli_2011C-3911_NODE_54_length_18690_cov_220.322619_1-10807_ratio5_Esch_coli_2011C-3911_NODE_54_length_18690_cov_220.322619_8
29,mobileOG_000002433|dinI|WP_001217754.1|replication/recombination/repair|NA|Multiple|Manual,ratio5_Esch_coli_MB19_NODE_1_length_86106_cov_67.946206_70144-81352_ratio5_Esch_coli_MB19_NODE_1_length_86106_cov_67.946206_74_12 # 8840 # 9085 # 1 # ID=91_12;partial=00;start_type=ATG;rbs_motif=AGxAGG/AGGxGG;rbs_spacer=5-10bp;gc_cont=0.476,98.8,160.0,81,2.3099999999999997e-52,82,1,81,1,81,mobileOG_000002433,dinI,WP_001217754.1,replication/recombination/repair,NA,Multiple,Manual,ratio5_Esch_coli_MB19_NODE_1_length_86106_cov_67.946206_70144-81352_ratio5_Esch_coli_MB19_NODE_1_length_86106_cov_67.946206_74_12, 8840 # 9085 # 1 , 8840,9085,1 ,91_12,91,12,00,ATG,AGxAGG/AGGxGG,5-10bp,0.476,ratio5_Esch_coli_MB19_NODE_1_length_86106_cov_67.946206_70144-81352_ratio5_Esch_coli_MB19_NODE_1_length_86106_cov_67.946206_74,mobileOG_000002433_ratio5_Esch_coli_MB19_NODE_1_length_86106_cov_67.946206_70144-81352_ratio5_Esch_coli_MB19_NODE_1_length_86106_cov_67.946206_74
30,mobileOG_000003237|fis|WP_000462905.1|integration/excision|replication/recombination/repair|Multiple|Manual,ratio5_Esch_coli_MB19_NODE_7_length_55083_cov_84.733808_826-13930_ratio5_Esch_coli_MB19_NODE_7_length_55083_cov_84.733808_8_12 # 11571 # 11867 # -1 # ID=96_12;partial=00;start_type=ATG;rbs_motif=GGA/GAG/AGG;rbs_spacer=11-12bp;gc_cont=0.471,100.0,189.0,98,1.9899999999999996e-63,99,1,98,1,98,mobileOG_000003237,fis,WP_000462905.1,integration/excision,replication/recombination/repair,Multiple,Manual,ratio5_Esch_coli_MB19_NODE_7_length_55083_cov_84.733808_826-13930_ratio5_Esch_coli_MB19_NODE_7_length_55083_cov_84.733808_8_12, 11571 # 11867 # -1 , 11571,11867,-1 ,96_12,96,12,00,ATG,GGA/GAG/AGG,11-12bp,0.471,ratio5_Esch_coli_MB19_NODE_7_length_55083_cov_84.733808_826-13930_ratio5_Esch_coli_MB19_NODE_7_length_55083_cov_84.733808_8,mobileOG_000003237_ratio5_Esch_coli_MB19_NODE_7_length_55083_cov_84.733808_826-13930_ratio5_Esch_coli_MB19_NODE_7_length_55083_cov_84.733808_8
31,mobileOG_000003237|fis|WP_000462905.1|integration/excision|replication/recombination/repair|Multiple|Manual,ratio5_Esch_coli_MB19_NODE_7_length_55083_cov_84.733808_3942-15099_ratio5_Esch_coli_MB19_NODE_7_length_55083_cov_84.733808_9_9 # 8455 # 8751 # -1 # ID=97_9;partial=00;start_type=ATG;rbs_motif=GGA/GAG/AGG;rbs_spacer=11-12bp;gc_cont=0.471,100.0,189.0,98,1.9899999999999996e-63,99,1,98,1,98,mobileOG_000003237,fis,WP_000462905.1,integration/excision,replication/recombination/repair,Multiple,Manual,ratio5_Esch_coli_MB19_NODE_7_length_55083_cov_84.733808_3942-15099_ratio5_Esch_coli_MB19_NODE_7_length_55083_cov_84.733808_9_9, 8455 # 8751 # -1 , 8455,8751,-1 ,97_9,97,9,00,ATG,GGA/GAG/AGG,11-12bp,0.471,ratio5_Esch_coli_MB19_NODE_7_length_55083_cov_84.733808_3942-15099_ratio5_Esch_coli_MB19_NODE_7_length_55083_cov_84.733808_9,mobileOG_000003237_ratio5_Esch_coli_MB19_NODE_7_length_55083_cov_84.733808_3942-15099_ratio5_Esch_coli_MB19_NODE_7_length_55083_cov_84.733808_9
32,mobileOG_000003237|fis|WP_000462905.1|integration/excision|replication/recombination/repair|Multiple|Manual,ratio5_Esch_coli_MB19_NODE_7_length_55083_cov_84.733808_5498-16160_ratio5_Esch_coli_MB19_NODE_7_length_55083_cov_84.733808_10_8 # 6899 # 7195 # -1 # ID=98_8;partial=00;start_type=ATG;rbs_motif=GGA/GAG/AGG;rbs_spacer=11-12bp;gc_cont=0.471,100.0,189.0,98,1.9899999999999996e-63,99,1,98,1,98,mobileOG_000003237,fis,WP_000462905.1,integration/excision,replication/recombination/repair,Multiple,Manual,ratio5_Esch_coli_MB19_NODE_7_length_55083_cov_84.733808_5498-16160_ratio5_Esch_coli_MB19_NODE_7_length_55083_cov_84.733808_10_8, 6899 # 7195 # -1 , 6899,7195,-1 ,98_8,98,8,00,ATG,GGA/GAG/AGG,11-12bp,0.471,ratio5_Esch_coli_MB19_NODE_7_length_55083_cov_84.733808_5498-16160_ratio5_Esch_coli_MB19_NODE_7_length_55083_cov_84.733808_10,mobileOG_000003237_ratio5_Esch_coli_MB19_NODE_7_length_55083_cov_84.733808_5498-16160_ratio5_Esch_coli_MB19_NODE_7_length_55083_cov_84.733808_10
33,mobileOG_000026116|priC|F0JM94|replication/recombination/repair|NA|Plasmid RefSeq|Manual,ratio5_Esch_coli_MB19_NODE_12_length_48145_cov_53.213371_35831-47024_ratio5_Esch_coli_MB19_NODE_12_length_48145_cov_53.213371_35_1 # 3 # 335 # 1 # ID=99_1;partial=10;start_type=Edge;rbs_motif=None;rbs_spacer=None;gc_cont=0.601,96.4,197.0,175,3.479999999999999e-65,111,66,175,1,110,mobileOG_000026116,priC,F0JM94,replication/recombination/repair,NA,Plasmid RefSeq,Manual,ratio5_Esch_coli_MB19_NODE_12_length_48145_cov_53.213371_35831-47024_ratio5_Esch_coli_MB19_NODE_12_length_48145_cov_53.213371_35_1, 3 # 335 # 1 , 3,335,1 ,99_1,99,1,10,Edge,None,None,0.601,ratio5_Esch_coli_MB19_NODE_12_length_48145_cov_53.213371_35831-47024_ratio5_Esch_coli_MB19_NODE_12_length_48145_cov_53.213371_35,mobileOG_000026116_ratio5_Esch_coli_MB19_NODE_12_length_48145_cov_53.213371_35831-47024_ratio5_Esch_coli_MB19_NODE_12_length_48145_cov_53.213371_35
34,mobileOG_000017974|insZ|A0A037Y8D2|integration/excision|NA|Multiple|Manual,ratio5_Esch_coli_MB19_NODE_16_length_43443_cov_91.999700_15553-25966_ratio5_Esch_coli_MB19_NODE_16_length_43443_cov_91.999700_23_2 # 2601 # 2786 # 1 # ID=101_2;partial=00;start_type=ATG;rbs_motif=GGAG/GAGG;rbs_spacer=5-10bp;gc_cont=0.538,100.0,131.0,61,1.59e-41,62,1,61,1,61,mobileOG_000017974,insZ,A0A037Y8D2,integration/excision,NA,Multiple,Manual,ratio5_Esch_coli_MB19_NODE_16_length_43443_cov_91.999700_15553-25966_ratio5_Esch_coli_MB19_NODE_16_length_43443_cov_91.999700_23_2, 2601 # 2786 # 1 , 2601,2786,1 ,101_2,101,2,00,ATG,GGAG/GAGG,5-10bp,0.538,ratio5_Esch_coli_MB19_NODE_16_length_43443_cov_91.999700_15553-25966_ratio5_Esch_coli_MB19_NODE_16_length_43443_cov_91.999700_23,mobileOG_000017974_ratio5_Esch_coli_MB19_NODE_16_length_43443_cov_91.999700_15553-25966_ratio5_Esch_coli_MB19_NODE_16_length_43443_cov_91.999700_23
35,mobileOG_000017973|insZ|A0A024L4B6|integration/excision|NA|GPD|Manual,ratio5_Esch_coli_MB19_NODE_16_length_43443_cov_91.999700_15553-25966_ratio5_Esch_coli_MB19_NODE_16_length_43443_cov_91.999700_23_3 # 2907 # 3497 # 1 # ID=101_3;partial=00;start_type=ATG;rbs_motif=3Base/5BMM;rbs_spacer=13-15bp;gc_cont=0.533,100.0,398.0,196,6.679999999999998e-143,197,1,196,1,196,mobileOG_000017973,insZ,A0A024L4B6,integration/excision,NA,GPD,Manual,ratio5_Esch_coli_MB19_NODE_16_length_43443_cov_91.999700_15553-25966_ratio5_Esch_coli_MB19_NODE_16_length_43443_cov_91.999700_23_3, 2907 # 3497 # 1 , 2907,3497,1 ,101_3,101,3,00,ATG,3Base/5BMM,13-15bp,0.533,ratio5_Esch_coli_MB19_NODE_16_length_43443_cov_91.999700_15553-25966_ratio5_Esch_coli_MB19_NODE_16_length_43443_cov_91.999700_23,mobileOG_000017973_ratio5_Esch_coli_MB19_NODE_16_length_43443_cov_91.999700_15553-25966_ratio5_Esch_coli_MB19_NODE_16_length_43443_cov_91.999700_23
36,mobileOG_000026107|parE|P20083|replication/recombination/repair|partitioning|Multiple|Manual,ratio5_Esch_coli_MB19_NODE_22_length_37640_cov_58.440495_22378-33859_ratio5_Esch_coli_MB19_NODE_22_length_37640_cov_58.440495_29_2 # 390 # 2282 # -1 # ID=103_2;partial=00;start_type=ATG;rbs_motif=None;rbs_spacer=None;gc_cont=0.540,100.0,1255.0,630,0.0,631,1,630,1,630,mobileOG_000026107,parE,P20083,replication/recombination/repair,partitioning,Multiple,Manual,ratio5_Esch_coli_MB19_NODE_22_length_37640_cov_58.440495_22378-33859_ratio5_Esch_coli_MB19_NODE_22_length_37640_cov_58.440495_29_2, 390 # 2282 # -1 , 390,2282,-1 ,103_2,103,2,00,ATG,None,None,0.540,ratio5_Esch_coli_MB19_NODE_22_length_37640_cov_58.440495_22378-33859_ratio5_Esch_coli_MB19_NODE_22_length_37640_cov_58.440495_29,mobileOG_000026107_ratio5_Esch_coli_MB19_NODE_22_length_37640_cov_58.440495_22378-33859_ratio5_Esch_coli_MB19_NODE_22_length_37640_cov_58.440495_29
37,mobileOG_000304542|traG|WP_001297077.1|transfer|conjugation|Plasmid RefSeq|Homology,ratio5_Esch_coli_MB19_NODE_28_length_34392_cov_58.799953_8618-19586_ratio5_Esch_coli_MB19_NODE_28_length_34392_cov_58.799953_15_8 # 7420 # 8022 # 1 # ID=104_8;partial=00;start_type=GTG;rbs_motif=GGAG/GAGG;rbs_spacer=5-10bp;gc_cont=0.433,99.0,402.0,200,2.7099999999999995e-144,201,1,200,1,200,mobileOG_000304542,traG,WP_001297077.1,transfer,conjugation,Plasmid RefSeq,Homology,ratio5_Esch_coli_MB19_NODE_28_length_34392_cov_58.799953_8618-19586_ratio5_Esch_coli_MB19_NODE_28_length_34392_cov_58.799953_15_8, 7420 # 8022 # 1 , 7420,8022,1 ,104_8,104,8,00,GTG,GGAG/GAGG,5-10bp,0.433,ratio5_Esch_coli_MB19_NODE_28_length_34392_cov_58.799953_8618-19586_ratio5_Esch_coli_MB19_NODE_28_length_34392_cov_58.799953_15,mobileOG_000304542_ratio5_Esch_coli_MB19_NODE_28_length_34392_cov_58.799953_8618-19586_ratio5_Esch_coli_MB19_NODE_28_length_34392_cov_58.799953_15
38,"mobileOG_000025715|ihfB|WP_002898165.1|integration/excision|regulation,lysis/lysogeny|Plasmid RefSeq|Manual",ratio5_Esch_coli_MB19_NODE_47_length_25530_cov_83.598391_14375-25530_ratio5_Esch_coli_MB19_NODE_47_length_25530_cov_83.598391_17_9 # 9258 # 9542 # -1 # ID=106_9;partial=00;start_type=ATG;rbs_motif=GGAGG;rbs_spacer=3-4bp;gc_cont=0.491,97.8,187.0,95,8.879999999999998e-63,95,1,93,1,93,mobileOG_000025715,ihfB,WP_002898165.1,integration/excision,"regulation,lysis/lysogeny",Plasmid RefSeq,Manual,ratio5_Esch_coli_MB19_NODE_47_length_25530_cov_83.598391_14375-25530_ratio5_Esch_coli_MB19_NODE_47_length_25530_cov_83.598391_17_9, 9258 # 9542 # -1 , 9258,9542,-1 ,106_9,106,9,00,ATG,GGAGG,3-4bp,0.491,ratio5_Esch_coli_MB19_NODE_47_length_25530_cov_83.598391_14375-25530_ratio5_Esch_coli_MB19_NODE_47_length_25530_cov_83.598391_17,mobileOG_000025715_ratio5_Esch_coli_MB19_NODE_47_length_25530_cov_83.598391_14375-25530_ratio5_Esch_coli_MB19_NODE_47_length_25530_cov_83.598391_17
39,"mobileOG_000025806|cca|J7Q9S8|phage|regulation,infection|Multiple|Manual",ratio5_Esch_coli_MB19_NODE_67_length_21203_cov_60.452005_8802-19623_ratio5_Esch_coli_MB19_NODE_67_length_21203_cov_60.452005_15_8 # 6003 # 7241 # -1 # ID=107_8;partial=00;start_type=GTG;rbs_motif=GGA/GAG/AGG;rbs_spacer=5-10bp;gc_cont=0.564,99.3,835.0,412,8.409999999999994e-309,413,1,412,1,412,mobileOG_000025806,cca,J7Q9S8,phage,"regulation,infection",Multiple,Manual,ratio5_Esch_coli_MB19_NODE_67_length_21203_cov_60.452005_8802-19623_ratio5_Esch_coli_MB19_NODE_67_length_21203_cov_60.452005_15_8, 6003 # 7241 # -1 , 6003,7241,-1 ,107_8,107,8,00,GTG,GGA/GAG/AGG,5-10bp,0.564,ratio5_Esch_coli_MB19_NODE_67_length_21203_cov_60.452005_8802-19623_ratio5_Esch_coli_MB19_NODE_67_length_21203_cov_60.452005_15,mobileOG_000025806_ratio5_Esch_coli_MB19_NODE_67_length_21203_cov_60.452005_8802-19623_ratio5_Esch_coli_MB19_NODE_67_length_21203_cov_60.452005_15
40,mobileOG_000071197|insB_2|NA|integration/excision|NA|COMPASS|Homology,ratio5_Esch_coli_MB19_NODE_106_length_12898_cov_35.552130_1-7243_ratio5_Esch_coli_MB19_NODE_106_length_12898_cov_35.552130_3_1 # 16 # 225 # -1 # ID=117_1;partial=00;start_type=ATG;rbs_motif=AGGA/GGAG/GAGG;rbs_spacer=11-12bp;gc_cont=0.519,100.0,140.0,69,4.2299999999999995e-45,70,1,69,1,69,mobileOG_000071197,insB_2,NA,integration/excision,NA,COMPASS,Homology,ratio5_Esch_coli_MB19_NODE_106_length_12898_cov_35.552130_1-7243_ratio5_Esch_coli_MB19_NODE_106_length_12898_cov_35.552130_3_1, 16 # 225 # -1 , 16,225,-1 ,117_1,117,1,00,ATG,AGGA/GGAG/GAGG,11-12bp,0.519,ratio5_Esch_coli_MB19_NODE_106_length_12898_cov_35.552130_1-7243_ratio5_Esch_coli_MB19_NODE_106_length_12898_cov_35.552130_3,mobileOG_000071197_ratio5_Esch_coli_MB19_NODE_106_length_12898_cov_35.552130_1-7243_ratio5_Esch_coli_MB19_NODE_106_length_12898_cov_35.552130_3
41,mobileOG_000045297|NA|WP_134806729.1|integration/excision|NA|COMPASS|Homology,ratio5_Esch_coli_MB19_NODE_106_length_12898_cov_35.552130_1-7243_ratio5_Esch_coli_MB19_NODE_106_length_12898_cov_35.552130_3_2 # 226 # 519 # -1 # ID=117_2;partial=00;start_type=ATG;rbs_motif=None;rbs_spacer=None;gc_cont=0.565,100.0,201.0,97,4.889999999999999e-68,98,1,97,1,97,mobileOG_000045297,NA,WP_134806729.1,integration/excision,NA,COMPASS,Homology,ratio5_Esch_coli_MB19_NODE_106_length_12898_cov_35.552130_1-7243_ratio5_Esch_coli_MB19_NODE_106_length_12898_cov_35.552130_3_2, 226 # 519 # -1 , 226,519,-1 ,117_2,117,2,00,ATG,None,None,0.565,ratio5_Esch_coli_MB19_NODE_106_length_12898_cov_35.552130_1-7243_ratio5_Esch_coli_MB19_NODE_106_length_12898_cov_35.552130_3,mobileOG_000045297_ratio5_Esch_coli_MB19_NODE_106_length_12898_cov_35.552130_1-7243_ratio5_Esch_coli_MB19_NODE_106_length_12898_cov_35.552130_3
42,mobileOG_000321643|ecnB|WP_000977757.1|stability/transfer/defense|NA|Plasmid RefSeq|Homology,ratio5_Esch_coli_MB19_NODE_117_length_12030_cov_65.458288_1-10410_ratio5_Esch_coli_MB19_NODE_117_length_12030_cov_65.458288_8_4 # 2753 # 2875 # 1 # ID=122_4;partial=00;start_type=ATG;rbs_motif=GGA/GAG/AGG;rbs_spacer=5-10bp;gc_cont=0.553,100.0,78.6,41,3.3500000000000002e-21,41,2,41,1,40,mobileOG_000321643,ecnB,WP_000977757.1,stability/transfer/defense,NA,Plasmid RefSeq,Homology,ratio5_Esch_coli_MB19_NODE_117_length_12030_cov_65.458288_1-10410_ratio5_Esch_coli_MB19_NODE_117_length_12030_cov_65.458288_8_4, 2753 # 2875 # 1 , 2753,2875,1 ,122_4,122,4,00,ATG,GGA/GAG/AGG,5-10bp,0.553,ratio5_Esch_coli_MB19_NODE_117_length_12030_cov_65.458288_1-10410_ratio5_Esch_coli_MB19_NODE_117_length_12030_cov_65.458288_8,mobileOG_000321643_ratio5_Esch_coli_MB19_NODE_117_length_12030_cov_65.458288_1-10410_ratio5_Esch_coli_MB19_NODE_117_length_12030_cov_65.458288_8
43,mobileOG_000330413|ecnB|ETJ37164.1|stability/transfer/defense|NA|Plasmid RefSeq|Homology,ratio5_Esch_coli_MB19_NODE_117_length_12030_cov_65.458288_1-10410_ratio5_Esch_coli_MB19_NODE_117_length_12030_cov_65.458288_8_5 # 2986 # 3132 # 1 # ID=122_5;partial=00;start_type=ATG;rbs_motif=AGGA;rbs_spacer=5-10bp;gc_cont=0.483,100.0,88.2,48,8.370000000000002e-25,49,1,48,1,48,mobileOG_000330413,ecnB,ETJ37164.1,stability/transfer/defense,NA,Plasmid RefSeq,Homology,ratio5_Esch_coli_MB19_NODE_117_length_12030_cov_65.458288_1-10410_ratio5_Esch_coli_MB19_NODE_117_length_12030_cov_65.458288_8_5, 2986 # 3132 # 1 , 2986,3132,1 ,122_5,122,5,00,ATG,AGGA,5-10bp,0.483,ratio5_Esch_coli_MB19_NODE_117_length_12030_cov_65.458288_1-10410_ratio5_Esch_coli_MB19_NODE_117_length_12030_cov_65.458288_8,mobileOG_000330413_ratio5_Esch_coli_MB19_NODE_117_length_12030_cov_65.458288_1-10410_ratio5_Esch_coli_MB19_NODE_117_length_12030_cov_65.458288_8
44,mobileOG_000326289|alkB|WP_000884919.1|replication/recombination/repair|NA|Plasmid RefSeq|Homology,ratio5_Esch_coli_MB19_NODE_226_length_4350_cov_56.987660_1-4350_ratio5_Esch_coli_MB19_NODE_226_length_4350_cov_56.987660_2_1 # 2 # 475 # 1 # ID=134_1;partial=10;start_type=Edge;rbs_motif=None;rbs_spacer=None;gc_cont=0.519,100.0,341.0,216,7.099999999999998e-121,158,60,216,1,157,mobileOG_000326289,alkB,WP_000884919.1,replication/recombination/repair,NA,Plasmid RefSeq,Homology,ratio5_Esch_coli_MB19_NODE_226_length_4350_cov_56.987660_1-4350_ratio5_Esch_coli_MB19_NODE_226_length_4350_cov_56.987660_2_1, 2 # 475 # 1 , 2,475,1 ,134_1,134,1,10,Edge,None,None,0.519,ratio5_Esch_coli_MB19_NODE_226_length_4350_cov_56.987660_1-4350_ratio5_Esch_coli_MB19_NODE_226_length_4350_cov_56.987660_2,mobileOG_000326289_ratio5_Esch_coli_MB19_NODE_226_length_4350_cov_56.987660_1-4350_ratio5_Esch_coli_MB19_NODE_226_length_4350_cov_56.987660_2
45,mobileOG_000330413|ecnB|ETJ37164.1|stability/transfer/defense|NA|Plasmid RefSeq|Homology,ratio5_Esch_coli_TUM20902_NODE_253_length_2989_cov_17.662236_1-2989_ratio5_Esch_coli_TUM20902_NODE_253_length_2989_cov_17.662236_7_4 # 1200 # 1346 # 1 # ID=146_4;partial=00;start_type=ATG;rbs_motif=AGGA;rbs_spacer=5-10bp;gc_cont=0.490,100.0,88.2,48,8.370000000000002e-25,49,1,48,1,48,mobileOG_000330413,ecnB,ETJ37164.1,stability/transfer/defense,NA,Plasmid RefSeq,Homology,ratio5_Esch_coli_TUM20902_NODE_253_length_2989_cov_17.662236_1-2989_ratio5_Esch_coli_TUM20902_NODE_253_length_2989_cov_17.662236_7_4, 1200 # 1346 # 1 , 1200,1346,1 ,146_4,146,4,00,ATG,AGGA,5-10bp,0.490,ratio5_Esch_coli_TUM20902_NODE_253_length_2989_cov_17.662236_1-2989_ratio5_Esch_coli_TUM20902_NODE_253_length_2989_cov_17.662236_7,mobileOG_000330413_ratio5_Esch_coli_TUM20902_NODE_253_length_2989_cov_17.662236_1-2989_ratio5_Esch_coli_TUM20902_NODE_253_length_2989_cov_17.662236_7
46,mobileOG_000335061|alkB|WP_000884957.1|replication/recombination/repair|NA|Plasmid RefSeq|Homology,ratio5_Esch_coli_TUM20902_NODE_875_length_1520_cov_2.486689_1-1520_ratio5_Esch_coli_TUM20902_NODE_875_length_1520_cov_2.486689_1_2 # 916 # 1518 # -1 # ID=165_2;partial=01;start_type=Edge;rbs_motif=None;rbs_spacer=None;gc_cont=0.524,99.5,422.0,216,5.669999999999998e-152,201,17,216,1,200,mobileOG_000335061,alkB,WP_000884957.1,replication/recombination/repair,NA,Plasmid RefSeq,Homology,ratio5_Esch_coli_TUM20902_NODE_875_length_1520_cov_2.486689_1-1520_ratio5_Esch_coli_TUM20902_NODE_875_length_1520_cov_2.486689_1_2, 916 # 1518 # -1 , 916,1518,-1 ,165_2,165,2,01,Edge,None,None,0.524,ratio5_Esch_coli_TUM20902_NODE_875_length_1520_cov_2.486689_1-1520_ratio5_Esch_coli_TUM20902_NODE_875_length_1520_cov_2.486689_1,mobileOG_000335061_ratio5_Esch_coli_TUM20902_NODE_875_length_1520_cov_2.486689_1-1520_ratio5_Esch_coli_TUM20902_NODE_875_length_1520_cov_2.486689_1
47,mobileOG_000074301|tnpA|WP_021512645.1|integration/excision|NA|COMPASS|Homology,ratio5_unmapped_NODE_25_length_9828_cov_25.457383_1-6024_ratio5_unmapped_NODE_25_length_9828_cov_25.457383_1_3 # 1663 # 4212 # 1 # ID=226_3;partial=00;start_type=ATG;rbs_motif=GGA/GAG/AGG;rbs_spacer=5-10bp;gc_cont=0.517,100.0,1669.0,980,0.0,850,132,980,1,849,mobileOG_000074301,tnpA,WP_021512645.1,integration/excision,NA,COMPASS,Homology,ratio5_unmapped_NODE_25_length_9828_cov_25.457383_1-6024_ratio5_unmapped_NODE_25_length_9828_cov_25.457383_1_3, 1663 # 4212 # 1 , 1663,4212,1 ,226_3,226,3,00,ATG,GGA/GAG/AGG,5-10bp,0.517,ratio5_unmapped_NODE_25_length_9828_cov_25.457383_1-6024_ratio5_unmapped_NODE_25_length_9828_cov_25.457383_1,mobileOG_000074301_ratio5_unmapped_NODE_25_length_9828_cov_25.457383_1-6024_ratio5_unmapped_NODE_25_length_9828_cov_25.457383_1
48,mobileOG_000057143|insC1|WP_012002054.1|integration/excision|NA|COMPASS|Homology,ratio5_unmapped_NODE_25_length_9828_cov_25.457383_1-6024_ratio5_unmapped_NODE_25_length_9828_cov_25.457383_1_5 # 4902 # 5066 # -1 # ID=226_5;partial=00;start_type=GTG;rbs_motif=GGAG/GAGG;rbs_spacer=5-10bp;gc_cont=0.576,98.1,105.0,134,1.1e-30,55,81,134,1,54,mobileOG_000057143,insC1,WP_012002054.1,integration/excision,NA,COMPASS,Homology,ratio5_unmapped_NODE_25_length_9828_cov_25.457383_1-6024_ratio5_unmapped_NODE_25_length_9828_cov_25.457383_1_5, 4902 # 5066 # -1 , 4902,5066,-1 ,226_5,226,5,00,GTG,GGAG/GAGG,5-10bp,0.576,ratio5_unmapped_NODE_25_length_9828_cov_25.457383_1-6024_ratio5_unmapped_NODE_25_length_9828_cov_25.457383_1,mobileOG_000057143_ratio5_unmapped_NODE_25_length_9828_cov_25.457383_1-6024_ratio5_unmapped_NODE_25_length_9828_cov_25.457383_1
49,mobileOG_000056778|insC1|WP_001459498.1|integration/excision|NA|COMPASS|Homology,ratio5_unmapped_NODE_25_length_9828_cov_25.457383_1-6024_ratio5_unmapped_NODE_25_length_9828_cov_25.457383_1_6 # 5106 # 5297 # -1 # ID=226_6;partial=00;start_type=ATG;rbs_motif=4Base/6BMM;rbs_spacer=13-15bp;gc_cont=0.479,100.0,127.0,63,4.32e-40,64,1,63,1,63,mobileOG_000056778,insC1,WP_001459498.1,integration/excision,NA,COMPASS,Homology,ratio5_unmapped_NODE_25_length_9828_cov_25.457383_1-6024_ratio5_unmapped_NODE_25_length_9828_cov_25.457383_1_6, 5106 # 5297 # -1 , 5106,5297,-1 ,226_6,226,6,00,ATG,4Base/6BMM,13-15bp,0.479,ratio5_unmapped_NODE_25_length_9828_cov_25.457383_1-6024_ratio5_unmapped_NODE_25_length_9828_cov_25.457383_1,mobileOG_000056778_ratio5_unmapped_NODE_25_length_9828_cov_25.457383_1-6024_ratio5_unmapped_NODE_25_length_9828_cov_25.457383_1
50,mobileOG_000074301|tnpA|WP_021512645.1|integration/excision|NA|COMPASS|Homology,ratio5_unmapped_NODE_25_length_9828_cov_25.457383_665-9828_ratio5_unmapped_NODE_25_length_9828_cov_25.457383_7_3 # 999 # 3548 # 1 # ID=227_3;partial=00;start_type=ATG;rbs_motif=GGA/GAG/AGG;rbs_spacer=5-10bp;gc_cont=0.517,100.0,1669.0,980,0.0,850,132,980,1,849,mobileOG_000074301,tnpA,WP_021512645.1,integration/excision,NA,COMPASS,Homology,ratio5_unmapped_NODE_25_length_9828_cov_25.457383_665-9828_ratio5_unmapped_NODE_25_length_9828_cov_25.457383_7_3, 999 # 3548 # 1 , 999,3548,1 ,227_3,227,3,00,ATG,GGA/GAG/AGG,5-10bp,0.517,ratio5_unmapped_NODE_25_length_9828_cov_25.457383_665-9828_ratio5_unmapped_NODE_25_length_9828_cov_25.457383_7,mobileOG_000074301_ratio5_unmapped_NODE_25_length_9828_cov_25.457383_665-9828_ratio5_unmapped_NODE_25_length_9828_cov_25.457383_7
51,mobileOG_000057143|insC1|WP_012002054.1|integration/excision|NA|COMPASS|Homology,ratio5_unmapped_NODE_25_length_9828_cov_25.457383_665-9828_ratio5_unmapped_NODE_25_length_9828_cov_25.457383_7_5 # 4238 # 4402 # -1 # ID=227_5;partial=00;start_type=GTG;rbs_motif=GGAG/GAGG;rbs_spacer=5-10bp;gc_cont=0.576,98.1,105.0,134,1.1e-30,55,81,134,1,54,mobileOG_000057143,insC1,WP_012002054.1,integration/excision,NA,COMPASS,Homology,ratio5_unmapped_NODE_25_length_9828_cov_25.457383_665-9828_ratio5_unmapped_NODE_25_length_9828_cov_25.457383_7_5, 4238 # 4402 # -1 , 4238,4402,-1 ,227_5,227,5,00,GTG,GGAG/GAGG,5-10bp,0.576,ratio5_unmapped_NODE_25_length_9828_cov_25.457383_665-9828_ratio5_unmapped_NODE_25_length_9828_cov_25.457383_7,mobileOG_000057143_ratio5_unmapped_NODE_25_length_9828_cov_25.457383_665-9828_ratio5_unmapped_NODE_25_length_9828_cov_25.457383_7
52,mobileOG_000056778|insC1|WP_001459498.1|integration/excision|NA|COMPASS|Homology,ratio5_unmapped_NODE_25_length_9828_cov_25.457383_665-9828_ratio5_unmapped_NODE_25_length_9828_cov_25.457383_7_6 # 4442 # 4633 # -1 # ID=227_6;partial=00;start_type=ATG;rbs_motif=4Base/6BMM;rbs_spacer=13-15bp;gc_cont=0.479,100.0,127.0,63,4.32e-40,64,1,63,1,63,mobileOG_000056778,insC1,WP_001459498.1,integration/excision,NA,COMPASS,Homology,ratio5_unmapped_NODE_25_length_9828_cov_25.457383_665-9828_ratio5_unmapped_NODE_25_length_9828_cov_25.457383_7_6, 4442 # 4633 # -1 , 4442,4633,-1 ,227_6,227,6,00,ATG,4Base/6BMM,13-15bp,0.479,ratio5_unmapped_NODE_25_length_9828_cov_25.457383_665-9828_ratio5_unmapped_NODE_25_length_9828_cov_25.457383_7,mobileOG_000056778_ratio5_unmapped_NODE_25_length_9828_cov_25.457383_665-9828_ratio5_unmapped_NODE_25_length_9828_cov_25.457383_7
53,mobileOG_000056465|gin|WP_001493760.1|integration/excision|NA|COMPASS|Homology,ratio5_unmapped_NODE_25_length_9828_cov_25.457383_665-9828_ratio5_unmapped_NODE_25_length_9828_cov_25.457383_7_8 # 5976 # 6413 # -1 # ID=227_8;partial=00;start_type=ATG;rbs_motif=None;rbs_spacer=None;gc_cont=0.553,100.0,279.0,145,1.8499999999999994e-97,146,1,145,1,145,mobileOG_000056465,gin,WP_001493760.1,integration/excision,NA,COMPASS,Homology,ratio5_unmapped_NODE_25_length_9828_cov_25.457383_665-9828_ratio5_unmapped_NODE_25_length_9828_cov_25.457383_7_8, 5976 # 6413 # -1 , 5976,6413,-1 ,227_8,227,8,00,ATG,None,None,0.553,ratio5_unmapped_NODE_25_length_9828_cov_25.457383_665-9828_ratio5_unmapped_NODE_25_length_9828_cov_25.457383_7,mobileOG_000056465_ratio5_unmapped_NODE_25_length_9828_cov_25.457383_665-9828_ratio5_unmapped_NODE_25_length_9828_cov_25.457383_7
54,mobileOG_000056464|tnpR|WP_001493762.1|integration/excision|NA|Multiple|Homology,ratio5_unmapped_NODE_25_length_9828_cov_25.457383_665-9828_ratio5_unmapped_NODE_25_length_9828_cov_25.457383_7_10 # 7865 # 8437 # -1 # ID=227_10;partial=00;start_type=GTG;rbs_motif=GGAGG;rbs_spacer=5-10bp;gc_cont=0.545,100.0,374.0,190,1.7099999999999998e-133,191,1,190,1,190,mobileOG_000056464,tnpR,WP_001493762.1,integration/excision,NA,Multiple,Homology,ratio5_unmapped_NODE_25_length_9828_cov_25.457383_665-9828_ratio5_unmapped_NODE_25_length_9828_cov_25.457383_7_10, 7865 # 8437 # -1 , 7865,8437,-1 ,227_10,227,10,00,GTG,GGAGG,5-10bp,0.545,ratio5_unmapped_NODE_25_length_9828_cov_25.457383_665-9828_ratio5_unmapped_NODE_25_length_9828_cov_25.457383_7,mobileOG_000056464_ratio5_unmapped_NODE_25_length_9828_cov_25.457383_665-9828_ratio5_unmapped_NODE_25_length_9828_cov_25.457383_7
55,mobileOG_000056463|tnpM|WP_001493763.1|integration/excision|NA|Multiple|Homology,ratio5_unmapped_NODE_25_length_9828_cov_25.457383_665-9828_ratio5_unmapped_NODE_25_length_9828_cov_25.457383_7_11 # 8574 # 9119 # -1 # ID=227_11;partial=00;start_type=ATG;rbs_motif=GGAG/GAGG;rbs_spacer=5-10bp;gc_cont=0.511,100.0,377.0,181,5.179999999999998e-135,182,1,181,1,181,mobileOG_000056463,tnpM,WP_001493763.1,integration/excision,NA,Multiple,Homology,ratio5_unmapped_NODE_25_length_9828_cov_25.457383_665-9828_ratio5_unmapped_NODE_25_length_9828_cov_25.457383_7_11, 8574 # 9119 # -1 , 8574,9119,-1 ,227_11,227,11,00,ATG,GGAG/GAGG,5-10bp,0.511,ratio5_unmapped_NODE_25_length_9828_cov_25.457383_665-9828_ratio5_unmapped_NODE_25_length_9828_cov_25.457383_7,mobileOG_000056463_ratio5_unmapped_NODE_25_length_9828_cov_25.457383_665-9828_ratio5_unmapped_NODE_25_length_9828_cov_25.457383_7
56,mobileOG_000373302|tnpA|WP_048230589.1|integration/excision|NA|Plasmid RefSeq|Homology,ratio5_unmapped_NODE_67_length_5250_cov_8.059865_1-5250_ratio5_unmapped_NODE_67_length_5250_cov_8.059865_4_1 # 2 # 862 # 1 # ID=229_1;partial=10;start_type=Edge;rbs_motif=None;rbs_spacer=None;gc_cont=0.648,99.3,566.0,300,1.919999999999999e-206,287,15,300,1,286,mobileOG_000373302,tnpA,WP_048230589.1,integration/excision,NA,Plasmid RefSeq,Homology,ratio5_unmapped_NODE_67_length_5250_cov_8.059865_1-5250_ratio5_unmapped_NODE_67_length_5250_cov_8.059865_4_1, 2 # 862 # 1 , 2,862,1 ,229_1,229,1,10,Edge,None,None,0.648,ratio5_unmapped_NODE_67_length_5250_cov_8.059865_1-5250_ratio5_unmapped_NODE_67_length_5250_cov_8.059865_4,mobileOG_000373302_ratio5_unmapped_NODE_67_length_5250_cov_8.059865_1-5250_ratio5_unmapped_NODE_67_length_5250_cov_8.059865_4
57,mobileOG_000062109|tnpA|WP_109138279.1|integration/excision|NA|Multiple|Homology,ratio5_unmapped_NODE_67_length_5250_cov_8.059865_1-5250_ratio5_unmapped_NODE_67_length_5250_cov_8.059865_4_2 # 920 # 1162 # 1 # ID=229_2;partial=00;start_type=GTG;rbs_motif=GGA/GAG/AGG;rbs_spacer=5-10bp;gc_cont=0.720,100.0,146.0,198,2.3699999999999997e-45,81,123,198,5,80,mobileOG_000062109,tnpA,WP_109138279.1,integration/excision,NA,Multiple,Homology,ratio5_unmapped_NODE_67_length_5250_cov_8.059865_1-5250_ratio5_unmapped_NODE_67_length_5250_cov_8.059865_4_2, 920 # 1162 # 1 , 920,1162,1 ,229_2,229,2,00,GTG,GGA/GAG/AGG,5-10bp,0.720,ratio5_unmapped_NODE_67_length_5250_cov_8.059865_1-5250_ratio5_unmapped_NODE_67_length_5250_cov_8.059865_4,mobileOG_000062109_ratio5_unmapped_NODE_67_length_5250_cov_8.059865_1-5250_ratio5_unmapped_NODE_67_length_5250_cov_8.059865_4
58,mobileOG_000002353|tnpA|WP_001301408.1|integration/excision|NA|COMPASS|Manual,ratio5_unmapped_NODE_67_length_5250_cov_8.059865_1-5250_ratio5_unmapped_NODE_67_length_5250_cov_8.059865_4_6 # 4554 # 5249 # 1 # ID=229_6;partial=01;start_type=ATG;rbs_motif=None;rbs_spacer=None;gc_cont=0.642,100.0,454.0,261,2.269999999999999e-163,232,9,240,1,232,mobileOG_000002353,tnpA,WP_001301408.1,integration/excision,NA,COMPASS,Manual,ratio5_unmapped_NODE_67_length_5250_cov_8.059865_1-5250_ratio5_unmapped_NODE_67_length_5250_cov_8.059865_4_6, 4554 # 5249 # 1 , 4554,5249,1 ,229_6,229,6,01,ATG,None,None,0.642,ratio5_unmapped_NODE_67_length_5250_cov_8.059865_1-5250_ratio5_unmapped_NODE_67_length_5250_cov_8.059865_4,mobileOG_000002353_ratio5_unmapped_NODE_67_length_5250_cov_8.059865_1-5250_ratio5_unmapped_NODE_67_length_5250_cov_8.059865_4
59,mobileOG_000038469|tnpR|WP_000427619.1|integration/excision|NA|Multiple|Homology,ratio5_unmapped_NODE_138_length_3137_cov_3.699870_1-3137_ratio5_unmapped_NODE_138_length_3137_cov_3.699870_5_3 # 598 # 1602 # 1 # ID=233_3;partial=00;start_type=ATG;rbs_motif=GGAG/GAGG;rbs_spacer=5-10bp;gc_cont=0.489,99.7,651.0,334,1.969999999999999e-238,335,1,334,1,334,mobileOG_000038469,tnpR,WP_000427619.1,integration/excision,NA,Multiple,Homology,ratio5_unmapped_NODE_138_length_3137_cov_3.699870_1-3137_ratio5_unmapped_NODE_138_length_3137_cov_3.699870_5_3, 598 # 1602 # 1 , 598,1602,1 ,233_3,233,3,00,ATG,GGAG/GAGG,5-10bp,0.489,ratio5_unmapped_NODE_138_length_3137_cov_3.699870_1-3137_ratio5_unmapped_NODE_138_length_3137_cov_3.699870_5,mobileOG_000038469_ratio5_unmapped_NODE_138_length_3137_cov_3.699870_1-3137_ratio5_unmapped_NODE_138_length_3137_cov_3.699870_5
60,"mobileOG_000025806|cca|J7Q9S8|phage|regulation,infection|Multiple|Manual",ratio5_unmapped_NODE_266_length_2183_cov_5.991071_1-2183_ratio5_unmapped_NODE_266_length_2183_cov_5.991071_3_2 # 180 # 1418 # 1 # ID=240_2;partial=00;start_type=GTG;rbs_motif=GGA/GAG/AGG;rbs_spacer=5-10bp;gc_cont=0.563,100.0,842.0,412,3.06e-311,413,1,412,1,412,mobileOG_000025806,cca,J7Q9S8,phage,"regulation,infection",Multiple,Manual,ratio5_unmapped_NODE_266_length_2183_cov_5.991071_1-2183_ratio5_unmapped_NODE_266_length_2183_cov_5.991071_3_2, 180 # 1418 # 1 , 180,1418,1 ,240_2,240,2,00,GTG,GGA/GAG/AGG,5-10bp,0.563,ratio5_unmapped_NODE_266_length_2183_cov_5.991071_1-2183_ratio5_unmapped_NODE_266_length_2183_cov_5.991071_3,mobileOG_000025806_ratio5_unmapped_NODE_266_length_2183_cov_5.991071_1-2183_ratio5_unmapped_NODE_266_length_2183_cov_5.991071_3
61,mobileOG_000012594|fis|WP_000462905.1|integration/excision|replication/recombination/repair|GPD|Manual,ratio5_unmapped_NODE_402_length_1799_cov_2.851491_1-1799_ratio5_unmapped_NODE_402_length_1799_cov_2.851491_1_4 # 1559 # 1798 # -1 # ID=242_4;partial=01;start_type=Edge;rbs_motif=None;rbs_spacer=None;gc_cont=0.479,100.0,154.0,93,8.409999999999999e-50,80,15,93,1,79,mobileOG_000012594,fis,WP_000462905.1,integration/excision,replication/recombination/repair,GPD,Manual,ratio5_unmapped_NODE_402_length_1799_cov_2.851491_1-1799_ratio5_unmapped_NODE_402_length_1799_cov_2.851491_1_4, 1559 # 1798 # -1 , 1559,1798,-1 ,242_4,242,4,01,Edge,None,None,0.479,ratio5_unmapped_NODE_402_length_1799_cov_2.851491_1-1799_ratio5_unmapped_NODE_402_length_1799_cov_2.851491_1,mobileOG_000012594_ratio5_unmapped_NODE_402_length_1799_cov_2.851491_1-1799_ratio5_unmapped_NODE_402_length_1799_cov_2.851491_1
62,mobileOG_000001795|tnpR|P0ADI2|integration/excision|NA|Multiple|Manual,ratio5_unmapped_NODE_791_length_1178_cov_2.096171_1-1178_ratio5_unmapped_NODE_791_length_1178_cov_2.096171_2_1 # 1 # 249 # 1 # ID=251_1;partial=10;start_type=Edge;rbs_motif=None;rbs_spacer=None;gc_cont=0.542,98.8,151.0,83,5.8099999999999995e-49,83,2,83,1,82,mobileOG_000001795,tnpR,P0ADI2,integration/excision,NA,Multiple,Manual,ratio5_unmapped_NODE_791_length_1178_cov_2.096171_1-1178_ratio5_unmapped_NODE_791_length_1178_cov_2.096171_2_1, 1 # 249 # 1 , 1,249,1 ,251_1,251,1,10,Edge,None,None,0.542,ratio5_unmapped_NODE_791_length_1178_cov_2.096171_1-1178_ratio5_unmapped_NODE_791_length_1178_cov_2.096171_2,mobileOG_000001795_ratio5_unmapped_NODE_791_length_1178_cov_2.096171_1-1178_ratio5_unmapped_NODE_791_length_1178_cov_2.096171_2
,Sequence Title,Query Title,Pident,Bitscore,Subject Sequence Length,e-value,Query Sequence Length,Start of Alignment in Subject,End of Alignment in Query,Start of Alignment in Query,End of Alignment in Query,mobileOG ID,Gene Name,Best Hit Accession ID,Major mobileOG Category,Minor mobileOG Category,Source Database,Evidence Type,Contig/ORF Name,ORF_Start_Stop_Strands,ORF_Start,ORF_End,Sense or Antisense Strand,Prodigal ID,Prodigal Designated Contigs,Unique_ORF,Partial Tag,Start Codon,RBS Motif,RBS Spacer,GC Content,Specific Contig,Final Sample Name
0,mobileOG_000038749|NA|NA|integration/excision|NA|Multiple|Homology,ratio6_Esch_coli_14EC033_NODE_19_length_20432_cov_97.946999_1-6222_ratio6_Esch_coli_14EC033_NODE_19_length_20432_cov_97.946999_1_4 # 2848 # 3225 # -1 # ID=3_4;partial=00;start_type=ATG;rbs_motif=None;rbs_spacer=None;gc_cont=0.540,100.0,257.0,125,1.4400000000000001e-89,126,1,125,1,125,mobileOG_000038749,NA,NA,integration/excision,NA,Multiple,Homology,ratio6_Esch_coli_14EC033_NODE_19_length_20432_cov_97.946999_1-6222_ratio6_Esch_coli_14EC033_NODE_19_length_20432_cov_97.946999_1_4, 2848 # 3225 # -1 , 2848,3225,-1 ,3_4,3,4,00,ATG,None,None,0.540,ratio6_Esch_coli_14EC033_NODE_19_length_20432_cov_97.946999_1-6222_ratio6_Esch_coli_14EC033_NODE_19_length_20432_cov_97.946999_1,mobileOG_000038749_ratio6_Esch_coli_14EC033_NODE_19_length_20432_cov_97.946999_1-6222_ratio6_Esch_coli_14EC033_NODE_19_length_20432_cov_97.946999_1
1,mobileOG_000001273|insA8|P0CF13|integration/excision|NA|Multiple|Manual,ratio6_Esch_coli_14EC033_NODE_19_length_20432_cov_97.946999_1-6222_ratio6_Esch_coli_14EC033_NODE_19_length_20432_cov_97.946999_1_5 # 3270 # 3545 # -1 # ID=3_5;partial=00;start_type=GTG;rbs_motif=GGAG/GAGG;rbs_spacer=5-10bp;gc_cont=0.525,100.0,189.0,91,1.6999999999999997e-63,92,1,91,1,91,mobileOG_000001273,insA8,P0CF13,integration/excision,NA,Multiple,Manual,ratio6_Esch_coli_14EC033_NODE_19_length_20432_cov_97.946999_1-6222_ratio6_Esch_coli_14EC033_NODE_19_length_20432_cov_97.946999_1_5, 3270 # 3545 # -1 , 3270,3545,-1 ,3_5,3,5,00,GTG,GGAG/GAGG,5-10bp,0.525,ratio6_Esch_coli_14EC033_NODE_19_length_20432_cov_97.946999_1-6222_ratio6_Esch_coli_14EC033_NODE_19_length_20432_cov_97.946999_1,mobileOG_000001273_ratio6_Esch_coli_14EC033_NODE_19_length_20432_cov_97.946999_1-6222_ratio6_Esch_coli_14EC033_NODE_19_length_20432_cov_97.946999_1
2,mobileOG_000038749|NA|NA|integration/excision|NA|Multiple|Homology,ratio6_Esch_coli_14EC033_NODE_19_length_20432_cov_97.946999_1-7253_ratio6_Esch_coli_14EC033_NODE_19_length_20432_cov_97.946999_2_4 # 2848 # 3225 # -1 # ID=4_4;partial=00;start_type=ATG;rbs_motif=None;rbs_spacer=None;gc_cont=0.540,100.0,257.0,125,1.4400000000000001e-89,126,1,125,1,125,mobileOG_000038749,NA,NA,integration/excision,NA,Multiple,Homology,ratio6_Esch_coli_14EC033_NODE_19_length_20432_cov_97.946999_1-7253_ratio6_Esch_coli_14EC033_NODE_19_length_20432_cov_97.946999_2_4, 2848 # 3225 # -1 , 2848,3225,-1 ,4_4,4,4,00,ATG,None,None,0.540,ratio6_Esch_coli_14EC033_NODE_19_length_20432_cov_97.946999_1-7253_ratio6_Esch_coli_14EC033_NODE_19_length_20432_cov_97.946999_2,mobileOG_000038749_ratio6_Esch_coli_14EC033_NODE_19_length_20432_cov_97.946999_1-7253_ratio6_Esch_coli_14EC033_NODE_19_length_20432_cov_97.946999_2
3,mobileOG_000001273|insA8|P0CF13|integration/excision|NA|Multiple|Manual,ratio6_Esch_coli_14EC033_NODE_19_length_20432_cov_97.946999_1-7253_ratio6_Esch_coli_14EC033_NODE_19_length_20432_cov_97.946999_2_5 # 3270 # 3545 # -1 # ID=4_5;partial=00;start_type=GTG;rbs_motif=GGAG/GAGG;rbs_spacer=5-10bp;gc_cont=0.525,100.0,189.0,91,1.6999999999999997e-63,92,1,91,1,91,mobileOG_000001273,insA8,P0CF13,integration/excision,NA,Multiple,Manual,ratio6_Esch_coli_14EC033_NODE_19_length_20432_cov_97.946999_1-7253_ratio6_Esch_coli_14EC033_NODE_19_length_20432_cov_97.946999_2_5, 3270 # 3545 # -1 , 3270,3545,-1 ,4_5,4,5,00,GTG,GGAG/GAGG,5-10bp,0.525,ratio6_Esch_coli_14EC033_NODE_19_length_20432_cov_97.946999_1-7253_ratio6_Esch_coli_14EC033_NODE_19_length_20432_cov_97.946999_2,mobileOG_000001273_ratio6_Esch_coli_14EC033_NODE_19_length_20432_cov_97.946999_1-7253_ratio6_Esch_coli_14EC033_NODE_19_length_20432_cov_97.946999_2
4,mobileOG_000026107|parE|P20083|replication/recombination/repair|partitioning|Multiple|Manual,ratio6_Esch_coli_14EC033_NODE_71_length_12598_cov_55.673762_2236-12598_ratio6_Esch_coli_14EC033_NODE_71_length_12598_cov_55.673762_10_12 # 9201 # 10361 # 1 # ID=14_12;partial=01;start_type=ATG;rbs_motif=None;rbs_spacer=None;gc_cont=0.537,100.0,783.0,630,3.5399999999999986e-285,387,1,387,1,387,mobileOG_000026107,parE,P20083,replication/recombination/repair,partitioning,Multiple,Manual,ratio6_Esch_coli_14EC033_NODE_71_length_12598_cov_55.673762_2236-12598_ratio6_Esch_coli_14EC033_NODE_71_length_12598_cov_55.673762_10_12, 9201 # 10361 # 1 , 9201,10361,1 ,14_12,14,12,01,ATG,None,None,0.537,ratio6_Esch_coli_14EC033_NODE_71_length_12598_cov_55.673762_2236-12598_ratio6_Esch_coli_14EC033_NODE_71_length_12598_cov_55.673762_10,mobileOG_000026107_ratio6_Esch_coli_14EC033_NODE_71_length_12598_cov_55.673762_2236-12598_ratio6_Esch_coli_14EC033_NODE_71_length_12598_cov_55.673762_10
5,"mobileOG_000025806|cca|J7Q9S8|phage|regulation,infection|Multiple|Manual",ratio6_Esch_coli_14EC033_NODE_117_length_9530_cov_27.319894_1-5135_ratio6_Esch_coli_14EC033_NODE_117_length_9530_cov_27.319894_1_2 # 316 # 1554 # -1 # ID=18_2;partial=00;start_type=GTG;rbs_motif=GGA/GAG/AGG;rbs_spacer=5-10bp;gc_cont=0.565,98.8,833.0,412,6.909999999999995e-308,413,1,412,1,412,mobileOG_000025806,cca,J7Q9S8,phage,"regulation,infection",Multiple,Manual,ratio6_Esch_coli_14EC033_NODE_117_length_9530_cov_27.319894_1-5135_ratio6_Esch_coli_14EC033_NODE_117_length_9530_cov_27.319894_1_2, 316 # 1554 # -1 , 316,1554,-1 ,18_2,18,2,00,GTG,GGA/GAG/AGG,5-10bp,0.565,ratio6_Esch_coli_14EC033_NODE_117_length_9530_cov_27.319894_1-5135_ratio6_Esch_coli_14EC033_NODE_117_length_9530_cov_27.319894_1,mobileOG_000025806_ratio6_Esch_coli_14EC033_NODE_117_length_9530_cov_27.319894_1-5135_ratio6_Esch_coli_14EC033_NODE_117_length_9530_cov_27.319894_1
6,mobileOG_000321643|ecnB|WP_000977757.1|stability/transfer/defense|NA|Plasmid RefSeq|Homology,ratio6_Esch_coli_14EC033_NODE_132_length_9119_cov_46.672992_1-9119_ratio6_Esch_coli_14EC033_NODE_132_length_9119_cov_46.672992_7_3 # 1966 # 2088 # 1 # ID=19_3;partial=00;start_type=ATG;rbs_motif=GGA/GAG/AGG;rbs_spacer=5-10bp;gc_cont=0.545,100.0,78.6,41,3.3500000000000002e-21,41,2,41,1,40,mobileOG_000321643,ecnB,WP_000977757.1,stability/transfer/defense,NA,Plasmid RefSeq,Homology,ratio6_Esch_coli_14EC033_NODE_132_length_9119_cov_46.672992_1-9119_ratio6_Esch_coli_14EC033_NODE_132_length_9119_cov_46.672992_7_3, 1966 # 2088 # 1 , 1966,2088,1 ,19_3,19,3,00,ATG,GGA/GAG/AGG,5-10bp,0.545,ratio6_Esch_coli_14EC033_NODE_132_length_9119_cov_46.672992_1-9119_ratio6_Esch_coli_14EC033_NODE_132_length_9119_cov_46.672992_7,mobileOG_000321643_ratio6_Esch_coli_14EC033_NODE_132_length_9119_cov_46.672992_1-9119_ratio6_Esch_coli_14EC033_NODE_132_length_9119_cov_46.672992_7
7,mobileOG_000330413|ecnB|ETJ37164.1|stability/transfer/defense|NA|Plasmid RefSeq|Homology,ratio6_Esch_coli_14EC033_NODE_132_length_9119_cov_46.672992_1-9119_ratio6_Esch_coli_14EC033_NODE_132_length_9119_cov_46.672992_7_4 # 2199 # 2345 # 1 # ID=19_4;partial=00;start_type=ATG;rbs_motif=AGGA;rbs_spacer=5-10bp;gc_cont=0.490,100.0,88.2,48,8.370000000000002e-25,49,1,48,1,48,mobileOG_000330413,ecnB,ETJ37164.1,stability/transfer/defense,NA,Plasmid RefSeq,Homology,ratio6_Esch_coli_14EC033_NODE_132_length_9119_cov_46.672992_1-9119_ratio6_Esch_coli_14EC033_NODE_132_length_9119_cov_46.672992_7_4, 2199 # 2345 # 1 , 2199,2345,1 ,19_4,19,4,00,ATG,AGGA,5-10bp,0.490,ratio6_Esch_coli_14EC033_NODE_132_length_9119_cov_46.672992_1-9119_ratio6_Esch_coli_14EC033_NODE_132_length_9119_cov_46.672992_7,mobileOG_000330413_ratio6_Esch_coli_14EC033_NODE_132_length_9119_cov_46.672992_1-9119_ratio6_Esch_coli_14EC033_NODE_132_length_9119_cov_46.672992_7
8,mobileOG_000333812|alkB|WP_000884953.1|replication/recombination/repair|NA|Plasmid RefSeq|Homology,ratio6_Esch_coli_14EC033_NODE_215_length_6523_cov_18.732066_1-6523_ratio6_Esch_coli_14EC033_NODE_215_length_6523_cov_18.732066_5_4 # 2998 # 3648 # 1 # ID=30_4;partial=00;start_type=ATG;rbs_motif=AGGAG;rbs_spacer=5-10bp;gc_cont=0.528,99.5,456.0,216,2.9199999999999987e-165,217,1,216,1,216,mobileOG_000333812,alkB,WP_000884953.1,replication/recombination/repair,NA,Plasmid RefSeq,Homology,ratio6_Esch_coli_14EC033_NODE_215_length_6523_cov_18.732066_1-6523_ratio6_Esch_coli_14EC033_NODE_215_length_6523_cov_18.732066_5_4, 2998 # 3648 # 1 , 2998,3648,1 ,30_4,30,4,00,ATG,AGGAG,5-10bp,0.528,ratio6_Esch_coli_14EC033_NODE_215_length_6523_cov_18.732066_1-6523_ratio6_Esch_coli_14EC033_NODE_215_length_6523_cov_18.732066_5,mobileOG_000333812_ratio6_Esch_coli_14EC033_NODE_215_length_6523_cov_18.732066_1-6523_ratio6_Esch_coli_14EC033_NODE_215_length_6523_cov_18.732066_5
9,mobileOG_000003237|fis|WP_000462905.1|integration/excision|replication/recombination/repair|Multiple|Manual,ratio6_Esch_coli_14EC033_NODE_261_length_5414_cov_80.697891_176-5414_ratio6_Esch_coli_14EC033_NODE_261_length_5414_cov_80.697891_7_4 # 3469 # 3765 # 1 # ID=33_4;partial=00;start_type=ATG;rbs_motif=GGA/GAG/AGG;rbs_spacer=11-12bp;gc_cont=0.471,100.0,189.0,98,1.9899999999999996e-63,99,1,98,1,98,mobileOG_000003237,fis,WP_000462905.1,integration/excision,replication/recombination/repair,Multiple,Manual,ratio6_Esch_coli_14EC033_NODE_261_length_5414_cov_80.697891_176-5414_ratio6_Esch_coli_14EC033_NODE_261_length_5414_cov_80.697891_7_4, 3469 # 3765 # 1 , 3469,3765,1 ,33_4,33,4,00,ATG,GGA/GAG/AGG,11-12bp,0.471,ratio6_Esch_coli_14EC033_NODE_261_length_5414_cov_80.697891_176-5414_ratio6_Esch_coli_14EC033_NODE_261_length_5414_cov_80.697891_7,mobileOG_000003237_ratio6_Esch_coli_14EC033_NODE_261_length_5414_cov_80.697891_176-5414_ratio6_Esch_coli_14EC033_NODE_261_length_5414_cov_80.697891_7
10,mobileOG_000326289|alkB|WP_000884919.1|replication/recombination/repair|NA|Plasmid RefSeq|Homology,ratio6_Esch_coli_2011C-3911_NODE_1_length_341262_cov_207.719610_146147-157790_ratio6_Esch_coli_2011C-3911_NODE_1_length_341262_cov_207.719610_134_8 # 6720 # 7370 # -1 # ID=54_8;partial=00;start_type=ATG;rbs_motif=AGGAG;rbs_spacer=5-10bp;gc_cont=0.525,99.5,456.0,216,2.0499999999999994e-165,217,1,216,1,216,mobileOG_000326289,alkB,WP_000884919.1,replication/recombination/repair,NA,Plasmid RefSeq,Homology,ratio6_Esch_coli_2011C-3911_NODE_1_length_341262_cov_207.719610_146147-157790_ratio6_Esch_coli_2011C-3911_NODE_1_length_341262_cov_207.719610_134_8, 6720 # 7370 # -1 , 6720,7370,-1 ,54_8,54,8,00,ATG,AGGAG,5-10bp,0.525,ratio6_Esch_coli_2011C-3911_NODE_1_length_341262_cov_207.719610_146147-157790_ratio6_Esch_coli_2011C-3911_NODE_1_length_341262_cov_207.719610_134,mobileOG_000326289_ratio6_Esch_coli_2011C-3911_NODE_1_length_341262_cov_207.719610_146147-157790_ratio6_Esch_coli_2011C-3911_NODE_1_length_341262_cov_207.719610_134
11,mobileOG_000304542|traG|WP_001297077.1|transfer|conjugation|Plasmid RefSeq|Homology,ratio6_Esch_coli_2011C-3911_NODE_1_length_341262_cov_207.719610_194809-205777_ratio6_Esch_coli_2011C-3911_NODE_1_length_341262_cov_207.719610_167_5 # 2948 # 3550 # -1 # ID=55_5;partial=00;start_type=GTG;rbs_motif=GGAG/GAGG;rbs_spacer=5-10bp;gc_cont=0.436,100.0,406.0,200,4.009999999999999e-146,201,1,200,1,200,mobileOG_000304542,traG,WP_001297077.1,transfer,conjugation,Plasmid RefSeq,Homology,ratio6_Esch_coli_2011C-3911_NODE_1_length_341262_cov_207.719610_194809-205777_ratio6_Esch_coli_2011C-3911_NODE_1_length_341262_cov_207.719610_167_5, 2948 # 3550 # -1 , 2948,3550,-1 ,55_5,55,5,00,GTG,GGAG/GAGG,5-10bp,0.436,ratio6_Esch_coli_2011C-3911_NODE_1_length_341262_cov_207.719610_194809-205777_ratio6_Esch_coli_2011C-3911_NODE_1_length_341262_cov_207.719610_167,mobileOG_000304542_ratio6_Esch_coli_2011C-3911_NODE_1_length_341262_cov_207.719610_194809-205777_ratio6_Esch_coli_2011C-3911_NODE_1_length_341262_cov_207.719610_167
12,"mobileOG_000337943|cca|WP_000708503.1|phage|regulation,infection|Plasmid RefSeq|Homology",ratio6_Esch_coli_2011C-3911_NODE_3_length_214023_cov_205.083054_1-8850_ratio6_Esch_coli_2011C-3911_NODE_3_length_214023_cov_205.083054_5_6 # 4013 # 5251 # -1 # ID=60_6;partial=00;start_type=GTG;rbs_motif=GGA/GAG/AGG;rbs_spacer=5-10bp;gc_cont=0.563,99.8,842.0,412,1.52e-311,413,1,412,1,412,mobileOG_000337943,cca,WP_000708503.1,phage,"regulation,infection",Plasmid RefSeq,Homology,ratio6_Esch_coli_2011C-3911_NODE_3_length_214023_cov_205.083054_1-8850_ratio6_Esch_coli_2011C-3911_NODE_3_length_214023_cov_205.083054_5_6, 4013 # 5251 # -1 , 4013,5251,-1 ,60_6,60,6,00,GTG,GGA/GAG/AGG,5-10bp,0.563,ratio6_Esch_coli_2011C-3911_NODE_3_length_214023_cov_205.083054_1-8850_ratio6_Esch_coli_2011C-3911_NODE_3_length_214023_cov_205.083054_5,mobileOG_000337943_ratio6_Esch_coli_2011C-3911_NODE_3_length_214023_cov_205.083054_1-8850_ratio6_Esch_coli_2011C-3911_NODE_3_length_214023_cov_205.083054_5
13,mobileOG_000026107|parE|P20083|replication/recombination/repair|partitioning|Multiple|Manual,ratio6_Esch_coli_2011C-3911_NODE_3_length_214023_cov_205.083054_21207-32688_ratio6_Esch_coli_2011C-3911_NODE_3_length_214023_cov_205.083054_25_12 # 9201 # 11093 # 1 # ID=61_12;partial=00;start_type=ATG;rbs_motif=None;rbs_spacer=None;gc_cont=0.539,100.0,1255.0,630,0.0,631,1,630,1,630,mobileOG_000026107,parE,P20083,replication/recombination/repair,partitioning,Multiple,Manual,ratio6_Esch_coli_2011C-3911_NODE_3_length_214023_cov_205.083054_21207-32688_ratio6_Esch_coli_2011C-3911_NODE_3_length_214023_cov_205.083054_25_12, 9201 # 11093 # 1 , 9201,11093,1 ,61_12,61,12,00,ATG,None,None,0.539,ratio6_Esch_coli_2011C-3911_NODE_3_length_214023_cov_205.083054_21207-32688_ratio6_Esch_coli_2011C-3911_NODE_3_length_214023_cov_205.083054_25,mobileOG_000026107_ratio6_Esch_coli_2011C-3911_NODE_3_length_214023_cov_205.083054_21207-32688_ratio6_Esch_coli_2011C-3911_NODE_3_length_214023_cov_205.083054_25
14,"mobileOG_000025715|ihfB|WP_002898165.1|integration/excision|regulation,lysis/lysogeny|Plasmid RefSeq|Manual",ratio6_Esch_coli_2011C-3911_NODE_4_length_206377_cov_208.869025_90534-102282_ratio6_Esch_coli_2011C-3911_NODE_4_length_206377_cov_208.869025_86_9 # 9257 # 9541 # -1 # ID=62_9;partial=00;start_type=ATG;rbs_motif=GGAGG;rbs_spacer=3-4bp;gc_cont=0.491,97.8,187.0,95,8.879999999999998e-63,95,1,93,1,93,mobileOG_000025715,ihfB,WP_002898165.1,integration/excision,"regulation,lysis/lysogeny",Plasmid RefSeq,Manual,ratio6_Esch_coli_2011C-3911_NODE_4_length_206377_cov_208.869025_90534-102282_ratio6_Esch_coli_2011C-3911_NODE_4_length_206377_cov_208.869025_86_9, 9257 # 9541 # -1 , 9257,9541,-1 ,62_9,62,9,00,ATG,GGAGG,3-4bp,0.491,ratio6_Esch_coli_2011C-3911_NODE_4_length_206377_cov_208.869025_90534-102282_ratio6_Esch_coli_2011C-3911_NODE_4_length_206377_cov_208.869025_86,mobileOG_000025715_ratio6_Esch_coli_2011C-3911_NODE_4_length_206377_cov_208.869025_90534-102282_ratio6_Esch_coli_2011C-3911_NODE_4_length_206377_cov_208.869025_86
15,mobileOG_000002433|dinI|WP_001217754.1|replication/recombination/repair|NA|Multiple|Manual,ratio6_Esch_coli_2011C-3911_NODE_6_length_170594_cov_200.323539_123660-134868_ratio6_Esch_coli_2011C-3911_NODE_6_length_170594_cov_200.323539_130_12 # 8840 # 9085 # 1 # ID=65_12;partial=00;start_type=ATG;rbs_motif=AGxAGG/AGGxGG;rbs_spacer=5-10bp;gc_cont=0.480,100.0,162.0,81,3.9799999999999997e-53,82,1,81,1,81,mobileOG_000002433,dinI,WP_001217754.1,replication/recombination/repair,NA,Multiple,Manual,ratio6_Esch_coli_2011C-3911_NODE_6_length_170594_cov_200.323539_123660-134868_ratio6_Esch_coli_2011C-3911_NODE_6_length_170594_cov_200.323539_130_12, 8840 # 9085 # 1 , 8840,9085,1 ,65_12,65,12,00,ATG,AGxAGG/AGGxGG,5-10bp,0.480,ratio6_Esch_coli_2011C-3911_NODE_6_length_170594_cov_200.323539_123660-134868_ratio6_Esch_coli_2011C-3911_NODE_6_length_170594_cov_200.323539_130,mobileOG_000002433_ratio6_Esch_coli_2011C-3911_NODE_6_length_170594_cov_200.323539_123660-134868_ratio6_Esch_coli_2011C-3911_NODE_6_length_170594_cov_200.323539_130
16,mobileOG_000026116|priC|F0JM94|replication/recombination/repair|NA|Plasmid RefSeq|Manual,ratio6_Esch_coli_2011C-3911_NODE_12_length_92546_cov_212.232736_32975-44168_ratio6_Esch_coli_2011C-3911_NODE_12_length_92546_cov_212.232736_35_1 # 3 # 335 # 1 # ID=72_1;partial=10;start_type=Edge;rbs_motif=None;rbs_spacer=None;gc_cont=0.613,96.4,197.0,175,3.479999999999999e-65,111,66,175,1,110,mobileOG_000026116,priC,F0JM94,replication/recombination/repair,NA,Plasmid RefSeq,Manual,ratio6_Esch_coli_2011C-3911_NODE_12_length_92546_cov_212.232736_32975-44168_ratio6_Esch_coli_2011C-3911_NODE_12_length_92546_cov_212.232736_35_1, 3 # 335 # 1 , 3,335,1 ,72_1,72,1,10,Edge,None,None,0.613,ratio6_Esch_coli_2011C-3911_NODE_12_length_92546_cov_212.232736_32975-44168_ratio6_Esch_coli_2011C-3911_NODE_12_length_92546_cov_212.232736_35,mobileOG_000026116_ratio6_Esch_coli_2011C-3911_NODE_12_length_92546_cov_212.232736_32975-44168_ratio6_Esch_coli_2011C-3911_NODE_12_length_92546_cov_212.232736_35
17,mobileOG_000329392|PSLT051|A0A086TQA6|replication/recombination/repair|NA|Plasmid RefSeq|Homology,ratio6_Esch_coli_2011C-3911_NODE_23_length_61871_cov_210.617429_19299-30531_ratio6_Esch_coli_2011C-3911_NODE_23_length_61871_cov_210.617429_26_8 # 6700 # 7644 # 1 # ID=81_8;partial=00;start_type=ATG;rbs_motif=GGA/GAG/AGG;rbs_spacer=5-10bp;gc_cont=0.494,100.0,626.0,314,2.3599999999999988e-229,315,1,314,1,314,mobileOG_000329392,PSLT051,A0A086TQA6,replication/recombination/repair,NA,Plasmid RefSeq,Homology,ratio6_Esch_coli_2011C-3911_NODE_23_length_61871_cov_210.617429_19299-30531_ratio6_Esch_coli_2011C-3911_NODE_23_length_61871_cov_210.617429_26_8, 6700 # 7644 # 1 , 6700,7644,1 ,81_8,81,8,00,ATG,GGA/GAG/AGG,5-10bp,0.494,ratio6_Esch_coli_2011C-3911_NODE_23_length_61871_cov_210.617429_19299-30531_ratio6_Esch_coli_2011C-3911_NODE_23_length_61871_cov_210.617429_26,mobileOG_000329392_ratio6_Esch_coli_2011C-3911_NODE_23_length_61871_cov_210.617429_19299-30531_ratio6_Esch_coli_2011C-3911_NODE_23_length_61871_cov_210.617429_26
18,mobileOG_000003237|fis|WP_000462905.1|integration/excision|replication/recombination/repair|Multiple|Manual,ratio6_Esch_coli_2011C-3911_NODE_24_length_61525_cov_213.061754_46014-56676_ratio6_Esch_coli_2011C-3911_NODE_24_length_61525_cov_213.061754_46_4 # 3469 # 3765 # 1 # ID=82_4;partial=00;start_type=ATG;rbs_motif=GGA/GAG/AGG;rbs_spacer=11-12bp;gc_cont=0.471,100.0,189.0,98,1.9899999999999996e-63,99,1,98,1,98,mobileOG_000003237,fis,WP_000462905.1,integration/excision,replication/recombination/repair,Multiple,Manual,ratio6_Esch_coli_2011C-3911_NODE_24_length_61525_cov_213.061754_46014-56676_ratio6_Esch_coli_2011C-3911_NODE_24_length_61525_cov_213.061754_46_4, 3469 # 3765 # 1 , 3469,3765,1 ,82_4,82,4,00,ATG,GGA/GAG/AGG,11-12bp,0.471,ratio6_Esch_coli_2011C-3911_NODE_24_length_61525_cov_213.061754_46014-56676_ratio6_Esch_coli_2011C-3911_NODE_24_length_61525_cov_213.061754_46,mobileOG_000003237_ratio6_Esch_coli_2011C-3911_NODE_24_length_61525_cov_213.061754_46014-56676_ratio6_Esch_coli_2011C-3911_NODE_24_length_61525_cov_213.061754_46
19,mobileOG_000003237|fis|WP_000462905.1|integration/excision|replication/recombination/repair|Multiple|Manual,ratio6_Esch_coli_2011C-3911_NODE_24_length_61525_cov_213.061754_47075-58232_ratio6_Esch_coli_2011C-3911_NODE_24_length_61525_cov_213.061754_47_4 # 2408 # 2704 # 1 # ID=83_4;partial=00;start_type=ATG;rbs_motif=GGA/GAG/AGG;rbs_spacer=11-12bp;gc_cont=0.471,100.0,189.0,98,1.9899999999999996e-63,99,1,98,1,98,mobileOG_000003237,fis,WP_000462905.1,integration/excision,replication/recombination/repair,Multiple,Manual,ratio6_Esch_coli_2011C-3911_NODE_24_length_61525_cov_213.061754_47075-58232_ratio6_Esch_coli_2011C-3911_NODE_24_length_61525_cov_213.061754_47_4, 2408 # 2704 # 1 , 2408,2704,1 ,83_4,83,4,00,ATG,GGA/GAG/AGG,11-12bp,0.471,ratio6_Esch_coli_2011C-3911_NODE_24_length_61525_cov_213.061754_47075-58232_ratio6_Esch_coli_2011C-3911_NODE_24_length_61525_cov_213.061754_47,mobileOG_000003237_ratio6_Esch_coli_2011C-3911_NODE_24_length_61525_cov_213.061754_47075-58232_ratio6_Esch_coli_2011C-3911_NODE_24_length_61525_cov_213.061754_47
20,mobileOG_000003237|fis|WP_000462905.1|integration/excision|replication/recombination/repair|Multiple|Manual,ratio6_Esch_coli_2011C-3911_NODE_24_length_61525_cov_213.061754_48244-61348_ratio6_Esch_coli_2011C-3911_NODE_24_length_61525_cov_213.061754_48_2 # 1239 # 1535 # 1 # ID=84_2;partial=00;start_type=ATG;rbs_motif=GGA/GAG/AGG;rbs_spacer=11-12bp;gc_cont=0.471,100.0,189.0,98,1.9899999999999996e-63,99,1,98,1,98,mobileOG_000003237,fis,WP_000462905.1,integration/excision,replication/recombination/repair,Multiple,Manual,ratio6_Esch_coli_2011C-3911_NODE_24_length_61525_cov_213.061754_48244-61348_ratio6_Esch_coli_2011C-3911_NODE_24_length_61525_cov_213.061754_48_2, 1239 # 1535 # 1 , 1239,1535,1 ,84_2,84,2,00,ATG,GGA/GAG/AGG,11-12bp,0.471,ratio6_Esch_coli_2011C-3911_NODE_24_length_61525_cov_213.061754_48244-61348_ratio6_Esch_coli_2011C-3911_NODE_24_length_61525_cov_213.061754_48,mobileOG_000003237_ratio6_Esch_coli_2011C-3911_NODE_24_length_61525_cov_213.061754_48244-61348_ratio6_Esch_coli_2011C-3911_NODE_24_length_61525_cov_213.061754_48
21,mobileOG_000017974|insZ|A0A037Y8D2|integration/excision|NA|Multiple|Manual,ratio6_Esch_coli_2011C-3911_NODE_43_length_30751_cov_185.424062_20279-30692_ratio6_Esch_coli_2011C-3911_NODE_43_length_30751_cov_185.424062_28_2 # 2597 # 2782 # 1 # ID=87_2;partial=00;start_type=ATG;rbs_motif=GGAG/GAGG;rbs_spacer=5-10bp;gc_cont=0.538,100.0,131.0,61,1.59e-41,62,1,61,1,61,mobileOG_000017974,insZ,A0A037Y8D2,integration/excision,NA,Multiple,Manual,ratio6_Esch_coli_2011C-3911_NODE_43_length_30751_cov_185.424062_20279-30692_ratio6_Esch_coli_2011C-3911_NODE_43_length_30751_cov_185.424062_28_2, 2597 # 2782 # 1 , 2597,2782,1 ,87_2,87,2,00,ATG,GGAG/GAGG,5-10bp,0.538,ratio6_Esch_coli_2011C-3911_NODE_43_length_30751_cov_185.424062_20279-30692_ratio6_Esch_coli_2011C-3911_NODE_43_length_30751_cov_185.424062_28,mobileOG_000017974_ratio6_Esch_coli_2011C-3911_NODE_43_length_30751_cov_185.424062_20279-30692_ratio6_Esch_coli_2011C-3911_NODE_43_length_30751_cov_185.424062_28
22,mobileOG_000017973|insZ|A0A024L4B6|integration/excision|NA|GPD|Manual,ratio6_Esch_coli_2011C-3911_NODE_43_length_30751_cov_185.424062_20279-30692_ratio6_Esch_coli_2011C-3911_NODE_43_length_30751_cov_185.424062_28_3 # 2988 # 3497 # 1 # ID=87_3;partial=00;start_type=ATG;rbs_motif=None;rbs_spacer=None;gc_cont=0.522,99.4,318.0,196,1.1499999999999996e-111,170,37,196,10,169,mobileOG_000017973,insZ,A0A024L4B6,integration/excision,NA,GPD,Manual,ratio6_Esch_coli_2011C-3911_NODE_43_length_30751_cov_185.424062_20279-30692_ratio6_Esch_coli_2011C-3911_NODE_43_length_30751_cov_185.424062_28_3, 2988 # 3497 # 1 , 2988,3497,1 ,87_3,87,3,00,ATG,None,None,0.522,ratio6_Esch_coli_2011C-3911_NODE_43_length_30751_cov_185.424062_20279-30692_ratio6_Esch_coli_2011C-3911_NODE_43_length_30751_cov_185.424062_28,mobileOG_000017973_ratio6_Esch_coli_2011C-3911_NODE_43_length_30751_cov_185.424062_20279-30692_ratio6_Esch_coli_2011C-3911_NODE_43_length_30751_cov_185.424062_28
23,mobileOG_000321643|ecnB|WP_000977757.1|stability/transfer/defense|NA|Plasmid RefSeq|Homology,ratio6_Esch_coli_2011C-3911_NODE_55_length_18690_cov_221.178589_1-10807_ratio6_Esch_coli_2011C-3911_NODE_55_length_18690_cov_221.178589_8_4 # 3144 # 3266 # 1 # ID=88_4;partial=00;start_type=ATG;rbs_motif=GGA/GAG/AGG;rbs_spacer=5-10bp;gc_cont=0.553,100.0,78.6,41,3.3500000000000002e-21,41,2,41,1,40,mobileOG_000321643,ecnB,WP_000977757.1,stability/transfer/defense,NA,Plasmid RefSeq,Homology,ratio6_Esch_coli_2011C-3911_NODE_55_length_18690_cov_221.178589_1-10807_ratio6_Esch_coli_2011C-3911_NODE_55_length_18690_cov_221.178589_8_4, 3144 # 3266 # 1 , 3144,3266,1 ,88_4,88,4,00,ATG,GGA/GAG/AGG,5-10bp,0.553,ratio6_Esch_coli_2011C-3911_NODE_55_length_18690_cov_221.178589_1-10807_ratio6_Esch_coli_2011C-3911_NODE_55_length_18690_cov_221.178589_8,mobileOG_000321643_ratio6_Esch_coli_2011C-3911_NODE_55_length_18690_cov_221.178589_1-10807_ratio6_Esch_coli_2011C-3911_NODE_55_length_18690_cov_221.178589_8
24,mobileOG_000330413|ecnB|ETJ37164.1|stability/transfer/defense|NA|Plasmid RefSeq|Homology,ratio6_Esch_coli_2011C-3911_NODE_55_length_18690_cov_221.178589_1-10807_ratio6_Esch_coli_2011C-3911_NODE_55_length_18690_cov_221.178589_8_5 # 3377 # 3523 # 1 # ID=88_5;partial=00;start_type=ATG;rbs_motif=AGGA;rbs_spacer=5-10bp;gc_cont=0.490,100.0,88.2,48,8.370000000000002e-25,49,1,48,1,48,mobileOG_000330413,ecnB,ETJ37164.1,stability/transfer/defense,NA,Plasmid RefSeq,Homology,ratio6_Esch_coli_2011C-3911_NODE_55_length_18690_cov_221.178589_1-10807_ratio6_Esch_coli_2011C-3911_NODE_55_length_18690_cov_221.178589_8_5, 3377 # 3523 # 1 , 3377,3523,1 ,88_5,88,5,00,ATG,AGGA,5-10bp,0.490,ratio6_Esch_coli_2011C-3911_NODE_55_length_18690_cov_221.178589_1-10807_ratio6_Esch_coli_2011C-3911_NODE_55_length_18690_cov_221.178589_8,mobileOG_000330413_ratio6_Esch_coli_2011C-3911_NODE_55_length_18690_cov_221.178589_1-10807_ratio6_Esch_coli_2011C-3911_NODE_55_length_18690_cov_221.178589_8
25,mobileOG_000002433|dinI|WP_001217754.1|replication/recombination/repair|NA|Multiple|Manual,ratio6_Esch_coli_MB19_NODE_1_length_86106_cov_67.336382_70144-81352_ratio6_Esch_coli_MB19_NODE_1_length_86106_cov_67.336382_74_12 # 8840 # 9085 # 1 # ID=91_12;partial=00;start_type=ATG;rbs_motif=AGxAGG/AGGxGG;rbs_spacer=5-10bp;gc_cont=0.476,98.8,160.0,81,2.3099999999999997e-52,82,1,81,1,81,mobileOG_000002433,dinI,WP_001217754.1,replication/recombination/repair,NA,Multiple,Manual,ratio6_Esch_coli_MB19_NODE_1_length_86106_cov_67.336382_70144-81352_ratio6_Esch_coli_MB19_NODE_1_length_86106_cov_67.336382_74_12, 8840 # 9085 # 1 , 8840,9085,1 ,91_12,91,12,00,ATG,AGxAGG/AGGxGG,5-10bp,0.476,ratio6_Esch_coli_MB19_NODE_1_length_86106_cov_67.336382_70144-81352_ratio6_Esch_coli_MB19_NODE_1_length_86106_cov_67.336382_74,mobileOG_000002433_ratio6_Esch_coli_MB19_NODE_1_length_86106_cov_67.336382_70144-81352_ratio6_Esch_coli_MB19_NODE_1_length_86106_cov_67.336382_74
26,mobileOG_000003237|fis|WP_000462905.1|integration/excision|replication/recombination/repair|Multiple|Manual,ratio6_Esch_coli_MB19_NODE_7_length_55083_cov_84.126408_826-13930_ratio6_Esch_coli_MB19_NODE_7_length_55083_cov_84.126408_8_12 # 11571 # 11867 # -1 # ID=93_12;partial=00;start_type=ATG;rbs_motif=GGA/GAG/AGG;rbs_spacer=11-12bp;gc_cont=0.471,100.0,189.0,98,1.9899999999999996e-63,99,1,98,1,98,mobileOG_000003237,fis,WP_000462905.1,integration/excision,replication/recombination/repair,Multiple,Manual,ratio6_Esch_coli_MB19_NODE_7_length_55083_cov_84.126408_826-13930_ratio6_Esch_coli_MB19_NODE_7_length_55083_cov_84.126408_8_12, 11571 # 11867 # -1 , 11571,11867,-1 ,93_12,93,12,00,ATG,GGA/GAG/AGG,11-12bp,0.471,ratio6_Esch_coli_MB19_NODE_7_length_55083_cov_84.126408_826-13930_ratio6_Esch_coli_MB19_NODE_7_length_55083_cov_84.126408_8,mobileOG_000003237_ratio6_Esch_coli_MB19_NODE_7_length_55083_cov_84.126408_826-13930_ratio6_Esch_coli_MB19_NODE_7_length_55083_cov_84.126408_8
27,mobileOG_000003237|fis|WP_000462905.1|integration/excision|replication/recombination/repair|Multiple|Manual,ratio6_Esch_coli_MB19_NODE_7_length_55083_cov_84.126408_3942-15099_ratio6_Esch_coli_MB19_NODE_7_length_55083_cov_84.126408_9_9 # 8455 # 8751 # -1 # ID=94_9;partial=00;start_type=ATG;rbs_motif=GGA/GAG/AGG;rbs_spacer=11-12bp;gc_cont=0.471,100.0,189.0,98,1.9899999999999996e-63,99,1,98,1,98,mobileOG_000003237,fis,WP_000462905.1,integration/excision,replication/recombination/repair,Multiple,Manual,ratio6_Esch_coli_MB19_NODE_7_length_55083_cov_84.126408_3942-15099_ratio6_Esch_coli_MB19_NODE_7_length_55083_cov_84.126408_9_9, 8455 # 8751 # -1 , 8455,8751,-1 ,94_9,94,9,00,ATG,GGA/GAG/AGG,11-12bp,0.471,ratio6_Esch_coli_MB19_NODE_7_length_55083_cov_84.126408_3942-15099_ratio6_Esch_coli_MB19_NODE_7_length_55083_cov_84.126408_9,mobileOG_000003237_ratio6_Esch_coli_MB19_NODE_7_length_55083_cov_84.126408_3942-15099_ratio6_Esch_coli_MB19_NODE_7_length_55083_cov_84.126408_9
28,mobileOG_000003237|fis|WP_000462905.1|integration/excision|replication/recombination/repair|Multiple|Manual,ratio6_Esch_coli_MB19_NODE_7_length_55083_cov_84.126408_5498-16160_ratio6_Esch_coli_MB19_NODE_7_length_55083_cov_84.126408_10_8 # 6899 # 7195 # -1 # ID=95_8;partial=00;start_type=ATG;rbs_motif=GGA/GAG/AGG;rbs_spacer=11-12bp;gc_cont=0.471,100.0,189.0,98,1.9899999999999996e-63,99,1,98,1,98,mobileOG_000003237,fis,WP_000462905.1,integration/excision,replication/recombination/repair,Multiple,Manual,ratio6_Esch_coli_MB19_NODE_7_length_55083_cov_84.126408_5498-16160_ratio6_Esch_coli_MB19_NODE_7_length_55083_cov_84.126408_10_8, 6899 # 7195 # -1 , 6899,7195,-1 ,95_8,95,8,00,ATG,GGA/GAG/AGG,11-12bp,0.471,ratio6_Esch_coli_MB19_NODE_7_length_55083_cov_84.126408_5498-16160_ratio6_Esch_coli_MB19_NODE_7_length_55083_cov_84.126408_10,mobileOG_000003237_ratio6_Esch_coli_MB19_NODE_7_length_55083_cov_84.126408_5498-16160_ratio6_Esch_coli_MB19_NODE_7_length_55083_cov_84.126408_10
29,mobileOG_000026116|priC|F0JM94|replication/recombination/repair|NA|Plasmid RefSeq|Manual,ratio6_Esch_coli_MB19_NODE_12_length_46752_cov_52.692507_1122-12315_ratio6_Esch_coli_MB19_NODE_12_length_46752_cov_52.692507_7_9 # 10860 # 11192 # -1 # ID=97_9;partial=01;start_type=Edge;rbs_motif=None;rbs_spacer=None;gc_cont=0.598,96.4,197.0,175,3.479999999999999e-65,111,66,175,1,110,mobileOG_000026116,priC,F0JM94,replication/recombination/repair,NA,Plasmid RefSeq,Manual,ratio6_Esch_coli_MB19_NODE_12_length_46752_cov_52.692507_1122-12315_ratio6_Esch_coli_MB19_NODE_12_length_46752_cov_52.692507_7_9, 10860 # 11192 # -1 , 10860,11192,-1 ,97_9,97,9,01,Edge,None,None,0.598,ratio6_Esch_coli_MB19_NODE_12_length_46752_cov_52.692507_1122-12315_ratio6_Esch_coli_MB19_NODE_12_length_46752_cov_52.692507_7,mobileOG_000026116_ratio6_Esch_coli_MB19_NODE_12_length_46752_cov_52.692507_1122-12315_ratio6_Esch_coli_MB19_NODE_12_length_46752_cov_52.692507_7
30,mobileOG_000026107|parE|P20083|replication/recombination/repair|partitioning|Multiple|Manual,ratio6_Esch_coli_MB19_NODE_20_length_37640_cov_57.912891_22378-33859_ratio6_Esch_coli_MB19_NODE_20_length_37640_cov_57.912891_29_2 # 390 # 2282 # -1 # ID=99_2;partial=00;start_type=ATG;rbs_motif=None;rbs_spacer=None;gc_cont=0.540,100.0,1255.0,630,0.0,631,1,630,1,630,mobileOG_000026107,parE,P20083,replication/recombination/repair,partitioning,Multiple,Manual,ratio6_Esch_coli_MB19_NODE_20_length_37640_cov_57.912891_22378-33859_ratio6_Esch_coli_MB19_NODE_20_length_37640_cov_57.912891_29_2, 390 # 2282 # -1 , 390,2282,-1 ,99_2,99,2,00,ATG,None,None,0.540,ratio6_Esch_coli_MB19_NODE_20_length_37640_cov_57.912891_22378-33859_ratio6_Esch_coli_MB19_NODE_20_length_37640_cov_57.912891_29,mobileOG_000026107_ratio6_Esch_coli_MB19_NODE_20_length_37640_cov_57.912891_22378-33859_ratio6_Esch_coli_MB19_NODE_20_length_37640_cov_57.912891_29
31,mobileOG_000304542|traG|WP_001297077.1|transfer|conjugation|Plasmid RefSeq|Homology,ratio6_Esch_coli_MB19_NODE_26_length_34392_cov_58.100300_8618-19586_ratio6_Esch_coli_MB19_NODE_26_length_34392_cov_58.100300_15_8 # 7420 # 8022 # 1 # ID=100_8;partial=00;start_type=GTG;rbs_motif=GGAG/GAGG;rbs_spacer=5-10bp;gc_cont=0.433,99.0,402.0,200,2.7099999999999995e-144,201,1,200,1,200,mobileOG_000304542,traG,WP_001297077.1,transfer,conjugation,Plasmid RefSeq,Homology,ratio6_Esch_coli_MB19_NODE_26_length_34392_cov_58.100300_8618-19586_ratio6_Esch_coli_MB19_NODE_26_length_34392_cov_58.100300_15_8, 7420 # 8022 # 1 , 7420,8022,1 ,100_8,100,8,00,GTG,GGAG/GAGG,5-10bp,0.433,ratio6_Esch_coli_MB19_NODE_26_length_34392_cov_58.100300_8618-19586_ratio6_Esch_coli_MB19_NODE_26_length_34392_cov_58.100300_15,mobileOG_000304542_ratio6_Esch_coli_MB19_NODE_26_length_34392_cov_58.100300_8618-19586_ratio6_Esch_coli_MB19_NODE_26_length_34392_cov_58.100300_15
32,mobileOG_000017974|insZ|A0A037Y8D2|integration/excision|NA|Multiple|Manual,ratio6_Esch_coli_MB19_NODE_47_length_25973_cov_100.520835_15553-25966_ratio6_Esch_coli_MB19_NODE_47_length_25973_cov_100.520835_23_2 # 2601 # 2786 # 1 # ID=103_2;partial=00;start_type=ATG;rbs_motif=GGAG/GAGG;rbs_spacer=5-10bp;gc_cont=0.538,100.0,131.0,61,1.59e-41,62,1,61,1,61,mobileOG_000017974,insZ,A0A037Y8D2,integration/excision,NA,Multiple,Manual,ratio6_Esch_coli_MB19_NODE_47_length_25973_cov_100.520835_15553-25966_ratio6_Esch_coli_MB19_NODE_47_length_25973_cov_100.520835_23_2, 2601 # 2786 # 1 , 2601,2786,1 ,103_2,103,2,00,ATG,GGAG/GAGG,5-10bp,0.538,ratio6_Esch_coli_MB19_NODE_47_length_25973_cov_100.520835_15553-25966_ratio6_Esch_coli_MB19_NODE_47_length_25973_cov_100.520835_23,mobileOG_000017974_ratio6_Esch_coli_MB19_NODE_47_length_25973_cov_100.520835_15553-25966_ratio6_Esch_coli_MB19_NODE_47_length_25973_cov_100.520835_23
33,mobileOG_000017973|insZ|A0A024L4B6|integration/excision|NA|GPD|Manual,ratio6_Esch_coli_MB19_NODE_47_length_25973_cov_100.520835_15553-25966_ratio6_Esch_coli_MB19_NODE_47_length_25973_cov_100.520835_23_3 # 2907 # 3497 # 1 # ID=103_3;partial=00;start_type=ATG;rbs_motif=3Base/5BMM;rbs_spacer=13-15bp;gc_cont=0.533,100.0,398.0,196,6.679999999999998e-143,197,1,196,1,196,mobileOG_000017973,insZ,A0A024L4B6,integration/excision,NA,GPD,Manual,ratio6_Esch_coli_MB19_NODE_47_length_25973_cov_100.520835_15553-25966_ratio6_Esch_coli_MB19_NODE_47_length_25973_cov_100.520835_23_3, 2907 # 3497 # 1 , 2907,3497,1 ,103_3,103,3,00,ATG,3Base/5BMM,13-15bp,0.533,ratio6_Esch_coli_MB19_NODE_47_length_25973_cov_100.520835_15553-25966_ratio6_Esch_coli_MB19_NODE_47_length_25973_cov_100.520835_23,mobileOG_000017973_ratio6_Esch_coli_MB19_NODE_47_length_25973_cov_100.520835_15553-25966_ratio6_Esch_coli_MB19_NODE_47_length_25973_cov_100.520835_23
34,"mobileOG_000025715|ihfB|WP_002898165.1|integration/excision|regulation,lysis/lysogeny|Plasmid RefSeq|Manual",ratio6_Esch_coli_MB19_NODE_49_length_25530_cov_82.693817_14375-25530_ratio6_Esch_coli_MB19_NODE_49_length_25530_cov_82.693817_17_9 # 9258 # 9542 # -1 # ID=104_9;partial=00;start_type=ATG;rbs_motif=GGAGG;rbs_spacer=3-4bp;gc_cont=0.491,97.8,187.0,95,8.879999999999998e-63,95,1,93,1,93,mobileOG_000025715,ihfB,WP_002898165.1,integration/excision,"regulation,lysis/lysogeny",Plasmid RefSeq,Manual,ratio6_Esch_coli_MB19_NODE_49_length_25530_cov_82.693817_14375-25530_ratio6_Esch_coli_MB19_NODE_49_length_25530_cov_82.693817_17_9, 9258 # 9542 # -1 , 9258,9542,-1 ,104_9,104,9,00,ATG,GGAGG,3-4bp,0.491,ratio6_Esch_coli_MB19_NODE_49_length_25530_cov_82.693817_14375-25530_ratio6_Esch_coli_MB19_NODE_49_length_25530_cov_82.693817_17,mobileOG_000025715_ratio6_Esch_coli_MB19_NODE_49_length_25530_cov_82.693817_14375-25530_ratio6_Esch_coli_MB19_NODE_49_length_25530_cov_82.693817_17
35,"mobileOG_000025806|cca|J7Q9S8|phage|regulation,infection|Multiple|Manual",ratio6_Esch_coli_MB19_NODE_66_length_21203_cov_59.644127_8802-19623_ratio6_Esch_coli_MB19_NODE_66_length_21203_cov_59.644127_15_8 # 6003 # 7241 # -1 # ID=107_8;partial=00;start_type=GTG;rbs_motif=GGA/GAG/AGG;rbs_spacer=5-10bp;gc_cont=0.564,99.3,835.0,412,8.409999999999994e-309,413,1,412,1,412,mobileOG_000025806,cca,J7Q9S8,phage,"regulation,infection",Multiple,Manual,ratio6_Esch_coli_MB19_NODE_66_length_21203_cov_59.644127_8802-19623_ratio6_Esch_coli_MB19_NODE_66_length_21203_cov_59.644127_15_8, 6003 # 7241 # -1 , 6003,7241,-1 ,107_8,107,8,00,GTG,GGA/GAG/AGG,5-10bp,0.564,ratio6_Esch_coli_MB19_NODE_66_length_21203_cov_59.644127_8802-19623_ratio6_Esch_coli_MB19_NODE_66_length_21203_cov_59.644127_15,mobileOG_000025806_ratio6_Esch_coli_MB19_NODE_66_length_21203_cov_59.644127_8802-19623_ratio6_Esch_coli_MB19_NODE_66_length_21203_cov_59.644127_15
36,mobileOG_000071197|insB_2|NA|integration/excision|NA|COMPASS|Homology,ratio6_Esch_coli_MB19_NODE_105_length_12898_cov_34.750448_1-7243_ratio6_Esch_coli_MB19_NODE_105_length_12898_cov_34.750448_3_1 # 16 # 225 # -1 # ID=117_1;partial=00;start_type=ATG;rbs_motif=AGGA/GGAG/GAGG;rbs_spacer=11-12bp;gc_cont=0.519,100.0,140.0,69,4.2299999999999995e-45,70,1,69,1,69,mobileOG_000071197,insB_2,NA,integration/excision,NA,COMPASS,Homology,ratio6_Esch_coli_MB19_NODE_105_length_12898_cov_34.750448_1-7243_ratio6_Esch_coli_MB19_NODE_105_length_12898_cov_34.750448_3_1, 16 # 225 # -1 , 16,225,-1 ,117_1,117,1,00,ATG,AGGA/GGAG/GAGG,11-12bp,0.519,ratio6_Esch_coli_MB19_NODE_105_length_12898_cov_34.750448_1-7243_ratio6_Esch_coli_MB19_NODE_105_length_12898_cov_34.750448_3,mobileOG_000071197_ratio6_Esch_coli_MB19_NODE_105_length_12898_cov_34.750448_1-7243_ratio6_Esch_coli_MB19_NODE_105_length_12898_cov_34.750448_3
37,mobileOG_000045297|NA|WP_134806729.1|integration/excision|NA|COMPASS|Homology,ratio6_Esch_coli_MB19_NODE_105_length_12898_cov_34.750448_1-7243_ratio6_Esch_coli_MB19_NODE_105_length_12898_cov_34.750448_3_2 # 226 # 519 # -1 # ID=117_2;partial=00;start_type=ATG;rbs_motif=None;rbs_spacer=None;gc_cont=0.565,100.0,201.0,97,4.889999999999999e-68,98,1,97,1,97,mobileOG_000045297,NA,WP_134806729.1,integration/excision,NA,COMPASS,Homology,ratio6_Esch_coli_MB19_NODE_105_length_12898_cov_34.750448_1-7243_ratio6_Esch_coli_MB19_NODE_105_length_12898_cov_34.750448_3_2, 226 # 519 # -1 , 226,519,-1 ,117_2,117,2,00,ATG,None,None,0.565,ratio6_Esch_coli_MB19_NODE_105_length_12898_cov_34.750448_1-7243_ratio6_Esch_coli_MB19_NODE_105_length_12898_cov_34.750448_3,mobileOG_000045297_ratio6_Esch_coli_MB19_NODE_105_length_12898_cov_34.750448_1-7243_ratio6_Esch_coli_MB19_NODE_105_length_12898_cov_34.750448_3
38,mobileOG_000321643|ecnB|WP_000977757.1|stability/transfer/defense|NA|Plasmid RefSeq|Homology,ratio6_Esch_coli_MB19_NODE_116_length_12030_cov_65.145303_1-10410_ratio6_Esch_coli_MB19_NODE_116_length_12030_cov_65.145303_8_4 # 2753 # 2875 # 1 # ID=122_4;partial=00;start_type=ATG;rbs_motif=GGA/GAG/AGG;rbs_spacer=5-10bp;gc_cont=0.553,100.0,78.6,41,3.3500000000000002e-21,41,2,41,1,40,mobileOG_000321643,ecnB,WP_000977757.1,stability/transfer/defense,NA,Plasmid RefSeq,Homology,ratio6_Esch_coli_MB19_NODE_116_length_12030_cov_65.145303_1-10410_ratio6_Esch_coli_MB19_NODE_116_length_12030_cov_65.145303_8_4, 2753 # 2875 # 1 , 2753,2875,1 ,122_4,122,4,00,ATG,GGA/GAG/AGG,5-10bp,0.553,ratio6_Esch_coli_MB19_NODE_116_length_12030_cov_65.145303_1-10410_ratio6_Esch_coli_MB19_NODE_116_length_12030_cov_65.145303_8,mobileOG_000321643_ratio6_Esch_coli_MB19_NODE_116_length_12030_cov_65.145303_1-10410_ratio6_Esch_coli_MB19_NODE_116_length_12030_cov_65.145303_8
39,mobileOG_000330413|ecnB|ETJ37164.1|stability/transfer/defense|NA|Plasmid RefSeq|Homology,ratio6_Esch_coli_MB19_NODE_116_length_12030_cov_65.145303_1-10410_ratio6_Esch_coli_MB19_NODE_116_length_12030_cov_65.145303_8_5 # 2986 # 3132 # 1 # ID=122_5;partial=00;start_type=ATG;rbs_motif=AGGA;rbs_spacer=5-10bp;gc_cont=0.483,100.0,88.2,48,8.370000000000002e-25,49,1,48,1,48,mobileOG_000330413,ecnB,ETJ37164.1,stability/transfer/defense,NA,Plasmid RefSeq,Homology,ratio6_Esch_coli_MB19_NODE_116_length_12030_cov_65.145303_1-10410_ratio6_Esch_coli_MB19_NODE_116_length_12030_cov_65.145303_8_5, 2986 # 3132 # 1 , 2986,3132,1 ,122_5,122,5,00,ATG,AGGA,5-10bp,0.483,ratio6_Esch_coli_MB19_NODE_116_length_12030_cov_65.145303_1-10410_ratio6_Esch_coli_MB19_NODE_116_length_12030_cov_65.145303_8,mobileOG_000330413_ratio6_Esch_coli_MB19_NODE_116_length_12030_cov_65.145303_1-10410_ratio6_Esch_coli_MB19_NODE_116_length_12030_cov_65.145303_8
40,mobileOG_000326289|alkB|WP_000884919.1|replication/recombination/repair|NA|Plasmid RefSeq|Homology,ratio6_Esch_coli_MB19_NODE_228_length_4350_cov_57.246100_1-4350_ratio6_Esch_coli_MB19_NODE_228_length_4350_cov_57.246100_2_1 # 2 # 475 # 1 # ID=134_1;partial=10;start_type=Edge;rbs_motif=None;rbs_spacer=None;gc_cont=0.519,100.0,341.0,216,7.099999999999998e-121,158,60,216,1,157,mobileOG_000326289,alkB,WP_000884919.1,replication/recombination/repair,NA,Plasmid RefSeq,Homology,ratio6_Esch_coli_MB19_NODE_228_length_4350_cov_57.246100_1-4350_ratio6_Esch_coli_MB19_NODE_228_length_4350_cov_57.246100_2_1, 2 # 475 # 1 , 2,475,1 ,134_1,134,1,10,Edge,None,None,0.519,ratio6_Esch_coli_MB19_NODE_228_length_4350_cov_57.246100_1-4350_ratio6_Esch_coli_MB19_NODE_228_length_4350_cov_57.246100_2,mobileOG_000326289_ratio6_Esch_coli_MB19_NODE_228_length_4350_cov_57.246100_1-4350_ratio6_Esch_coli_MB19_NODE_228_length_4350_cov_57.246100_2
41,mobileOG_000330413|ecnB|ETJ37164.1|stability/transfer/defense|NA|Plasmid RefSeq|Homology,ratio6_Esch_coli_TUM20902_NODE_256_length_2989_cov_17.242672_1-2989_ratio6_Esch_coli_TUM20902_NODE_256_length_2989_cov_17.242672_7_4 # 1200 # 1346 # 1 # ID=146_4;partial=00;start_type=ATG;rbs_motif=AGGA;rbs_spacer=5-10bp;gc_cont=0.490,100.0,88.2,48,8.370000000000002e-25,49,1,48,1,48,mobileOG_000330413,ecnB,ETJ37164.1,stability/transfer/defense,NA,Plasmid RefSeq,Homology,ratio6_Esch_coli_TUM20902_NODE_256_length_2989_cov_17.242672_1-2989_ratio6_Esch_coli_TUM20902_NODE_256_length_2989_cov_17.242672_7_4, 1200 # 1346 # 1 , 1200,1346,1 ,146_4,146,4,00,ATG,AGGA,5-10bp,0.490,ratio6_Esch_coli_TUM20902_NODE_256_length_2989_cov_17.242672_1-2989_ratio6_Esch_coli_TUM20902_NODE_256_length_2989_cov_17.242672_7,mobileOG_000330413_ratio6_Esch_coli_TUM20902_NODE_256_length_2989_cov_17.242672_1-2989_ratio6_Esch_coli_TUM20902_NODE_256_length_2989_cov_17.242672_7
42,mobileOG_000335061|alkB|WP_000884957.1|replication/recombination/repair|NA|Plasmid RefSeq|Homology,ratio6_Esch_coli_TUM20902_NODE_885_length_1520_cov_2.486689_1-1520_ratio6_Esch_coli_TUM20902_NODE_885_length_1520_cov_2.486689_1_2 # 916 # 1518 # -1 # ID=165_2;partial=01;start_type=Edge;rbs_motif=None;rbs_spacer=None;gc_cont=0.524,99.5,422.0,216,5.669999999999998e-152,201,17,216,1,200,mobileOG_000335061,alkB,WP_000884957.1,replication/recombination/repair,NA,Plasmid RefSeq,Homology,ratio6_Esch_coli_TUM20902_NODE_885_length_1520_cov_2.486689_1-1520_ratio6_Esch_coli_TUM20902_NODE_885_length_1520_cov_2.486689_1_2, 916 # 1518 # -1 , 916,1518,-1 ,165_2,165,2,01,Edge,None,None,0.524,ratio6_Esch_coli_TUM20902_NODE_885_length_1520_cov_2.486689_1-1520_ratio6_Esch_coli_TUM20902_NODE_885_length_1520_cov_2.486689_1,mobileOG_000335061_ratio6_Esch_coli_TUM20902_NODE_885_length_1520_cov_2.486689_1-1520_ratio6_Esch_coli_TUM20902_NODE_885_length_1520_cov_2.486689_1
43,mobileOG_000074301|tnpA|WP_021512645.1|integration/excision|NA|COMPASS|Homology,ratio6_unmapped_NODE_25_length_9828_cov_23.897780_1-6024_ratio6_unmapped_NODE_25_length_9828_cov_23.897780_1_3 # 1663 # 4212 # 1 # ID=226_3;partial=00;start_type=ATG;rbs_motif=GGA/GAG/AGG;rbs_spacer=5-10bp;gc_cont=0.517,100.0,1669.0,980,0.0,850,132,980,1,849,mobileOG_000074301,tnpA,WP_021512645.1,integration/excision,NA,COMPASS,Homology,ratio6_unmapped_NODE_25_length_9828_cov_23.897780_1-6024_ratio6_unmapped_NODE_25_length_9828_cov_23.897780_1_3, 1663 # 4212 # 1 , 1663,4212,1 ,226_3,226,3,00,ATG,GGA/GAG/AGG,5-10bp,0.517,ratio6_unmapped_NODE_25_length_9828_cov_23.897780_1-6024_ratio6_unmapped_NODE_25_length_9828_cov_23.897780_1,mobileOG_000074301_ratio6_unmapped_NODE_25_length_9828_cov_23.897780_1-6024_ratio6_unmapped_NODE_25_length_9828_cov_23.897780_1
44,mobileOG_000057143|insC1|WP_012002054.1|integration/excision|NA|COMPASS|Homology,ratio6_unmapped_NODE_25_length_9828_cov_23.897780_1-6024_ratio6_unmapped_NODE_25_length_9828_cov_23.897780_1_5 # 4902 # 5066 # -1 # ID=226_5;partial=00;start_type=GTG;rbs_motif=GGAG/GAGG;rbs_spacer=5-10bp;gc_cont=0.576,98.1,105.0,134,1.1e-30,55,81,134,1,54,mobileOG_000057143,insC1,WP_012002054.1,integration/excision,NA,COMPASS,Homology,ratio6_unmapped_NODE_25_length_9828_cov_23.897780_1-6024_ratio6_unmapped_NODE_25_length_9828_cov_23.897780_1_5, 4902 # 5066 # -1 , 4902,5066,-1 ,226_5,226,5,00,GTG,GGAG/GAGG,5-10bp,0.576,ratio6_unmapped_NODE_25_length_9828_cov_23.897780_1-6024_ratio6_unmapped_NODE_25_length_9828_cov_23.897780_1,mobileOG_000057143_ratio6_unmapped_NODE_25_length_9828_cov_23.897780_1-6024_ratio6_unmapped_NODE_25_length_9828_cov_23.897780_1
45,mobileOG_000056778|insC1|WP_001459498.1|integration/excision|NA|COMPASS|Homology,ratio6_unmapped_NODE_25_length_9828_cov_23.897780_1-6024_ratio6_unmapped_NODE_25_length_9828_cov_23.897780_1_6 # 5106 # 5297 # -1 # ID=226_6;partial=00;start_type=ATG;rbs_motif=4Base/6BMM;rbs_spacer=13-15bp;gc_cont=0.479,100.0,127.0,63,4.32e-40,64,1,63,1,63,mobileOG_000056778,insC1,WP_001459498.1,integration/excision,NA,COMPASS,Homology,ratio6_unmapped_NODE_25_length_9828_cov_23.897780_1-6024_ratio6_unmapped_NODE_25_length_9828_cov_23.897780_1_6, 5106 # 5297 # -1 , 5106,5297,-1 ,226_6,226,6,00,ATG,4Base/6BMM,13-15bp,0.479,ratio6_unmapped_NODE_25_length_9828_cov_23.897780_1-6024_ratio6_unmapped_NODE_25_length_9828_cov_23.897780_1,mobileOG_000056778_ratio6_unmapped_NODE_25_length_9828_cov_23.897780_1-6024_ratio6_unmapped_NODE_25_length_9828_cov_23.897780_1
46,mobileOG_000074301|tnpA|WP_021512645.1|integration/excision|NA|COMPASS|Homology,ratio6_unmapped_NODE_25_length_9828_cov_23.897780_665-9828_ratio6_unmapped_NODE_25_length_9828_cov_23.897780_7_3 # 999 # 3548 # 1 # ID=227_3;partial=00;start_type=ATG;rbs_motif=GGA/GAG/AGG;rbs_spacer=5-10bp;gc_cont=0.517,100.0,1669.0,980,0.0,850,132,980,1,849,mobileOG_000074301,tnpA,WP_021512645.1,integration/excision,NA,COMPASS,Homology,ratio6_unmapped_NODE_25_length_9828_cov_23.897780_665-9828_ratio6_unmapped_NODE_25_length_9828_cov_23.897780_7_3, 999 # 3548 # 1 , 999,3548,1 ,227_3,227,3,00,ATG,GGA/GAG/AGG,5-10bp,0.517,ratio6_unmapped_NODE_25_length_9828_cov_23.897780_665-9828_ratio6_unmapped_NODE_25_length_9828_cov_23.897780_7,mobileOG_000074301_ratio6_unmapped_NODE_25_length_9828_cov_23.897780_665-9828_ratio6_unmapped_NODE_25_length_9828_cov_23.897780_7
47,mobileOG_000057143|insC1|WP_012002054.1|integration/excision|NA|COMPASS|Homology,ratio6_unmapped_NODE_25_length_9828_cov_23.897780_665-9828_ratio6_unmapped_NODE_25_length_9828_cov_23.897780_7_5 # 4238 # 4402 # -1 # ID=227_5;partial=00;start_type=GTG;rbs_motif=GGAG/GAGG;rbs_spacer=5-10bp;gc_cont=0.576,98.1,105.0,134,1.1e-30,55,81,134,1,54,mobileOG_000057143,insC1,WP_012002054.1,integration/excision,NA,COMPASS,Homology,ratio6_unmapped_NODE_25_length_9828_cov_23.897780_665-9828_ratio6_unmapped_NODE_25_length_9828_cov_23.897780_7_5, 4238 # 4402 # -1 , 4238,4402,-1 ,227_5,227,5,00,GTG,GGAG/GAGG,5-10bp,0.576,ratio6_unmapped_NODE_25_length_9828_cov_23.897780_665-9828_ratio6_unmapped_NODE_25_length_9828_cov_23.897780_7,mobileOG_000057143_ratio6_unmapped_NODE_25_length_9828_cov_23.897780_665-9828_ratio6_unmapped_NODE_25_length_9828_cov_23.897780_7
48,mobileOG_000056778|insC1|WP_001459498.1|integration/excision|NA|COMPASS|Homology,ratio6_unmapped_NODE_25_length_9828_cov_23.897780_665-9828_ratio6_unmapped_NODE_25_length_9828_cov_23.897780_7_6 # 4442 # 4633 # -1 # ID=227_6;partial=00;start_type=ATG;rbs_motif=4Base/6BMM;rbs_spacer=13-15bp;gc_cont=0.479,100.0,127.0,63,4.32e-40,64,1,63,1,63,mobileOG_000056778,insC1,WP_001459498.1,integration/excision,NA,COMPASS,Homology,ratio6_unmapped_NODE_25_length_9828_cov_23.897780_665-9828_ratio6_unmapped_NODE_25_length_9828_cov_23.897780_7_6, 4442 # 4633 # -1 , 4442,4633,-1 ,227_6,227,6,00,ATG,4Base/6BMM,13-15bp,0.479,ratio6_unmapped_NODE_25_length_9828_cov_23.897780_665-9828_ratio6_unmapped_NODE_25_length_9828_cov_23.897780_7,mobileOG_000056778_ratio6_unmapped_NODE_25_length_9828_cov_23.897780_665-9828_ratio6_unmapped_NODE_25_length_9828_cov_23.897780_7
49,mobileOG_000056465|gin|WP_001493760.1|integration/excision|NA|COMPASS|Homology,ratio6_unmapped_NODE_25_length_9828_cov_23.897780_665-9828_ratio6_unmapped_NODE_25_length_9828_cov_23.897780_7_8 # 5976 # 6413 # -1 # ID=227_8;partial=00;start_type=ATG;rbs_motif=None;rbs_spacer=None;gc_cont=0.553,100.0,279.0,145,1.8499999999999994e-97,146,1,145,1,145,mobileOG_000056465,gin,WP_001493760.1,integration/excision,NA,COMPASS,Homology,ratio6_unmapped_NODE_25_length_9828_cov_23.897780_665-9828_ratio6_unmapped_NODE_25_length_9828_cov_23.897780_7_8, 5976 # 6413 # -1 , 5976,6413,-1 ,227_8,227,8,00,ATG,None,None,0.553,ratio6_unmapped_NODE_25_length_9828_cov_23.897780_665-9828_ratio6_unmapped_NODE_25_length_9828_cov_23.897780_7,mobileOG_000056465_ratio6_unmapped_NODE_25_length_9828_cov_23.897780_665-9828_ratio6_unmapped_NODE_25_length_9828_cov_23.897780_7
50,mobileOG_000056464|tnpR|WP_001493762.1|integration/excision|NA|Multiple|Homology,ratio6_unmapped_NODE_25_length_9828_cov_23.897780_665-9828_ratio6_unmapped_NODE_25_length_9828_cov_23.897780_7_10 # 7865 # 8437 # -1 # ID=227_10;partial=00;start_type=GTG;rbs_motif=GGAGG;rbs_spacer=5-10bp;gc_cont=0.545,100.0,374.0,190,1.7099999999999998e-133,191,1,190,1,190,mobileOG_000056464,tnpR,WP_001493762.1,integration/excision,NA,Multiple,Homology,ratio6_unmapped_NODE_25_length_9828_cov_23.897780_665-9828_ratio6_unmapped_NODE_25_length_9828_cov_23.897780_7_10, 7865 # 8437 # -1 , 7865,8437,-1 ,227_10,227,10,00,GTG,GGAGG,5-10bp,0.545,ratio6_unmapped_NODE_25_length_9828_cov_23.897780_665-9828_ratio6_unmapped_NODE_25_length_9828_cov_23.897780_7,mobileOG_000056464_ratio6_unmapped_NODE_25_length_9828_cov_23.897780_665-9828_ratio6_unmapped_NODE_25_length_9828_cov_23.897780_7
51,mobileOG_000056463|tnpM|WP_001493763.1|integration/excision|NA|Multiple|Homology,ratio6_unmapped_NODE_25_length_9828_cov_23.897780_665-9828_ratio6_unmapped_NODE_25_length_9828_cov_23.897780_7_11 # 8574 # 9119 # -1 # ID=227_11;partial=00;start_type=ATG;rbs_motif=GGAG/GAGG;rbs_spacer=5-10bp;gc_cont=0.511,100.0,377.0,181,5.179999999999998e-135,182,1,181,1,181,mobileOG_000056463,tnpM,WP_001493763.1,integration/excision,NA,Multiple,Homology,ratio6_unmapped_NODE_25_length_9828_cov_23.897780_665-9828_ratio6_unmapped_NODE_25_length_9828_cov_23.897780_7_11, 8574 # 9119 # -1 , 8574,9119,-1 ,227_11,227,11,00,ATG,GGAG/GAGG,5-10bp,0.511,ratio6_unmapped_NODE_25_length_9828_cov_23.897780_665-9828_ratio6_unmapped_NODE_25_length_9828_cov_23.897780_7,mobileOG_000056463_ratio6_unmapped_NODE_25_length_9828_cov_23.897780_665-9828_ratio6_unmapped_NODE_25_length_9828_cov_23.897780_7
52,mobileOG_000373302|tnpA|WP_048230589.1|integration/excision|NA|Plasmid RefSeq|Homology,ratio6_unmapped_NODE_73_length_5250_cov_8.078345_1-5250_ratio6_unmapped_NODE_73_length_5250_cov_8.078345_4_1 # 2 # 862 # 1 # ID=229_1;partial=10;start_type=Edge;rbs_motif=None;rbs_spacer=None;gc_cont=0.648,99.3,566.0,300,1.919999999999999e-206,287,15,300,1,286,mobileOG_000373302,tnpA,WP_048230589.1,integration/excision,NA,Plasmid RefSeq,Homology,ratio6_unmapped_NODE_73_length_5250_cov_8.078345_1-5250_ratio6_unmapped_NODE_73_length_5250_cov_8.078345_4_1, 2 # 862 # 1 , 2,862,1 ,229_1,229,1,10,Edge,None,None,0.648,ratio6_unmapped_NODE_73_length_5250_cov_8.078345_1-5250_ratio6_unmapped_NODE_73_length_5250_cov_8.078345_4,mobileOG_000373302_ratio6_unmapped_NODE_73_length_5250_cov_8.078345_1-5250_ratio6_unmapped_NODE_73_length_5250_cov_8.078345_4
53,mobileOG_000062109|tnpA|WP_109138279.1|integration/excision|NA|Multiple|Homology,ratio6_unmapped_NODE_73_length_5250_cov_8.078345_1-5250_ratio6_unmapped_NODE_73_length_5250_cov_8.078345_4_2 # 920 # 1162 # 1 # ID=229_2;partial=00;start_type=GTG;rbs_motif=GGA/GAG/AGG;rbs_spacer=5-10bp;gc_cont=0.720,100.0,146.0,198,2.3699999999999997e-45,81,123,198,5,80,mobileOG_000062109,tnpA,WP_109138279.1,integration/excision,NA,Multiple,Homology,ratio6_unmapped_NODE_73_length_5250_cov_8.078345_1-5250_ratio6_unmapped_NODE_73_length_5250_cov_8.078345_4_2, 920 # 1162 # 1 , 920,1162,1 ,229_2,229,2,00,GTG,GGA/GAG/AGG,5-10bp,0.720,ratio6_unmapped_NODE_73_length_5250_cov_8.078345_1-5250_ratio6_unmapped_NODE_73_length_5250_cov_8.078345_4,mobileOG_000062109_ratio6_unmapped_NODE_73_length_5250_cov_8.078345_1-5250_ratio6_unmapped_NODE_73_length_5250_cov_8.078345_4
54,mobileOG_000002353|tnpA|WP_001301408.1|integration/excision|NA|COMPASS|Manual,ratio6_unmapped_NODE_73_length_5250_cov_8.078345_1-5250_ratio6_unmapped_NODE_73_length_5250_cov_8.078345_4_6 # 4554 # 5249 # 1 # ID=229_6;partial=01;start_type=ATG;rbs_motif=None;rbs_spacer=None;gc_cont=0.642,100.0,454.0,261,2.269999999999999e-163,232,9,240,1,232,mobileOG_000002353,tnpA,WP_001301408.1,integration/excision,NA,COMPASS,Manual,ratio6_unmapped_NODE_73_length_5250_cov_8.078345_1-5250_ratio6_unmapped_NODE_73_length_5250_cov_8.078345_4_6, 4554 # 5249 # 1 , 4554,5249,1 ,229_6,229,6,01,ATG,None,None,0.642,ratio6_unmapped_NODE_73_length_5250_cov_8.078345_1-5250_ratio6_unmapped_NODE_73_length_5250_cov_8.078345_4,mobileOG_000002353_ratio6_unmapped_NODE_73_length_5250_cov_8.078345_1-5250_ratio6_unmapped_NODE_73_length_5250_cov_8.078345_4
55,mobileOG_000038469|tnpR|WP_000427619.1|integration/excision|NA|Multiple|Homology,ratio6_unmapped_NODE_125_length_3137_cov_3.668722_1-3137_ratio6_unmapped_NODE_125_length_3137_cov_3.668722_5_3 # 598 # 1602 # 1 # ID=232_3;partial=00;start_type=ATG;rbs_motif=GGAG/GAGG;rbs_spacer=5-10bp;gc_cont=0.489,99.7,651.0,334,1.969999999999999e-238,335,1,334,1,334,mobileOG_000038469,tnpR,WP_000427619.1,integration/excision,NA,Multiple,Homology,ratio6_unmapped_NODE_125_length_3137_cov_3.668722_1-3137_ratio6_unmapped_NODE_125_length_3137_cov_3.668722_5_3, 598 # 1602 # 1 , 598,1602,1 ,232_3,232,3,00,ATG,GGAG/GAGG,5-10bp,0.489,ratio6_unmapped_NODE_125_length_3137_cov_3.668722_1-3137_ratio6_unmapped_NODE_125_length_3137_cov_3.668722_5,mobileOG_000038469_ratio6_unmapped_NODE_125_length_3137_cov_3.668722_1-3137_ratio6_unmapped_NODE_125_length_3137_cov_3.668722_5
56,"mobileOG_000025806|cca|J7Q9S8|phage|regulation,infection|Multiple|Manual",ratio6_unmapped_NODE_214_length_2183_cov_5.744361_1-2183_ratio6_unmapped_NODE_214_length_2183_cov_5.744361_1_2 # 766 # 2004 # -1 # ID=239_2;partial=00;start_type=GTG;rbs_motif=GGA/GAG/AGG;rbs_spacer=5-10bp;gc_cont=0.564,100.0,842.0,412,3.06e-311,413,1,412,1,412,mobileOG_000025806,cca,J7Q9S8,phage,"regulation,infection",Multiple,Manual,ratio6_unmapped_NODE_214_length_2183_cov_5.744361_1-2183_ratio6_unmapped_NODE_214_length_2183_cov_5.744361_1_2, 766 # 2004 # -1 , 766,2004,-1 ,239_2,239,2,00,GTG,GGA/GAG/AGG,5-10bp,0.564,ratio6_unmapped_NODE_214_length_2183_cov_5.744361_1-2183_ratio6_unmapped_NODE_214_length_2183_cov_5.744361_1,mobileOG_000025806_ratio6_unmapped_NODE_214_length_2183_cov_5.744361_1-2183_ratio6_unmapped_NODE_214_length_2183_cov_5.744361_1
57,mobileOG_000001795|tnpR|P0ADI2|integration/excision|NA|Multiple|Manual,ratio6_unmapped_NODE_577_length_1178_cov_2.096171_1-1178_ratio6_unmapped_NODE_577_length_1178_cov_2.096171_2_1 # 1 # 249 # 1 # ID=248_1;partial=10;start_type=Edge;rbs_motif=None;rbs_spacer=None;gc_cont=0.542,98.8,151.0,83,5.8099999999999995e-49,83,2,83,1,82,mobileOG_000001795,tnpR,P0ADI2,integration/excision,NA,Multiple,Manual,ratio6_unmapped_NODE_577_length_1178_cov_2.096171_1-1178_ratio6_unmapped_NODE_577_length_1178_cov_2.096171_2_1, 1 # 249 # 1 , 1,249,1 ,248_1,248,1,10,Edge,None,None,0.542,ratio6_unmapped_NODE_577_length_1178_cov_2.096171_1-1178_ratio6_unmapped_NODE_577_length_1178_cov_2.096171_2,mobileOG_000001795_ratio6_unmapped_NODE_577_length_1178_cov_2.096171_1-1178_ratio6_unmapped_NODE_577_length_1178_cov_2.096171_2
,Sequence Title,Query Title,Pident,Bitscore,Subject Sequence Length,e-value,Query Sequence Length,Start of Alignment in Subject,End of Alignment in Query,Start of Alignment in Query,End of Alignment in Query,mobileOG ID,Gene Name,Best Hit Accession ID,Major mobileOG Category,Minor mobileOG Category,Source Database,Evidence Type,Contig/ORF Name,ORF_Start_Stop_Strands,ORF_Start,ORF_End,Sense or Antisense Strand,Prodigal ID,Prodigal Designated Contigs,Unique_ORF,Partial Tag,Start Codon,RBS Motif,RBS Spacer,GC Content,Specific Contig,Final Sample Name
0,mobileOG_000330413|ecnB|ETJ37164.1|stability/transfer/defense|NA|Plasmid RefSeq|Homology,ratio1_NODE_16_length_37803_cov_249.097012_1-9650_ratio1_NODE_16_length_37803_cov_249.097012_7_4 # 2226 # 2372 # 1 # ID=1_4;partial=00;start_type=ATG;rbs_motif=AGGA;rbs_spacer=5-10bp;gc_cont=0.483,100.0,88.2,48,8.370000000000002e-25,49,1,48,1,48,mobileOG_000330413,ecnB,ETJ37164.1,stability/transfer/defense,NA,Plasmid RefSeq,Homology,ratio1_NODE_16_length_37803_cov_249.097012_1-9650_ratio1_NODE_16_length_37803_cov_249.097012_7_4, 2226 # 2372 # 1 , 2226,2372,1 ,1_4,1,4,00,ATG,AGGA,5-10bp,0.483,ratio1_NODE_16_length_37803_cov_249.097012_1-9650_ratio1_NODE_16_length_37803_cov_249.097012_7,mobileOG_000330413_ratio1_NODE_16_length_37803_cov_249.097012_1-9650_ratio1_NODE_16_length_37803_cov_249.097012_7
1,mobileOG_000002433|dinI|WP_001217754.1|replication/recombination/repair|NA|Multiple|Manual,ratio1_NODE_17_length_36961_cov_226.906411_4237-15445_ratio1_NODE_17_length_36961_cov_226.906411_13_12 # 8840 # 9085 # 1 # ID=2_12;partial=00;start_type=ATG;rbs_motif=AGxAGG/AGGxGG;rbs_spacer=5-10bp;gc_cont=0.480,100.0,162.0,81,3.9799999999999997e-53,82,1,81,1,81,mobileOG_000002433,dinI,WP_001217754.1,replication/recombination/repair,NA,Multiple,Manual,ratio1_NODE_17_length_36961_cov_226.906411_4237-15445_ratio1_NODE_17_length_36961_cov_226.906411_13_12, 8840 # 9085 # 1 , 8840,9085,1 ,2_12,2,12,00,ATG,AGxAGG/AGGxGG,5-10bp,0.480,ratio1_NODE_17_length_36961_cov_226.906411_4237-15445_ratio1_NODE_17_length_36961_cov_226.906411_13,mobileOG_000002433_ratio1_NODE_17_length_36961_cov_226.906411_4237-15445_ratio1_NODE_17_length_36961_cov_226.906411_13
2,mobileOG_000026107|parE|P20083|replication/recombination/repair|partitioning|Multiple|Manual,ratio1_NODE_27_length_31145_cov_237.122419_22587-31145_ratio1_NODE_27_length_31145_cov_237.122419_29_2 # 390 # 2282 # -1 # ID=4_2;partial=00;start_type=ATG;rbs_motif=None;rbs_spacer=None;gc_cont=0.538,100.0,1255.0,630,0.0,631,1,630,1,630,mobileOG_000026107,parE,P20083,replication/recombination/repair,partitioning,Multiple,Manual,ratio1_NODE_27_length_31145_cov_237.122419_22587-31145_ratio1_NODE_27_length_31145_cov_237.122419_29_2, 390 # 2282 # -1 , 390,2282,-1 ,4_2,4,2,00,ATG,None,None,0.538,ratio1_NODE_27_length_31145_cov_237.122419_22587-31145_ratio1_NODE_27_length_31145_cov_237.122419_29,mobileOG_000026107_ratio1_NODE_27_length_31145_cov_237.122419_22587-31145_ratio1_NODE_27_length_31145_cov_237.122419_29
3,mobileOG_000318210|tnpA|WP_086893244.1|integration/excision|NA|Plasmid RefSeq|Homology,ratio1_NODE_66_length_21716_cov_99.882092_15679-21716_ratio1_NODE_66_length_21716_cov_99.882092_21_3 # 1660 # 2193 # 1 # ID=10_3;partial=00;start_type=ATG;rbs_motif=None;rbs_spacer=None;gc_cont=0.532,100.0,370.0,227,1.2499999999999996e-131,178,51,227,1,177,mobileOG_000318210,tnpA,WP_086893244.1,integration/excision,NA,Plasmid RefSeq,Homology,ratio1_NODE_66_length_21716_cov_99.882092_15679-21716_ratio1_NODE_66_length_21716_cov_99.882092_21_3, 1660 # 2193 # 1 , 1660,2193,1 ,10_3,10,3,00,ATG,None,None,0.532,ratio1_NODE_66_length_21716_cov_99.882092_15679-21716_ratio1_NODE_66_length_21716_cov_99.882092_21,mobileOG_000318210_ratio1_NODE_66_length_21716_cov_99.882092_15679-21716_ratio1_NODE_66_length_21716_cov_99.882092_21
4,mobileOG_000269897|tnpA|WP_129554438.1|integration/excision|NA|IME|Homology,ratio1_NODE_66_length_21716_cov_99.882092_15679-21716_ratio1_NODE_66_length_21716_cov_99.882092_21_4 # 2369 # 2689 # 1 # ID=10_4;partial=00;start_type=TTG;rbs_motif=None;rbs_spacer=None;gc_cont=0.611,99.1,211.0,209,2.9299999999999994e-70,107,104,209,1,106,mobileOG_000269897,tnpA,WP_129554438.1,integration/excision,NA,IME,Homology,ratio1_NODE_66_length_21716_cov_99.882092_15679-21716_ratio1_NODE_66_length_21716_cov_99.882092_21_4, 2369 # 2689 # 1 , 2369,2689,1 ,10_4,10,4,00,TTG,None,None,0.611,ratio1_NODE_66_length_21716_cov_99.882092_15679-21716_ratio1_NODE_66_length_21716_cov_99.882092_21,mobileOG_000269897_ratio1_NODE_66_length_21716_cov_99.882092_15679-21716_ratio1_NODE_66_length_21716_cov_99.882092_21
5,mobileOG_000059553|NGR_a00240|WP_000125669.1|integration/excision|NA|Multiple|Homology,ratio1_NODE_73_length_20444_cov_63.911668_2876-14501_ratio1_NODE_73_length_20444_cov_63.911668_7_3 # 2774 # 4180 # 1 # ID=11_3;partial=00;start_type=ATG;rbs_motif=AGGA;rbs_spacer=5-10bp;gc_cont=0.509,99.8,922.0,468,0.0,469,1,468,1,468,mobileOG_000059553,NGR_a00240,WP_000125669.1,integration/excision,NA,Multiple,Homology,ratio1_NODE_73_length_20444_cov_63.911668_2876-14501_ratio1_NODE_73_length_20444_cov_63.911668_7_3, 2774 # 4180 # 1 , 2774,4180,1 ,11_3,11,3,00,ATG,AGGA,5-10bp,0.509,ratio1_NODE_73_length_20444_cov_63.911668_2876-14501_ratio1_NODE_73_length_20444_cov_63.911668_7,mobileOG_000059553_ratio1_NODE_73_length_20444_cov_63.911668_2876-14501_ratio1_NODE_73_length_20444_cov_63.911668_7
6,mobileOG_000059551|tnpA|WP_012478345.1|integration/excision|NA|Multiple|Homology,ratio1_NODE_73_length_20444_cov_63.911668_2876-14501_ratio1_NODE_73_length_20444_cov_63.911668_7_6 # 6822 # 7745 # -1 # ID=11_6;partial=00;start_type=ATG;rbs_motif=GGA/GAG/AGG;rbs_spacer=5-10bp;gc_cont=0.430,100.0,605.0,307,2.339999999999999e-221,308,1,307,1,307,mobileOG_000059551,tnpA,WP_012478345.1,integration/excision,NA,Multiple,Homology,ratio1_NODE_73_length_20444_cov_63.911668_2876-14501_ratio1_NODE_73_length_20444_cov_63.911668_7_6, 6822 # 7745 # -1 , 6822,7745,-1 ,11_6,11,6,00,ATG,GGA/GAG/AGG,5-10bp,0.430,ratio1_NODE_73_length_20444_cov_63.911668_2876-14501_ratio1_NODE_73_length_20444_cov_63.911668_7,mobileOG_000059551_ratio1_NODE_73_length_20444_cov_63.911668_2876-14501_ratio1_NODE_73_length_20444_cov_63.911668_7
7,mobileOG_000304542|traG|WP_001297077.1|transfer|conjugation|Plasmid RefSeq|Homology,ratio1_NODE_74_length_20198_cov_227.693045_9672-20198_ratio1_NODE_74_length_20198_cov_227.693045_17_8 # 7420 # 8022 # 1 # ID=12_8;partial=00;start_type=GTG;rbs_motif=GGAG/GAGG;rbs_spacer=5-10bp;gc_cont=0.433,99.5,404.0,200,2.3199999999999994e-145,201,1,200,1,200,mobileOG_000304542,traG,WP_001297077.1,transfer,conjugation,Plasmid RefSeq,Homology,ratio1_NODE_74_length_20198_cov_227.693045_9672-20198_ratio1_NODE_74_length_20198_cov_227.693045_17_8, 7420 # 8022 # 1 , 7420,8022,1 ,12_8,12,8,00,GTG,GGAG/GAGG,5-10bp,0.433,ratio1_NODE_74_length_20198_cov_227.693045_9672-20198_ratio1_NODE_74_length_20198_cov_227.693045_17,mobileOG_000304542_ratio1_NODE_74_length_20198_cov_227.693045_9672-20198_ratio1_NODE_74_length_20198_cov_227.693045_17
8,"mobileOG_000025715|ihfB|WP_002898165.1|integration/excision|regulation,lysis/lysogeny|Plasmid RefSeq|Manual",ratio1_NODE_80_length_18764_cov_244.662729_1-8168_ratio1_NODE_80_length_18764_cov_244.662729_3_5 # 5676 # 5960 # -1 # ID=13_5;partial=00;start_type=ATG;rbs_motif=GGAGG;rbs_spacer=3-4bp;gc_cont=0.491,97.8,187.0,95,8.879999999999998e-63,95,1,93,1,93,mobileOG_000025715,ihfB,WP_002898165.1,integration/excision,"regulation,lysis/lysogeny",Plasmid RefSeq,Manual,ratio1_NODE_80_length_18764_cov_244.662729_1-8168_ratio1_NODE_80_length_18764_cov_244.662729_3_5, 5676 # 5960 # -1 , 5676,5960,-1 ,13_5,13,5,00,ATG,GGAGG,3-4bp,0.491,ratio1_NODE_80_length_18764_cov_244.662729_1-8168_ratio1_NODE_80_length_18764_cov_244.662729_3,mobileOG_000025715_ratio1_NODE_80_length_18764_cov_244.662729_1-8168_ratio1_NODE_80_length_18764_cov_244.662729_3
9,mobileOG_000003237|fis|WP_000462905.1|integration/excision|replication/recombination/repair|Multiple|Manual,ratio1_NODE_81_length_18390_cov_241.367930_2925-13587_ratio1_NODE_81_length_18390_cov_241.367930_12_4 # 3469 # 3765 # 1 # ID=14_4;partial=00;start_type=ATG;rbs_motif=GGA/GAG/AGG;rbs_spacer=11-12bp;gc_cont=0.471,100.0,189.0,98,1.9899999999999996e-63,99,1,98,1,98,mobileOG_000003237,fis,WP_000462905.1,integration/excision,replication/recombination/repair,Multiple,Manual,ratio1_NODE_81_length_18390_cov_241.367930_2925-13587_ratio1_NODE_81_length_18390_cov_241.367930_12_4, 3469 # 3765 # 1 , 3469,3765,1 ,14_4,14,4,00,ATG,GGA/GAG/AGG,11-12bp,0.471,ratio1_NODE_81_length_18390_cov_241.367930_2925-13587_ratio1_NODE_81_length_18390_cov_241.367930_12,mobileOG_000003237_ratio1_NODE_81_length_18390_cov_241.367930_2925-13587_ratio1_NODE_81_length_18390_cov_241.367930_12
10,mobileOG_000003237|fis|WP_000462905.1|integration/excision|replication/recombination/repair|Multiple|Manual,ratio1_NODE_81_length_18390_cov_241.367930_3986-15143_ratio1_NODE_81_length_18390_cov_241.367930_13_4 # 2408 # 2704 # 1 # ID=15_4;partial=00;start_type=ATG;rbs_motif=GGA/GAG/AGG;rbs_spacer=11-12bp;gc_cont=0.471,100.0,189.0,98,1.9899999999999996e-63,99,1,98,1,98,mobileOG_000003237,fis,WP_000462905.1,integration/excision,replication/recombination/repair,Multiple,Manual,ratio1_NODE_81_length_18390_cov_241.367930_3986-15143_ratio1_NODE_81_length_18390_cov_241.367930_13_4, 2408 # 2704 # 1 , 2408,2704,1 ,15_4,15,4,00,ATG,GGA/GAG/AGG,11-12bp,0.471,ratio1_NODE_81_length_18390_cov_241.367930_3986-15143_ratio1_NODE_81_length_18390_cov_241.367930_13,mobileOG_000003237_ratio1_NODE_81_length_18390_cov_241.367930_3986-15143_ratio1_NODE_81_length_18390_cov_241.367930_13
11,mobileOG_000003237|fis|WP_000462905.1|integration/excision|replication/recombination/repair|Multiple|Manual,ratio1_NODE_81_length_18390_cov_241.367930_5155-18259_ratio1_NODE_81_length_18390_cov_241.367930_14_2 # 1239 # 1535 # 1 # ID=16_2;partial=00;start_type=ATG;rbs_motif=GGA/GAG/AGG;rbs_spacer=11-12bp;gc_cont=0.471,100.0,189.0,98,1.9899999999999996e-63,99,1,98,1,98,mobileOG_000003237,fis,WP_000462905.1,integration/excision,replication/recombination/repair,Multiple,Manual,ratio1_NODE_81_length_18390_cov_241.367930_5155-18259_ratio1_NODE_81_length_18390_cov_241.367930_14_2, 1239 # 1535 # 1 , 1239,1535,1 ,16_2,16,2,00,ATG,GGA/GAG/AGG,11-12bp,0.471,ratio1_NODE_81_length_18390_cov_241.367930_5155-18259_ratio1_NODE_81_length_18390_cov_241.367930_14,mobileOG_000003237_ratio1_NODE_81_length_18390_cov_241.367930_5155-18259_ratio1_NODE_81_length_18390_cov_241.367930_14
12,mobileOG_000348339|ygaD|WP_001024559.1|transfer|competence|Plasmid RefSeq|Homology,ratio1_NODE_115_length_14029_cov_209.141978_412-10795_ratio1_NODE_115_length_14029_cov_209.141978_8_1 # 3 # 185 # -1 # ID=17_1;partial=10;start_type=GTG;rbs_motif=GGA/GAG/AGG;rbs_spacer=5-10bp;gc_cont=0.448,98.4,117.0,172,8.09e-35,61,1,61,1,61,mobileOG_000348339,ygaD,WP_001024559.1,transfer,competence,Plasmid RefSeq,Homology,ratio1_NODE_115_length_14029_cov_209.141978_412-10795_ratio1_NODE_115_length_14029_cov_209.141978_8_1, 3 # 185 # -1 , 3,185,-1 ,17_1,17,1,10,GTG,GGA/GAG/AGG,5-10bp,0.448,ratio1_NODE_115_length_14029_cov_209.141978_412-10795_ratio1_NODE_115_length_14029_cov_209.141978_8,mobileOG_000348339_ratio1_NODE_115_length_14029_cov_209.141978_412-10795_ratio1_NODE_115_length_14029_cov_209.141978_8
13,mobileOG_000275522|NA|WP_000089821.1|integration/excision|NA|ISFinder|Homology,ratio1_NODE_137_length_12828_cov_171.701167_1-5278_ratio1_NODE_137_length_12828_cov_171.701167_1_2 # 787 # 1290 # 1 # ID=19_2;partial=00;start_type=ATG;rbs_motif=None;rbs_spacer=None;gc_cont=0.542,97.0,338.0,174,5.769999999999998e-120,168,8,174,1,167,mobileOG_000275522,NA,WP_000089821.1,integration/excision,NA,ISFinder,Homology,ratio1_NODE_137_length_12828_cov_171.701167_1-5278_ratio1_NODE_137_length_12828_cov_171.701167_1_2, 787 # 1290 # 1 , 787,1290,1 ,19_2,19,2,00,ATG,None,None,0.542,ratio1_NODE_137_length_12828_cov_171.701167_1-5278_ratio1_NODE_137_length_12828_cov_171.701167_1,mobileOG_000275522_ratio1_NODE_137_length_12828_cov_171.701167_1-5278_ratio1_NODE_137_length_12828_cov_171.701167_1
14,"mobileOG_000025806|cca|J7Q9S8|phage|regulation,infection|Multiple|Manual",ratio1_NODE_179_length_11094_cov_242.485732_1-8075_ratio1_NODE_179_length_11094_cov_242.485732_4_5 # 3256 # 4494 # -1 # ID=25_5;partial=00;start_type=GTG;rbs_motif=GGA/GAG/AGG;rbs_spacer=5-10bp;gc_cont=0.566,99.8,840.0,412,1.25e-310,413,1,412,1,412,mobileOG_000025806,cca,J7Q9S8,phage,"regulation,infection",Multiple,Manual,ratio1_NODE_179_length_11094_cov_242.485732_1-8075_ratio1_NODE_179_length_11094_cov_242.485732_4_5, 3256 # 4494 # -1 , 3256,4494,-1 ,25_5,25,5,00,GTG,GGA/GAG/AGG,5-10bp,0.566,ratio1_NODE_179_length_11094_cov_242.485732_1-8075_ratio1_NODE_179_length_11094_cov_242.485732_4,mobileOG_000025806_ratio1_NODE_179_length_11094_cov_242.485732_1-8075_ratio1_NODE_179_length_11094_cov_242.485732_4
15,mobileOG_000033487|int|WP_000845039.1|integration/excision|NA|Multiple|Homology,ratio1_NODE_218_length_10018_cov_68.536184_1-6393_ratio1_NODE_218_length_10018_cov_68.536184_2_5 # 3496 # 4509 # 1 # ID=30_5;partial=00;start_type=ATG;rbs_motif=None;rbs_spacer=None;gc_cont=0.612,100.0,687.0,337,8.179999999999993e-253,338,1,337,1,337,mobileOG_000033487,int,WP_000845039.1,integration/excision,NA,Multiple,Homology,ratio1_NODE_218_length_10018_cov_68.536184_1-6393_ratio1_NODE_218_length_10018_cov_68.536184_2_5, 3496 # 4509 # 1 , 3496,4509,1 ,30_5,30,5,00,ATG,None,None,0.612,ratio1_NODE_218_length_10018_cov_68.536184_1-6393_ratio1_NODE_218_length_10018_cov_68.536184_2,mobileOG_000033487_ratio1_NODE_218_length_10018_cov_68.536184_1-6393_ratio1_NODE_218_length_10018_cov_68.536184_2
16,mobileOG_000001702|tnpM|P04162|integration/excision|NA|Multiple|Manual,ratio1_NODE_218_length_10018_cov_68.536184_1-6393_ratio1_NODE_218_length_10018_cov_68.536184_2_6 # 4562 # 5062 # 1 # ID=30_6;partial=00;start_type=GTG;rbs_motif=GGA/GAG/AGG;rbs_spacer=5-10bp;gc_cont=0.631,99.4,340.0,194,9.579999999999998e-121,167,29,194,1,166,mobileOG_000001702,tnpM,P04162,integration/excision,NA,Multiple,Manual,ratio1_NODE_218_length_10018_cov_68.536184_1-6393_ratio1_NODE_218_length_10018_cov_68.536184_2_6, 4562 # 5062 # 1 , 4562,5062,1 ,30_6,30,6,00,GTG,GGA/GAG/AGG,5-10bp,0.631,ratio1_NODE_218_length_10018_cov_68.536184_1-6393_ratio1_NODE_218_length_10018_cov_68.536184_2,mobileOG_000001702_ratio1_NODE_218_length_10018_cov_68.536184_1-6393_ratio1_NODE_218_length_10018_cov_68.536184_2
17,mobileOG_000001365|tnpR|P04130|integration/excision|NA|Multiple|Manual,ratio1_NODE_218_length_10018_cov_68.536184_1-6393_ratio1_NODE_218_length_10018_cov_68.536184_2_7 # 5188 # 5748 # 1 # ID=30_7;partial=00;start_type=ATG;rbs_motif=GGA/GAG/AGG;rbs_spacer=5-10bp;gc_cont=0.579,100.0,353.0,186,1.5199999999999997e-125,187,1,186,1,186,mobileOG_000001365,tnpR,P04130,integration/excision,NA,Multiple,Manual,ratio1_NODE_218_length_10018_cov_68.536184_1-6393_ratio1_NODE_218_length_10018_cov_68.536184_2_7, 5188 # 5748 # 1 , 5188,5748,1 ,30_7,30,7,00,ATG,GGA/GAG/AGG,5-10bp,0.579,ratio1_NODE_218_length_10018_cov_68.536184_1-6393_ratio1_NODE_218_length_10018_cov_68.536184_2,mobileOG_000001365_ratio1_NODE_218_length_10018_cov_68.536184_1-6393_ratio1_NODE_218_length_10018_cov_68.536184_2
18,mobileOG_000061115|tnpA|A0A0Q0Z271|integration/excision|NA|COMPASS|Homology,ratio1_NODE_218_length_10018_cov_68.536184_1-6393_ratio1_NODE_218_length_10018_cov_68.536184_2_8 # 5751 # 6392 # 1 # ID=30_8;partial=01;start_type=ATG;rbs_motif=GGA/GAG/AGG;rbs_spacer=5-10bp;gc_cont=0.651,100.0,417.0,271,3.2999999999999993e-149,214,1,214,1,214,mobileOG_000061115,tnpA,A0A0Q0Z271,integration/excision,NA,COMPASS,Homology,ratio1_NODE_218_length_10018_cov_68.536184_1-6393_ratio1_NODE_218_length_10018_cov_68.536184_2_8, 5751 # 6392 # 1 , 5751,6392,1 ,30_8,30,8,01,ATG,GGA/GAG/AGG,5-10bp,0.651,ratio1_NODE_218_length_10018_cov_68.536184_1-6393_ratio1_NODE_218_length_10018_cov_68.536184_2,mobileOG_000061115_ratio1_NODE_218_length_10018_cov_68.536184_1-6393_ratio1_NODE_218_length_10018_cov_68.536184_2
19,mobileOG_000033487|int|WP_000845039.1|integration/excision|NA|Multiple|Homology,ratio1_NODE_218_length_10018_cov_68.536184_1-7434_ratio1_NODE_218_length_10018_cov_68.536184_3_4 # 3496 # 4509 # 1 # ID=31_4;partial=00;start_type=ATG;rbs_motif=None;rbs_spacer=None;gc_cont=0.612,100.0,687.0,337,8.179999999999993e-253,338,1,337,1,337,mobileOG_000033487,int,WP_000845039.1,integration/excision,NA,Multiple,Homology,ratio1_NODE_218_length_10018_cov_68.536184_1-7434_ratio1_NODE_218_length_10018_cov_68.536184_3_4, 3496 # 4509 # 1 , 3496,4509,1 ,31_4,31,4,00,ATG,None,None,0.612,ratio1_NODE_218_length_10018_cov_68.536184_1-7434_ratio1_NODE_218_length_10018_cov_68.536184_3,mobileOG_000033487_ratio1_NODE_218_length_10018_cov_68.536184_1-7434_ratio1_NODE_218_length_10018_cov_68.536184_3
20,mobileOG_000001364|tnpM|P04162|integration/excision|NA|Multiple|Manual,ratio1_NODE_218_length_10018_cov_68.536184_1-7434_ratio1_NODE_218_length_10018_cov_68.536184_3_5 # 4712 # 5062 # 1 # ID=31_5;partial=00;start_type=ATG;rbs_motif=None;rbs_spacer=None;gc_cont=0.635,100.0,250.0,116,4.109999999999999e-87,117,1,116,1,116,mobileOG_000001364,tnpM,P04162,integration/excision,NA,Multiple,Manual,ratio1_NODE_218_length_10018_cov_68.536184_1-7434_ratio1_NODE_218_length_10018_cov_68.536184_3_5, 4712 # 5062 # 1 , 4712,5062,1 ,31_5,31,5,00,ATG,None,None,0.635,ratio1_NODE_218_length_10018_cov_68.536184_1-7434_ratio1_NODE_218_length_10018_cov_68.536184_3,mobileOG_000001364_ratio1_NODE_218_length_10018_cov_68.536184_1-7434_ratio1_NODE_218_length_10018_cov_68.536184_3
21,mobileOG_000001365|tnpR|P04130|integration/excision|NA|Multiple|Manual,ratio1_NODE_218_length_10018_cov_68.536184_1-7434_ratio1_NODE_218_length_10018_cov_68.536184_3_6 # 5188 # 5748 # 1 # ID=31_6;partial=00;start_type=ATG;rbs_motif=GGA/GAG/AGG;rbs_spacer=5-10bp;gc_cont=0.579,100.0,353.0,186,1.5199999999999997e-125,187,1,186,1,186,mobileOG_000001365,tnpR,P04130,integration/excision,NA,Multiple,Manual,ratio1_NODE_218_length_10018_cov_68.536184_1-7434_ratio1_NODE_218_length_10018_cov_68.536184_3_6, 5188 # 5748 # 1 , 5188,5748,1 ,31_6,31,6,00,ATG,GGA/GAG/AGG,5-10bp,0.579,ratio1_NODE_218_length_10018_cov_68.536184_1-7434_ratio1_NODE_218_length_10018_cov_68.536184_3,mobileOG_000001365_ratio1_NODE_218_length_10018_cov_68.536184_1-7434_ratio1_NODE_218_length_10018_cov_68.536184_3
22,mobileOG_000064204|tnpA|WP_015344976.1|integration/excision|NA|Multiple|Homology,ratio1_NODE_218_length_10018_cov_68.536184_1-7434_ratio1_NODE_218_length_10018_cov_68.536184_3_7 # 5751 # 7433 # 1 # ID=31_7;partial=01;start_type=ATG;rbs_motif=GGA/GAG/AGG;rbs_spacer=5-10bp;gc_cont=0.637,100.0,1093.0,983,0.0,561,1,561,1,561,mobileOG_000064204,tnpA,WP_015344976.1,integration/excision,NA,Multiple,Homology,ratio1_NODE_218_length_10018_cov_68.536184_1-7434_ratio1_NODE_218_length_10018_cov_68.536184_3_7, 5751 # 7433 # 1 , 5751,7433,1 ,31_7,31,7,01,ATG,GGA/GAG/AGG,5-10bp,0.637,ratio1_NODE_218_length_10018_cov_68.536184_1-7434_ratio1_NODE_218_length_10018_cov_68.536184_3,mobileOG_000064204_ratio1_NODE_218_length_10018_cov_68.536184_1-7434_ratio1_NODE_218_length_10018_cov_68.536184_3
23,mobileOG_000033487|int|WP_000845039.1|integration/excision|NA|Multiple|Homology,ratio1_NODE_218_length_10018_cov_68.536184_1-8351_ratio1_NODE_218_length_10018_cov_68.536184_4_4 # 3496 # 4509 # 1 # ID=32_4;partial=00;start_type=ATG;rbs_motif=None;rbs_spacer=None;gc_cont=0.612,100.0,687.0,337,8.179999999999993e-253,338,1,337,1,337,mobileOG_000033487,int,WP_000845039.1,integration/excision,NA,Multiple,Homology,ratio1_NODE_218_length_10018_cov_68.536184_1-8351_ratio1_NODE_218_length_10018_cov_68.536184_4_4, 3496 # 4509 # 1 , 3496,4509,1 ,32_4,32,4,00,ATG,None,None,0.612,ratio1_NODE_218_length_10018_cov_68.536184_1-8351_ratio1_NODE_218_length_10018_cov_68.536184_4,mobileOG_000033487_ratio1_NODE_218_length_10018_cov_68.536184_1-8351_ratio1_NODE_218_length_10018_cov_68.536184_4
24,mobileOG_000001364|tnpM|P04162|integration/excision|NA|Multiple|Manual,ratio1_NODE_218_length_10018_cov_68.536184_1-8351_ratio1_NODE_218_length_10018_cov_68.536184_4_5 # 4712 # 5062 # 1 # ID=32_5;partial=00;start_type=ATG;rbs_motif=None;rbs_spacer=None;gc_cont=0.635,100.0,250.0,116,4.109999999999999e-87,117,1,116,1,116,mobileOG_000001364,tnpM,P04162,integration/excision,NA,Multiple,Manual,ratio1_NODE_218_length_10018_cov_68.536184_1-8351_ratio1_NODE_218_length_10018_cov_68.536184_4_5, 4712 # 5062 # 1 , 4712,5062,1 ,32_5,32,5,00,ATG,None,None,0.635,ratio1_NODE_218_length_10018_cov_68.536184_1-8351_ratio1_NODE_218_length_10018_cov_68.536184_4,mobileOG_000001364_ratio1_NODE_218_length_10018_cov_68.536184_1-8351_ratio1_NODE_218_length_10018_cov_68.536184_4
25,mobileOG_000001365|tnpR|P04130|integration/excision|NA|Multiple|Manual,ratio1_NODE_218_length_10018_cov_68.536184_1-8351_ratio1_NODE_218_length_10018_cov_68.536184_4_6 # 5188 # 5748 # 1 # ID=32_6;partial=00;start_type=ATG;rbs_motif=GGA/GAG/AGG;rbs_spacer=5-10bp;gc_cont=0.579,100.0,353.0,186,1.5199999999999997e-125,187,1,186,1,186,mobileOG_000001365,tnpR,P04130,integration/excision,NA,Multiple,Manual,ratio1_NODE_218_length_10018_cov_68.536184_1-8351_ratio1_NODE_218_length_10018_cov_68.536184_4_6, 5188 # 5748 # 1 , 5188,5748,1 ,32_6,32,6,00,ATG,GGA/GAG/AGG,5-10bp,0.579,ratio1_NODE_218_length_10018_cov_68.536184_1-8351_ratio1_NODE_218_length_10018_cov_68.536184_4,mobileOG_000001365_ratio1_NODE_218_length_10018_cov_68.536184_1-8351_ratio1_NODE_218_length_10018_cov_68.536184_4
26,mobileOG_000064204|tnpA|WP_015344976.1|integration/excision|NA|Multiple|Homology,ratio1_NODE_218_length_10018_cov_68.536184_1-8351_ratio1_NODE_218_length_10018_cov_68.536184_4_7 # 5751 # 8351 # 1 # ID=32_7;partial=01;start_type=ATG;rbs_motif=GGA/GAG/AGG;rbs_spacer=5-10bp;gc_cont=0.631,100.0,1711.0,983,0.0,867,1,867,1,867,mobileOG_000064204,tnpA,WP_015344976.1,integration/excision,NA,Multiple,Homology,ratio1_NODE_218_length_10018_cov_68.536184_1-8351_ratio1_NODE_218_length_10018_cov_68.536184_4_7, 5751 # 8351 # 1 , 5751,8351,1 ,32_7,32,7,01,ATG,GGA/GAG/AGG,5-10bp,0.631,ratio1_NODE_218_length_10018_cov_68.536184_1-8351_ratio1_NODE_218_length_10018_cov_68.536184_4,mobileOG_000064204_ratio1_NODE_218_length_10018_cov_68.536184_1-8351_ratio1_NODE_218_length_10018_cov_68.536184_4
27,"mobileOG_000230409|prtR|A0A2J1DDC4|phage|replication,transfer|GPD|Homology",ratio1_NODE_226_length_9768_cov_63.878410_776-9768_ratio1_NODE_226_length_9768_cov_63.878410_11_3 # 1320 # 2012 # -1 # ID=33_3;partial=00;start_type=ATG;rbs_motif=None;rbs_spacer=None;gc_cont=0.470,100.0,461.0,230,1.2699999999999996e-166,231,1,230,1,230,mobileOG_000230409,prtR,A0A2J1DDC4,phage,"replication,transfer",GPD,Homology,ratio1_NODE_226_length_9768_cov_63.878410_776-9768_ratio1_NODE_226_length_9768_cov_63.878410_11_3, 1320 # 2012 # -1 , 1320,2012,-1 ,33_3,33,3,00,ATG,None,None,0.470,ratio1_NODE_226_length_9768_cov_63.878410_776-9768_ratio1_NODE_226_length_9768_cov_63.878410_11,mobileOG_000230409_ratio1_NODE_226_length_9768_cov_63.878410_776-9768_ratio1_NODE_226_length_9768_cov_63.878410_11
28,"mobileOG_000030430|cro|WP_000184665.1|phage|infection,regulation|Multiple|Homology",ratio1_NODE_226_length_9768_cov_63.878410_776-9768_ratio1_NODE_226_length_9768_cov_63.878410_11_4 # 2123 # 2350 # 1 # ID=33_4;partial=00;start_type=ATG;rbs_motif=AGGA;rbs_spacer=5-10bp;gc_cont=0.469,100.0,155.0,75,1.4499999999999998e-50,76,1,75,1,75,mobileOG_000030430,cro,WP_000184665.1,phage,"infection,regulation",Multiple,Homology,ratio1_NODE_226_length_9768_cov_63.878410_776-9768_ratio1_NODE_226_length_9768_cov_63.878410_11_4, 2123 # 2350 # 1 , 2123,2350,1 ,33_4,33,4,00,ATG,AGGA,5-10bp,0.469,ratio1_NODE_226_length_9768_cov_63.878410_776-9768_ratio1_NODE_226_length_9768_cov_63.878410_11,mobileOG_000030430_ratio1_NODE_226_length_9768_cov_63.878410_776-9768_ratio1_NODE_226_length_9768_cov_63.878410_11
29,mobileOG_000230410|O|A0A2J1DDE7|phage|replication/recombination/repair|GPD|Homology,ratio1_NODE_226_length_9768_cov_63.878410_776-9768_ratio1_NODE_226_length_9768_cov_63.878410_11_6 # 2917 # 3936 # 1 # ID=33_6;partial=00;start_type=ATG;rbs_motif=GGxGG;rbs_spacer=3-4bp;gc_cont=0.480,99.1,677.0,339,1.7799999999999992e-248,340,1,339,1,339,mobileOG_000230410,O,A0A2J1DDE7,phage,replication/recombination/repair,GPD,Homology,ratio1_NODE_226_length_9768_cov_63.878410_776-9768_ratio1_NODE_226_length_9768_cov_63.878410_11_6, 2917 # 3936 # 1 , 2917,3936,1 ,33_6,33,6,00,ATG,GGxGG,3-4bp,0.480,ratio1_NODE_226_length_9768_cov_63.878410_776-9768_ratio1_NODE_226_length_9768_cov_63.878410_11,mobileOG_000230410_ratio1_NODE_226_length_9768_cov_63.878410_776-9768_ratio1_NODE_226_length_9768_cov_63.878410_11
30,"mobileOG_000112626|P|WP_000788877.1|phage|replication/recombination/repair,initiation|Multiple|Homology",ratio1_NODE_226_length_9768_cov_63.878410_776-9768_ratio1_NODE_226_length_9768_cov_63.878410_11_7 # 3933 # 4634 # 1 # ID=33_7;partial=00;start_type=ATG;rbs_motif=GGxGG;rbs_spacer=3-4bp;gc_cont=0.531,99.6,459.0,233,9.279999999999996e-166,234,1,233,1,233,mobileOG_000112626,P,WP_000788877.1,phage,"replication/recombination/repair,initiation",Multiple,Homology,ratio1_NODE_226_length_9768_cov_63.878410_776-9768_ratio1_NODE_226_length_9768_cov_63.878410_11_7, 3933 # 4634 # 1 , 3933,4634,1 ,33_7,33,7,00,ATG,GGxGG,3-4bp,0.531,ratio1_NODE_226_length_9768_cov_63.878410_776-9768_ratio1_NODE_226_length_9768_cov_63.878410_11,mobileOG_000112626_ratio1_NODE_226_length_9768_cov_63.878410_776-9768_ratio1_NODE_226_length_9768_cov_63.878410_11
31,mobileOG_000329392|PSLT051|A0A086TQA6|replication/recombination/repair|NA|Plasmid RefSeq|Homology,ratio1_NODE_346_length_6762_cov_56.886835_1528-6762_ratio1_NODE_346_length_6762_cov_56.886835_6_4 # 3590 # 4534 # -1 # ID=34_4;partial=00;start_type=ATG;rbs_motif=GGA/GAG/AGG;rbs_spacer=5-10bp;gc_cont=0.495,100.0,626.0,314,2.3599999999999988e-229,315,1,314,1,314,mobileOG_000329392,PSLT051,A0A086TQA6,replication/recombination/repair,NA,Plasmid RefSeq,Homology,ratio1_NODE_346_length_6762_cov_56.886835_1528-6762_ratio1_NODE_346_length_6762_cov_56.886835_6_4, 3590 # 4534 # -1 , 3590,4534,-1 ,34_4,34,4,00,ATG,GGA/GAG/AGG,5-10bp,0.495,ratio1_NODE_346_length_6762_cov_56.886835_1528-6762_ratio1_NODE_346_length_6762_cov_56.886835_6,mobileOG_000329392_ratio1_NODE_346_length_6762_cov_56.886835_1528-6762_ratio1_NODE_346_length_6762_cov_56.886835_6
32,mobileOG_000333812|alkB|WP_000884953.1|replication/recombination/repair|NA|Plasmid RefSeq|Homology,ratio1_NODE_349_length_6728_cov_210.382287_1-6728_ratio1_NODE_349_length_6728_cov_210.382287_5_4 # 2407 # 3057 # 1 # ID=35_4;partial=00;start_type=ATG;rbs_motif=AGGAG;rbs_spacer=5-10bp;gc_cont=0.527,99.1,454.0,216,1.6899999999999993e-164,217,1,216,1,216,mobileOG_000333812,alkB,WP_000884953.1,replication/recombination/repair,NA,Plasmid RefSeq,Homology,ratio1_NODE_349_length_6728_cov_210.382287_1-6728_ratio1_NODE_349_length_6728_cov_210.382287_5_4, 2407 # 3057 # 1 , 2407,3057,1 ,35_4,35,4,00,ATG,AGGAG,5-10bp,0.527,ratio1_NODE_349_length_6728_cov_210.382287_1-6728_ratio1_NODE_349_length_6728_cov_210.382287_5,mobileOG_000333812_ratio1_NODE_349_length_6728_cov_210.382287_1-6728_ratio1_NODE_349_length_6728_cov_210.382287_5
33,mobileOG_000055065|tnpA|A0A2K9V0Y3|integration/excision|NA|COMPASS|Homology,ratio1_NODE_493_length_4546_cov_29.938321_1-4546_ratio1_NODE_493_length_4546_cov_29.938321_4_5 # 3687 # 4511 # 1 # ID=50_5;partial=00;start_type=ATG;rbs_motif=None;rbs_spacer=None;gc_cont=0.450,100.0,557.0,274,2.9199999999999983e-203,275,1,274,1,274,mobileOG_000055065,tnpA,A0A2K9V0Y3,integration/excision,NA,COMPASS,Homology,ratio1_NODE_493_length_4546_cov_29.938321_1-4546_ratio1_NODE_493_length_4546_cov_29.938321_4_5, 3687 # 4511 # 1 , 3687,4511,1 ,50_5,50,5,00,ATG,None,None,0.450,ratio1_NODE_493_length_4546_cov_29.938321_1-4546_ratio1_NODE_493_length_4546_cov_29.938321_4,mobileOG_000055065_ratio1_NODE_493_length_4546_cov_29.938321_1-4546_ratio1_NODE_493_length_4546_cov_29.938321_4
34,mobileOG_000062109|tnpA|WP_109138279.1|integration/excision|NA|Multiple|Homology,ratio1_NODE_532_length_4016_cov_136.863671_1-4016_ratio1_NODE_532_length_4016_cov_136.863671_3_5 # 3696 # 3938 # -1 # ID=52_5;partial=00;start_type=GTG;rbs_motif=GGA/GAG/AGG;rbs_spacer=5-10bp;gc_cont=0.720,100.0,146.0,198,2.3699999999999997e-45,81,123,198,5,80,mobileOG_000062109,tnpA,WP_109138279.1,integration/excision,NA,Multiple,Homology,ratio1_NODE_532_length_4016_cov_136.863671_1-4016_ratio1_NODE_532_length_4016_cov_136.863671_3_5, 3696 # 3938 # -1 , 3696,3938,-1 ,52_5,52,5,00,GTG,GGA/GAG/AGG,5-10bp,0.720,ratio1_NODE_532_length_4016_cov_136.863671_1-4016_ratio1_NODE_532_length_4016_cov_136.863671_3,mobileOG_000062109_ratio1_NODE_532_length_4016_cov_136.863671_1-4016_ratio1_NODE_532_length_4016_cov_136.863671_3
35,mobileOG_000056778|insC1|WP_001459498.1|integration/excision|NA|COMPASS|Homology,ratio1_NODE_779_length_2262_cov_287.228817_1-2262_ratio1_NODE_779_length_2262_cov_287.228817_5_2 # 916 # 1107 # -1 # ID=59_2;partial=00;start_type=ATG;rbs_motif=4Base/6BMM;rbs_spacer=13-15bp;gc_cont=0.479,100.0,127.0,63,4.32e-40,64,1,63,1,63,mobileOG_000056778,insC1,WP_001459498.1,integration/excision,NA,COMPASS,Homology,ratio1_NODE_779_length_2262_cov_287.228817_1-2262_ratio1_NODE_779_length_2262_cov_287.228817_5_2, 916 # 1107 # -1 , 916,1107,-1 ,59_2,59,2,00,ATG,4Base/6BMM,13-15bp,0.479,ratio1_NODE_779_length_2262_cov_287.228817_1-2262_ratio1_NODE_779_length_2262_cov_287.228817_5,mobileOG_000056778_ratio1_NODE_779_length_2262_cov_287.228817_1-2262_ratio1_NODE_779_length_2262_cov_287.228817_5
36,mobileOG_000375359|tnpA|WP_013307854.1|integration/excision|NA|Plasmid RefSeq|Homology,ratio1_NODE_856_length_1914_cov_50.268962_1-1914_ratio1_NODE_856_length_1914_cov_50.268962_3_1 # 1 # 264 # -1 # ID=66_1;partial=10;start_type=ATG;rbs_motif=GGAGG;rbs_spacer=5-10bp;gc_cont=0.496,100.0,185.0,95,3.8399999999999992e-62,88,1,88,1,88,mobileOG_000375359,tnpA,WP_013307854.1,integration/excision,NA,Plasmid RefSeq,Homology,ratio1_NODE_856_length_1914_cov_50.268962_1-1914_ratio1_NODE_856_length_1914_cov_50.268962_3_1, 1 # 264 # -1 , 1,264,-1 ,66_1,66,1,10,ATG,GGAGG,5-10bp,0.496,ratio1_NODE_856_length_1914_cov_50.268962_1-1914_ratio1_NODE_856_length_1914_cov_50.268962_3,mobileOG_000375359_ratio1_NODE_856_length_1914_cov_50.268962_1-1914_ratio1_NODE_856_length_1914_cov_50.268962_3
37,mobileOG_000037312|tnpR|WP_001235713.1|integration/excision|NA|Multiple|Homology,ratio1_NODE_856_length_1914_cov_50.268962_1-1914_ratio1_NODE_856_length_1914_cov_50.268962_3_2 # 428 # 985 # 1 # ID=66_2;partial=00;start_type=ATG;rbs_motif=GGA/GAG/AGG;rbs_spacer=5-10bp;gc_cont=0.527,100.0,348.0,185,1.3499999999999997e-123,186,1,185,1,185,mobileOG_000037312,tnpR,WP_001235713.1,integration/excision,NA,Multiple,Homology,ratio1_NODE_856_length_1914_cov_50.268962_1-1914_ratio1_NODE_856_length_1914_cov_50.268962_3_2, 428 # 985 # 1 , 428,985,1 ,66_2,66,2,00,ATG,GGA/GAG/AGG,5-10bp,0.527,ratio1_NODE_856_length_1914_cov_50.268962_1-1914_ratio1_NODE_856_length_1914_cov_50.268962_3,mobileOG_000037312_ratio1_NODE_856_length_1914_cov_50.268962_1-1914_ratio1_NODE_856_length_1914_cov_50.268962_3
,Sequence Title,Query Title,Pident,Bitscore,Subject Sequence Length,e-value,Query Sequence Length,Start of Alignment in Subject,End of Alignment in Query,Start of Alignment in Query,End of Alignment in Query,mobileOG ID,Gene Name,Best Hit Accession ID,Major mobileOG Category,Minor mobileOG Category,Source Database,Evidence Type,Contig/ORF Name,ORF_Start_Stop_Strands,ORF_Start,ORF_End,Sense or Antisense Strand,Prodigal ID,Prodigal Designated Contigs,Unique_ORF,Partial Tag,Start Codon,RBS Motif,RBS Spacer,GC Content,Specific Contig,Final Sample Name
0,mobileOG_000059553|NGR_a00240|WP_000125669.1|integration/excision|NA|Multiple|Homology,ratio2_NODE_66_length_20444_cov_77.930600_2876-14501_ratio2_NODE_66_length_20444_cov_77.930600_7_3 # 2774 # 4180 # 1 # ID=4_3;partial=00;start_type=ATG;rbs_motif=AGGA;rbs_spacer=5-10bp;gc_cont=0.509,99.8,922.0,468,0.0,469,1,468,1,468,mobileOG_000059553,NGR_a00240,WP_000125669.1,integration/excision,NA,Multiple,Homology,ratio2_NODE_66_length_20444_cov_77.930600_2876-14501_ratio2_NODE_66_length_20444_cov_77.930600_7_3, 2774 # 4180 # 1 , 2774,4180,1 ,4_3,4,3,00,ATG,AGGA,5-10bp,0.509,ratio2_NODE_66_length_20444_cov_77.930600_2876-14501_ratio2_NODE_66_length_20444_cov_77.930600_7,mobileOG_000059553_ratio2_NODE_66_length_20444_cov_77.930600_2876-14501_ratio2_NODE_66_length_20444_cov_77.930600_7
1,mobileOG_000059551|tnpA|WP_012478345.1|integration/excision|NA|Multiple|Homology,ratio2_NODE_66_length_20444_cov_77.930600_2876-14501_ratio2_NODE_66_length_20444_cov_77.930600_7_6 # 6822 # 7745 # -1 # ID=4_6;partial=00;start_type=ATG;rbs_motif=GGA/GAG/AGG;rbs_spacer=5-10bp;gc_cont=0.430,100.0,605.0,307,2.339999999999999e-221,308,1,307,1,307,mobileOG_000059551,tnpA,WP_012478345.1,integration/excision,NA,Multiple,Homology,ratio2_NODE_66_length_20444_cov_77.930600_2876-14501_ratio2_NODE_66_length_20444_cov_77.930600_7_6, 6822 # 7745 # -1 , 6822,7745,-1 ,4_6,4,6,00,ATG,GGA/GAG/AGG,5-10bp,0.430,ratio2_NODE_66_length_20444_cov_77.930600_2876-14501_ratio2_NODE_66_length_20444_cov_77.930600_7,mobileOG_000059551_ratio2_NODE_66_length_20444_cov_77.930600_2876-14501_ratio2_NODE_66_length_20444_cov_77.930600_7
2,mobileOG_000304542|traG|WP_001297077.1|transfer|conjugation|Plasmid RefSeq|Homology,ratio2_NODE_67_length_20198_cov_227.741895_9672-20198_ratio2_NODE_67_length_20198_cov_227.741895_17_8 # 7420 # 8022 # 1 # ID=5_8;partial=00;start_type=GTG;rbs_motif=GGAG/GAGG;rbs_spacer=5-10bp;gc_cont=0.434,99.5,404.0,200,2.3199999999999994e-145,201,1,200,1,200,mobileOG_000304542,traG,WP_001297077.1,transfer,conjugation,Plasmid RefSeq,Homology,ratio2_NODE_67_length_20198_cov_227.741895_9672-20198_ratio2_NODE_67_length_20198_cov_227.741895_17_8, 7420 # 8022 # 1 , 7420,8022,1 ,5_8,5,8,00,GTG,GGAG/GAGG,5-10bp,0.434,ratio2_NODE_67_length_20198_cov_227.741895_9672-20198_ratio2_NODE_67_length_20198_cov_227.741895_17,mobileOG_000304542_ratio2_NODE_67_length_20198_cov_227.741895_9672-20198_ratio2_NODE_67_length_20198_cov_227.741895_17
3,mobileOG_000026107|parE|P20083|replication/recombination/repair|partitioning|Multiple|Manual,ratio2_NODE_77_length_19180_cov_228.754876_7024-18505_ratio2_NODE_77_length_19180_cov_228.754876_16_2 # 390 # 2282 # -1 # ID=6_2;partial=00;start_type=ATG;rbs_motif=None;rbs_spacer=None;gc_cont=0.540,100.0,1255.0,630,0.0,631,1,630,1,630,mobileOG_000026107,parE,P20083,replication/recombination/repair,partitioning,Multiple,Manual,ratio2_NODE_77_length_19180_cov_228.754876_7024-18505_ratio2_NODE_77_length_19180_cov_228.754876_16_2, 390 # 2282 # -1 , 390,2282,-1 ,6_2,6,2,00,ATG,None,None,0.540,ratio2_NODE_77_length_19180_cov_228.754876_7024-18505_ratio2_NODE_77_length_19180_cov_228.754876_16,mobileOG_000026107_ratio2_NODE_77_length_19180_cov_228.754876_7024-18505_ratio2_NODE_77_length_19180_cov_228.754876_16
4,"mobileOG_000025715|ihfB|WP_002898165.1|integration/excision|regulation,lysis/lysogeny|Plasmid RefSeq|Manual",ratio2_NODE_81_length_18676_cov_242.042049_10555-18676_ratio2_NODE_81_length_18676_cov_242.042049_12_3 # 2209 # 2493 # 1 # ID=7_3;partial=00;start_type=ATG;rbs_motif=GGAGG;rbs_spacer=3-4bp;gc_cont=0.491,97.8,187.0,95,8.879999999999998e-63,95,1,93,1,93,mobileOG_000025715,ihfB,WP_002898165.1,integration/excision,"regulation,lysis/lysogeny",Plasmid RefSeq,Manual,ratio2_NODE_81_length_18676_cov_242.042049_10555-18676_ratio2_NODE_81_length_18676_cov_242.042049_12_3, 2209 # 2493 # 1 , 2209,2493,1 ,7_3,7,3,00,ATG,GGAGG,3-4bp,0.491,ratio2_NODE_81_length_18676_cov_242.042049_10555-18676_ratio2_NODE_81_length_18676_cov_242.042049_12,mobileOG_000025715_ratio2_NODE_81_length_18676_cov_242.042049_10555-18676_ratio2_NODE_81_length_18676_cov_242.042049_12
5,mobileOG_000003237|fis|WP_000462905.1|integration/excision|replication/recombination/repair|Multiple|Manual,ratio2_NODE_84_length_18390_cov_239.615980_2925-13587_ratio2_NODE_84_length_18390_cov_239.615980_12_4 # 3469 # 3765 # 1 # ID=8_4;partial=00;start_type=ATG;rbs_motif=GGA/GAG/AGG;rbs_spacer=11-12bp;gc_cont=0.471,100.0,189.0,98,1.9899999999999996e-63,99,1,98,1,98,mobileOG_000003237,fis,WP_000462905.1,integration/excision,replication/recombination/repair,Multiple,Manual,ratio2_NODE_84_length_18390_cov_239.615980_2925-13587_ratio2_NODE_84_length_18390_cov_239.615980_12_4, 3469 # 3765 # 1 , 3469,3765,1 ,8_4,8,4,00,ATG,GGA/GAG/AGG,11-12bp,0.471,ratio2_NODE_84_length_18390_cov_239.615980_2925-13587_ratio2_NODE_84_length_18390_cov_239.615980_12,mobileOG_000003237_ratio2_NODE_84_length_18390_cov_239.615980_2925-13587_ratio2_NODE_84_length_18390_cov_239.615980_12
6,mobileOG_000003237|fis|WP_000462905.1|integration/excision|replication/recombination/repair|Multiple|Manual,ratio2_NODE_84_length_18390_cov_239.615980_3986-15143_ratio2_NODE_84_length_18390_cov_239.615980_13_4 # 2408 # 2704 # 1 # ID=9_4;partial=00;start_type=ATG;rbs_motif=GGA/GAG/AGG;rbs_spacer=11-12bp;gc_cont=0.471,100.0,189.0,98,1.9899999999999996e-63,99,1,98,1,98,mobileOG_000003237,fis,WP_000462905.1,integration/excision,replication/recombination/repair,Multiple,Manual,ratio2_NODE_84_length_18390_cov_239.615980_3986-15143_ratio2_NODE_84_length_18390_cov_239.615980_13_4, 2408 # 2704 # 1 , 2408,2704,1 ,9_4,9,4,00,ATG,GGA/GAG/AGG,11-12bp,0.471,ratio2_NODE_84_length_18390_cov_239.615980_3986-15143_ratio2_NODE_84_length_18390_cov_239.615980_13,mobileOG_000003237_ratio2_NODE_84_length_18390_cov_239.615980_3986-15143_ratio2_NODE_84_length_18390_cov_239.615980_13
7,mobileOG_000003237|fis|WP_000462905.1|integration/excision|replication/recombination/repair|Multiple|Manual,ratio2_NODE_84_length_18390_cov_239.615980_5155-18259_ratio2_NODE_84_length_18390_cov_239.615980_14_2 # 1239 # 1535 # 1 # ID=10_2;partial=00;start_type=ATG;rbs_motif=GGA/GAG/AGG;rbs_spacer=11-12bp;gc_cont=0.471,100.0,189.0,98,1.9899999999999996e-63,99,1,98,1,98,mobileOG_000003237,fis,WP_000462905.1,integration/excision,replication/recombination/repair,Multiple,Manual,ratio2_NODE_84_length_18390_cov_239.615980_5155-18259_ratio2_NODE_84_length_18390_cov_239.615980_14_2, 1239 # 1535 # 1 , 1239,1535,1 ,10_2,10,2,00,ATG,GGA/GAG/AGG,11-12bp,0.471,ratio2_NODE_84_length_18390_cov_239.615980_5155-18259_ratio2_NODE_84_length_18390_cov_239.615980_14,mobileOG_000003237_ratio2_NODE_84_length_18390_cov_239.615980_5155-18259_ratio2_NODE_84_length_18390_cov_239.615980_14
8,mobileOG_000348339|ygaD|WP_001024559.1|transfer|competence|Plasmid RefSeq|Homology,ratio2_NODE_125_length_14028_cov_211.167394_412-10795_ratio2_NODE_125_length_14028_cov_211.167394_8_1 # 3 # 185 # -1 # ID=12_1;partial=10;start_type=GTG;rbs_motif=GGA/GAG/AGG;rbs_spacer=5-10bp;gc_cont=0.448,98.4,117.0,172,8.09e-35,61,1,61,1,61,mobileOG_000348339,ygaD,WP_001024559.1,transfer,competence,Plasmid RefSeq,Homology,ratio2_NODE_125_length_14028_cov_211.167394_412-10795_ratio2_NODE_125_length_14028_cov_211.167394_8_1, 3 # 185 # -1 , 3,185,-1 ,12_1,12,1,10,GTG,GGA/GAG/AGG,5-10bp,0.448,ratio2_NODE_125_length_14028_cov_211.167394_412-10795_ratio2_NODE_125_length_14028_cov_211.167394_8,mobileOG_000348339_ratio2_NODE_125_length_14028_cov_211.167394_412-10795_ratio2_NODE_125_length_14028_cov_211.167394_8
9,mobileOG_000056326|NA|A0A029I5H5|integration/excision|NA|Multiple|Homology,ratio2_NODE_144_length_12828_cov_82.827527_1-5278_ratio2_NODE_144_length_12828_cov_82.827527_1_2 # 997 # 1290 # 1 # ID=13_2;partial=00;start_type=GTG;rbs_motif=GGAGG;rbs_spacer=5-10bp;gc_cont=0.527,100.0,194.0,97,2.73e-65,98,1,97,1,97,mobileOG_000056326,NA,A0A029I5H5,integration/excision,NA,Multiple,Homology,ratio2_NODE_144_length_12828_cov_82.827527_1-5278_ratio2_NODE_144_length_12828_cov_82.827527_1_2, 997 # 1290 # 1 , 997,1290,1 ,13_2,13,2,00,GTG,GGAGG,5-10bp,0.527,ratio2_NODE_144_length_12828_cov_82.827527_1-5278_ratio2_NODE_144_length_12828_cov_82.827527_1,mobileOG_000056326_ratio2_NODE_144_length_12828_cov_82.827527_1-5278_ratio2_NODE_144_length_12828_cov_82.827527_1
10,mobileOG_000330413|ecnB|ETJ37164.1|stability/transfer/defense|NA|Plasmid RefSeq|Homology,ratio2_NODE_200_length_10695_cov_255.577350_1328-10695_ratio2_NODE_200_length_10695_cov_255.577350_7_10 # 7279 # 7425 # -1 # ID=19_10;partial=00;start_type=ATG;rbs_motif=AGGA;rbs_spacer=5-10bp;gc_cont=0.483,100.0,88.2,48,8.370000000000002e-25,49,1,48,1,48,mobileOG_000330413,ecnB,ETJ37164.1,stability/transfer/defense,NA,Plasmid RefSeq,Homology,ratio2_NODE_200_length_10695_cov_255.577350_1328-10695_ratio2_NODE_200_length_10695_cov_255.577350_7_10, 7279 # 7425 # -1 , 7279,7425,-1 ,19_10,19,10,00,ATG,AGGA,5-10bp,0.483,ratio2_NODE_200_length_10695_cov_255.577350_1328-10695_ratio2_NODE_200_length_10695_cov_255.577350_7,mobileOG_000330413_ratio2_NODE_200_length_10695_cov_255.577350_1328-10695_ratio2_NODE_200_length_10695_cov_255.577350_7
11,mobileOG_000321643|ecnB|WP_000977757.1|stability/transfer/defense|NA|Plasmid RefSeq|Homology,ratio2_NODE_200_length_10695_cov_255.577350_1328-10695_ratio2_NODE_200_length_10695_cov_255.577350_7_11 # 7536 # 7661 # -1 # ID=19_11;partial=00;start_type=ATG;rbs_motif=GGA/GAG/AGG;rbs_spacer=5-10bp;gc_cont=0.540,100.0,79.3,41,1.73e-21,42,1,41,1,41,mobileOG_000321643,ecnB,WP_000977757.1,stability/transfer/defense,NA,Plasmid RefSeq,Homology,ratio2_NODE_200_length_10695_cov_255.577350_1328-10695_ratio2_NODE_200_length_10695_cov_255.577350_7_11, 7536 # 7661 # -1 , 7536,7661,-1 ,19_11,19,11,00,ATG,GGA/GAG/AGG,5-10bp,0.540,ratio2_NODE_200_length_10695_cov_255.577350_1328-10695_ratio2_NODE_200_length_10695_cov_255.577350_7,mobileOG_000321643_ratio2_NODE_200_length_10695_cov_255.577350_1328-10695_ratio2_NODE_200_length_10695_cov_255.577350_7
12,"mobileOG_000025806|cca|J7Q9S8|phage|regulation,infection|Multiple|Manual",ratio2_NODE_206_length_10492_cov_243.755964_2417-10492_ratio2_NODE_206_length_10492_cov_243.755964_6_4 # 3582 # 4820 # 1 # ID=24_4;partial=00;start_type=GTG;rbs_motif=GGA/GAG/AGG;rbs_spacer=5-10bp;gc_cont=0.563,99.8,840.0,412,1.25e-310,413,1,412,1,412,mobileOG_000025806,cca,J7Q9S8,phage,"regulation,infection",Multiple,Manual,ratio2_NODE_206_length_10492_cov_243.755964_2417-10492_ratio2_NODE_206_length_10492_cov_243.755964_6_4, 3582 # 4820 # 1 , 3582,4820,1 ,24_4,24,4,00,GTG,GGA/GAG/AGG,5-10bp,0.563,ratio2_NODE_206_length_10492_cov_243.755964_2417-10492_ratio2_NODE_206_length_10492_cov_243.755964_6,mobileOG_000025806_ratio2_NODE_206_length_10492_cov_243.755964_2417-10492_ratio2_NODE_206_length_10492_cov_243.755964_6
13,mobileOG_000033487|int|WP_000845039.1|integration/excision|NA|Multiple|Homology,ratio2_NODE_226_length_10018_cov_83.910368_1-6393_ratio2_NODE_226_length_10018_cov_83.910368_2_5 # 3496 # 4509 # 1 # ID=25_5;partial=00;start_type=ATG;rbs_motif=None;rbs_spacer=None;gc_cont=0.612,100.0,687.0,337,8.179999999999993e-253,338,1,337,1,337,mobileOG_000033487,int,WP_000845039.1,integration/excision,NA,Multiple,Homology,ratio2_NODE_226_length_10018_cov_83.910368_1-6393_ratio2_NODE_226_length_10018_cov_83.910368_2_5, 3496 # 4509 # 1 , 3496,4509,1 ,25_5,25,5,00,ATG,None,None,0.612,ratio2_NODE_226_length_10018_cov_83.910368_1-6393_ratio2_NODE_226_length_10018_cov_83.910368_2,mobileOG_000033487_ratio2_NODE_226_length_10018_cov_83.910368_1-6393_ratio2_NODE_226_length_10018_cov_83.910368_2
14,mobileOG_000001702|tnpM|P04162|integration/excision|NA|Multiple|Manual,ratio2_NODE_226_length_10018_cov_83.910368_1-6393_ratio2_NODE_226_length_10018_cov_83.910368_2_6 # 4562 # 5062 # 1 # ID=25_6;partial=00;start_type=GTG;rbs_motif=GGA/GAG/AGG;rbs_spacer=5-10bp;gc_cont=0.631,99.4,340.0,194,9.579999999999998e-121,167,29,194,1,166,mobileOG_000001702,tnpM,P04162,integration/excision,NA,Multiple,Manual,ratio2_NODE_226_length_10018_cov_83.910368_1-6393_ratio2_NODE_226_length_10018_cov_83.910368_2_6, 4562 # 5062 # 1 , 4562,5062,1 ,25_6,25,6,00,GTG,GGA/GAG/AGG,5-10bp,0.631,ratio2_NODE_226_length_10018_cov_83.910368_1-6393_ratio2_NODE_226_length_10018_cov_83.910368_2,mobileOG_000001702_ratio2_NODE_226_length_10018_cov_83.910368_1-6393_ratio2_NODE_226_length_10018_cov_83.910368_2
15,mobileOG_000001365|tnpR|P04130|integration/excision|NA|Multiple|Manual,ratio2_NODE_226_length_10018_cov_83.910368_1-6393_ratio2_NODE_226_length_10018_cov_83.910368_2_7 # 5188 # 5748 # 1 # ID=25_7;partial=00;start_type=ATG;rbs_motif=GGA/GAG/AGG;rbs_spacer=5-10bp;gc_cont=0.579,100.0,353.0,186,1.5199999999999997e-125,187,1,186,1,186,mobileOG_000001365,tnpR,P04130,integration/excision,NA,Multiple,Manual,ratio2_NODE_226_length_10018_cov_83.910368_1-6393_ratio2_NODE_226_length_10018_cov_83.910368_2_7, 5188 # 5748 # 1 , 5188,5748,1 ,25_7,25,7,00,ATG,GGA/GAG/AGG,5-10bp,0.579,ratio2_NODE_226_length_10018_cov_83.910368_1-6393_ratio2_NODE_226_length_10018_cov_83.910368_2,mobileOG_000001365_ratio2_NODE_226_length_10018_cov_83.910368_1-6393_ratio2_NODE_226_length_10018_cov_83.910368_2
16,mobileOG_000061115|tnpA|A0A0Q0Z271|integration/excision|NA|COMPASS|Homology,ratio2_NODE_226_length_10018_cov_83.910368_1-6393_ratio2_NODE_226_length_10018_cov_83.910368_2_8 # 5751 # 6392 # 1 # ID=25_8;partial=01;start_type=ATG;rbs_motif=GGA/GAG/AGG;rbs_spacer=5-10bp;gc_cont=0.651,100.0,417.0,271,3.2999999999999993e-149,214,1,214,1,214,mobileOG_000061115,tnpA,A0A0Q0Z271,integration/excision,NA,COMPASS,Homology,ratio2_NODE_226_length_10018_cov_83.910368_1-6393_ratio2_NODE_226_length_10018_cov_83.910368_2_8, 5751 # 6392 # 1 , 5751,6392,1 ,25_8,25,8,01,ATG,GGA/GAG/AGG,5-10bp,0.651,ratio2_NODE_226_length_10018_cov_83.910368_1-6393_ratio2_NODE_226_length_10018_cov_83.910368_2,mobileOG_000061115_ratio2_NODE_226_length_10018_cov_83.910368_1-6393_ratio2_NODE_226_length_10018_cov_83.910368_2
17,mobileOG_000033487|int|WP_000845039.1|integration/excision|NA|Multiple|Homology,ratio2_NODE_226_length_10018_cov_83.910368_1-7434_ratio2_NODE_226_length_10018_cov_83.910368_3_4 # 3496 # 4509 # 1 # ID=26_4;partial=00;start_type=ATG;rbs_motif=None;rbs_spacer=None;gc_cont=0.612,100.0,687.0,337,8.179999999999993e-253,338,1,337,1,337,mobileOG_000033487,int,WP_000845039.1,integration/excision,NA,Multiple,Homology,ratio2_NODE_226_length_10018_cov_83.910368_1-7434_ratio2_NODE_226_length_10018_cov_83.910368_3_4, 3496 # 4509 # 1 , 3496,4509,1 ,26_4,26,4,00,ATG,None,None,0.612,ratio2_NODE_226_length_10018_cov_83.910368_1-7434_ratio2_NODE_226_length_10018_cov_83.910368_3,mobileOG_000033487_ratio2_NODE_226_length_10018_cov_83.910368_1-7434_ratio2_NODE_226_length_10018_cov_83.910368_3
18,mobileOG_000001364|tnpM|P04162|integration/excision|NA|Multiple|Manual,ratio2_NODE_226_length_10018_cov_83.910368_1-7434_ratio2_NODE_226_length_10018_cov_83.910368_3_5 # 4712 # 5062 # 1 # ID=26_5;partial=00;start_type=ATG;rbs_motif=None;rbs_spacer=None;gc_cont=0.635,100.0,250.0,116,4.109999999999999e-87,117,1,116,1,116,mobileOG_000001364,tnpM,P04162,integration/excision,NA,Multiple,Manual,ratio2_NODE_226_length_10018_cov_83.910368_1-7434_ratio2_NODE_226_length_10018_cov_83.910368_3_5, 4712 # 5062 # 1 , 4712,5062,1 ,26_5,26,5,00,ATG,None,None,0.635,ratio2_NODE_226_length_10018_cov_83.910368_1-7434_ratio2_NODE_226_length_10018_cov_83.910368_3,mobileOG_000001364_ratio2_NODE_226_length_10018_cov_83.910368_1-7434_ratio2_NODE_226_length_10018_cov_83.910368_3
19,mobileOG_000001365|tnpR|P04130|integration/excision|NA|Multiple|Manual,ratio2_NODE_226_length_10018_cov_83.910368_1-7434_ratio2_NODE_226_length_10018_cov_83.910368_3_6 # 5188 # 5748 # 1 # ID=26_6;partial=00;start_type=ATG;rbs_motif=GGA/GAG/AGG;rbs_spacer=5-10bp;gc_cont=0.579,100.0,353.0,186,1.5199999999999997e-125,187,1,186,1,186,mobileOG_000001365,tnpR,P04130,integration/excision,NA,Multiple,Manual,ratio2_NODE_226_length_10018_cov_83.910368_1-7434_ratio2_NODE_226_length_10018_cov_83.910368_3_6, 5188 # 5748 # 1 , 5188,5748,1 ,26_6,26,6,00,ATG,GGA/GAG/AGG,5-10bp,0.579,ratio2_NODE_226_length_10018_cov_83.910368_1-7434_ratio2_NODE_226_length_10018_cov_83.910368_3,mobileOG_000001365_ratio2_NODE_226_length_10018_cov_83.910368_1-7434_ratio2_NODE_226_length_10018_cov_83.910368_3
20,mobileOG_000064204|tnpA|WP_015344976.1|integration/excision|NA|Multiple|Homology,ratio2_NODE_226_length_10018_cov_83.910368_1-7434_ratio2_NODE_226_length_10018_cov_83.910368_3_7 # 5751 # 7433 # 1 # ID=26_7;partial=01;start_type=ATG;rbs_motif=GGA/GAG/AGG;rbs_spacer=5-10bp;gc_cont=0.637,100.0,1093.0,983,0.0,561,1,561,1,561,mobileOG_000064204,tnpA,WP_015344976.1,integration/excision,NA,Multiple,Homology,ratio2_NODE_226_length_10018_cov_83.910368_1-7434_ratio2_NODE_226_length_10018_cov_83.910368_3_7, 5751 # 7433 # 1 , 5751,7433,1 ,26_7,26,7,01,ATG,GGA/GAG/AGG,5-10bp,0.637,ratio2_NODE_226_length_10018_cov_83.910368_1-7434_ratio2_NODE_226_length_10018_cov_83.910368_3,mobileOG_000064204_ratio2_NODE_226_length_10018_cov_83.910368_1-7434_ratio2_NODE_226_length_10018_cov_83.910368_3
21,mobileOG_000033487|int|WP_000845039.1|integration/excision|NA|Multiple|Homology,ratio2_NODE_226_length_10018_cov_83.910368_1-8351_ratio2_NODE_226_length_10018_cov_83.910368_4_4 # 3496 # 4509 # 1 # ID=27_4;partial=00;start_type=ATG;rbs_motif=None;rbs_spacer=None;gc_cont=0.612,100.0,687.0,337,8.179999999999993e-253,338,1,337,1,337,mobileOG_000033487,int,WP_000845039.1,integration/excision,NA,Multiple,Homology,ratio2_NODE_226_length_10018_cov_83.910368_1-8351_ratio2_NODE_226_length_10018_cov_83.910368_4_4, 3496 # 4509 # 1 , 3496,4509,1 ,27_4,27,4,00,ATG,None,None,0.612,ratio2_NODE_226_length_10018_cov_83.910368_1-8351_ratio2_NODE_226_length_10018_cov_83.910368_4,mobileOG_000033487_ratio2_NODE_226_length_10018_cov_83.910368_1-8351_ratio2_NODE_226_length_10018_cov_83.910368_4
22,mobileOG_000001364|tnpM|P04162|integration/excision|NA|Multiple|Manual,ratio2_NODE_226_length_10018_cov_83.910368_1-8351_ratio2_NODE_226_length_10018_cov_83.910368_4_5 # 4712 # 5062 # 1 # ID=27_5;partial=00;start_type=ATG;rbs_motif=None;rbs_spacer=None;gc_cont=0.635,100.0,250.0,116,4.109999999999999e-87,117,1,116,1,116,mobileOG_000001364,tnpM,P04162,integration/excision,NA,Multiple,Manual,ratio2_NODE_226_length_10018_cov_83.910368_1-8351_ratio2_NODE_226_length_10018_cov_83.910368_4_5, 4712 # 5062 # 1 , 4712,5062,1 ,27_5,27,5,00,ATG,None,None,0.635,ratio2_NODE_226_length_10018_cov_83.910368_1-8351_ratio2_NODE_226_length_10018_cov_83.910368_4,mobileOG_000001364_ratio2_NODE_226_length_10018_cov_83.910368_1-8351_ratio2_NODE_226_length_10018_cov_83.910368_4
23,mobileOG_000001365|tnpR|P04130|integration/excision|NA|Multiple|Manual,ratio2_NODE_226_length_10018_cov_83.910368_1-8351_ratio2_NODE_226_length_10018_cov_83.910368_4_6 # 5188 # 5748 # 1 # ID=27_6;partial=00;start_type=ATG;rbs_motif=GGA/GAG/AGG;rbs_spacer=5-10bp;gc_cont=0.579,100.0,353.0,186,1.5199999999999997e-125,187,1,186,1,186,mobileOG_000001365,tnpR,P04130,integration/excision,NA,Multiple,Manual,ratio2_NODE_226_length_10018_cov_83.910368_1-8351_ratio2_NODE_226_length_10018_cov_83.910368_4_6, 5188 # 5748 # 1 , 5188,5748,1 ,27_6,27,6,00,ATG,GGA/GAG/AGG,5-10bp,0.579,ratio2_NODE_226_length_10018_cov_83.910368_1-8351_ratio2_NODE_226_length_10018_cov_83.910368_4,mobileOG_000001365_ratio2_NODE_226_length_10018_cov_83.910368_1-8351_ratio2_NODE_226_length_10018_cov_83.910368_4
24,mobileOG_000064204|tnpA|WP_015344976.1|integration/excision|NA|Multiple|Homology,ratio2_NODE_226_length_10018_cov_83.910368_1-8351_ratio2_NODE_226_length_10018_cov_83.910368_4_7 # 5751 # 8351 # 1 # ID=27_7;partial=01;start_type=ATG;rbs_motif=GGA/GAG/AGG;rbs_spacer=5-10bp;gc_cont=0.631,100.0,1711.0,983,0.0,867,1,867,1,867,mobileOG_000064204,tnpA,WP_015344976.1,integration/excision,NA,Multiple,Homology,ratio2_NODE_226_length_10018_cov_83.910368_1-8351_ratio2_NODE_226_length_10018_cov_83.910368_4_7, 5751 # 8351 # 1 , 5751,8351,1 ,27_7,27,7,01,ATG,GGA/GAG/AGG,5-10bp,0.631,ratio2_NODE_226_length_10018_cov_83.910368_1-8351_ratio2_NODE_226_length_10018_cov_83.910368_4,mobileOG_000064204_ratio2_NODE_226_length_10018_cov_83.910368_1-8351_ratio2_NODE_226_length_10018_cov_83.910368_4
25,mobileOG_000326289|alkB|WP_000884919.1|replication/recombination/repair|NA|Plasmid RefSeq|Homology,ratio2_NODE_337_length_6979_cov_214.708406_1-6979_ratio2_NODE_337_length_6979_cov_214.708406_2_3 # 3614 # 4264 # -1 # ID=31_3;partial=00;start_type=ATG;rbs_motif=AGGAG;rbs_spacer=5-10bp;gc_cont=0.525,99.5,457.0,216,1.4499999999999993e-165,217,1,216,1,216,mobileOG_000326289,alkB,WP_000884919.1,replication/recombination/repair,NA,Plasmid RefSeq,Homology,ratio2_NODE_337_length_6979_cov_214.708406_1-6979_ratio2_NODE_337_length_6979_cov_214.708406_2_3, 3614 # 4264 # -1 , 3614,4264,-1 ,31_3,31,3,00,ATG,AGGAG,5-10bp,0.525,ratio2_NODE_337_length_6979_cov_214.708406_1-6979_ratio2_NODE_337_length_6979_cov_214.708406_2,mobileOG_000326289_ratio2_NODE_337_length_6979_cov_214.708406_1-6979_ratio2_NODE_337_length_6979_cov_214.708406_2
26,mobileOG_000329392|PSLT051|A0A086TQA6|replication/recombination/repair|NA|Plasmid RefSeq|Homology,ratio2_NODE_345_length_6767_cov_70.615316_1533-6767_ratio2_NODE_345_length_6767_cov_70.615316_6_4 # 3590 # 4534 # -1 # ID=32_4;partial=00;start_type=ATG;rbs_motif=GGA/GAG/AGG;rbs_spacer=5-10bp;gc_cont=0.495,100.0,626.0,314,2.3599999999999988e-229,315,1,314,1,314,mobileOG_000329392,PSLT051,A0A086TQA6,replication/recombination/repair,NA,Plasmid RefSeq,Homology,ratio2_NODE_345_length_6767_cov_70.615316_1533-6767_ratio2_NODE_345_length_6767_cov_70.615316_6_4, 3590 # 4534 # -1 , 3590,4534,-1 ,32_4,32,4,00,ATG,GGA/GAG/AGG,5-10bp,0.495,ratio2_NODE_345_length_6767_cov_70.615316_1533-6767_ratio2_NODE_345_length_6767_cov_70.615316_6,mobileOG_000329392_ratio2_NODE_345_length_6767_cov_70.615316_1533-6767_ratio2_NODE_345_length_6767_cov_70.615316_6
27,mobileOG_000055065|tnpA|A0A2K9V0Y3|integration/excision|NA|COMPASS|Homology,ratio2_NODE_520_length_4546_cov_37.232910_1-4546_ratio2_NODE_520_length_4546_cov_37.232910_4_5 # 3687 # 4511 # 1 # ID=48_5;partial=00;start_type=ATG;rbs_motif=None;rbs_spacer=None;gc_cont=0.450,100.0,557.0,274,2.9199999999999983e-203,275,1,274,1,274,mobileOG_000055065,tnpA,A0A2K9V0Y3,integration/excision,NA,COMPASS,Homology,ratio2_NODE_520_length_4546_cov_37.232910_1-4546_ratio2_NODE_520_length_4546_cov_37.232910_4_5, 3687 # 4511 # 1 , 3687,4511,1 ,48_5,48,5,00,ATG,None,None,0.450,ratio2_NODE_520_length_4546_cov_37.232910_1-4546_ratio2_NODE_520_length_4546_cov_37.232910_4,mobileOG_000055065_ratio2_NODE_520_length_4546_cov_37.232910_1-4546_ratio2_NODE_520_length_4546_cov_37.232910_4
28,mobileOG_000037312|tnpR|WP_001235713.1|integration/excision|NA|Multiple|Homology,ratio2_NODE_565_length_3981_cov_68.735354_1-3981_ratio2_NODE_565_length_3981_cov_68.735354_1_4 # 2997 # 3554 # -1 # ID=49_4;partial=00;start_type=ATG;rbs_motif=GGA/GAG/AGG;rbs_spacer=5-10bp;gc_cont=0.523,100.0,348.0,185,1.3499999999999997e-123,186,1,185,1,185,mobileOG_000037312,tnpR,WP_001235713.1,integration/excision,NA,Multiple,Homology,ratio2_NODE_565_length_3981_cov_68.735354_1-3981_ratio2_NODE_565_length_3981_cov_68.735354_1_4, 2997 # 3554 # -1 , 2997,3554,-1 ,49_4,49,4,00,ATG,GGA/GAG/AGG,5-10bp,0.523,ratio2_NODE_565_length_3981_cov_68.735354_1-3981_ratio2_NODE_565_length_3981_cov_68.735354_1,mobileOG_000037312_ratio2_NODE_565_length_3981_cov_68.735354_1-3981_ratio2_NODE_565_length_3981_cov_68.735354_1
29,mobileOG_000375359|tnpA|WP_013307854.1|integration/excision|NA|Plasmid RefSeq|Homology,ratio2_NODE_565_length_3981_cov_68.735354_1-3981_ratio2_NODE_565_length_3981_cov_68.735354_1_5 # 3718 # 3981 # 1 # ID=49_5;partial=01;start_type=ATG;rbs_motif=GGAGG;rbs_spacer=5-10bp;gc_cont=0.500,100.0,185.0,95,3.8399999999999992e-62,88,1,88,1,88,mobileOG_000375359,tnpA,WP_013307854.1,integration/excision,NA,Plasmid RefSeq,Homology,ratio2_NODE_565_length_3981_cov_68.735354_1-3981_ratio2_NODE_565_length_3981_cov_68.735354_1_5, 3718 # 3981 # 1 , 3718,3981,1 ,49_5,49,5,01,ATG,GGAGG,5-10bp,0.500,ratio2_NODE_565_length_3981_cov_68.735354_1-3981_ratio2_NODE_565_length_3981_cov_68.735354_1,mobileOG_000375359_ratio2_NODE_565_length_3981_cov_68.735354_1-3981_ratio2_NODE_565_length_3981_cov_68.735354_1
30,mobileOG_000037312|tnpR|WP_001235713.1|integration/excision|NA|Multiple|Homology,ratio2_NODE_565_length_3981_cov_68.735354_1-3981_ratio2_NODE_565_length_3981_cov_68.735354_2_4 # 2997 # 3554 # -1 # ID=50_4;partial=00;start_type=ATG;rbs_motif=GGA/GAG/AGG;rbs_spacer=5-10bp;gc_cont=0.523,100.0,348.0,185,1.3499999999999997e-123,186,1,185,1,185,mobileOG_000037312,tnpR,WP_001235713.1,integration/excision,NA,Multiple,Homology,ratio2_NODE_565_length_3981_cov_68.735354_1-3981_ratio2_NODE_565_length_3981_cov_68.735354_2_4, 2997 # 3554 # -1 , 2997,3554,-1 ,50_4,50,4,00,ATG,GGA/GAG/AGG,5-10bp,0.523,ratio2_NODE_565_length_3981_cov_68.735354_1-3981_ratio2_NODE_565_length_3981_cov_68.735354_2,mobileOG_000037312_ratio2_NODE_565_length_3981_cov_68.735354_1-3981_ratio2_NODE_565_length_3981_cov_68.735354_2
31,mobileOG_000375359|tnpA|WP_013307854.1|integration/excision|NA|Plasmid RefSeq|Homology,ratio2_NODE_565_length_3981_cov_68.735354_1-3981_ratio2_NODE_565_length_3981_cov_68.735354_2_5 # 3718 # 3981 # 1 # ID=50_5;partial=01;start_type=ATG;rbs_motif=GGAGG;rbs_spacer=5-10bp;gc_cont=0.500,100.0,185.0,95,3.8399999999999992e-62,88,1,88,1,88,mobileOG_000375359,tnpA,WP_013307854.1,integration/excision,NA,Plasmid RefSeq,Homology,ratio2_NODE_565_length_3981_cov_68.735354_1-3981_ratio2_NODE_565_length_3981_cov_68.735354_2_5, 3718 # 3981 # 1 , 3718,3981,1 ,50_5,50,5,01,ATG,GGAGG,5-10bp,0.500,ratio2_NODE_565_length_3981_cov_68.735354_1-3981_ratio2_NODE_565_length_3981_cov_68.735354_2,mobileOG_000375359_ratio2_NODE_565_length_3981_cov_68.735354_1-3981_ratio2_NODE_565_length_3981_cov_68.735354_2
32,mobileOG_000037312|tnpR|WP_001235713.1|integration/excision|NA|Multiple|Homology,ratio2_NODE_565_length_3981_cov_68.735354_1-3981_ratio2_NODE_565_length_3981_cov_68.735354_3_4 # 2997 # 3554 # -1 # ID=51_4;partial=00;start_type=ATG;rbs_motif=GGA/GAG/AGG;rbs_spacer=5-10bp;gc_cont=0.523,100.0,348.0,185,1.3499999999999997e-123,186,1,185,1,185,mobileOG_000037312,tnpR,WP_001235713.1,integration/excision,NA,Multiple,Homology,ratio2_NODE_565_length_3981_cov_68.735354_1-3981_ratio2_NODE_565_length_3981_cov_68.735354_3_4, 2997 # 3554 # -1 , 2997,3554,-1 ,51_4,51,4,00,ATG,GGA/GAG/AGG,5-10bp,0.523,ratio2_NODE_565_length_3981_cov_68.735354_1-3981_ratio2_NODE_565_length_3981_cov_68.735354_3,mobileOG_000037312_ratio2_NODE_565_length_3981_cov_68.735354_1-3981_ratio2_NODE_565_length_3981_cov_68.735354_3
33,mobileOG_000375359|tnpA|WP_013307854.1|integration/excision|NA|Plasmid RefSeq|Homology,ratio2_NODE_565_length_3981_cov_68.735354_1-3981_ratio2_NODE_565_length_3981_cov_68.735354_3_5 # 3718 # 3981 # 1 # ID=51_5;partial=01;start_type=ATG;rbs_motif=GGAGG;rbs_spacer=5-10bp;gc_cont=0.500,100.0,185.0,95,3.8399999999999992e-62,88,1,88,1,88,mobileOG_000375359,tnpA,WP_013307854.1,integration/excision,NA,Plasmid RefSeq,Homology,ratio2_NODE_565_length_3981_cov_68.735354_1-3981_ratio2_NODE_565_length_3981_cov_68.735354_3_5, 3718 # 3981 # 1 , 3718,3981,1 ,51_5,51,5,01,ATG,GGAGG,5-10bp,0.500,ratio2_NODE_565_length_3981_cov_68.735354_1-3981_ratio2_NODE_565_length_3981_cov_68.735354_3,mobileOG_000375359_ratio2_NODE_565_length_3981_cov_68.735354_1-3981_ratio2_NODE_565_length_3981_cov_68.735354_3
34,mobileOG_000062109|tnpA|WP_109138279.1|integration/excision|NA|Multiple|Homology,ratio2_NODE_581_length_3873_cov_167.506024_1-3873_ratio2_NODE_581_length_3873_cov_167.506024_3_1 # 79 # 321 # 1 # ID=52_1;partial=00;start_type=GTG;rbs_motif=GGA/GAG/AGG;rbs_spacer=5-10bp;gc_cont=0.720,100.0,146.0,198,2.3699999999999997e-45,81,123,198,5,80,mobileOG_000062109,tnpA,WP_109138279.1,integration/excision,NA,Multiple,Homology,ratio2_NODE_581_length_3873_cov_167.506024_1-3873_ratio2_NODE_581_length_3873_cov_167.506024_3_1, 79 # 321 # 1 , 79,321,1 ,52_1,52,1,00,GTG,GGA/GAG/AGG,5-10bp,0.720,ratio2_NODE_581_length_3873_cov_167.506024_1-3873_ratio2_NODE_581_length_3873_cov_167.506024_3,mobileOG_000062109_ratio2_NODE_581_length_3873_cov_167.506024_1-3873_ratio2_NODE_581_length_3873_cov_167.506024_3
35,mobileOG_000056778|insC1|WP_001459498.1|integration/excision|NA|COMPASS|Homology,ratio2_NODE_810_length_2262_cov_294.190304_1-2262_ratio2_NODE_810_length_2262_cov_294.190304_5_2 # 916 # 1107 # -1 # ID=60_2;partial=00;start_type=ATG;rbs_motif=4Base/6BMM;rbs_spacer=13-15bp;gc_cont=0.479,100.0,127.0,63,4.32e-40,64,1,63,1,63,mobileOG_000056778,insC1,WP_001459498.1,integration/excision,NA,COMPASS,Homology,ratio2_NODE_810_length_2262_cov_294.190304_1-2262_ratio2_NODE_810_length_2262_cov_294.190304_5_2, 916 # 1107 # -1 , 916,1107,-1 ,60_2,60,2,00,ATG,4Base/6BMM,13-15bp,0.479,ratio2_NODE_810_length_2262_cov_294.190304_1-2262_ratio2_NODE_810_length_2262_cov_294.190304_5,mobileOG_000056778_ratio2_NODE_810_length_2262_cov_294.190304_1-2262_ratio2_NODE_810_length_2262_cov_294.190304_5
,Sequence Title,Query Title,Pident,Bitscore,Subject Sequence Length,e-value,Query Sequence Length,Start of Alignment in Subject,End of Alignment in Query,Start of Alignment in Query,End of Alignment in Query,mobileOG ID,Gene Name,Best Hit Accession ID,Major mobileOG Category,Minor mobileOG Category,Source Database,Evidence Type,Contig/ORF Name,ORF_Start_Stop_Strands,ORF_Start,ORF_End,Sense or Antisense Strand,Prodigal ID,Prodigal Designated Contigs,Unique_ORF,Partial Tag,Start Codon,RBS Motif,RBS Spacer,GC Content,Specific Contig,Final Sample Name
0,mobileOG_000348339|ygaD|WP_001024559.1|transfer|competence|Plasmid RefSeq|Homology,ratio3_NODE_60_length_21275_cov_208.666824_3234-13617_ratio3_NODE_60_length_21275_cov_208.666824_10_14 # 10200 # 10382 # 1 # ID=5_14;partial=01;start_type=GTG;rbs_motif=GGA/GAG/AGG;rbs_spacer=5-10bp;gc_cont=0.448,98.4,117.0,172,8.09e-35,61,1,61,1,61,mobileOG_000348339,ygaD,WP_001024559.1,transfer,competence,Plasmid RefSeq,Homology,ratio3_NODE_60_length_21275_cov_208.666824_3234-13617_ratio3_NODE_60_length_21275_cov_208.666824_10_14, 10200 # 10382 # 1 , 10200,10382,1 ,5_14,5,14,01,GTG,GGA/GAG/AGG,5-10bp,0.448,ratio3_NODE_60_length_21275_cov_208.666824_3234-13617_ratio3_NODE_60_length_21275_cov_208.666824_10,mobileOG_000348339_ratio3_NODE_60_length_21275_cov_208.666824_3234-13617_ratio3_NODE_60_length_21275_cov_208.666824_10
1,mobileOG_000059551|tnpA|WP_012478345.1|integration/excision|NA|Multiple|Homology,ratio3_NODE_64_length_20444_cov_79.088970_5944-17569_ratio3_NODE_64_length_20444_cov_79.088970_14_6 # 3882 # 4805 # 1 # ID=6_6;partial=00;start_type=ATG;rbs_motif=GGA/GAG/AGG;rbs_spacer=5-10bp;gc_cont=0.430,100.0,605.0,307,2.339999999999999e-221,308,1,307,1,307,mobileOG_000059551,tnpA,WP_012478345.1,integration/excision,NA,Multiple,Homology,ratio3_NODE_64_length_20444_cov_79.088970_5944-17569_ratio3_NODE_64_length_20444_cov_79.088970_14_6, 3882 # 4805 # 1 , 3882,4805,1 ,6_6,6,6,00,ATG,GGA/GAG/AGG,5-10bp,0.430,ratio3_NODE_64_length_20444_cov_79.088970_5944-17569_ratio3_NODE_64_length_20444_cov_79.088970_14,mobileOG_000059551_ratio3_NODE_64_length_20444_cov_79.088970_5944-17569_ratio3_NODE_64_length_20444_cov_79.088970_14
2,mobileOG_000059553|NGR_a00240|WP_000125669.1|integration/excision|NA|Multiple|Homology,ratio3_NODE_64_length_20444_cov_79.088970_5944-17569_ratio3_NODE_64_length_20444_cov_79.088970_14_9 # 7447 # 8853 # -1 # ID=6_9;partial=00;start_type=ATG;rbs_motif=AGGA;rbs_spacer=5-10bp;gc_cont=0.510,99.8,922.0,468,0.0,469,1,468,1,468,mobileOG_000059553,NGR_a00240,WP_000125669.1,integration/excision,NA,Multiple,Homology,ratio3_NODE_64_length_20444_cov_79.088970_5944-17569_ratio3_NODE_64_length_20444_cov_79.088970_14_9, 7447 # 8853 # -1 , 7447,8853,-1 ,6_9,6,9,00,ATG,AGGA,5-10bp,0.510,ratio3_NODE_64_length_20444_cov_79.088970_5944-17569_ratio3_NODE_64_length_20444_cov_79.088970_14,mobileOG_000059553_ratio3_NODE_64_length_20444_cov_79.088970_5944-17569_ratio3_NODE_64_length_20444_cov_79.088970_14
3,mobileOG_000304542|traG|WP_001297077.1|transfer|conjugation|Plasmid RefSeq|Homology,ratio3_NODE_66_length_20198_cov_227.601350_9672-20198_ratio3_NODE_66_length_20198_cov_227.601350_17_8 # 7420 # 8022 # 1 # ID=7_8;partial=00;start_type=GTG;rbs_motif=GGAG/GAGG;rbs_spacer=5-10bp;gc_cont=0.434,99.5,404.0,200,2.3199999999999994e-145,201,1,200,1,200,mobileOG_000304542,traG,WP_001297077.1,transfer,conjugation,Plasmid RefSeq,Homology,ratio3_NODE_66_length_20198_cov_227.601350_9672-20198_ratio3_NODE_66_length_20198_cov_227.601350_17_8, 7420 # 8022 # 1 , 7420,8022,1 ,7_8,7,8,00,GTG,GGAG/GAGG,5-10bp,0.434,ratio3_NODE_66_length_20198_cov_227.601350_9672-20198_ratio3_NODE_66_length_20198_cov_227.601350_17,mobileOG_000304542_ratio3_NODE_66_length_20198_cov_227.601350_9672-20198_ratio3_NODE_66_length_20198_cov_227.601350_17
4,"mobileOG_000025715|ihfB|WP_002898165.1|integration/excision|regulation,lysis/lysogeny|Plasmid RefSeq|Manual",ratio3_NODE_74_length_18676_cov_241.870684_1-8122_ratio3_NODE_74_length_18676_cov_241.870684_3_5 # 5630 # 5914 # -1 # ID=8_5;partial=00;start_type=ATG;rbs_motif=GGAGG;rbs_spacer=3-4bp;gc_cont=0.491,97.8,187.0,95,8.879999999999998e-63,95,1,93,1,93,mobileOG_000025715,ihfB,WP_002898165.1,integration/excision,"regulation,lysis/lysogeny",Plasmid RefSeq,Manual,ratio3_NODE_74_length_18676_cov_241.870684_1-8122_ratio3_NODE_74_length_18676_cov_241.870684_3_5, 5630 # 5914 # -1 , 5630,5914,-1 ,8_5,8,5,00,ATG,GGAGG,3-4bp,0.491,ratio3_NODE_74_length_18676_cov_241.870684_1-8122_ratio3_NODE_74_length_18676_cov_241.870684_3,mobileOG_000025715_ratio3_NODE_74_length_18676_cov_241.870684_1-8122_ratio3_NODE_74_length_18676_cov_241.870684_3
5,mobileOG_000003237|fis|WP_000462905.1|integration/excision|replication/recombination/repair|Multiple|Manual,ratio3_NODE_76_length_18390_cov_239.735479_2925-13587_ratio3_NODE_76_length_18390_cov_239.735479_12_4 # 3469 # 3765 # 1 # ID=9_4;partial=00;start_type=ATG;rbs_motif=GGA/GAG/AGG;rbs_spacer=11-12bp;gc_cont=0.471,100.0,189.0,98,1.9899999999999996e-63,99,1,98,1,98,mobileOG_000003237,fis,WP_000462905.1,integration/excision,replication/recombination/repair,Multiple,Manual,ratio3_NODE_76_length_18390_cov_239.735479_2925-13587_ratio3_NODE_76_length_18390_cov_239.735479_12_4, 3469 # 3765 # 1 , 3469,3765,1 ,9_4,9,4,00,ATG,GGA/GAG/AGG,11-12bp,0.471,ratio3_NODE_76_length_18390_cov_239.735479_2925-13587_ratio3_NODE_76_length_18390_cov_239.735479_12,mobileOG_000003237_ratio3_NODE_76_length_18390_cov_239.735479_2925-13587_ratio3_NODE_76_length_18390_cov_239.735479_12
6,mobileOG_000003237|fis|WP_000462905.1|integration/excision|replication/recombination/repair|Multiple|Manual,ratio3_NODE_76_length_18390_cov_239.735479_3986-15143_ratio3_NODE_76_length_18390_cov_239.735479_13_4 # 2408 # 2704 # 1 # ID=10_4;partial=00;start_type=ATG;rbs_motif=GGA/GAG/AGG;rbs_spacer=11-12bp;gc_cont=0.471,100.0,189.0,98,1.9899999999999996e-63,99,1,98,1,98,mobileOG_000003237,fis,WP_000462905.1,integration/excision,replication/recombination/repair,Multiple,Manual,ratio3_NODE_76_length_18390_cov_239.735479_3986-15143_ratio3_NODE_76_length_18390_cov_239.735479_13_4, 2408 # 2704 # 1 , 2408,2704,1 ,10_4,10,4,00,ATG,GGA/GAG/AGG,11-12bp,0.471,ratio3_NODE_76_length_18390_cov_239.735479_3986-15143_ratio3_NODE_76_length_18390_cov_239.735479_13,mobileOG_000003237_ratio3_NODE_76_length_18390_cov_239.735479_3986-15143_ratio3_NODE_76_length_18390_cov_239.735479_13
7,mobileOG_000003237|fis|WP_000462905.1|integration/excision|replication/recombination/repair|Multiple|Manual,ratio3_NODE_76_length_18390_cov_239.735479_5155-18259_ratio3_NODE_76_length_18390_cov_239.735479_14_2 # 1239 # 1535 # 1 # ID=11_2;partial=00;start_type=ATG;rbs_motif=GGA/GAG/AGG;rbs_spacer=11-12bp;gc_cont=0.471,100.0,189.0,98,1.9899999999999996e-63,99,1,98,1,98,mobileOG_000003237,fis,WP_000462905.1,integration/excision,replication/recombination/repair,Multiple,Manual,ratio3_NODE_76_length_18390_cov_239.735479_5155-18259_ratio3_NODE_76_length_18390_cov_239.735479_14_2, 1239 # 1535 # 1 , 1239,1535,1 ,11_2,11,2,00,ATG,GGA/GAG/AGG,11-12bp,0.471,ratio3_NODE_76_length_18390_cov_239.735479_5155-18259_ratio3_NODE_76_length_18390_cov_239.735479_14,mobileOG_000003237_ratio3_NODE_76_length_18390_cov_239.735479_5155-18259_ratio3_NODE_76_length_18390_cov_239.735479_14
8,mobileOG_000056326|NA|A0A029I5H5|integration/excision|NA|Multiple|Homology,ratio3_NODE_135_length_12828_cov_83.555860_1-5278_ratio3_NODE_135_length_12828_cov_83.555860_1_2 # 997 # 1290 # 1 # ID=15_2;partial=00;start_type=GTG;rbs_motif=GGAGG;rbs_spacer=5-10bp;gc_cont=0.527,100.0,194.0,97,2.73e-65,98,1,97,1,97,mobileOG_000056326,NA,A0A029I5H5,integration/excision,NA,Multiple,Homology,ratio3_NODE_135_length_12828_cov_83.555860_1-5278_ratio3_NODE_135_length_12828_cov_83.555860_1_2, 997 # 1290 # 1 , 997,1290,1 ,15_2,15,2,00,GTG,GGAGG,5-10bp,0.527,ratio3_NODE_135_length_12828_cov_83.555860_1-5278_ratio3_NODE_135_length_12828_cov_83.555860_1,mobileOG_000056326_ratio3_NODE_135_length_12828_cov_83.555860_1-5278_ratio3_NODE_135_length_12828_cov_83.555860_1
9,mobileOG_000321643|ecnB|WP_000977757.1|stability/transfer/defense|NA|Plasmid RefSeq|Homology,ratio3_NODE_192_length_10618_cov_255.994509_1-9291_ratio3_NODE_192_length_10618_cov_255.994509_7_3 # 1634 # 1756 # 1 # ID=23_3;partial=00;start_type=ATG;rbs_motif=GGA/GAG/AGG;rbs_spacer=5-10bp;gc_cont=0.553,100.0,78.6,41,3.3500000000000002e-21,41,2,41,1,40,mobileOG_000321643,ecnB,WP_000977757.1,stability/transfer/defense,NA,Plasmid RefSeq,Homology,ratio3_NODE_192_length_10618_cov_255.994509_1-9291_ratio3_NODE_192_length_10618_cov_255.994509_7_3, 1634 # 1756 # 1 , 1634,1756,1 ,23_3,23,3,00,ATG,GGA/GAG/AGG,5-10bp,0.553,ratio3_NODE_192_length_10618_cov_255.994509_1-9291_ratio3_NODE_192_length_10618_cov_255.994509_7,mobileOG_000321643_ratio3_NODE_192_length_10618_cov_255.994509_1-9291_ratio3_NODE_192_length_10618_cov_255.994509_7
10,mobileOG_000330413|ecnB|ETJ37164.1|stability/transfer/defense|NA|Plasmid RefSeq|Homology,ratio3_NODE_192_length_10618_cov_255.994509_1-9291_ratio3_NODE_192_length_10618_cov_255.994509_7_4 # 1867 # 2013 # 1 # ID=23_4;partial=00;start_type=ATG;rbs_motif=AGGA;rbs_spacer=5-10bp;gc_cont=0.483,100.0,88.2,48,8.370000000000002e-25,49,1,48,1,48,mobileOG_000330413,ecnB,ETJ37164.1,stability/transfer/defense,NA,Plasmid RefSeq,Homology,ratio3_NODE_192_length_10618_cov_255.994509_1-9291_ratio3_NODE_192_length_10618_cov_255.994509_7_4, 1867 # 2013 # 1 , 1867,2013,1 ,23_4,23,4,00,ATG,AGGA,5-10bp,0.483,ratio3_NODE_192_length_10618_cov_255.994509_1-9291_ratio3_NODE_192_length_10618_cov_255.994509_7,mobileOG_000330413_ratio3_NODE_192_length_10618_cov_255.994509_1-9291_ratio3_NODE_192_length_10618_cov_255.994509_7
11,"mobileOG_000025806|cca|J7Q9S8|phage|regulation,infection|Multiple|Manual",ratio3_NODE_196_length_10492_cov_243.728945_2417-10492_ratio3_NODE_196_length_10492_cov_243.728945_6_4 # 3582 # 4820 # 1 # ID=24_4;partial=00;start_type=GTG;rbs_motif=GGA/GAG/AGG;rbs_spacer=5-10bp;gc_cont=0.563,99.8,840.0,412,1.25e-310,413,1,412,1,412,mobileOG_000025806,cca,J7Q9S8,phage,"regulation,infection",Multiple,Manual,ratio3_NODE_196_length_10492_cov_243.728945_2417-10492_ratio3_NODE_196_length_10492_cov_243.728945_6_4, 3582 # 4820 # 1 , 3582,4820,1 ,24_4,24,4,00,GTG,GGA/GAG/AGG,5-10bp,0.563,ratio3_NODE_196_length_10492_cov_243.728945_2417-10492_ratio3_NODE_196_length_10492_cov_243.728945_6,mobileOG_000025806_ratio3_NODE_196_length_10492_cov_243.728945_2417-10492_ratio3_NODE_196_length_10492_cov_243.728945_6
12,mobileOG_000064204|tnpA|WP_015344976.1|integration/excision|NA|Multiple|Homology,ratio3_NODE_216_length_10018_cov_85.534979_1668-10018_ratio3_NODE_216_length_10018_cov_85.534979_7_1 # 1 # 2601 # -1 # ID=25_1;partial=10;start_type=ATG;rbs_motif=GGA/GAG/AGG;rbs_spacer=5-10bp;gc_cont=0.631,100.0,1711.0,983,0.0,867,1,867,1,867,mobileOG_000064204,tnpA,WP_015344976.1,integration/excision,NA,Multiple,Homology,ratio3_NODE_216_length_10018_cov_85.534979_1668-10018_ratio3_NODE_216_length_10018_cov_85.534979_7_1, 1 # 2601 # -1 , 1,2601,-1 ,25_1,25,1,10,ATG,GGA/GAG/AGG,5-10bp,0.631,ratio3_NODE_216_length_10018_cov_85.534979_1668-10018_ratio3_NODE_216_length_10018_cov_85.534979_7,mobileOG_000064204_ratio3_NODE_216_length_10018_cov_85.534979_1668-10018_ratio3_NODE_216_length_10018_cov_85.534979_7
13,mobileOG_000001365|tnpR|P04130|integration/excision|NA|Multiple|Manual,ratio3_NODE_216_length_10018_cov_85.534979_1668-10018_ratio3_NODE_216_length_10018_cov_85.534979_7_2 # 2604 # 3164 # -1 # ID=25_2;partial=00;start_type=ATG;rbs_motif=GGA/GAG/AGG;rbs_spacer=5-10bp;gc_cont=0.581,100.0,353.0,186,1.5199999999999997e-125,187,1,186,1,186,mobileOG_000001365,tnpR,P04130,integration/excision,NA,Multiple,Manual,ratio3_NODE_216_length_10018_cov_85.534979_1668-10018_ratio3_NODE_216_length_10018_cov_85.534979_7_2, 2604 # 3164 # -1 , 2604,3164,-1 ,25_2,25,2,00,ATG,GGA/GAG/AGG,5-10bp,0.581,ratio3_NODE_216_length_10018_cov_85.534979_1668-10018_ratio3_NODE_216_length_10018_cov_85.534979_7,mobileOG_000001365_ratio3_NODE_216_length_10018_cov_85.534979_1668-10018_ratio3_NODE_216_length_10018_cov_85.534979_7
14,mobileOG_000001364|tnpM|P04162|integration/excision|NA|Multiple|Manual,ratio3_NODE_216_length_10018_cov_85.534979_1668-10018_ratio3_NODE_216_length_10018_cov_85.534979_7_3 # 3290 # 3640 # -1 # ID=25_3;partial=00;start_type=ATG;rbs_motif=None;rbs_spacer=None;gc_cont=0.635,100.0,250.0,116,4.109999999999999e-87,117,1,116,1,116,mobileOG_000001364,tnpM,P04162,integration/excision,NA,Multiple,Manual,ratio3_NODE_216_length_10018_cov_85.534979_1668-10018_ratio3_NODE_216_length_10018_cov_85.534979_7_3, 3290 # 3640 # -1 , 3290,3640,-1 ,25_3,25,3,00,ATG,None,None,0.635,ratio3_NODE_216_length_10018_cov_85.534979_1668-10018_ratio3_NODE_216_length_10018_cov_85.534979_7,mobileOG_000001364_ratio3_NODE_216_length_10018_cov_85.534979_1668-10018_ratio3_NODE_216_length_10018_cov_85.534979_7
15,mobileOG_000033487|int|WP_000845039.1|integration/excision|NA|Multiple|Homology,ratio3_NODE_216_length_10018_cov_85.534979_1668-10018_ratio3_NODE_216_length_10018_cov_85.534979_7_4 # 3843 # 4856 # -1 # ID=25_4;partial=00;start_type=ATG;rbs_motif=None;rbs_spacer=None;gc_cont=0.612,100.0,687.0,337,8.179999999999993e-253,338,1,337,1,337,mobileOG_000033487,int,WP_000845039.1,integration/excision,NA,Multiple,Homology,ratio3_NODE_216_length_10018_cov_85.534979_1668-10018_ratio3_NODE_216_length_10018_cov_85.534979_7_4, 3843 # 4856 # -1 , 3843,4856,-1 ,25_4,25,4,00,ATG,None,None,0.612,ratio3_NODE_216_length_10018_cov_85.534979_1668-10018_ratio3_NODE_216_length_10018_cov_85.534979_7,mobileOG_000033487_ratio3_NODE_216_length_10018_cov_85.534979_1668-10018_ratio3_NODE_216_length_10018_cov_85.534979_7
16,mobileOG_000064204|tnpA|WP_015344976.1|integration/excision|NA|Multiple|Homology,ratio3_NODE_216_length_10018_cov_85.534979_2585-10018_ratio3_NODE_216_length_10018_cov_85.534979_8_1 # 2 # 1684 # -1 # ID=26_1;partial=10;start_type=ATG;rbs_motif=GGA/GAG/AGG;rbs_spacer=5-10bp;gc_cont=0.636,100.0,1093.0,983,0.0,561,1,561,1,561,mobileOG_000064204,tnpA,WP_015344976.1,integration/excision,NA,Multiple,Homology,ratio3_NODE_216_length_10018_cov_85.534979_2585-10018_ratio3_NODE_216_length_10018_cov_85.534979_8_1, 2 # 1684 # -1 , 2,1684,-1 ,26_1,26,1,10,ATG,GGA/GAG/AGG,5-10bp,0.636,ratio3_NODE_216_length_10018_cov_85.534979_2585-10018_ratio3_NODE_216_length_10018_cov_85.534979_8,mobileOG_000064204_ratio3_NODE_216_length_10018_cov_85.534979_2585-10018_ratio3_NODE_216_length_10018_cov_85.534979_8
17,mobileOG_000001365|tnpR|P04130|integration/excision|NA|Multiple|Manual,ratio3_NODE_216_length_10018_cov_85.534979_2585-10018_ratio3_NODE_216_length_10018_cov_85.534979_8_2 # 1687 # 2247 # -1 # ID=26_2;partial=00;start_type=ATG;rbs_motif=GGA/GAG/AGG;rbs_spacer=5-10bp;gc_cont=0.581,100.0,353.0,186,1.5199999999999997e-125,187,1,186,1,186,mobileOG_000001365,tnpR,P04130,integration/excision,NA,Multiple,Manual,ratio3_NODE_216_length_10018_cov_85.534979_2585-10018_ratio3_NODE_216_length_10018_cov_85.534979_8_2, 1687 # 2247 # -1 , 1687,2247,-1 ,26_2,26,2,00,ATG,GGA/GAG/AGG,5-10bp,0.581,ratio3_NODE_216_length_10018_cov_85.534979_2585-10018_ratio3_NODE_216_length_10018_cov_85.534979_8,mobileOG_000001365_ratio3_NODE_216_length_10018_cov_85.534979_2585-10018_ratio3_NODE_216_length_10018_cov_85.534979_8
18,mobileOG_000001364|tnpM|P04162|integration/excision|NA|Multiple|Manual,ratio3_NODE_216_length_10018_cov_85.534979_2585-10018_ratio3_NODE_216_length_10018_cov_85.534979_8_3 # 2373 # 2723 # -1 # ID=26_3;partial=00;start_type=ATG;rbs_motif=None;rbs_spacer=None;gc_cont=0.635,100.0,250.0,116,4.109999999999999e-87,117,1,116,1,116,mobileOG_000001364,tnpM,P04162,integration/excision,NA,Multiple,Manual,ratio3_NODE_216_length_10018_cov_85.534979_2585-10018_ratio3_NODE_216_length_10018_cov_85.534979_8_3, 2373 # 2723 # -1 , 2373,2723,-1 ,26_3,26,3,00,ATG,None,None,0.635,ratio3_NODE_216_length_10018_cov_85.534979_2585-10018_ratio3_NODE_216_length_10018_cov_85.534979_8,mobileOG_000001364_ratio3_NODE_216_length_10018_cov_85.534979_2585-10018_ratio3_NODE_216_length_10018_cov_85.534979_8
19,mobileOG_000033487|int|WP_000845039.1|integration/excision|NA|Multiple|Homology,ratio3_NODE_216_length_10018_cov_85.534979_2585-10018_ratio3_NODE_216_length_10018_cov_85.534979_8_4 # 2926 # 3939 # -1 # ID=26_4;partial=00;start_type=ATG;rbs_motif=None;rbs_spacer=None;gc_cont=0.612,100.0,687.0,337,8.179999999999993e-253,338,1,337,1,337,mobileOG_000033487,int,WP_000845039.1,integration/excision,NA,Multiple,Homology,ratio3_NODE_216_length_10018_cov_85.534979_2585-10018_ratio3_NODE_216_length_10018_cov_85.534979_8_4, 2926 # 3939 # -1 , 2926,3939,-1 ,26_4,26,4,00,ATG,None,None,0.612,ratio3_NODE_216_length_10018_cov_85.534979_2585-10018_ratio3_NODE_216_length_10018_cov_85.534979_8,mobileOG_000033487_ratio3_NODE_216_length_10018_cov_85.534979_2585-10018_ratio3_NODE_216_length_10018_cov_85.534979_8
20,mobileOG_000061115|tnpA|A0A0Q0Z271|integration/excision|NA|COMPASS|Homology,ratio3_NODE_216_length_10018_cov_85.534979_3626-10018_ratio3_NODE_216_length_10018_cov_85.534979_9_1 # 2 # 643 # -1 # ID=27_1;partial=10;start_type=ATG;rbs_motif=GGA/GAG/AGG;rbs_spacer=5-10bp;gc_cont=0.650,100.0,417.0,271,3.2999999999999993e-149,214,1,214,1,214,mobileOG_000061115,tnpA,A0A0Q0Z271,integration/excision,NA,COMPASS,Homology,ratio3_NODE_216_length_10018_cov_85.534979_3626-10018_ratio3_NODE_216_length_10018_cov_85.534979_9_1, 2 # 643 # -1 , 2,643,-1 ,27_1,27,1,10,ATG,GGA/GAG/AGG,5-10bp,0.650,ratio3_NODE_216_length_10018_cov_85.534979_3626-10018_ratio3_NODE_216_length_10018_cov_85.534979_9,mobileOG_000061115_ratio3_NODE_216_length_10018_cov_85.534979_3626-10018_ratio3_NODE_216_length_10018_cov_85.534979_9
21,mobileOG_000001365|tnpR|P04130|integration/excision|NA|Multiple|Manual,ratio3_NODE_216_length_10018_cov_85.534979_3626-10018_ratio3_NODE_216_length_10018_cov_85.534979_9_2 # 646 # 1206 # -1 # ID=27_2;partial=00;start_type=ATG;rbs_motif=GGA/GAG/AGG;rbs_spacer=5-10bp;gc_cont=0.581,100.0,353.0,186,1.5199999999999997e-125,187,1,186,1,186,mobileOG_000001365,tnpR,P04130,integration/excision,NA,Multiple,Manual,ratio3_NODE_216_length_10018_cov_85.534979_3626-10018_ratio3_NODE_216_length_10018_cov_85.534979_9_2, 646 # 1206 # -1 , 646,1206,-1 ,27_2,27,2,00,ATG,GGA/GAG/AGG,5-10bp,0.581,ratio3_NODE_216_length_10018_cov_85.534979_3626-10018_ratio3_NODE_216_length_10018_cov_85.534979_9,mobileOG_000001365_ratio3_NODE_216_length_10018_cov_85.534979_3626-10018_ratio3_NODE_216_length_10018_cov_85.534979_9
22,mobileOG_000001702|tnpM|P04162|integration/excision|NA|Multiple|Manual,ratio3_NODE_216_length_10018_cov_85.534979_3626-10018_ratio3_NODE_216_length_10018_cov_85.534979_9_3 # 1332 # 1832 # -1 # ID=27_3;partial=00;start_type=GTG;rbs_motif=GGA/GAG/AGG;rbs_spacer=5-10bp;gc_cont=0.633,99.4,340.0,194,9.579999999999998e-121,167,29,194,1,166,mobileOG_000001702,tnpM,P04162,integration/excision,NA,Multiple,Manual,ratio3_NODE_216_length_10018_cov_85.534979_3626-10018_ratio3_NODE_216_length_10018_cov_85.534979_9_3, 1332 # 1832 # -1 , 1332,1832,-1 ,27_3,27,3,00,GTG,GGA/GAG/AGG,5-10bp,0.633,ratio3_NODE_216_length_10018_cov_85.534979_3626-10018_ratio3_NODE_216_length_10018_cov_85.534979_9,mobileOG_000001702_ratio3_NODE_216_length_10018_cov_85.534979_3626-10018_ratio3_NODE_216_length_10018_cov_85.534979_9
23,mobileOG_000033487|int|WP_000845039.1|integration/excision|NA|Multiple|Homology,ratio3_NODE_216_length_10018_cov_85.534979_3626-10018_ratio3_NODE_216_length_10018_cov_85.534979_9_4 # 1885 # 2898 # -1 # ID=27_4;partial=00;start_type=ATG;rbs_motif=None;rbs_spacer=None;gc_cont=0.612,100.0,687.0,337,8.179999999999993e-253,338,1,337,1,337,mobileOG_000033487,int,WP_000845039.1,integration/excision,NA,Multiple,Homology,ratio3_NODE_216_length_10018_cov_85.534979_3626-10018_ratio3_NODE_216_length_10018_cov_85.534979_9_4, 1885 # 2898 # -1 , 1885,2898,-1 ,27_4,27,4,00,ATG,None,None,0.612,ratio3_NODE_216_length_10018_cov_85.534979_3626-10018_ratio3_NODE_216_length_10018_cov_85.534979_9,mobileOG_000033487_ratio3_NODE_216_length_10018_cov_85.534979_3626-10018_ratio3_NODE_216_length_10018_cov_85.534979_9
24,mobileOG_000026107|parE|P20083|replication/recombination/repair|partitioning|Multiple|Manual,ratio3_NODE_289_length_8055_cov_262.834500_1-8055_ratio3_NODE_289_length_8055_cov_262.834500_6_1 # 3 # 1889 # -1 # ID=28_1;partial=10;start_type=ATG;rbs_motif=None;rbs_spacer=None;gc_cont=0.541,100.0,1251.0,630,0.0,629,1,629,1,629,mobileOG_000026107,parE,P20083,replication/recombination/repair,partitioning,Multiple,Manual,ratio3_NODE_289_length_8055_cov_262.834500_1-8055_ratio3_NODE_289_length_8055_cov_262.834500_6_1, 3 # 1889 # -1 , 3,1889,-1 ,28_1,28,1,10,ATG,None,None,0.541,ratio3_NODE_289_length_8055_cov_262.834500_1-8055_ratio3_NODE_289_length_8055_cov_262.834500_6,mobileOG_000026107_ratio3_NODE_289_length_8055_cov_262.834500_1-8055_ratio3_NODE_289_length_8055_cov_262.834500_6
25,mobileOG_000062109|tnpA|WP_109138279.1|integration/excision|NA|Multiple|Homology,ratio3_NODE_317_length_7414_cov_118.670200_1-7308_ratio3_NODE_317_length_7414_cov_118.670200_3_1 # 79 # 321 # 1 # ID=29_1;partial=00;start_type=GTG;rbs_motif=GGA/GAG/AGG;rbs_spacer=5-10bp;gc_cont=0.720,100.0,146.0,198,2.3699999999999997e-45,81,123,198,5,80,mobileOG_000062109,tnpA,WP_109138279.1,integration/excision,NA,Multiple,Homology,ratio3_NODE_317_length_7414_cov_118.670200_1-7308_ratio3_NODE_317_length_7414_cov_118.670200_3_1, 79 # 321 # 1 , 79,321,1 ,29_1,29,1,00,GTG,GGA/GAG/AGG,5-10bp,0.720,ratio3_NODE_317_length_7414_cov_118.670200_1-7308_ratio3_NODE_317_length_7414_cov_118.670200_3,mobileOG_000062109_ratio3_NODE_317_length_7414_cov_118.670200_1-7308_ratio3_NODE_317_length_7414_cov_118.670200_3
26,mobileOG_000326289|alkB|WP_000884919.1|replication/recombination/repair|NA|Plasmid RefSeq|Homology,ratio3_NODE_336_length_6937_cov_214.681488_1-6937_ratio3_NODE_336_length_6937_cov_214.681488_2_3 # 3614 # 4264 # -1 # ID=30_3;partial=00;start_type=ATG;rbs_motif=AGGAG;rbs_spacer=5-10bp;gc_cont=0.525,99.5,457.0,216,1.4499999999999993e-165,217,1,216,1,216,mobileOG_000326289,alkB,WP_000884919.1,replication/recombination/repair,NA,Plasmid RefSeq,Homology,ratio3_NODE_336_length_6937_cov_214.681488_1-6937_ratio3_NODE_336_length_6937_cov_214.681488_2_3, 3614 # 4264 # -1 , 3614,4264,-1 ,30_3,30,3,00,ATG,AGGAG,5-10bp,0.525,ratio3_NODE_336_length_6937_cov_214.681488_1-6937_ratio3_NODE_336_length_6937_cov_214.681488_2,mobileOG_000326289_ratio3_NODE_336_length_6937_cov_214.681488_1-6937_ratio3_NODE_336_length_6937_cov_214.681488_2
27,mobileOG_000329392|PSLT051|A0A086TQA6|replication/recombination/repair|NA|Plasmid RefSeq|Homology,ratio3_NODE_341_length_6767_cov_71.753576_1533-6767_ratio3_NODE_341_length_6767_cov_71.753576_6_4 # 3590 # 4534 # -1 # ID=31_4;partial=00;start_type=ATG;rbs_motif=GGA/GAG/AGG;rbs_spacer=5-10bp;gc_cont=0.495,100.0,626.0,314,2.3599999999999988e-229,315,1,314,1,314,mobileOG_000329392,PSLT051,A0A086TQA6,replication/recombination/repair,NA,Plasmid RefSeq,Homology,ratio3_NODE_341_length_6767_cov_71.753576_1533-6767_ratio3_NODE_341_length_6767_cov_71.753576_6_4, 3590 # 4534 # -1 , 3590,4534,-1 ,31_4,31,4,00,ATG,GGA/GAG/AGG,5-10bp,0.495,ratio3_NODE_341_length_6767_cov_71.753576_1533-6767_ratio3_NODE_341_length_6767_cov_71.753576_6,mobileOG_000329392_ratio3_NODE_341_length_6767_cov_71.753576_1533-6767_ratio3_NODE_341_length_6767_cov_71.753576_6
28,mobileOG_000055065|tnpA|A0A2K9V0Y3|integration/excision|NA|COMPASS|Homology,ratio3_NODE_505_length_4546_cov_37.725228_1-4546_ratio3_NODE_505_length_4546_cov_37.725228_4_5 # 3687 # 4511 # 1 # ID=50_5;partial=00;start_type=ATG;rbs_motif=None;rbs_spacer=None;gc_cont=0.450,100.0,557.0,274,2.9199999999999983e-203,275,1,274,1,274,mobileOG_000055065,tnpA,A0A2K9V0Y3,integration/excision,NA,COMPASS,Homology,ratio3_NODE_505_length_4546_cov_37.725228_1-4546_ratio3_NODE_505_length_4546_cov_37.725228_4_5, 3687 # 4511 # 1 , 3687,4511,1 ,50_5,50,5,00,ATG,None,None,0.450,ratio3_NODE_505_length_4546_cov_37.725228_1-4546_ratio3_NODE_505_length_4546_cov_37.725228_4,mobileOG_000055065_ratio3_NODE_505_length_4546_cov_37.725228_1-4546_ratio3_NODE_505_length_4546_cov_37.725228_4
29,mobileOG_000056778|insC1|WP_001459498.1|integration/excision|NA|COMPASS|Homology,ratio3_NODE_802_length_2262_cov_293.450385_1-2262_ratio3_NODE_802_length_2262_cov_293.450385_5_2 # 916 # 1107 # -1 # ID=58_2;partial=00;start_type=ATG;rbs_motif=4Base/6BMM;rbs_spacer=13-15bp;gc_cont=0.479,100.0,127.0,63,4.32e-40,64,1,63,1,63,mobileOG_000056778,insC1,WP_001459498.1,integration/excision,NA,COMPASS,Homology,ratio3_NODE_802_length_2262_cov_293.450385_1-2262_ratio3_NODE_802_length_2262_cov_293.450385_5_2, 916 # 1107 # -1 , 916,1107,-1 ,58_2,58,2,00,ATG,4Base/6BMM,13-15bp,0.479,ratio3_NODE_802_length_2262_cov_293.450385_1-2262_ratio3_NODE_802_length_2262_cov_293.450385_5,mobileOG_000056778_ratio3_NODE_802_length_2262_cov_293.450385_1-2262_ratio3_NODE_802_length_2262_cov_293.450385_5
30,mobileOG_000037312|tnpR|WP_001235713.1|integration/excision|NA|Multiple|Homology,ratio3_NODE_882_length_1914_cov_64.871436_1-1914_ratio3_NODE_882_length_1914_cov_64.871436_1_2 # 930 # 1487 # -1 # ID=66_2;partial=00;start_type=ATG;rbs_motif=GGA/GAG/AGG;rbs_spacer=5-10bp;gc_cont=0.523,100.0,348.0,185,1.3499999999999997e-123,186,1,185,1,185,mobileOG_000037312,tnpR,WP_001235713.1,integration/excision,NA,Multiple,Homology,ratio3_NODE_882_length_1914_cov_64.871436_1-1914_ratio3_NODE_882_length_1914_cov_64.871436_1_2, 930 # 1487 # -1 , 930,1487,-1 ,66_2,66,2,00,ATG,GGA/GAG/AGG,5-10bp,0.523,ratio3_NODE_882_length_1914_cov_64.871436_1-1914_ratio3_NODE_882_length_1914_cov_64.871436_1,mobileOG_000037312_ratio3_NODE_882_length_1914_cov_64.871436_1-1914_ratio3_NODE_882_length_1914_cov_64.871436_1
31,mobileOG_000375359|tnpA|WP_013307854.1|integration/excision|NA|Plasmid RefSeq|Homology,ratio3_NODE_882_length_1914_cov_64.871436_1-1914_ratio3_NODE_882_length_1914_cov_64.871436_1_3 # 1651 # 1914 # 1 # ID=66_3;partial=01;start_type=ATG;rbs_motif=GGAGG;rbs_spacer=5-10bp;gc_cont=0.500,100.0,185.0,95,3.8399999999999992e-62,88,1,88,1,88,mobileOG_000375359,tnpA,WP_013307854.1,integration/excision,NA,Plasmid RefSeq,Homology,ratio3_NODE_882_length_1914_cov_64.871436_1-1914_ratio3_NODE_882_length_1914_cov_64.871436_1_3, 1651 # 1914 # 1 , 1651,1914,1 ,66_3,66,3,01,ATG,GGAGG,5-10bp,0.500,ratio3_NODE_882_length_1914_cov_64.871436_1-1914_ratio3_NODE_882_length_1914_cov_64.871436_1,mobileOG_000375359_ratio3_NODE_882_length_1914_cov_64.871436_1-1914_ratio3_NODE_882_length_1914_cov_64.871436_1
,Sequence Title,Query Title,Pident,Bitscore,Subject Sequence Length,e-value,Query Sequence Length,Start of Alignment in Subject,End of Alignment in Query,Start of Alignment in Query,End of Alignment in Query,mobileOG ID,Gene Name,Best Hit Accession ID,Major mobileOG Category,Minor mobileOG Category,Source Database,Evidence Type,Contig/ORF Name,ORF_Start_Stop_Strands,ORF_Start,ORF_End,Sense or Antisense Strand,Prodigal ID,Prodigal Designated Contigs,Unique_ORF,Partial Tag,Start Codon,RBS Motif,RBS Spacer,GC Content,Specific Contig,Final Sample Name
0,mobileOG_000017974|insZ|A0A037Y8D2|integration/excision|NA|Multiple|Manual,ratio4_NODE_1_length_165923_cov_230.110805_35-10448_ratio4_NODE_1_length_165923_cov_230.110805_6_9 # 7633 # 7818 # -1 # ID=1_9;partial=00;start_type=ATG;rbs_motif=GGAG/GAGG;rbs_spacer=5-10bp;gc_cont=0.538,100.0,131.0,61,1.59e-41,62,1,61,1,61,mobileOG_000017974,insZ,A0A037Y8D2,integration/excision,NA,Multiple,Manual,ratio4_NODE_1_length_165923_cov_230.110805_35-10448_ratio4_NODE_1_length_165923_cov_230.110805_6_9, 7633 # 7818 # -1 , 7633,7818,-1 ,1_9,1,9,00,ATG,GGAG/GAGG,5-10bp,0.538,ratio4_NODE_1_length_165923_cov_230.110805_35-10448_ratio4_NODE_1_length_165923_cov_230.110805_6,mobileOG_000017974_ratio4_NODE_1_length_165923_cov_230.110805_35-10448_ratio4_NODE_1_length_165923_cov_230.110805_6
1,mobileOG_000026116|priC|F0JM94|replication/recombination/repair|NA|Plasmid RefSeq|Manual,ratio4_NODE_4_length_142547_cov_252.599837_95337-106530_ratio4_NODE_4_length_142547_cov_252.599837_96_9 # 10860 # 11192 # -1 # ID=4_9;partial=01;start_type=Edge;rbs_motif=None;rbs_spacer=None;gc_cont=0.610,96.4,197.0,175,3.479999999999999e-65,111,66,175,1,110,mobileOG_000026116,priC,F0JM94,replication/recombination/repair,NA,Plasmid RefSeq,Manual,ratio4_NODE_4_length_142547_cov_252.599837_95337-106530_ratio4_NODE_4_length_142547_cov_252.599837_96_9, 10860 # 11192 # -1 , 10860,11192,-1 ,4_9,4,9,01,Edge,None,None,0.610,ratio4_NODE_4_length_142547_cov_252.599837_95337-106530_ratio4_NODE_4_length_142547_cov_252.599837_96,mobileOG_000026116_ratio4_NODE_4_length_142547_cov_252.599837_95337-106530_ratio4_NODE_4_length_142547_cov_252.599837_96
2,"mobileOG_000025715|ihfB|WP_002898165.1|integration/excision|regulation,lysis/lysogeny|Plasmid RefSeq|Manual",ratio4_NODE_5_length_127506_cov_251.807785_27171-38919_ratio4_NODE_5_length_127506_cov_251.807785_25_3 # 2209 # 2493 # 1 # ID=5_3;partial=00;start_type=ATG;rbs_motif=GGAGG;rbs_spacer=3-4bp;gc_cont=0.491,97.8,187.0,95,8.879999999999998e-63,95,1,93,1,93,mobileOG_000025715,ihfB,WP_002898165.1,integration/excision,"regulation,lysis/lysogeny",Plasmid RefSeq,Manual,ratio4_NODE_5_length_127506_cov_251.807785_27171-38919_ratio4_NODE_5_length_127506_cov_251.807785_25_3, 2209 # 2493 # 1 , 2209,2493,1 ,5_3,5,3,00,ATG,GGAGG,3-4bp,0.491,ratio4_NODE_5_length_127506_cov_251.807785_27171-38919_ratio4_NODE_5_length_127506_cov_251.807785_25,mobileOG_000025715_ratio4_NODE_5_length_127506_cov_251.807785_27171-38919_ratio4_NODE_5_length_127506_cov_251.807785_25
3,mobileOG_000003237|fis|WP_000462905.1|integration/excision|replication/recombination/repair|Multiple|Manual,ratio4_NODE_6_length_112635_cov_254.543409_178-13282_ratio4_NODE_6_length_112635_cov_254.543409_7_12 # 11571 # 11867 # -1 # ID=6_12;partial=00;start_type=ATG;rbs_motif=GGA/GAG/AGG;rbs_spacer=11-12bp;gc_cont=0.471,100.0,189.0,98,1.9899999999999996e-63,99,1,98,1,98,mobileOG_000003237,fis,WP_000462905.1,integration/excision,replication/recombination/repair,Multiple,Manual,ratio4_NODE_6_length_112635_cov_254.543409_178-13282_ratio4_NODE_6_length_112635_cov_254.543409_7_12, 11571 # 11867 # -1 , 11571,11867,-1 ,6_12,6,12,00,ATG,GGA/GAG/AGG,11-12bp,0.471,ratio4_NODE_6_length_112635_cov_254.543409_178-13282_ratio4_NODE_6_length_112635_cov_254.543409_7,mobileOG_000003237_ratio4_NODE_6_length_112635_cov_254.543409_178-13282_ratio4_NODE_6_length_112635_cov_254.543409_7
4,mobileOG_000003237|fis|WP_000462905.1|integration/excision|replication/recombination/repair|Multiple|Manual,ratio4_NODE_6_length_112635_cov_254.543409_3294-14451_ratio4_NODE_6_length_112635_cov_254.543409_8_9 # 8455 # 8751 # -1 # ID=7_9;partial=00;start_type=ATG;rbs_motif=GGA/GAG/AGG;rbs_spacer=11-12bp;gc_cont=0.471,100.0,189.0,98,1.9899999999999996e-63,99,1,98,1,98,mobileOG_000003237,fis,WP_000462905.1,integration/excision,replication/recombination/repair,Multiple,Manual,ratio4_NODE_6_length_112635_cov_254.543409_3294-14451_ratio4_NODE_6_length_112635_cov_254.543409_8_9, 8455 # 8751 # -1 , 8455,8751,-1 ,7_9,7,9,00,ATG,GGA/GAG/AGG,11-12bp,0.471,ratio4_NODE_6_length_112635_cov_254.543409_3294-14451_ratio4_NODE_6_length_112635_cov_254.543409_8,mobileOG_000003237_ratio4_NODE_6_length_112635_cov_254.543409_3294-14451_ratio4_NODE_6_length_112635_cov_254.543409_8
5,mobileOG_000003237|fis|WP_000462905.1|integration/excision|replication/recombination/repair|Multiple|Manual,ratio4_NODE_6_length_112635_cov_254.543409_4850-15512_ratio4_NODE_6_length_112635_cov_254.543409_9_8 # 6899 # 7195 # -1 # ID=8_8;partial=00;start_type=ATG;rbs_motif=GGA/GAG/AGG;rbs_spacer=11-12bp;gc_cont=0.471,100.0,189.0,98,1.9899999999999996e-63,99,1,98,1,98,mobileOG_000003237,fis,WP_000462905.1,integration/excision,replication/recombination/repair,Multiple,Manual,ratio4_NODE_6_length_112635_cov_254.543409_4850-15512_ratio4_NODE_6_length_112635_cov_254.543409_9_8, 6899 # 7195 # -1 , 6899,7195,-1 ,8_8,8,8,00,ATG,GGA/GAG/AGG,11-12bp,0.471,ratio4_NODE_6_length_112635_cov_254.543409_4850-15512_ratio4_NODE_6_length_112635_cov_254.543409_9,mobileOG_000003237_ratio4_NODE_6_length_112635_cov_254.543409_4850-15512_ratio4_NODE_6_length_112635_cov_254.543409_9
6,mobileOG_000326289|alkB|WP_000884919.1|replication/recombination/repair|NA|Plasmid RefSeq|Homology,ratio4_NODE_7_length_112362_cov_249.796095_63339-74982_ratio4_NODE_7_length_112362_cov_249.796095_63_8 # 6720 # 7370 # -1 # ID=9_8;partial=00;start_type=ATG;rbs_motif=AGGAG;rbs_spacer=5-10bp;gc_cont=0.525,99.5,456.0,216,2.0499999999999994e-165,217,1,216,1,216,mobileOG_000326289,alkB,WP_000884919.1,replication/recombination/repair,NA,Plasmid RefSeq,Homology,ratio4_NODE_7_length_112362_cov_249.796095_63339-74982_ratio4_NODE_7_length_112362_cov_249.796095_63_8, 6720 # 7370 # -1 , 6720,7370,-1 ,9_8,9,8,00,ATG,AGGAG,5-10bp,0.525,ratio4_NODE_7_length_112362_cov_249.796095_63339-74982_ratio4_NODE_7_length_112362_cov_249.796095_63,mobileOG_000326289_ratio4_NODE_7_length_112362_cov_249.796095_63339-74982_ratio4_NODE_7_length_112362_cov_249.796095_63
7,mobileOG_000002433|dinI|WP_001217754.1|replication/recombination/repair|NA|Multiple|Manual,ratio4_NODE_8_length_105999_cov_240.814421_56970-68178_ratio4_NODE_8_length_105999_cov_240.814421_63_12 # 8840 # 9085 # 1 # ID=10_12;partial=00;start_type=ATG;rbs_motif=AGxAGG/AGGxGG;rbs_spacer=5-10bp;gc_cont=0.480,100.0,162.0,81,3.9799999999999997e-53,82,1,81,1,81,mobileOG_000002433,dinI,WP_001217754.1,replication/recombination/repair,NA,Multiple,Manual,ratio4_NODE_8_length_105999_cov_240.814421_56970-68178_ratio4_NODE_8_length_105999_cov_240.814421_63_12, 8840 # 9085 # 1 , 8840,9085,1 ,10_12,10,12,00,ATG,AGxAGG/AGGxGG,5-10bp,0.480,ratio4_NODE_8_length_105999_cov_240.814421_56970-68178_ratio4_NODE_8_length_105999_cov_240.814421_63,mobileOG_000002433_ratio4_NODE_8_length_105999_cov_240.814421_56970-68178_ratio4_NODE_8_length_105999_cov_240.814421_63
8,"mobileOG_000337943|cca|WP_000708503.1|phage|regulation,infection|Plasmid RefSeq|Homology",ratio4_NODE_19_length_56631_cov_244.154323_3323-14144_ratio4_NODE_19_length_56631_cov_244.154323_6_4 # 3600 # 4838 # 1 # ID=14_4;partial=00;start_type=GTG;rbs_motif=GGA/GAG/AGG;rbs_spacer=5-10bp;gc_cont=0.562,99.8,842.0,412,1.52e-311,413,1,412,1,412,mobileOG_000337943,cca,WP_000708503.1,phage,"regulation,infection",Plasmid RefSeq,Homology,ratio4_NODE_19_length_56631_cov_244.154323_3323-14144_ratio4_NODE_19_length_56631_cov_244.154323_6_4, 3600 # 4838 # 1 , 3600,4838,1 ,14_4,14,4,00,GTG,GGA/GAG/AGG,5-10bp,0.562,ratio4_NODE_19_length_56631_cov_244.154323_3323-14144_ratio4_NODE_19_length_56631_cov_244.154323_6,mobileOG_000337943_ratio4_NODE_19_length_56631_cov_244.154323_3323-14144_ratio4_NODE_19_length_56631_cov_244.154323_6
9,mobileOG_000002433|dinI|WP_001217754.1|replication/recombination/repair|NA|Multiple|Manual,ratio4_NODE_38_length_38562_cov_228.500221_4427-15635_ratio4_NODE_38_length_38562_cov_228.500221_13_12 # 8840 # 9085 # 1 # ID=21_12;partial=00;start_type=ATG;rbs_motif=AGxAGG/AGGxGG;rbs_spacer=5-10bp;gc_cont=0.480,100.0,162.0,81,3.9799999999999997e-53,82,1,81,1,81,mobileOG_000002433,dinI,WP_001217754.1,replication/recombination/repair,NA,Multiple,Manual,ratio4_NODE_38_length_38562_cov_228.500221_4427-15635_ratio4_NODE_38_length_38562_cov_228.500221_13_12, 8840 # 9085 # 1 , 8840,9085,1 ,21_12,21,12,00,ATG,AGxAGG/AGGxGG,5-10bp,0.480,ratio4_NODE_38_length_38562_cov_228.500221_4427-15635_ratio4_NODE_38_length_38562_cov_228.500221_13,mobileOG_000002433_ratio4_NODE_38_length_38562_cov_228.500221_4427-15635_ratio4_NODE_38_length_38562_cov_228.500221_13
10,mobileOG_000035663|relB|WP_000534857.1|stability/transfer/defense|NA|Multiple|Homology,ratio4_NODE_49_length_32361_cov_223.886399_7570-18226_ratio4_NODE_49_length_32361_cov_223.886399_14_2 # 1004 # 1243 # 1 # ID=27_2;partial=00;start_type=ATG;rbs_motif=GGAG/GAGG;rbs_spacer=5-10bp;gc_cont=0.479,100.0,152.0,79,2.26e-49,80,1,79,1,79,mobileOG_000035663,relB,WP_000534857.1,stability/transfer/defense,NA,Multiple,Homology,ratio4_NODE_49_length_32361_cov_223.886399_7570-18226_ratio4_NODE_49_length_32361_cov_223.886399_14_2, 1004 # 1243 # 1 , 1004,1243,1 ,27_2,27,2,00,ATG,GGAG/GAGG,5-10bp,0.479,ratio4_NODE_49_length_32361_cov_223.886399_7570-18226_ratio4_NODE_49_length_32361_cov_223.886399_14,mobileOG_000035663_ratio4_NODE_49_length_32361_cov_223.886399_7570-18226_ratio4_NODE_49_length_32361_cov_223.886399_14
11,mobileOG_000068946|relE|WP_001513653.1|stability/transfer/defense|NA|Multiple|Homology,ratio4_NODE_49_length_32361_cov_223.886399_7570-18226_ratio4_NODE_49_length_32361_cov_223.886399_14_3 # 1243 # 1437 # 1 # ID=27_3;partial=00;start_type=ATG;rbs_motif=GGA/GAG/AGG;rbs_spacer=5-10bp;gc_cont=0.487,100.0,127.0,64,4.62e-40,65,1,64,1,64,mobileOG_000068946,relE,WP_001513653.1,stability/transfer/defense,NA,Multiple,Homology,ratio4_NODE_49_length_32361_cov_223.886399_7570-18226_ratio4_NODE_49_length_32361_cov_223.886399_14_3, 1243 # 1437 # 1 , 1243,1437,1 ,27_3,27,3,00,ATG,GGA/GAG/AGG,5-10bp,0.487,ratio4_NODE_49_length_32361_cov_223.886399_7570-18226_ratio4_NODE_49_length_32361_cov_223.886399_14,mobileOG_000068946_ratio4_NODE_49_length_32361_cov_223.886399_7570-18226_ratio4_NODE_49_length_32361_cov_223.886399_14
12,mobileOG_000056463|tnpM|WP_001493763.1|integration/excision|NA|Multiple|Homology,ratio4_NODE_49_length_32361_cov_223.886399_7570-18226_ratio4_NODE_49_length_32361_cov_223.886399_14_4 # 1539 # 2084 # 1 # ID=27_4;partial=00;start_type=ATG;rbs_motif=GGAG/GAGG;rbs_spacer=5-10bp;gc_cont=0.511,100.0,377.0,181,5.179999999999998e-135,182,1,181,1,181,mobileOG_000056463,tnpM,WP_001493763.1,integration/excision,NA,Multiple,Homology,ratio4_NODE_49_length_32361_cov_223.886399_7570-18226_ratio4_NODE_49_length_32361_cov_223.886399_14_4, 1539 # 2084 # 1 , 1539,2084,1 ,27_4,27,4,00,ATG,GGAG/GAGG,5-10bp,0.511,ratio4_NODE_49_length_32361_cov_223.886399_7570-18226_ratio4_NODE_49_length_32361_cov_223.886399_14,mobileOG_000056463_ratio4_NODE_49_length_32361_cov_223.886399_7570-18226_ratio4_NODE_49_length_32361_cov_223.886399_14
13,mobileOG_000056464|tnpR|WP_001493762.1|integration/excision|NA|Multiple|Homology,ratio4_NODE_49_length_32361_cov_223.886399_7570-18226_ratio4_NODE_49_length_32361_cov_223.886399_14_5 # 2221 # 2793 # 1 # ID=27_5;partial=00;start_type=GTG;rbs_motif=GGAGG;rbs_spacer=5-10bp;gc_cont=0.543,100.0,374.0,190,1.7099999999999998e-133,191,1,190,1,190,mobileOG_000056464,tnpR,WP_001493762.1,integration/excision,NA,Multiple,Homology,ratio4_NODE_49_length_32361_cov_223.886399_7570-18226_ratio4_NODE_49_length_32361_cov_223.886399_14_5, 2221 # 2793 # 1 , 2221,2793,1 ,27_5,27,5,00,GTG,GGAGG,5-10bp,0.543,ratio4_NODE_49_length_32361_cov_223.886399_7570-18226_ratio4_NODE_49_length_32361_cov_223.886399_14,mobileOG_000056464_ratio4_NODE_49_length_32361_cov_223.886399_7570-18226_ratio4_NODE_49_length_32361_cov_223.886399_14
14,mobileOG_000056465|gin|WP_001493760.1|integration/excision|NA|COMPASS|Homology,ratio4_NODE_49_length_32361_cov_223.886399_7570-18226_ratio4_NODE_49_length_32361_cov_223.886399_14_7 # 4245 # 4682 # 1 # ID=27_7;partial=00;start_type=ATG;rbs_motif=None;rbs_spacer=None;gc_cont=0.555,100.0,279.0,145,1.8499999999999994e-97,146,1,145,1,145,mobileOG_000056465,gin,WP_001493760.1,integration/excision,NA,COMPASS,Homology,ratio4_NODE_49_length_32361_cov_223.886399_7570-18226_ratio4_NODE_49_length_32361_cov_223.886399_14_7, 4245 # 4682 # 1 , 4245,4682,1 ,27_7,27,7,00,ATG,None,None,0.555,ratio4_NODE_49_length_32361_cov_223.886399_7570-18226_ratio4_NODE_49_length_32361_cov_223.886399_14,mobileOG_000056465_ratio4_NODE_49_length_32361_cov_223.886399_7570-18226_ratio4_NODE_49_length_32361_cov_223.886399_14
15,mobileOG_000056778|insC1|WP_001459498.1|integration/excision|NA|COMPASS|Homology,ratio4_NODE_49_length_32361_cov_223.886399_7570-18226_ratio4_NODE_49_length_32361_cov_223.886399_14_9 # 6025 # 6216 # 1 # ID=27_9;partial=00;start_type=ATG;rbs_motif=4Base/6BMM;rbs_spacer=13-15bp;gc_cont=0.474,100.0,127.0,63,4.32e-40,64,1,63,1,63,mobileOG_000056778,insC1,WP_001459498.1,integration/excision,NA,COMPASS,Homology,ratio4_NODE_49_length_32361_cov_223.886399_7570-18226_ratio4_NODE_49_length_32361_cov_223.886399_14_9, 6025 # 6216 # 1 , 6025,6216,1 ,27_9,27,9,00,ATG,4Base/6BMM,13-15bp,0.474,ratio4_NODE_49_length_32361_cov_223.886399_7570-18226_ratio4_NODE_49_length_32361_cov_223.886399_14,mobileOG_000056778_ratio4_NODE_49_length_32361_cov_223.886399_7570-18226_ratio4_NODE_49_length_32361_cov_223.886399_14
16,mobileOG_000074301|tnpA|WP_021512645.1|integration/excision|NA|COMPASS|Homology,ratio4_NODE_49_length_32361_cov_223.886399_7570-18226_ratio4_NODE_49_length_32361_cov_223.886399_14_11 # 7110 # 9659 # -1 # ID=27_11;partial=00;start_type=ATG;rbs_motif=GGA/GAG/AGG;rbs_spacer=5-10bp;gc_cont=0.517,99.9,1668.0,980,0.0,850,132,980,1,849,mobileOG_000074301,tnpA,WP_021512645.1,integration/excision,NA,COMPASS,Homology,ratio4_NODE_49_length_32361_cov_223.886399_7570-18226_ratio4_NODE_49_length_32361_cov_223.886399_14_11, 7110 # 9659 # -1 , 7110,9659,-1 ,27_11,27,11,00,ATG,GGA/GAG/AGG,5-10bp,0.517,ratio4_NODE_49_length_32361_cov_223.886399_7570-18226_ratio4_NODE_49_length_32361_cov_223.886399_14,mobileOG_000074301_ratio4_NODE_49_length_32361_cov_223.886399_7570-18226_ratio4_NODE_49_length_32361_cov_223.886399_14
17,mobileOG_000056778|insC1|WP_001459498.1|integration/excision|NA|COMPASS|Homology,ratio4_NODE_49_length_32361_cov_223.886399_12867-23742_ratio4_NODE_49_length_32361_cov_223.886399_20_2 # 728 # 919 # 1 # ID=28_2;partial=00;start_type=ATG;rbs_motif=4Base/6BMM;rbs_spacer=13-15bp;gc_cont=0.474,100.0,127.0,63,4.32e-40,64,1,63,1,63,mobileOG_000056778,insC1,WP_001459498.1,integration/excision,NA,COMPASS,Homology,ratio4_NODE_49_length_32361_cov_223.886399_12867-23742_ratio4_NODE_49_length_32361_cov_223.886399_20_2, 728 # 919 # 1 , 728,919,1 ,28_2,28,2,00,ATG,4Base/6BMM,13-15bp,0.474,ratio4_NODE_49_length_32361_cov_223.886399_12867-23742_ratio4_NODE_49_length_32361_cov_223.886399_20,mobileOG_000056778_ratio4_NODE_49_length_32361_cov_223.886399_12867-23742_ratio4_NODE_49_length_32361_cov_223.886399_20
18,mobileOG_000074301|tnpA|WP_021512645.1|integration/excision|NA|COMPASS|Homology,ratio4_NODE_49_length_32361_cov_223.886399_12867-23742_ratio4_NODE_49_length_32361_cov_223.886399_20_4 # 1813 # 4362 # -1 # ID=28_4;partial=00;start_type=ATG;rbs_motif=GGA/GAG/AGG;rbs_spacer=5-10bp;gc_cont=0.517,99.9,1668.0,980,0.0,850,132,980,1,849,mobileOG_000074301,tnpA,WP_021512645.1,integration/excision,NA,COMPASS,Homology,ratio4_NODE_49_length_32361_cov_223.886399_12867-23742_ratio4_NODE_49_length_32361_cov_223.886399_20_4, 1813 # 4362 # -1 , 1813,4362,-1 ,28_4,28,4,00,ATG,GGA/GAG/AGG,5-10bp,0.517,ratio4_NODE_49_length_32361_cov_223.886399_12867-23742_ratio4_NODE_49_length_32361_cov_223.886399_20,mobileOG_000074301_ratio4_NODE_49_length_32361_cov_223.886399_12867-23742_ratio4_NODE_49_length_32361_cov_223.886399_20
19,mobileOG_000035646|tnpA|WP_000608644.1|integration/excision|NA|Multiple|Homology,ratio4_NODE_49_length_32361_cov_223.886399_12867-23742_ratio4_NODE_49_length_32361_cov_223.886399_20_8 # 6132 # 7394 # -1 # ID=28_8;partial=00;start_type=ATG;rbs_motif=GGA/GAG/AGG;rbs_spacer=5-10bp;gc_cont=0.340,100.0,823.0,420,1.689999999999999e-303,421,1,420,1,420,mobileOG_000035646,tnpA,WP_000608644.1,integration/excision,NA,Multiple,Homology,ratio4_NODE_49_length_32361_cov_223.886399_12867-23742_ratio4_NODE_49_length_32361_cov_223.886399_20_8, 6132 # 7394 # -1 , 6132,7394,-1 ,28_8,28,8,00,ATG,GGA/GAG/AGG,5-10bp,0.340,ratio4_NODE_49_length_32361_cov_223.886399_12867-23742_ratio4_NODE_49_length_32361_cov_223.886399_20,mobileOG_000035646_ratio4_NODE_49_length_32361_cov_223.886399_12867-23742_ratio4_NODE_49_length_32361_cov_223.886399_20
20,mobileOG_000329392|PSLT051|A0A086TQA6|replication/recombination/repair|NA|Plasmid RefSeq|Homology,ratio4_NODE_57_length_28726_cov_244.549475_12539-23771_ratio4_NODE_57_length_28726_cov_244.549475_19_8 # 6700 # 7644 # 1 # ID=29_8;partial=00;start_type=ATG;rbs_motif=GGA/GAG/AGG;rbs_spacer=5-10bp;gc_cont=0.494,100.0,626.0,314,2.3599999999999988e-229,315,1,314,1,314,mobileOG_000329392,PSLT051,A0A086TQA6,replication/recombination/repair,NA,Plasmid RefSeq,Homology,ratio4_NODE_57_length_28726_cov_244.549475_12539-23771_ratio4_NODE_57_length_28726_cov_244.549475_19_8, 6700 # 7644 # 1 , 6700,7644,1 ,29_8,29,8,00,ATG,GGA/GAG/AGG,5-10bp,0.494,ratio4_NODE_57_length_28726_cov_244.549475_12539-23771_ratio4_NODE_57_length_28726_cov_244.549475_19,mobileOG_000329392_ratio4_NODE_57_length_28726_cov_244.549475_12539-23771_ratio4_NODE_57_length_28726_cov_244.549475_19
21,mobileOG_000269897|tnpA|WP_129554438.1|integration/excision|NA|IME|Homology,ratio4_NODE_85_length_20349_cov_32.794865_1-6038_ratio4_NODE_85_length_20349_cov_32.794865_1_4 # 3350 # 3670 # -1 # ID=34_4;partial=00;start_type=TTG;rbs_motif=None;rbs_spacer=None;gc_cont=0.604,99.1,211.0,209,2.9299999999999994e-70,107,104,209,1,106,mobileOG_000269897,tnpA,WP_129554438.1,integration/excision,NA,IME,Homology,ratio4_NODE_85_length_20349_cov_32.794865_1-6038_ratio4_NODE_85_length_20349_cov_32.794865_1_4, 3350 # 3670 # -1 , 3350,3670,-1 ,34_4,34,4,00,TTG,None,None,0.604,ratio4_NODE_85_length_20349_cov_32.794865_1-6038_ratio4_NODE_85_length_20349_cov_32.794865_1,mobileOG_000269897_ratio4_NODE_85_length_20349_cov_32.794865_1-6038_ratio4_NODE_85_length_20349_cov_32.794865_1
22,mobileOG_000318210|tnpA|WP_086893244.1|integration/excision|NA|Plasmid RefSeq|Homology,ratio4_NODE_85_length_20349_cov_32.794865_1-6038_ratio4_NODE_85_length_20349_cov_32.794865_1_5 # 3846 # 4379 # -1 # ID=34_5;partial=00;start_type=ATG;rbs_motif=None;rbs_spacer=None;gc_cont=0.530,100.0,370.0,227,1.2499999999999996e-131,178,51,227,1,177,mobileOG_000318210,tnpA,WP_086893244.1,integration/excision,NA,Plasmid RefSeq,Homology,ratio4_NODE_85_length_20349_cov_32.794865_1-6038_ratio4_NODE_85_length_20349_cov_32.794865_1_5, 3846 # 4379 # -1 , 3846,4379,-1 ,34_5,34,5,00,ATG,None,None,0.530,ratio4_NODE_85_length_20349_cov_32.794865_1-6038_ratio4_NODE_85_length_20349_cov_32.794865_1,mobileOG_000318210_ratio4_NODE_85_length_20349_cov_32.794865_1-6038_ratio4_NODE_85_length_20349_cov_32.794865_1
23,mobileOG_000304542|traG|WP_001297077.1|transfer|conjugation|Plasmid RefSeq|Homology,ratio4_NODE_86_length_20295_cov_230.318034_1-10662_ratio4_NODE_86_length_20295_cov_230.318034_6_4 # 2641 # 3243 # -1 # ID=35_4;partial=00;start_type=GTG;rbs_motif=GGAG/GAGG;rbs_spacer=5-10bp;gc_cont=0.436,100.0,406.0,200,4.009999999999999e-146,201,1,200,1,200,mobileOG_000304542,traG,WP_001297077.1,transfer,conjugation,Plasmid RefSeq,Homology,ratio4_NODE_86_length_20295_cov_230.318034_1-10662_ratio4_NODE_86_length_20295_cov_230.318034_6_4, 2641 # 3243 # -1 , 2641,3243,-1 ,35_4,35,4,00,GTG,GGAG/GAGG,5-10bp,0.436,ratio4_NODE_86_length_20295_cov_230.318034_1-10662_ratio4_NODE_86_length_20295_cov_230.318034_6,mobileOG_000304542_ratio4_NODE_86_length_20295_cov_230.318034_1-10662_ratio4_NODE_86_length_20295_cov_230.318034_6
24,mobileOG_000026107|parE|P20083|replication/recombination/repair|partitioning|Multiple|Manual,ratio4_NODE_90_length_19423_cov_238.424050_3574-15055_ratio4_NODE_90_length_19423_cov_238.424050_10_12 # 9201 # 11093 # 1 # ID=39_12;partial=00;start_type=ATG;rbs_motif=None;rbs_spacer=None;gc_cont=0.539,100.0,1255.0,630,0.0,631,1,630,1,630,mobileOG_000026107,parE,P20083,replication/recombination/repair,partitioning,Multiple,Manual,ratio4_NODE_90_length_19423_cov_238.424050_3574-15055_ratio4_NODE_90_length_19423_cov_238.424050_10_12, 9201 # 11093 # 1 , 9201,11093,1 ,39_12,39,12,00,ATG,None,None,0.539,ratio4_NODE_90_length_19423_cov_238.424050_3574-15055_ratio4_NODE_90_length_19423_cov_238.424050_10,mobileOG_000026107_ratio4_NODE_90_length_19423_cov_238.424050_3574-15055_ratio4_NODE_90_length_19423_cov_238.424050_10
25,mobileOG_000330413|ecnB|ETJ37164.1|stability/transfer/defense|NA|Plasmid RefSeq|Homology,ratio4_NODE_95_length_18690_cov_257.848833_7917-18690_ratio4_NODE_95_length_18690_cov_257.848833_11_10 # 7252 # 7398 # -1 # ID=40_10;partial=00;start_type=ATG;rbs_motif=AGGA;rbs_spacer=5-10bp;gc_cont=0.490,100.0,88.2,48,8.370000000000002e-25,49,1,48,1,48,mobileOG_000330413,ecnB,ETJ37164.1,stability/transfer/defense,NA,Plasmid RefSeq,Homology,ratio4_NODE_95_length_18690_cov_257.848833_7917-18690_ratio4_NODE_95_length_18690_cov_257.848833_11_10, 7252 # 7398 # -1 , 7252,7398,-1 ,40_10,40,10,00,ATG,AGGA,5-10bp,0.490,ratio4_NODE_95_length_18690_cov_257.848833_7917-18690_ratio4_NODE_95_length_18690_cov_257.848833_11,mobileOG_000330413_ratio4_NODE_95_length_18690_cov_257.848833_7917-18690_ratio4_NODE_95_length_18690_cov_257.848833_11
26,mobileOG_000321643|ecnB|WP_000977757.1|stability/transfer/defense|NA|Plasmid RefSeq|Homology,ratio4_NODE_95_length_18690_cov_257.848833_7917-18690_ratio4_NODE_95_length_18690_cov_257.848833_11_11 # 7509 # 7634 # -1 # ID=40_11;partial=00;start_type=ATG;rbs_motif=GGA/GAG/AGG;rbs_spacer=5-10bp;gc_cont=0.540,100.0,79.3,41,1.73e-21,42,1,41,1,41,mobileOG_000321643,ecnB,WP_000977757.1,stability/transfer/defense,NA,Plasmid RefSeq,Homology,ratio4_NODE_95_length_18690_cov_257.848833_7917-18690_ratio4_NODE_95_length_18690_cov_257.848833_11_11, 7509 # 7634 # -1 , 7509,7634,-1 ,40_11,40,11,00,ATG,GGA/GAG/AGG,5-10bp,0.540,ratio4_NODE_95_length_18690_cov_257.848833_7917-18690_ratio4_NODE_95_length_18690_cov_257.848833_11,mobileOG_000321643_ratio4_NODE_95_length_18690_cov_257.848833_7917-18690_ratio4_NODE_95_length_18690_cov_257.848833_11
27,mobileOG_000037069|tnpA|WP_001138014.1|integration/excision|NA|Multiple|Homology,ratio4_NODE_129_length_12208_cov_176.751995_1-8840_ratio4_NODE_129_length_12208_cov_176.751995_4_1 # 3 # 1553 # 1 # ID=41_1;partial=10;start_type=Edge;rbs_motif=None;rbs_spacer=None;gc_cont=0.654,100.0,1031.0,988,0.0,517,473,988,1,516,mobileOG_000037069,tnpA,WP_001138014.1,integration/excision,NA,Multiple,Homology,ratio4_NODE_129_length_12208_cov_176.751995_1-8840_ratio4_NODE_129_length_12208_cov_176.751995_4_1, 3 # 1553 # 1 , 3,1553,1 ,41_1,41,1,10,Edge,None,None,0.654,ratio4_NODE_129_length_12208_cov_176.751995_1-8840_ratio4_NODE_129_length_12208_cov_176.751995_4,mobileOG_000037069_ratio4_NODE_129_length_12208_cov_176.751995_1-8840_ratio4_NODE_129_length_12208_cov_176.751995_4
28,mobileOG_000062109|tnpA|WP_109138279.1|integration/excision|NA|Multiple|Homology,ratio4_NODE_129_length_12208_cov_176.751995_1-8840_ratio4_NODE_129_length_12208_cov_176.751995_4_2 # 1611 # 1853 # 1 # ID=41_2;partial=00;start_type=GTG;rbs_motif=GGA/GAG/AGG;rbs_spacer=5-10bp;gc_cont=0.716,98.7,143.0,198,3.8700000000000003e-44,81,123,198,5,80,mobileOG_000062109,tnpA,WP_109138279.1,integration/excision,NA,Multiple,Homology,ratio4_NODE_129_length_12208_cov_176.751995_1-8840_ratio4_NODE_129_length_12208_cov_176.751995_4_2, 1611 # 1853 # 1 , 1611,1853,1 ,41_2,41,2,00,GTG,GGA/GAG/AGG,5-10bp,0.716,ratio4_NODE_129_length_12208_cov_176.751995_1-8840_ratio4_NODE_129_length_12208_cov_176.751995_4,mobileOG_000062109_ratio4_NODE_129_length_12208_cov_176.751995_1-8840_ratio4_NODE_129_length_12208_cov_176.751995_4
29,mobileOG_000055065|tnpA|A0A2K9V0Y3|integration/excision|NA|COMPASS|Homology,ratio4_NODE_258_length_4545_cov_11.104677_1-4545_ratio4_NODE_258_length_4545_cov_11.104677_2_1 # 35 # 859 # -1 # ID=53_1;partial=00;start_type=ATG;rbs_motif=None;rbs_spacer=None;gc_cont=0.450,100.0,557.0,274,2.9199999999999983e-203,275,1,274,1,274,mobileOG_000055065,tnpA,A0A2K9V0Y3,integration/excision,NA,COMPASS,Homology,ratio4_NODE_258_length_4545_cov_11.104677_1-4545_ratio4_NODE_258_length_4545_cov_11.104677_2_1, 35 # 859 # -1 , 35,859,-1 ,53_1,53,1,00,ATG,None,None,0.450,ratio4_NODE_258_length_4545_cov_11.104677_1-4545_ratio4_NODE_258_length_4545_cov_11.104677_2,mobileOG_000055065_ratio4_NODE_258_length_4545_cov_11.104677_1-4545_ratio4_NODE_258_length_4545_cov_11.104677_2
30,mobileOG_000001795|tnpR|P0ADI2|integration/excision|NA|Multiple|Manual,ratio4_NODE_378_length_2599_cov_5.142689_1-2599_ratio4_NODE_378_length_2599_cov_5.142689_2_1 # 1 # 249 # 1 # ID=56_1;partial=10;start_type=Edge;rbs_motif=None;rbs_spacer=None;gc_cont=0.542,98.8,151.0,83,5.8099999999999995e-49,83,2,83,1,82,mobileOG_000001795,tnpR,P0ADI2,integration/excision,NA,Multiple,Manual,ratio4_NODE_378_length_2599_cov_5.142689_1-2599_ratio4_NODE_378_length_2599_cov_5.142689_2_1, 1 # 249 # 1 , 1,249,1 ,56_1,56,1,10,Edge,None,None,0.542,ratio4_NODE_378_length_2599_cov_5.142689_1-2599_ratio4_NODE_378_length_2599_cov_5.142689_2,mobileOG_000001795_ratio4_NODE_378_length_2599_cov_5.142689_1-2599_ratio4_NODE_378_length_2599_cov_5.142689_2
31,mobileOG_000065580|parA_1|WP_011310109.1|replication/recombination/repair|transfer|Multiple|Homology,ratio4_NODE_378_length_2599_cov_5.142689_1-2599_ratio4_NODE_378_length_2599_cov_5.142689_2_3 # 1513 # 1815 # -1 # ID=56_3;partial=00;start_type=GTG;rbs_motif=GGAG/GAGG;rbs_spacer=5-10bp;gc_cont=0.403,99.0,181.0,308,1.47e-57,101,209,308,1,100,mobileOG_000065580,parA_1,WP_011310109.1,replication/recombination/repair,transfer,Multiple,Homology,ratio4_NODE_378_length_2599_cov_5.142689_1-2599_ratio4_NODE_378_length_2599_cov_5.142689_2_3, 1513 # 1815 # -1 , 1513,1815,-1 ,56_3,56,3,00,GTG,GGAG/GAGG,5-10bp,0.403,ratio4_NODE_378_length_2599_cov_5.142689_1-2599_ratio4_NODE_378_length_2599_cov_5.142689_2,mobileOG_000065580_ratio4_NODE_378_length_2599_cov_5.142689_1-2599_ratio4_NODE_378_length_2599_cov_5.142689_2
32,mobileOG_000053445|parA_1|WP_000587689.1|replication/recombination/repair|transfer|Multiple|Homology,ratio4_NODE_378_length_2599_cov_5.142689_1-2599_ratio4_NODE_378_length_2599_cov_5.142689_2_4 # 1812 # 2438 # -1 # ID=56_4;partial=00;start_type=ATG;rbs_motif=GGAG/GAGG;rbs_spacer=5-10bp;gc_cont=0.429,100.0,416.0,208,1.6199999999999996e-149,209,1,208,1,208,mobileOG_000053445,parA_1,WP_000587689.1,replication/recombination/repair,transfer,Multiple,Homology,ratio4_NODE_378_length_2599_cov_5.142689_1-2599_ratio4_NODE_378_length_2599_cov_5.142689_2_4, 1812 # 2438 # -1 , 1812,2438,-1 ,56_4,56,4,00,ATG,GGAG/GAGG,5-10bp,0.429,ratio4_NODE_378_length_2599_cov_5.142689_1-2599_ratio4_NODE_378_length_2599_cov_5.142689_2,mobileOG_000053445_ratio4_NODE_378_length_2599_cov_5.142689_1-2599_ratio4_NODE_378_length_2599_cov_5.142689_2
,Sequence Title,Query Title,Pident,Bitscore,Subject Sequence Length,e-value,Query Sequence Length,Start of Alignment in Subject,End of Alignment in Query,Start of Alignment in Query,End of Alignment in Query,mobileOG ID,Gene Name,Best Hit Accession ID,Major mobileOG Category,Minor mobileOG Category,Source Database,Evidence Type,Contig/ORF Name,ORF_Start_Stop_Strands,ORF_Start,ORF_End,Sense or Antisense Strand,Prodigal ID,Prodigal Designated Contigs,Unique_ORF,Partial Tag,Start Codon,RBS Motif,RBS Spacer,GC Content,Specific Contig,Final Sample Name
0,mobileOG_000002433|dinI|WP_001217754.1|replication/recombination/repair|NA|Multiple|Manual,ratio5_NODE_2_length_256990_cov_238.761558_121991-133199_ratio5_NODE_2_length_256990_cov_238.761558_125_4 # 2125 # 2370 # -1 # ID=4_4;partial=00;start_type=ATG;rbs_motif=AGxAGG/AGGxGG;rbs_spacer=5-10bp;gc_cont=0.480,100.0,162.0,81,3.9799999999999997e-53,82,1,81,1,81,mobileOG_000002433,dinI,WP_001217754.1,replication/recombination/repair,NA,Multiple,Manual,ratio5_NODE_2_length_256990_cov_238.761558_121991-133199_ratio5_NODE_2_length_256990_cov_238.761558_125_4, 2125 # 2370 # -1 , 2125,2370,-1 ,4_4,4,4,00,ATG,AGxAGG/AGGxGG,5-10bp,0.480,ratio5_NODE_2_length_256990_cov_238.761558_121991-133199_ratio5_NODE_2_length_256990_cov_238.761558_125,mobileOG_000002433_ratio5_NODE_2_length_256990_cov_238.761558_121991-133199_ratio5_NODE_2_length_256990_cov_238.761558_125
1,mobileOG_000003237|fis|WP_000462905.1|integration/excision|replication/recombination/repair|Multiple|Manual,ratio5_NODE_8_length_112635_cov_254.641961_97124-107786_ratio5_NODE_8_length_112635_cov_254.641961_97_4 # 3469 # 3765 # 1 # ID=6_4;partial=00;start_type=ATG;rbs_motif=GGA/GAG/AGG;rbs_spacer=11-12bp;gc_cont=0.471,100.0,189.0,98,1.9899999999999996e-63,99,1,98,1,98,mobileOG_000003237,fis,WP_000462905.1,integration/excision,replication/recombination/repair,Multiple,Manual,ratio5_NODE_8_length_112635_cov_254.641961_97124-107786_ratio5_NODE_8_length_112635_cov_254.641961_97_4, 3469 # 3765 # 1 , 3469,3765,1 ,6_4,6,4,00,ATG,GGA/GAG/AGG,11-12bp,0.471,ratio5_NODE_8_length_112635_cov_254.641961_97124-107786_ratio5_NODE_8_length_112635_cov_254.641961_97,mobileOG_000003237_ratio5_NODE_8_length_112635_cov_254.641961_97124-107786_ratio5_NODE_8_length_112635_cov_254.641961_97
2,mobileOG_000003237|fis|WP_000462905.1|integration/excision|replication/recombination/repair|Multiple|Manual,ratio5_NODE_8_length_112635_cov_254.641961_98185-109342_ratio5_NODE_8_length_112635_cov_254.641961_98_4 # 2408 # 2704 # 1 # ID=7_4;partial=00;start_type=ATG;rbs_motif=GGA/GAG/AGG;rbs_spacer=11-12bp;gc_cont=0.471,100.0,189.0,98,1.9899999999999996e-63,99,1,98,1,98,mobileOG_000003237,fis,WP_000462905.1,integration/excision,replication/recombination/repair,Multiple,Manual,ratio5_NODE_8_length_112635_cov_254.641961_98185-109342_ratio5_NODE_8_length_112635_cov_254.641961_98_4, 2408 # 2704 # 1 , 2408,2704,1 ,7_4,7,4,00,ATG,GGA/GAG/AGG,11-12bp,0.471,ratio5_NODE_8_length_112635_cov_254.641961_98185-109342_ratio5_NODE_8_length_112635_cov_254.641961_98,mobileOG_000003237_ratio5_NODE_8_length_112635_cov_254.641961_98185-109342_ratio5_NODE_8_length_112635_cov_254.641961_98
3,mobileOG_000003237|fis|WP_000462905.1|integration/excision|replication/recombination/repair|Multiple|Manual,ratio5_NODE_8_length_112635_cov_254.641961_99354-112458_ratio5_NODE_8_length_112635_cov_254.641961_99_2 # 1239 # 1535 # 1 # ID=8_2;partial=00;start_type=ATG;rbs_motif=GGA/GAG/AGG;rbs_spacer=11-12bp;gc_cont=0.471,100.0,189.0,98,1.9899999999999996e-63,99,1,98,1,98,mobileOG_000003237,fis,WP_000462905.1,integration/excision,replication/recombination/repair,Multiple,Manual,ratio5_NODE_8_length_112635_cov_254.641961_99354-112458_ratio5_NODE_8_length_112635_cov_254.641961_99_2, 1239 # 1535 # 1 , 1239,1535,1 ,8_2,8,2,00,ATG,GGA/GAG/AGG,11-12bp,0.471,ratio5_NODE_8_length_112635_cov_254.641961_99354-112458_ratio5_NODE_8_length_112635_cov_254.641961_99,mobileOG_000003237_ratio5_NODE_8_length_112635_cov_254.641961_99354-112458_ratio5_NODE_8_length_112635_cov_254.641961_99
4,mobileOG_000329392|PSLT051|A0A086TQA6|replication/recombination/repair|NA|Plasmid RefSeq|Homology,ratio5_NODE_20_length_54639_cov_235.223637_30869-42101_ratio5_NODE_20_length_54639_cov_235.223637_33_4 # 3590 # 4534 # -1 # ID=13_4;partial=00;start_type=ATG;rbs_motif=GGA/GAG/AGG;rbs_spacer=5-10bp;gc_cont=0.495,100.0,626.0,314,2.3599999999999988e-229,315,1,314,1,314,mobileOG_000329392,PSLT051,A0A086TQA6,replication/recombination/repair,NA,Plasmid RefSeq,Homology,ratio5_NODE_20_length_54639_cov_235.223637_30869-42101_ratio5_NODE_20_length_54639_cov_235.223637_33_4, 3590 # 4534 # -1 , 3590,4534,-1 ,13_4,13,4,00,ATG,GGA/GAG/AGG,5-10bp,0.495,ratio5_NODE_20_length_54639_cov_235.223637_30869-42101_ratio5_NODE_20_length_54639_cov_235.223637_33,mobileOG_000329392_ratio5_NODE_20_length_54639_cov_235.223637_30869-42101_ratio5_NODE_20_length_54639_cov_235.223637_33
5,"mobileOG_000337943|cca|WP_000708503.1|phage|regulation,infection|Plasmid RefSeq|Homology",ratio5_NODE_23_length_48163_cov_231.381475_12054-22875_ratio5_NODE_23_length_48163_cov_231.381475_14_4 # 3600 # 4838 # 1 # ID=18_4;partial=00;start_type=GTG;rbs_motif=GGA/GAG/AGG;rbs_spacer=5-10bp;gc_cont=0.563,99.8,842.0,412,1.52e-311,413,1,412,1,412,mobileOG_000337943,cca,WP_000708503.1,phage,"regulation,infection",Plasmid RefSeq,Homology,ratio5_NODE_23_length_48163_cov_231.381475_12054-22875_ratio5_NODE_23_length_48163_cov_231.381475_14_4, 3600 # 4838 # 1 , 3600,4838,1 ,18_4,18,4,00,GTG,GGA/GAG/AGG,5-10bp,0.563,ratio5_NODE_23_length_48163_cov_231.381475_12054-22875_ratio5_NODE_23_length_48163_cov_231.381475_14,mobileOG_000337943_ratio5_NODE_23_length_48163_cov_231.381475_12054-22875_ratio5_NODE_23_length_48163_cov_231.381475_14
6,"mobileOG_000025715|ihfB|WP_002898165.1|integration/excision|regulation,lysis/lysogeny|Plasmid RefSeq|Manual",ratio5_NODE_27_length_44766_cov_254.590973_22423-34171_ratio5_NODE_27_length_44766_cov_254.590973_22_9 # 9257 # 9541 # -1 # ID=20_9;partial=00;start_type=ATG;rbs_motif=GGAGG;rbs_spacer=3-4bp;gc_cont=0.491,97.8,187.0,95,8.879999999999998e-63,95,1,93,1,93,mobileOG_000025715,ihfB,WP_002898165.1,integration/excision,"regulation,lysis/lysogeny",Plasmid RefSeq,Manual,ratio5_NODE_27_length_44766_cov_254.590973_22423-34171_ratio5_NODE_27_length_44766_cov_254.590973_22_9, 9257 # 9541 # -1 , 9257,9541,-1 ,20_9,20,9,00,ATG,GGAGG,3-4bp,0.491,ratio5_NODE_27_length_44766_cov_254.590973_22423-34171_ratio5_NODE_27_length_44766_cov_254.590973_22,mobileOG_000025715_ratio5_NODE_27_length_44766_cov_254.590973_22423-34171_ratio5_NODE_27_length_44766_cov_254.590973_22
7,mobileOG_000035646|tnpA|WP_000608644.1|integration/excision|NA|Multiple|Homology,ratio5_NODE_35_length_38691_cov_232.354928_23405-34280_ratio5_NODE_35_length_38691_cov_232.354928_32_5 # 3483 # 4745 # 1 # ID=23_5;partial=00;start_type=ATG;rbs_motif=GGA/GAG/AGG;rbs_spacer=5-10bp;gc_cont=0.340,100.0,823.0,420,1.689999999999999e-303,421,1,420,1,420,mobileOG_000035646,tnpA,WP_000608644.1,integration/excision,NA,Multiple,Homology,ratio5_NODE_35_length_38691_cov_232.354928_23405-34280_ratio5_NODE_35_length_38691_cov_232.354928_32_5, 3483 # 4745 # 1 , 3483,4745,1 ,23_5,23,5,00,ATG,GGA/GAG/AGG,5-10bp,0.340,ratio5_NODE_35_length_38691_cov_232.354928_23405-34280_ratio5_NODE_35_length_38691_cov_232.354928_32,mobileOG_000035646_ratio5_NODE_35_length_38691_cov_232.354928_23405-34280_ratio5_NODE_35_length_38691_cov_232.354928_32
8,mobileOG_000074301|tnpA|WP_021512645.1|integration/excision|NA|COMPASS|Homology,ratio5_NODE_35_length_38691_cov_232.354928_23405-34280_ratio5_NODE_35_length_38691_cov_232.354928_32_9 # 6515 # 9064 # 1 # ID=23_9;partial=00;start_type=ATG;rbs_motif=GGA/GAG/AGG;rbs_spacer=5-10bp;gc_cont=0.517,99.9,1668.0,980,0.0,850,132,980,1,849,mobileOG_000074301,tnpA,WP_021512645.1,integration/excision,NA,COMPASS,Homology,ratio5_NODE_35_length_38691_cov_232.354928_23405-34280_ratio5_NODE_35_length_38691_cov_232.354928_32_9, 6515 # 9064 # 1 , 6515,9064,1 ,23_9,23,9,00,ATG,GGA/GAG/AGG,5-10bp,0.517,ratio5_NODE_35_length_38691_cov_232.354928_23405-34280_ratio5_NODE_35_length_38691_cov_232.354928_32,mobileOG_000074301_ratio5_NODE_35_length_38691_cov_232.354928_23405-34280_ratio5_NODE_35_length_38691_cov_232.354928_32
9,mobileOG_000056778|insC1|WP_001459498.1|integration/excision|NA|COMPASS|Homology,ratio5_NODE_35_length_38691_cov_232.354928_23405-34280_ratio5_NODE_35_length_38691_cov_232.354928_32_11 # 9958 # 10149 # -1 # ID=23_11;partial=00;start_type=ATG;rbs_motif=4Base/6BMM;rbs_spacer=13-15bp;gc_cont=0.479,100.0,127.0,63,4.32e-40,64,1,63,1,63,mobileOG_000056778,insC1,WP_001459498.1,integration/excision,NA,COMPASS,Homology,ratio5_NODE_35_length_38691_cov_232.354928_23405-34280_ratio5_NODE_35_length_38691_cov_232.354928_32_11, 9958 # 10149 # -1 , 9958,10149,-1 ,23_11,23,11,00,ATG,4Base/6BMM,13-15bp,0.479,ratio5_NODE_35_length_38691_cov_232.354928_23405-34280_ratio5_NODE_35_length_38691_cov_232.354928_32,mobileOG_000056778_ratio5_NODE_35_length_38691_cov_232.354928_23405-34280_ratio5_NODE_35_length_38691_cov_232.354928_32
10,mobileOG_000074301|tnpA|WP_021512645.1|integration/excision|NA|COMPASS|Homology,ratio5_NODE_35_length_38691_cov_232.354928_28921-38691_ratio5_NODE_35_length_38691_cov_232.354928_38_3 # 999 # 3548 # 1 # ID=24_3;partial=00;start_type=ATG;rbs_motif=GGA/GAG/AGG;rbs_spacer=5-10bp;gc_cont=0.517,99.9,1668.0,980,0.0,850,132,980,1,849,mobileOG_000074301,tnpA,WP_021512645.1,integration/excision,NA,COMPASS,Homology,ratio5_NODE_35_length_38691_cov_232.354928_28921-38691_ratio5_NODE_35_length_38691_cov_232.354928_38_3, 999 # 3548 # 1 , 999,3548,1 ,24_3,24,3,00,ATG,GGA/GAG/AGG,5-10bp,0.517,ratio5_NODE_35_length_38691_cov_232.354928_28921-38691_ratio5_NODE_35_length_38691_cov_232.354928_38,mobileOG_000074301_ratio5_NODE_35_length_38691_cov_232.354928_28921-38691_ratio5_NODE_35_length_38691_cov_232.354928_38
11,mobileOG_000056778|insC1|WP_001459498.1|integration/excision|NA|COMPASS|Homology,ratio5_NODE_35_length_38691_cov_232.354928_28921-38691_ratio5_NODE_35_length_38691_cov_232.354928_38_5 # 4442 # 4633 # -1 # ID=24_5;partial=00;start_type=ATG;rbs_motif=4Base/6BMM;rbs_spacer=13-15bp;gc_cont=0.479,100.0,127.0,63,4.32e-40,64,1,63,1,63,mobileOG_000056778,insC1,WP_001459498.1,integration/excision,NA,COMPASS,Homology,ratio5_NODE_35_length_38691_cov_232.354928_28921-38691_ratio5_NODE_35_length_38691_cov_232.354928_38_5, 4442 # 4633 # -1 , 4442,4633,-1 ,24_5,24,5,00,ATG,4Base/6BMM,13-15bp,0.479,ratio5_NODE_35_length_38691_cov_232.354928_28921-38691_ratio5_NODE_35_length_38691_cov_232.354928_38,mobileOG_000056778_ratio5_NODE_35_length_38691_cov_232.354928_28921-38691_ratio5_NODE_35_length_38691_cov_232.354928_38
12,mobileOG_000056465|gin|WP_001493760.1|integration/excision|NA|COMPASS|Homology,ratio5_NODE_35_length_38691_cov_232.354928_28921-38691_ratio5_NODE_35_length_38691_cov_232.354928_38_7 # 5976 # 6413 # -1 # ID=24_7;partial=00;start_type=ATG;rbs_motif=None;rbs_spacer=None;gc_cont=0.553,100.0,279.0,145,1.8499999999999994e-97,146,1,145,1,145,mobileOG_000056465,gin,WP_001493760.1,integration/excision,NA,COMPASS,Homology,ratio5_NODE_35_length_38691_cov_232.354928_28921-38691_ratio5_NODE_35_length_38691_cov_232.354928_38_7, 5976 # 6413 # -1 , 5976,6413,-1 ,24_7,24,7,00,ATG,None,None,0.553,ratio5_NODE_35_length_38691_cov_232.354928_28921-38691_ratio5_NODE_35_length_38691_cov_232.354928_38,mobileOG_000056465_ratio5_NODE_35_length_38691_cov_232.354928_28921-38691_ratio5_NODE_35_length_38691_cov_232.354928_38
13,mobileOG_000056464|tnpR|WP_001493762.1|integration/excision|NA|Multiple|Homology,ratio5_NODE_35_length_38691_cov_232.354928_28921-38691_ratio5_NODE_35_length_38691_cov_232.354928_38_9 # 7865 # 8437 # -1 # ID=24_9;partial=00;start_type=GTG;rbs_motif=GGAGG;rbs_spacer=5-10bp;gc_cont=0.545,100.0,374.0,190,1.7099999999999998e-133,191,1,190,1,190,mobileOG_000056464,tnpR,WP_001493762.1,integration/excision,NA,Multiple,Homology,ratio5_NODE_35_length_38691_cov_232.354928_28921-38691_ratio5_NODE_35_length_38691_cov_232.354928_38_9, 7865 # 8437 # -1 , 7865,8437,-1 ,24_9,24,9,00,GTG,GGAGG,5-10bp,0.545,ratio5_NODE_35_length_38691_cov_232.354928_28921-38691_ratio5_NODE_35_length_38691_cov_232.354928_38,mobileOG_000056464_ratio5_NODE_35_length_38691_cov_232.354928_28921-38691_ratio5_NODE_35_length_38691_cov_232.354928_38
14,mobileOG_000056463|tnpM|WP_001493763.1|integration/excision|NA|Multiple|Homology,ratio5_NODE_35_length_38691_cov_232.354928_28921-38691_ratio5_NODE_35_length_38691_cov_232.354928_38_10 # 8574 # 9119 # -1 # ID=24_10;partial=00;start_type=ATG;rbs_motif=GGAG/GAGG;rbs_spacer=5-10bp;gc_cont=0.511,100.0,377.0,181,5.179999999999998e-135,182,1,181,1,181,mobileOG_000056463,tnpM,WP_001493763.1,integration/excision,NA,Multiple,Homology,ratio5_NODE_35_length_38691_cov_232.354928_28921-38691_ratio5_NODE_35_length_38691_cov_232.354928_38_10, 8574 # 9119 # -1 , 8574,9119,-1 ,24_10,24,10,00,ATG,GGAG/GAGG,5-10bp,0.511,ratio5_NODE_35_length_38691_cov_232.354928_28921-38691_ratio5_NODE_35_length_38691_cov_232.354928_38,mobileOG_000056463_ratio5_NODE_35_length_38691_cov_232.354928_28921-38691_ratio5_NODE_35_length_38691_cov_232.354928_38
15,mobileOG_000068946|relE|WP_001513653.1|stability/transfer/defense|NA|Multiple|Homology,ratio5_NODE_35_length_38691_cov_232.354928_28921-38691_ratio5_NODE_35_length_38691_cov_232.354928_38_11 # 9221 # 9415 # -1 # ID=24_11;partial=00;start_type=ATG;rbs_motif=GGA/GAG/AGG;rbs_spacer=5-10bp;gc_cont=0.492,100.0,127.0,64,4.62e-40,65,1,64,1,64,mobileOG_000068946,relE,WP_001513653.1,stability/transfer/defense,NA,Multiple,Homology,ratio5_NODE_35_length_38691_cov_232.354928_28921-38691_ratio5_NODE_35_length_38691_cov_232.354928_38_11, 9221 # 9415 # -1 , 9221,9415,-1 ,24_11,24,11,00,ATG,GGA/GAG/AGG,5-10bp,0.492,ratio5_NODE_35_length_38691_cov_232.354928_28921-38691_ratio5_NODE_35_length_38691_cov_232.354928_38,mobileOG_000068946_ratio5_NODE_35_length_38691_cov_232.354928_28921-38691_ratio5_NODE_35_length_38691_cov_232.354928_38
16,mobileOG_000035663|relB|WP_000534857.1|stability/transfer/defense|NA|Multiple|Homology,ratio5_NODE_35_length_38691_cov_232.354928_28921-38691_ratio5_NODE_35_length_38691_cov_232.354928_38_12 # 9415 # 9654 # -1 # ID=24_12;partial=00;start_type=ATG;rbs_motif=GGAG/GAGG;rbs_spacer=5-10bp;gc_cont=0.479,100.0,152.0,79,2.26e-49,80,1,79,1,79,mobileOG_000035663,relB,WP_000534857.1,stability/transfer/defense,NA,Multiple,Homology,ratio5_NODE_35_length_38691_cov_232.354928_28921-38691_ratio5_NODE_35_length_38691_cov_232.354928_38_12, 9415 # 9654 # -1 , 9415,9654,-1 ,24_12,24,12,00,ATG,GGAG/GAGG,5-10bp,0.479,ratio5_NODE_35_length_38691_cov_232.354928_28921-38691_ratio5_NODE_35_length_38691_cov_232.354928_38,mobileOG_000035663_ratio5_NODE_35_length_38691_cov_232.354928_28921-38691_ratio5_NODE_35_length_38691_cov_232.354928_38
17,mobileOG_000326289|alkB|WP_000884919.1|replication/recombination/repair|NA|Plasmid RefSeq|Homology,ratio5_NODE_45_length_35141_cov_248.824061_1-8710_ratio5_NODE_45_length_35141_cov_248.824061_2_3 # 3786 # 4436 # -1 # ID=34_3;partial=00;start_type=ATG;rbs_motif=AGGAG;rbs_spacer=5-10bp;gc_cont=0.525,99.5,456.0,216,2.0499999999999994e-165,217,1,216,1,216,mobileOG_000326289,alkB,WP_000884919.1,replication/recombination/repair,NA,Plasmid RefSeq,Homology,ratio5_NODE_45_length_35141_cov_248.824061_1-8710_ratio5_NODE_45_length_35141_cov_248.824061_2_3, 3786 # 4436 # -1 , 3786,4436,-1 ,34_3,34,3,00,ATG,AGGAG,5-10bp,0.525,ratio5_NODE_45_length_35141_cov_248.824061_1-8710_ratio5_NODE_45_length_35141_cov_248.824061_2,mobileOG_000326289_ratio5_NODE_45_length_35141_cov_248.824061_1-8710_ratio5_NODE_45_length_35141_cov_248.824061_2
18,mobileOG_000304542|traG|WP_001297077.1|transfer|conjugation|Plasmid RefSeq|Homology,ratio5_NODE_50_length_31384_cov_244.857321_10643-21611_ratio5_NODE_50_length_31384_cov_244.857321_17_5 # 2948 # 3550 # -1 # ID=35_5;partial=00;start_type=GTG;rbs_motif=GGAG/GAGG;rbs_spacer=5-10bp;gc_cont=0.436,100.0,406.0,200,4.009999999999999e-146,201,1,200,1,200,mobileOG_000304542,traG,WP_001297077.1,transfer,conjugation,Plasmid RefSeq,Homology,ratio5_NODE_50_length_31384_cov_244.857321_10643-21611_ratio5_NODE_50_length_31384_cov_244.857321_17_5, 2948 # 3550 # -1 , 2948,3550,-1 ,35_5,35,5,00,GTG,GGAG/GAGG,5-10bp,0.436,ratio5_NODE_50_length_31384_cov_244.857321_10643-21611_ratio5_NODE_50_length_31384_cov_244.857321_17,mobileOG_000304542_ratio5_NODE_50_length_31384_cov_244.857321_10643-21611_ratio5_NODE_50_length_31384_cov_244.857321_17
19,mobileOG_000017974|insZ|A0A037Y8D2|integration/excision|NA|Multiple|Manual,ratio5_NODE_59_length_27549_cov_223.827017_17077-27490_ratio5_NODE_59_length_27549_cov_223.827017_26_2 # 2597 # 2782 # 1 # ID=36_2;partial=00;start_type=ATG;rbs_motif=GGAG/GAGG;rbs_spacer=5-10bp;gc_cont=0.538,100.0,131.0,61,1.59e-41,62,1,61,1,61,mobileOG_000017974,insZ,A0A037Y8D2,integration/excision,NA,Multiple,Manual,ratio5_NODE_59_length_27549_cov_223.827017_17077-27490_ratio5_NODE_59_length_27549_cov_223.827017_26_2, 2597 # 2782 # 1 , 2597,2782,1 ,36_2,36,2,00,ATG,GGAG/GAGG,5-10bp,0.538,ratio5_NODE_59_length_27549_cov_223.827017_17077-27490_ratio5_NODE_59_length_27549_cov_223.827017_26,mobileOG_000017974_ratio5_NODE_59_length_27549_cov_223.827017_17077-27490_ratio5_NODE_59_length_27549_cov_223.827017_26
20,mobileOG_000017973|insZ|A0A024L4B6|integration/excision|NA|GPD|Manual,ratio5_NODE_59_length_27549_cov_223.827017_17077-27490_ratio5_NODE_59_length_27549_cov_223.827017_26_3 # 2988 # 3497 # 1 # ID=36_3;partial=00;start_type=ATG;rbs_motif=None;rbs_spacer=None;gc_cont=0.522,99.4,318.0,196,1.1499999999999996e-111,170,37,196,10,169,mobileOG_000017973,insZ,A0A024L4B6,integration/excision,NA,GPD,Manual,ratio5_NODE_59_length_27549_cov_223.827017_17077-27490_ratio5_NODE_59_length_27549_cov_223.827017_26_3, 2988 # 3497 # 1 , 2988,3497,1 ,36_3,36,3,00,ATG,None,None,0.522,ratio5_NODE_59_length_27549_cov_223.827017_17077-27490_ratio5_NODE_59_length_27549_cov_223.827017_26,mobileOG_000017973_ratio5_NODE_59_length_27549_cov_223.827017_17077-27490_ratio5_NODE_59_length_27549_cov_223.827017_26
21,mobileOG_000026107|parE|P20083|replication/recombination/repair|partitioning|Multiple|Manual,ratio5_NODE_93_length_16336_cov_258.270377_4497-15978_ratio5_NODE_93_length_16336_cov_258.270377_14_2 # 390 # 2282 # -1 # ID=41_2;partial=00;start_type=ATG;rbs_motif=None;rbs_spacer=None;gc_cont=0.540,100.0,1255.0,630,0.0,631,1,630,1,630,mobileOG_000026107,parE,P20083,replication/recombination/repair,partitioning,Multiple,Manual,ratio5_NODE_93_length_16336_cov_258.270377_4497-15978_ratio5_NODE_93_length_16336_cov_258.270377_14_2, 390 # 2282 # -1 , 390,2282,-1 ,41_2,41,2,00,ATG,None,None,0.540,ratio5_NODE_93_length_16336_cov_258.270377_4497-15978_ratio5_NODE_93_length_16336_cov_258.270377_14,mobileOG_000026107_ratio5_NODE_93_length_16336_cov_258.270377_4497-15978_ratio5_NODE_93_length_16336_cov_258.270377_14
22,mobileOG_000321643|ecnB|WP_000977757.1|stability/transfer/defense|NA|Plasmid RefSeq|Homology,ratio5_NODE_111_length_12139_cov_262.802052_1-10812_ratio5_NODE_111_length_12139_cov_262.802052_8_4 # 3149 # 3271 # 1 # ID=43_4;partial=00;start_type=ATG;rbs_motif=GGA/GAG/AGG;rbs_spacer=5-10bp;gc_cont=0.553,100.0,78.6,41,3.3500000000000002e-21,41,2,41,1,40,mobileOG_000321643,ecnB,WP_000977757.1,stability/transfer/defense,NA,Plasmid RefSeq,Homology,ratio5_NODE_111_length_12139_cov_262.802052_1-10812_ratio5_NODE_111_length_12139_cov_262.802052_8_4, 3149 # 3271 # 1 , 3149,3271,1 ,43_4,43,4,00,ATG,GGA/GAG/AGG,5-10bp,0.553,ratio5_NODE_111_length_12139_cov_262.802052_1-10812_ratio5_NODE_111_length_12139_cov_262.802052_8,mobileOG_000321643_ratio5_NODE_111_length_12139_cov_262.802052_1-10812_ratio5_NODE_111_length_12139_cov_262.802052_8
23,mobileOG_000330413|ecnB|ETJ37164.1|stability/transfer/defense|NA|Plasmid RefSeq|Homology,ratio5_NODE_111_length_12139_cov_262.802052_1-10812_ratio5_NODE_111_length_12139_cov_262.802052_8_5 # 3382 # 3528 # 1 # ID=43_5;partial=00;start_type=ATG;rbs_motif=AGGA;rbs_spacer=5-10bp;gc_cont=0.490,100.0,88.2,48,8.370000000000002e-25,49,1,48,1,48,mobileOG_000330413,ecnB,ETJ37164.1,stability/transfer/defense,NA,Plasmid RefSeq,Homology,ratio5_NODE_111_length_12139_cov_262.802052_1-10812_ratio5_NODE_111_length_12139_cov_262.802052_8_5, 3382 # 3528 # 1 , 3382,3528,1 ,43_5,43,5,00,ATG,AGGA,5-10bp,0.490,ratio5_NODE_111_length_12139_cov_262.802052_1-10812_ratio5_NODE_111_length_12139_cov_262.802052_8,mobileOG_000330413_ratio5_NODE_111_length_12139_cov_262.802052_1-10812_ratio5_NODE_111_length_12139_cov_262.802052_8
24,mobileOG_000037069|tnpA|WP_001138014.1|integration/excision|NA|Multiple|Homology,ratio5_NODE_234_length_4595_cov_277.672907_1-4595_ratio5_NODE_234_length_4595_cov_277.672907_4_1 # 3 # 1553 # 1 # ID=45_1;partial=10;start_type=Edge;rbs_motif=None;rbs_spacer=None;gc_cont=0.654,100.0,1031.0,988,0.0,517,473,988,1,516,mobileOG_000037069,tnpA,WP_001138014.1,integration/excision,NA,Multiple,Homology,ratio5_NODE_234_length_4595_cov_277.672907_1-4595_ratio5_NODE_234_length_4595_cov_277.672907_4_1, 3 # 1553 # 1 , 3,1553,1 ,45_1,45,1,10,Edge,None,None,0.654,ratio5_NODE_234_length_4595_cov_277.672907_1-4595_ratio5_NODE_234_length_4595_cov_277.672907_4,mobileOG_000037069_ratio5_NODE_234_length_4595_cov_277.672907_1-4595_ratio5_NODE_234_length_4595_cov_277.672907_4
25,mobileOG_000062109|tnpA|WP_109138279.1|integration/excision|NA|Multiple|Homology,ratio5_NODE_234_length_4595_cov_277.672907_1-4595_ratio5_NODE_234_length_4595_cov_277.672907_4_2 # 1611 # 1853 # 1 # ID=45_2;partial=00;start_type=GTG;rbs_motif=GGA/GAG/AGG;rbs_spacer=5-10bp;gc_cont=0.716,98.7,143.0,198,3.8700000000000003e-44,81,123,198,5,80,mobileOG_000062109,tnpA,WP_109138279.1,integration/excision,NA,Multiple,Homology,ratio5_NODE_234_length_4595_cov_277.672907_1-4595_ratio5_NODE_234_length_4595_cov_277.672907_4_2, 1611 # 1853 # 1 , 1611,1853,1 ,45_2,45,2,00,GTG,GGA/GAG/AGG,5-10bp,0.716,ratio5_NODE_234_length_4595_cov_277.672907_1-4595_ratio5_NODE_234_length_4595_cov_277.672907_4,mobileOG_000062109_ratio5_NODE_234_length_4595_cov_277.672907_1-4595_ratio5_NODE_234_length_4595_cov_277.672907_4
26,mobileOG_000055065|tnpA|A0A2K9V0Y3|integration/excision|NA|COMPASS|Homology,ratio5_NODE_236_length_4545_cov_12.036526_1-4545_ratio5_NODE_236_length_4545_cov_12.036526_2_1 # 35 # 859 # -1 # ID=46_1;partial=00;start_type=ATG;rbs_motif=None;rbs_spacer=None;gc_cont=0.450,100.0,557.0,274,2.9199999999999983e-203,275,1,274,1,274,mobileOG_000055065,tnpA,A0A2K9V0Y3,integration/excision,NA,COMPASS,Homology,ratio5_NODE_236_length_4545_cov_12.036526_1-4545_ratio5_NODE_236_length_4545_cov_12.036526_2_1, 35 # 859 # -1 , 35,859,-1 ,46_1,46,1,00,ATG,None,None,0.450,ratio5_NODE_236_length_4545_cov_12.036526_1-4545_ratio5_NODE_236_length_4545_cov_12.036526_2,mobileOG_000055065_ratio5_NODE_236_length_4545_cov_12.036526_1-4545_ratio5_NODE_236_length_4545_cov_12.036526_2
27,mobileOG_000001795|tnpR|P0ADI2|integration/excision|NA|Multiple|Manual,ratio5_NODE_329_length_2599_cov_5.408805_1-2599_ratio5_NODE_329_length_2599_cov_5.408805_2_1 # 1 # 249 # 1 # ID=48_1;partial=10;start_type=Edge;rbs_motif=None;rbs_spacer=None;gc_cont=0.542,98.8,151.0,83,5.8099999999999995e-49,83,2,83,1,82,mobileOG_000001795,tnpR,P0ADI2,integration/excision,NA,Multiple,Manual,ratio5_NODE_329_length_2599_cov_5.408805_1-2599_ratio5_NODE_329_length_2599_cov_5.408805_2_1, 1 # 249 # 1 , 1,249,1 ,48_1,48,1,10,Edge,None,None,0.542,ratio5_NODE_329_length_2599_cov_5.408805_1-2599_ratio5_NODE_329_length_2599_cov_5.408805_2,mobileOG_000001795_ratio5_NODE_329_length_2599_cov_5.408805_1-2599_ratio5_NODE_329_length_2599_cov_5.408805_2
28,mobileOG_000065580|parA_1|WP_011310109.1|replication/recombination/repair|transfer|Multiple|Homology,ratio5_NODE_329_length_2599_cov_5.408805_1-2599_ratio5_NODE_329_length_2599_cov_5.408805_2_3 # 1513 # 1815 # -1 # ID=48_3;partial=00;start_type=GTG;rbs_motif=GGAG/GAGG;rbs_spacer=5-10bp;gc_cont=0.403,99.0,181.0,308,1.47e-57,101,209,308,1,100,mobileOG_000065580,parA_1,WP_011310109.1,replication/recombination/repair,transfer,Multiple,Homology,ratio5_NODE_329_length_2599_cov_5.408805_1-2599_ratio5_NODE_329_length_2599_cov_5.408805_2_3, 1513 # 1815 # -1 , 1513,1815,-1 ,48_3,48,3,00,GTG,GGAG/GAGG,5-10bp,0.403,ratio5_NODE_329_length_2599_cov_5.408805_1-2599_ratio5_NODE_329_length_2599_cov_5.408805_2,mobileOG_000065580_ratio5_NODE_329_length_2599_cov_5.408805_1-2599_ratio5_NODE_329_length_2599_cov_5.408805_2
29,mobileOG_000053445|parA_1|WP_000587689.1|replication/recombination/repair|transfer|Multiple|Homology,ratio5_NODE_329_length_2599_cov_5.408805_1-2599_ratio5_NODE_329_length_2599_cov_5.408805_2_4 # 1812 # 2438 # -1 # ID=48_4;partial=00;start_type=ATG;rbs_motif=GGAG/GAGG;rbs_spacer=5-10bp;gc_cont=0.429,100.0,416.0,208,1.6199999999999996e-149,209,1,208,1,208,mobileOG_000053445,parA_1,WP_000587689.1,replication/recombination/repair,transfer,Multiple,Homology,ratio5_NODE_329_length_2599_cov_5.408805_1-2599_ratio5_NODE_329_length_2599_cov_5.408805_2_4, 1812 # 2438 # -1 , 1812,2438,-1 ,48_4,48,4,00,ATG,GGAG/GAGG,5-10bp,0.429,ratio5_NODE_329_length_2599_cov_5.408805_1-2599_ratio5_NODE_329_length_2599_cov_5.408805_2,mobileOG_000053445_ratio5_NODE_329_length_2599_cov_5.408805_1-2599_ratio5_NODE_329_length_2599_cov_5.408805_2
,Sequence Title,Query Title,Pident,Bitscore,Subject Sequence Length,e-value,Query Sequence Length,Start of Alignment in Subject,End of Alignment in Query,Start of Alignment in Query,End of Alignment in Query,mobileOG ID,Gene Name,Best Hit Accession ID,Major mobileOG Category,Minor mobileOG Category,Source Database,Evidence Type,Contig/ORF Name,ORF_Start_Stop_Strands,ORF_Start,ORF_End,Sense or Antisense Strand,Prodigal ID,Prodigal Designated Contigs,Unique_ORF,Partial Tag,Start Codon,RBS Motif,RBS Spacer,GC Content,Specific Contig,Final Sample Name
0,"mobileOG_000337943|cca|WP_000708503.1|phage|regulation,infection|Plasmid RefSeq|Homology",ratio6_NODE_2_length_236965_cov_241.778950_12054-22875_ratio6_NODE_2_length_236965_cov_241.778950_14_4 # 3600 # 4838 # 1 # ID=3_4;partial=00;start_type=GTG;rbs_motif=GGA/GAG/AGG;rbs_spacer=5-10bp;gc_cont=0.563,99.8,842.0,412,1.52e-311,413,1,412,1,412,mobileOG_000337943,cca,WP_000708503.1,phage,"regulation,infection",Plasmid RefSeq,Homology,ratio6_NODE_2_length_236965_cov_241.778950_12054-22875_ratio6_NODE_2_length_236965_cov_241.778950_14_4, 3600 # 4838 # 1 , 3600,4838,1 ,3_4,3,4,00,GTG,GGA/GAG/AGG,5-10bp,0.563,ratio6_NODE_2_length_236965_cov_241.778950_12054-22875_ratio6_NODE_2_length_236965_cov_241.778950_14,mobileOG_000337943_ratio6_NODE_2_length_236965_cov_241.778950_12054-22875_ratio6_NODE_2_length_236965_cov_241.778950_14
1,mobileOG_000003237|fis|WP_000462905.1|integration/excision|replication/recombination/repair|Multiple|Manual,ratio6_NODE_2_length_236965_cov_241.778950_221181-231843_ratio6_NODE_2_length_236965_cov_241.778950_213_4 # 3469 # 3765 # 1 # ID=4_4;partial=00;start_type=ATG;rbs_motif=GGA/GAG/AGG;rbs_spacer=11-12bp;gc_cont=0.471,100.0,189.0,98,1.9899999999999996e-63,99,1,98,1,98,mobileOG_000003237,fis,WP_000462905.1,integration/excision,replication/recombination/repair,Multiple,Manual,ratio6_NODE_2_length_236965_cov_241.778950_221181-231843_ratio6_NODE_2_length_236965_cov_241.778950_213_4, 3469 # 3765 # 1 , 3469,3765,1 ,4_4,4,4,00,ATG,GGA/GAG/AGG,11-12bp,0.471,ratio6_NODE_2_length_236965_cov_241.778950_221181-231843_ratio6_NODE_2_length_236965_cov_241.778950_213,mobileOG_000003237_ratio6_NODE_2_length_236965_cov_241.778950_221181-231843_ratio6_NODE_2_length_236965_cov_241.778950_213
2,mobileOG_000003237|fis|WP_000462905.1|integration/excision|replication/recombination/repair|Multiple|Manual,ratio6_NODE_2_length_236965_cov_241.778950_222242-233399_ratio6_NODE_2_length_236965_cov_241.778950_214_4 # 2408 # 2704 # 1 # ID=5_4;partial=00;start_type=ATG;rbs_motif=GGA/GAG/AGG;rbs_spacer=11-12bp;gc_cont=0.471,100.0,189.0,98,1.9899999999999996e-63,99,1,98,1,98,mobileOG_000003237,fis,WP_000462905.1,integration/excision,replication/recombination/repair,Multiple,Manual,ratio6_NODE_2_length_236965_cov_241.778950_222242-233399_ratio6_NODE_2_length_236965_cov_241.778950_214_4, 2408 # 2704 # 1 , 2408,2704,1 ,5_4,5,4,00,ATG,GGA/GAG/AGG,11-12bp,0.471,ratio6_NODE_2_length_236965_cov_241.778950_222242-233399_ratio6_NODE_2_length_236965_cov_241.778950_214,mobileOG_000003237_ratio6_NODE_2_length_236965_cov_241.778950_222242-233399_ratio6_NODE_2_length_236965_cov_241.778950_214
3,mobileOG_000003237|fis|WP_000462905.1|integration/excision|replication/recombination/repair|Multiple|Manual,ratio6_NODE_2_length_236965_cov_241.778950_223411-236515_ratio6_NODE_2_length_236965_cov_241.778950_215_2 # 1239 # 1535 # 1 # ID=6_2;partial=00;start_type=ATG;rbs_motif=GGA/GAG/AGG;rbs_spacer=11-12bp;gc_cont=0.471,100.0,189.0,98,1.9899999999999996e-63,99,1,98,1,98,mobileOG_000003237,fis,WP_000462905.1,integration/excision,replication/recombination/repair,Multiple,Manual,ratio6_NODE_2_length_236965_cov_241.778950_223411-236515_ratio6_NODE_2_length_236965_cov_241.778950_215_2, 1239 # 1535 # 1 , 1239,1535,1 ,6_2,6,2,00,ATG,GGA/GAG/AGG,11-12bp,0.471,ratio6_NODE_2_length_236965_cov_241.778950_223411-236515_ratio6_NODE_2_length_236965_cov_241.778950_215,mobileOG_000003237_ratio6_NODE_2_length_236965_cov_241.778950_223411-236515_ratio6_NODE_2_length_236965_cov_241.778950_215
4,mobileOG_000002433|dinI|WP_001217754.1|replication/recombination/repair|NA|Multiple|Manual,ratio6_NODE_3_length_181767_cov_244.401999_3802-15010_ratio6_NODE_3_length_181767_cov_244.401999_13_12 # 8840 # 9085 # 1 # ID=7_12;partial=00;start_type=ATG;rbs_motif=AGxAGG/AGGxGG;rbs_spacer=5-10bp;gc_cont=0.480,100.0,162.0,81,3.9799999999999997e-53,82,1,81,1,81,mobileOG_000002433,dinI,WP_001217754.1,replication/recombination/repair,NA,Multiple,Manual,ratio6_NODE_3_length_181767_cov_244.401999_3802-15010_ratio6_NODE_3_length_181767_cov_244.401999_13_12, 8840 # 9085 # 1 , 8840,9085,1 ,7_12,7,12,00,ATG,AGxAGG/AGGxGG,5-10bp,0.480,ratio6_NODE_3_length_181767_cov_244.401999_3802-15010_ratio6_NODE_3_length_181767_cov_244.401999_13,mobileOG_000002433_ratio6_NODE_3_length_181767_cov_244.401999_3802-15010_ratio6_NODE_3_length_181767_cov_244.401999_13
5,"mobileOG_000025715|ihfB|WP_002898165.1|integration/excision|regulation,lysis/lysogeny|Plasmid RefSeq|Manual",ratio6_NODE_3_length_181767_cov_244.401999_159368-171116_ratio6_NODE_3_length_181767_cov_244.401999_159_9 # 9257 # 9541 # -1 # ID=9_9;partial=00;start_type=ATG;rbs_motif=GGAGG;rbs_spacer=3-4bp;gc_cont=0.491,97.8,187.0,95,8.879999999999998e-63,95,1,93,1,93,mobileOG_000025715,ihfB,WP_002898165.1,integration/excision,"regulation,lysis/lysogeny",Plasmid RefSeq,Manual,ratio6_NODE_3_length_181767_cov_244.401999_159368-171116_ratio6_NODE_3_length_181767_cov_244.401999_159_9, 9257 # 9541 # -1 , 9257,9541,-1 ,9_9,9,9,00,ATG,GGAGG,3-4bp,0.491,ratio6_NODE_3_length_181767_cov_244.401999_159368-171116_ratio6_NODE_3_length_181767_cov_244.401999_159,mobileOG_000025715_ratio6_NODE_3_length_181767_cov_244.401999_159368-171116_ratio6_NODE_3_length_181767_cov_244.401999_159
6,mobileOG_000326289|alkB|WP_000884919.1|replication/recombination/repair|NA|Plasmid RefSeq|Homology,ratio6_NODE_8_length_119670_cov_239.535685_1-10043_ratio6_NODE_8_length_119670_cov_239.535685_5_4 # 2674 # 3324 # 1 # ID=11_4;partial=00;start_type=ATG;rbs_motif=AGGAG;rbs_spacer=5-10bp;gc_cont=0.525,99.5,456.0,216,2.0499999999999994e-165,217,1,216,1,216,mobileOG_000326289,alkB,WP_000884919.1,replication/recombination/repair,NA,Plasmid RefSeq,Homology,ratio6_NODE_8_length_119670_cov_239.535685_1-10043_ratio6_NODE_8_length_119670_cov_239.535685_5_4, 2674 # 3324 # 1 , 2674,3324,1 ,11_4,11,4,00,ATG,AGGAG,5-10bp,0.525,ratio6_NODE_8_length_119670_cov_239.535685_1-10043_ratio6_NODE_8_length_119670_cov_239.535685_5,mobileOG_000326289_ratio6_NODE_8_length_119670_cov_239.535685_1-10043_ratio6_NODE_8_length_119670_cov_239.535685_5
7,mobileOG_000329392|PSLT051|A0A086TQA6|replication/recombination/repair|NA|Plasmid RefSeq|Homology,ratio6_NODE_23_length_54639_cov_235.672175_30869-42101_ratio6_NODE_23_length_54639_cov_235.672175_33_4 # 3590 # 4534 # -1 # ID=16_4;partial=00;start_type=ATG;rbs_motif=GGA/GAG/AGG;rbs_spacer=5-10bp;gc_cont=0.495,100.0,626.0,314,2.3599999999999988e-229,315,1,314,1,314,mobileOG_000329392,PSLT051,A0A086TQA6,replication/recombination/repair,NA,Plasmid RefSeq,Homology,ratio6_NODE_23_length_54639_cov_235.672175_30869-42101_ratio6_NODE_23_length_54639_cov_235.672175_33_4, 3590 # 4534 # -1 , 3590,4534,-1 ,16_4,16,4,00,ATG,GGA/GAG/AGG,5-10bp,0.495,ratio6_NODE_23_length_54639_cov_235.672175_30869-42101_ratio6_NODE_23_length_54639_cov_235.672175_33,mobileOG_000329392_ratio6_NODE_23_length_54639_cov_235.672175_30869-42101_ratio6_NODE_23_length_54639_cov_235.672175_33
8,mobileOG_000035646|tnpA|WP_000608644.1|integration/excision|NA|Multiple|Homology,ratio6_NODE_37_length_38691_cov_232.510715_23405-34280_ratio6_NODE_37_length_38691_cov_232.510715_32_5 # 3483 # 4745 # 1 # ID=24_5;partial=00;start_type=ATG;rbs_motif=GGA/GAG/AGG;rbs_spacer=5-10bp;gc_cont=0.340,100.0,823.0,420,1.689999999999999e-303,421,1,420,1,420,mobileOG_000035646,tnpA,WP_000608644.1,integration/excision,NA,Multiple,Homology,ratio6_NODE_37_length_38691_cov_232.510715_23405-34280_ratio6_NODE_37_length_38691_cov_232.510715_32_5, 3483 # 4745 # 1 , 3483,4745,1 ,24_5,24,5,00,ATG,GGA/GAG/AGG,5-10bp,0.340,ratio6_NODE_37_length_38691_cov_232.510715_23405-34280_ratio6_NODE_37_length_38691_cov_232.510715_32,mobileOG_000035646_ratio6_NODE_37_length_38691_cov_232.510715_23405-34280_ratio6_NODE_37_length_38691_cov_232.510715_32
9,mobileOG_000074301|tnpA|WP_021512645.1|integration/excision|NA|COMPASS|Homology,ratio6_NODE_37_length_38691_cov_232.510715_23405-34280_ratio6_NODE_37_length_38691_cov_232.510715_32_9 # 6515 # 9064 # 1 # ID=24_9;partial=00;start_type=ATG;rbs_motif=GGA/GAG/AGG;rbs_spacer=5-10bp;gc_cont=0.517,99.9,1668.0,980,0.0,850,132,980,1,849,mobileOG_000074301,tnpA,WP_021512645.1,integration/excision,NA,COMPASS,Homology,ratio6_NODE_37_length_38691_cov_232.510715_23405-34280_ratio6_NODE_37_length_38691_cov_232.510715_32_9, 6515 # 9064 # 1 , 6515,9064,1 ,24_9,24,9,00,ATG,GGA/GAG/AGG,5-10bp,0.517,ratio6_NODE_37_length_38691_cov_232.510715_23405-34280_ratio6_NODE_37_length_38691_cov_232.510715_32,mobileOG_000074301_ratio6_NODE_37_length_38691_cov_232.510715_23405-34280_ratio6_NODE_37_length_38691_cov_232.510715_32
10,mobileOG_000056778|insC1|WP_001459498.1|integration/excision|NA|COMPASS|Homology,ratio6_NODE_37_length_38691_cov_232.510715_23405-34280_ratio6_NODE_37_length_38691_cov_232.510715_32_11 # 9958 # 10149 # -1 # ID=24_11;partial=00;start_type=ATG;rbs_motif=4Base/6BMM;rbs_spacer=13-15bp;gc_cont=0.479,100.0,127.0,63,4.32e-40,64,1,63,1,63,mobileOG_000056778,insC1,WP_001459498.1,integration/excision,NA,COMPASS,Homology,ratio6_NODE_37_length_38691_cov_232.510715_23405-34280_ratio6_NODE_37_length_38691_cov_232.510715_32_11, 9958 # 10149 # -1 , 9958,10149,-1 ,24_11,24,11,00,ATG,4Base/6BMM,13-15bp,0.479,ratio6_NODE_37_length_38691_cov_232.510715_23405-34280_ratio6_NODE_37_length_38691_cov_232.510715_32,mobileOG_000056778_ratio6_NODE_37_length_38691_cov_232.510715_23405-34280_ratio6_NODE_37_length_38691_cov_232.510715_32
11,mobileOG_000074301|tnpA|WP_021512645.1|integration/excision|NA|COMPASS|Homology,ratio6_NODE_37_length_38691_cov_232.510715_28921-38691_ratio6_NODE_37_length_38691_cov_232.510715_38_3 # 999 # 3548 # 1 # ID=25_3;partial=00;start_type=ATG;rbs_motif=GGA/GAG/AGG;rbs_spacer=5-10bp;gc_cont=0.517,99.9,1668.0,980,0.0,850,132,980,1,849,mobileOG_000074301,tnpA,WP_021512645.1,integration/excision,NA,COMPASS,Homology,ratio6_NODE_37_length_38691_cov_232.510715_28921-38691_ratio6_NODE_37_length_38691_cov_232.510715_38_3, 999 # 3548 # 1 , 999,3548,1 ,25_3,25,3,00,ATG,GGA/GAG/AGG,5-10bp,0.517,ratio6_NODE_37_length_38691_cov_232.510715_28921-38691_ratio6_NODE_37_length_38691_cov_232.510715_38,mobileOG_000074301_ratio6_NODE_37_length_38691_cov_232.510715_28921-38691_ratio6_NODE_37_length_38691_cov_232.510715_38
12,mobileOG_000056778|insC1|WP_001459498.1|integration/excision|NA|COMPASS|Homology,ratio6_NODE_37_length_38691_cov_232.510715_28921-38691_ratio6_NODE_37_length_38691_cov_232.510715_38_5 # 4442 # 4633 # -1 # ID=25_5;partial=00;start_type=ATG;rbs_motif=4Base/6BMM;rbs_spacer=13-15bp;gc_cont=0.479,100.0,127.0,63,4.32e-40,64,1,63,1,63,mobileOG_000056778,insC1,WP_001459498.1,integration/excision,NA,COMPASS,Homology,ratio6_NODE_37_length_38691_cov_232.510715_28921-38691_ratio6_NODE_37_length_38691_cov_232.510715_38_5, 4442 # 4633 # -1 , 4442,4633,-1 ,25_5,25,5,00,ATG,4Base/6BMM,13-15bp,0.479,ratio6_NODE_37_length_38691_cov_232.510715_28921-38691_ratio6_NODE_37_length_38691_cov_232.510715_38,mobileOG_000056778_ratio6_NODE_37_length_38691_cov_232.510715_28921-38691_ratio6_NODE_37_length_38691_cov_232.510715_38
13,mobileOG_000056465|gin|WP_001493760.1|integration/excision|NA|COMPASS|Homology,ratio6_NODE_37_length_38691_cov_232.510715_28921-38691_ratio6_NODE_37_length_38691_cov_232.510715_38_7 # 5976 # 6413 # -1 # ID=25_7;partial=00;start_type=ATG;rbs_motif=None;rbs_spacer=None;gc_cont=0.553,100.0,279.0,145,1.8499999999999994e-97,146,1,145,1,145,mobileOG_000056465,gin,WP_001493760.1,integration/excision,NA,COMPASS,Homology,ratio6_NODE_37_length_38691_cov_232.510715_28921-38691_ratio6_NODE_37_length_38691_cov_232.510715_38_7, 5976 # 6413 # -1 , 5976,6413,-1 ,25_7,25,7,00,ATG,None,None,0.553,ratio6_NODE_37_length_38691_cov_232.510715_28921-38691_ratio6_NODE_37_length_38691_cov_232.510715_38,mobileOG_000056465_ratio6_NODE_37_length_38691_cov_232.510715_28921-38691_ratio6_NODE_37_length_38691_cov_232.510715_38
14,mobileOG_000056464|tnpR|WP_001493762.1|integration/excision|NA|Multiple|Homology,ratio6_NODE_37_length_38691_cov_232.510715_28921-38691_ratio6_NODE_37_length_38691_cov_232.510715_38_9 # 7865 # 8437 # -1 # ID=25_9;partial=00;start_type=GTG;rbs_motif=GGAGG;rbs_spacer=5-10bp;gc_cont=0.545,100.0,374.0,190,1.7099999999999998e-133,191,1,190,1,190,mobileOG_000056464,tnpR,WP_001493762.1,integration/excision,NA,Multiple,Homology,ratio6_NODE_37_length_38691_cov_232.510715_28921-38691_ratio6_NODE_37_length_38691_cov_232.510715_38_9, 7865 # 8437 # -1 , 7865,8437,-1 ,25_9,25,9,00,GTG,GGAGG,5-10bp,0.545,ratio6_NODE_37_length_38691_cov_232.510715_28921-38691_ratio6_NODE_37_length_38691_cov_232.510715_38,mobileOG_000056464_ratio6_NODE_37_length_38691_cov_232.510715_28921-38691_ratio6_NODE_37_length_38691_cov_232.510715_38
15,mobileOG_000056463|tnpM|WP_001493763.1|integration/excision|NA|Multiple|Homology,ratio6_NODE_37_length_38691_cov_232.510715_28921-38691_ratio6_NODE_37_length_38691_cov_232.510715_38_10 # 8574 # 9119 # -1 # ID=25_10;partial=00;start_type=ATG;rbs_motif=GGAG/GAGG;rbs_spacer=5-10bp;gc_cont=0.511,100.0,377.0,181,5.179999999999998e-135,182,1,181,1,181,mobileOG_000056463,tnpM,WP_001493763.1,integration/excision,NA,Multiple,Homology,ratio6_NODE_37_length_38691_cov_232.510715_28921-38691_ratio6_NODE_37_length_38691_cov_232.510715_38_10, 8574 # 9119 # -1 , 8574,9119,-1 ,25_10,25,10,00,ATG,GGAG/GAGG,5-10bp,0.511,ratio6_NODE_37_length_38691_cov_232.510715_28921-38691_ratio6_NODE_37_length_38691_cov_232.510715_38,mobileOG_000056463_ratio6_NODE_37_length_38691_cov_232.510715_28921-38691_ratio6_NODE_37_length_38691_cov_232.510715_38
16,mobileOG_000068946|relE|WP_001513653.1|stability/transfer/defense|NA|Multiple|Homology,ratio6_NODE_37_length_38691_cov_232.510715_28921-38691_ratio6_NODE_37_length_38691_cov_232.510715_38_11 # 9221 # 9415 # -1 # ID=25_11;partial=00;start_type=ATG;rbs_motif=GGA/GAG/AGG;rbs_spacer=5-10bp;gc_cont=0.492,100.0,127.0,64,4.62e-40,65,1,64,1,64,mobileOG_000068946,relE,WP_001513653.1,stability/transfer/defense,NA,Multiple,Homology,ratio6_NODE_37_length_38691_cov_232.510715_28921-38691_ratio6_NODE_37_length_38691_cov_232.510715_38_11, 9221 # 9415 # -1 , 9221,9415,-1 ,25_11,25,11,00,ATG,GGA/GAG/AGG,5-10bp,0.492,ratio6_NODE_37_length_38691_cov_232.510715_28921-38691_ratio6_NODE_37_length_38691_cov_232.510715_38,mobileOG_000068946_ratio6_NODE_37_length_38691_cov_232.510715_28921-38691_ratio6_NODE_37_length_38691_cov_232.510715_38
17,mobileOG_000035663|relB|WP_000534857.1|stability/transfer/defense|NA|Multiple|Homology,ratio6_NODE_37_length_38691_cov_232.510715_28921-38691_ratio6_NODE_37_length_38691_cov_232.510715_38_12 # 9415 # 9654 # -1 # ID=25_12;partial=00;start_type=ATG;rbs_motif=GGAG/GAGG;rbs_spacer=5-10bp;gc_cont=0.479,100.0,152.0,79,2.26e-49,80,1,79,1,79,mobileOG_000035663,relB,WP_000534857.1,stability/transfer/defense,NA,Multiple,Homology,ratio6_NODE_37_length_38691_cov_232.510715_28921-38691_ratio6_NODE_37_length_38691_cov_232.510715_38_12, 9415 # 9654 # -1 , 9415,9654,-1 ,25_12,25,12,00,ATG,GGAG/GAGG,5-10bp,0.479,ratio6_NODE_37_length_38691_cov_232.510715_28921-38691_ratio6_NODE_37_length_38691_cov_232.510715_38,mobileOG_000035663_ratio6_NODE_37_length_38691_cov_232.510715_28921-38691_ratio6_NODE_37_length_38691_cov_232.510715_38
18,mobileOG_000304542|traG|WP_001297077.1|transfer|conjugation|Plasmid RefSeq|Homology,ratio6_NODE_48_length_31384_cov_244.549682_9774-20742_ratio6_NODE_48_length_31384_cov_244.549682_17_8 # 7420 # 8022 # 1 # ID=32_8;partial=00;start_type=GTG;rbs_motif=GGAG/GAGG;rbs_spacer=5-10bp;gc_cont=0.436,100.0,406.0,200,4.009999999999999e-146,201,1,200,1,200,mobileOG_000304542,traG,WP_001297077.1,transfer,conjugation,Plasmid RefSeq,Homology,ratio6_NODE_48_length_31384_cov_244.549682_9774-20742_ratio6_NODE_48_length_31384_cov_244.549682_17_8, 7420 # 8022 # 1 , 7420,8022,1 ,32_8,32,8,00,GTG,GGAG/GAGG,5-10bp,0.436,ratio6_NODE_48_length_31384_cov_244.549682_9774-20742_ratio6_NODE_48_length_31384_cov_244.549682_17,mobileOG_000304542_ratio6_NODE_48_length_31384_cov_244.549682_9774-20742_ratio6_NODE_48_length_31384_cov_244.549682_17
19,mobileOG_000017974|insZ|A0A037Y8D2|integration/excision|NA|Multiple|Manual,ratio6_NODE_59_length_27549_cov_223.894086_17077-27490_ratio6_NODE_59_length_27549_cov_223.894086_25_2 # 2597 # 2782 # 1 # ID=33_2;partial=00;start_type=ATG;rbs_motif=GGAG/GAGG;rbs_spacer=5-10bp;gc_cont=0.538,100.0,131.0,61,1.59e-41,62,1,61,1,61,mobileOG_000017974,insZ,A0A037Y8D2,integration/excision,NA,Multiple,Manual,ratio6_NODE_59_length_27549_cov_223.894086_17077-27490_ratio6_NODE_59_length_27549_cov_223.894086_25_2, 2597 # 2782 # 1 , 2597,2782,1 ,33_2,33,2,00,ATG,GGAG/GAGG,5-10bp,0.538,ratio6_NODE_59_length_27549_cov_223.894086_17077-27490_ratio6_NODE_59_length_27549_cov_223.894086_25,mobileOG_000017974_ratio6_NODE_59_length_27549_cov_223.894086_17077-27490_ratio6_NODE_59_length_27549_cov_223.894086_25
20,mobileOG_000017973|insZ|A0A024L4B6|integration/excision|NA|GPD|Manual,ratio6_NODE_59_length_27549_cov_223.894086_17077-27490_ratio6_NODE_59_length_27549_cov_223.894086_25_3 # 2988 # 3497 # 1 # ID=33_3;partial=00;start_type=ATG;rbs_motif=None;rbs_spacer=None;gc_cont=0.522,99.4,318.0,196,1.1499999999999996e-111,170,37,196,10,169,mobileOG_000017973,insZ,A0A024L4B6,integration/excision,NA,GPD,Manual,ratio6_NODE_59_length_27549_cov_223.894086_17077-27490_ratio6_NODE_59_length_27549_cov_223.894086_25_3, 2988 # 3497 # 1 , 2988,3497,1 ,33_3,33,3,00,ATG,None,None,0.522,ratio6_NODE_59_length_27549_cov_223.894086_17077-27490_ratio6_NODE_59_length_27549_cov_223.894086_25,mobileOG_000017973_ratio6_NODE_59_length_27549_cov_223.894086_17077-27490_ratio6_NODE_59_length_27549_cov_223.894086_25
21,mobileOG_000026107|parE|P20083|replication/recombination/repair|partitioning|Multiple|Manual,ratio6_NODE_91_length_16336_cov_258.662306_4497-15978_ratio6_NODE_91_length_16336_cov_258.662306_13_2 # 390 # 2282 # -1 # ID=36_2;partial=00;start_type=ATG;rbs_motif=None;rbs_spacer=None;gc_cont=0.540,100.0,1255.0,630,0.0,631,1,630,1,630,mobileOG_000026107,parE,P20083,replication/recombination/repair,partitioning,Multiple,Manual,ratio6_NODE_91_length_16336_cov_258.662306_4497-15978_ratio6_NODE_91_length_16336_cov_258.662306_13_2, 390 # 2282 # -1 , 390,2282,-1 ,36_2,36,2,00,ATG,None,None,0.540,ratio6_NODE_91_length_16336_cov_258.662306_4497-15978_ratio6_NODE_91_length_16336_cov_258.662306_13,mobileOG_000026107_ratio6_NODE_91_length_16336_cov_258.662306_4497-15978_ratio6_NODE_91_length_16336_cov_258.662306_13
22,mobileOG_000321643|ecnB|WP_000977757.1|stability/transfer/defense|NA|Plasmid RefSeq|Homology,ratio6_NODE_109_length_12139_cov_262.344257_1-10812_ratio6_NODE_109_length_12139_cov_262.344257_8_4 # 3149 # 3271 # 1 # ID=40_4;partial=00;start_type=ATG;rbs_motif=GGA/GAG/AGG;rbs_spacer=5-10bp;gc_cont=0.553,100.0,78.6,41,3.3500000000000002e-21,41,2,41,1,40,mobileOG_000321643,ecnB,WP_000977757.1,stability/transfer/defense,NA,Plasmid RefSeq,Homology,ratio6_NODE_109_length_12139_cov_262.344257_1-10812_ratio6_NODE_109_length_12139_cov_262.344257_8_4, 3149 # 3271 # 1 , 3149,3271,1 ,40_4,40,4,00,ATG,GGA/GAG/AGG,5-10bp,0.553,ratio6_NODE_109_length_12139_cov_262.344257_1-10812_ratio6_NODE_109_length_12139_cov_262.344257_8,mobileOG_000321643_ratio6_NODE_109_length_12139_cov_262.344257_1-10812_ratio6_NODE_109_length_12139_cov_262.344257_8
23,mobileOG_000330413|ecnB|ETJ37164.1|stability/transfer/defense|NA|Plasmid RefSeq|Homology,ratio6_NODE_109_length_12139_cov_262.344257_1-10812_ratio6_NODE_109_length_12139_cov_262.344257_8_5 # 3382 # 3528 # 1 # ID=40_5;partial=00;start_type=ATG;rbs_motif=AGGA;rbs_spacer=5-10bp;gc_cont=0.490,100.0,88.2,48,8.370000000000002e-25,49,1,48,1,48,mobileOG_000330413,ecnB,ETJ37164.1,stability/transfer/defense,NA,Plasmid RefSeq,Homology,ratio6_NODE_109_length_12139_cov_262.344257_1-10812_ratio6_NODE_109_length_12139_cov_262.344257_8_5, 3382 # 3528 # 1 , 3382,3528,1 ,40_5,40,5,00,ATG,AGGA,5-10bp,0.490,ratio6_NODE_109_length_12139_cov_262.344257_1-10812_ratio6_NODE_109_length_12139_cov_262.344257_8,mobileOG_000330413_ratio6_NODE_109_length_12139_cov_262.344257_1-10812_ratio6_NODE_109_length_12139_cov_262.344257_8
24,mobileOG_000037069|tnpA|WP_001138014.1|integration/excision|NA|Multiple|Homology,ratio6_NODE_227_length_4595_cov_278.969383_1-4595_ratio6_NODE_227_length_4595_cov_278.969383_4_1 # 3 # 1553 # 1 # ID=45_1;partial=10;start_type=Edge;rbs_motif=None;rbs_spacer=None;gc_cont=0.654,100.0,1031.0,988,0.0,517,473,988,1,516,mobileOG_000037069,tnpA,WP_001138014.1,integration/excision,NA,Multiple,Homology,ratio6_NODE_227_length_4595_cov_278.969383_1-4595_ratio6_NODE_227_length_4595_cov_278.969383_4_1, 3 # 1553 # 1 , 3,1553,1 ,45_1,45,1,10,Edge,None,None,0.654,ratio6_NODE_227_length_4595_cov_278.969383_1-4595_ratio6_NODE_227_length_4595_cov_278.969383_4,mobileOG_000037069_ratio6_NODE_227_length_4595_cov_278.969383_1-4595_ratio6_NODE_227_length_4595_cov_278.969383_4
25,mobileOG_000062109|tnpA|WP_109138279.1|integration/excision|NA|Multiple|Homology,ratio6_NODE_227_length_4595_cov_278.969383_1-4595_ratio6_NODE_227_length_4595_cov_278.969383_4_2 # 1611 # 1853 # 1 # ID=45_2;partial=00;start_type=GTG;rbs_motif=GGA/GAG/AGG;rbs_spacer=5-10bp;gc_cont=0.716,98.7,143.0,198,3.8700000000000003e-44,81,123,198,5,80,mobileOG_000062109,tnpA,WP_109138279.1,integration/excision,NA,Multiple,Homology,ratio6_NODE_227_length_4595_cov_278.969383_1-4595_ratio6_NODE_227_length_4595_cov_278.969383_4_2, 1611 # 1853 # 1 , 1611,1853,1 ,45_2,45,2,00,GTG,GGA/GAG/AGG,5-10bp,0.716,ratio6_NODE_227_length_4595_cov_278.969383_1-4595_ratio6_NODE_227_length_4595_cov_278.969383_4,mobileOG_000062109_ratio6_NODE_227_length_4595_cov_278.969383_1-4595_ratio6_NODE_227_length_4595_cov_278.969383_4
26,mobileOG_000055065|tnpA|A0A2K9V0Y3|integration/excision|NA|COMPASS|Homology,ratio6_NODE_229_length_4545_cov_12.079287_1-4545_ratio6_NODE_229_length_4545_cov_12.079287_2_1 # 35 # 859 # -1 # ID=46_1;partial=00;start_type=ATG;rbs_motif=None;rbs_spacer=None;gc_cont=0.450,100.0,557.0,274,2.9199999999999983e-203,275,1,274,1,274,mobileOG_000055065,tnpA,A0A2K9V0Y3,integration/excision,NA,COMPASS,Homology,ratio6_NODE_229_length_4545_cov_12.079287_1-4545_ratio6_NODE_229_length_4545_cov_12.079287_2_1, 35 # 859 # -1 , 35,859,-1 ,46_1,46,1,00,ATG,None,None,0.450,ratio6_NODE_229_length_4545_cov_12.079287_1-4545_ratio6_NODE_229_length_4545_cov_12.079287_2,mobileOG_000055065_ratio6_NODE_229_length_4545_cov_12.079287_1-4545_ratio6_NODE_229_length_4545_cov_12.079287_2
27,mobileOG_000001795|tnpR|P0ADI2|integration/excision|NA|Multiple|Manual,ratio6_NODE_312_length_2599_cov_5.408805_1-2599_ratio6_NODE_312_length_2599_cov_5.408805_2_1 # 1 # 249 # 1 # ID=48_1;partial=10;start_type=Edge;rbs_motif=None;rbs_spacer=None;gc_cont=0.542,98.8,151.0,83,5.8099999999999995e-49,83,2,83,1,82,mobileOG_000001795,tnpR,P0ADI2,integration/excision,NA,Multiple,Manual,ratio6_NODE_312_length_2599_cov_5.408805_1-2599_ratio6_NODE_312_length_2599_cov_5.408805_2_1, 1 # 249 # 1 , 1,249,1 ,48_1,48,1,10,Edge,None,None,0.542,ratio6_NODE_312_length_2599_cov_5.408805_1-2599_ratio6_NODE_312_length_2599_cov_5.408805_2,mobileOG_000001795_ratio6_NODE_312_length_2599_cov_5.408805_1-2599_ratio6_NODE_312_length_2599_cov_5.408805_2
28,mobileOG_000065580|parA_1|WP_011310109.1|replication/recombination/repair|transfer|Multiple|Homology,ratio6_NODE_312_length_2599_cov_5.408805_1-2599_ratio6_NODE_312_length_2599_cov_5.408805_2_3 # 1513 # 1815 # -1 # ID=48_3;partial=00;start_type=GTG;rbs_motif=GGAG/GAGG;rbs_spacer=5-10bp;gc_cont=0.403,99.0,181.0,308,1.47e-57,101,209,308,1,100,mobileOG_000065580,parA_1,WP_011310109.1,replication/recombination/repair,transfer,Multiple,Homology,ratio6_NODE_312_length_2599_cov_5.408805_1-2599_ratio6_NODE_312_length_2599_cov_5.408805_2_3, 1513 # 1815 # -1 , 1513,1815,-1 ,48_3,48,3,00,GTG,GGAG/GAGG,5-10bp,0.403,ratio6_NODE_312_length_2599_cov_5.408805_1-2599_ratio6_NODE_312_length_2599_cov_5.408805_2,mobileOG_000065580_ratio6_NODE_312_length_2599_cov_5.408805_1-2599_ratio6_NODE_312_length_2599_cov_5.408805_2
29,mobileOG_000053445|parA_1|WP_000587689.1|replication/recombination/repair|transfer|Multiple|Homology,ratio6_NODE_312_length_2599_cov_5.408805_1-2599_ratio6_NODE_312_length_2599_cov_5.408805_2_4 # 1812 # 2438 # -1 # ID=48_4;partial=00;start_type=ATG;rbs_motif=GGAG/GAGG;rbs_spacer=5-10bp;gc_cont=0.429,100.0,416.0,208,1.6199999999999996e-149,209,1,208,1,208,mobileOG_000053445,parA_1,WP_000587689.1,replication/recombination/repair,transfer,Multiple,Homology,ratio6_NODE_312_length_2599_cov_5.408805_1-2599_ratio6_NODE_312_length_2599_cov_5.408805_2_4, 1812 # 2438 # -1 , 1812,2438,-1 ,48_4,48,4,00,ATG,GGAG/GAGG,5-10bp,0.429,ratio6_NODE_312_length_2599_cov_5.408805_1-2599_ratio6_NODE_312_length_2599_cov_5.408805_2,mobileOG_000053445_ratio6_NODE_312_length_2599_cov_5.408805_1-2599_ratio6_NODE_312_length_2599_cov_5.408805_2
,Sequence Title,Query Title,Pident,Bitscore,Subject Sequence Length,e-value,Query Sequence Length,Start of Alignment in Subject,End of Alignment in Query,Start of Alignment in Query,End of Alignment in Query,mobileOG ID,Gene Name,Best Hit Accession ID,Major mobileOG Category,Minor mobileOG Category,Source Database,Evidence Type,Contig/ORF Name,ORF_Start_Stop_Strands,ORF_Start,ORF_End,Sense or Antisense Strand,Prodigal ID,Prodigal Designated Contigs,Unique_ORF,Partial Tag,Start Codon,RBS Motif,RBS Spacer,GC Content,Specific Contig,Final Sample Name
0,mobileOG_000003237|fis|WP_000462905.1|integration/excision|replication/recombination/repair|Multiple|Manual,Esch_coli_GTEN_247_scaffold00001_499577-510734_scaffold00001_472_9 # 8455 # 8751 # -1 # ID=7_9;partial=00;start_type=ATG;rbs_motif=GGA/GAG/AGG;rbs_spacer=11-12bp;gc_cont=0.475,100.0,189.0,98,1.9899999999999996e-63,99,1,98,1,98,mobileOG_000003237,fis,WP_000462905.1,integration/excision,replication/recombination/repair,Multiple,Manual,Esch_coli_GTEN_247_scaffold00001_499577-510734_scaffold00001_472_9, 8455 # 8751 # -1 , 8455,8751,-1 ,7_9,7,9,00,ATG,GGA/GAG/AGG,11-12bp,0.475,Esch_coli_GTEN_247_scaffold00001_499577-510734_scaffold00001_472,mobileOG_000003237_Esch_coli_GTEN_247_scaffold00001_499577-510734_scaffold00001_472
1,mobileOG_000003237|fis|WP_000462905.1|integration/excision|replication/recombination/repair|Multiple|Manual,Esch_coli_GTEN_247_scaffold00001_501133-511795_scaffold00001_473_8 # 6899 # 7195 # -1 # ID=8_8;partial=00;start_type=ATG;rbs_motif=GGA/GAG/AGG;rbs_spacer=11-12bp;gc_cont=0.475,100.0,189.0,98,1.9899999999999996e-63,99,1,98,1,98,mobileOG_000003237,fis,WP_000462905.1,integration/excision,replication/recombination/repair,Multiple,Manual,Esch_coli_GTEN_247_scaffold00001_501133-511795_scaffold00001_473_8, 6899 # 7195 # -1 , 6899,7195,-1 ,8_8,8,8,00,ATG,GGA/GAG/AGG,11-12bp,0.475,Esch_coli_GTEN_247_scaffold00001_501133-511795_scaffold00001_473,mobileOG_000003237_Esch_coli_GTEN_247_scaffold00001_501133-511795_scaffold00001_473
2,"mobileOG_000025806|cca|J7Q9S8|phage|regulation,infection|Multiple|Manual",Esch_coli_GTEN_247_scaffold00001_701332-712153_scaffold00001_666_8 # 6004 # 7242 # -1 # ID=9_8;partial=00;start_type=GTG;rbs_motif=GGA/GAG/AGG;rbs_spacer=5-10bp;gc_cont=0.568,100.0,842.0,412,3.06e-311,413,1,412,1,412,mobileOG_000025806,cca,J7Q9S8,phage,"regulation,infection",Multiple,Manual,Esch_coli_GTEN_247_scaffold00001_701332-712153_scaffold00001_666_8, 6004 # 7242 # -1 , 6004,7242,-1 ,9_8,9,8,00,GTG,GGA/GAG/AGG,5-10bp,0.568,Esch_coli_GTEN_247_scaffold00001_701332-712153_scaffold00001_666,mobileOG_000025806_Esch_coli_GTEN_247_scaffold00001_701332-712153_scaffold00001_666
3,mobileOG_000026107|parE|P20083|replication/recombination/repair|partitioning|Multiple|Manual,Esch_coli_GTEN_247_scaffold00001_722965-734446_scaffold00001_685_10 # 9201 # 11093 # 1 # ID=10_10;partial=00;start_type=ATG;rbs_motif=None;rbs_spacer=None;gc_cont=0.535,100.0,1255.0,630,0.0,631,1,630,1,630,mobileOG_000026107,parE,P20083,replication/recombination/repair,partitioning,Multiple,Manual,Esch_coli_GTEN_247_scaffold00001_722965-734446_scaffold00001_685_10, 9201 # 11093 # 1 , 9201,11093,1 ,10_10,10,10,00,ATG,None,None,0.535,Esch_coli_GTEN_247_scaffold00001_722965-734446_scaffold00001_685,mobileOG_000026107_Esch_coli_GTEN_247_scaffold00001_722965-734446_scaffold00001_685
4,mobileOG_000304542|traG|WP_001297077.1|transfer|conjugation|Plasmid RefSeq|Homology,Esch_coli_GTEN_247_scaffold00001_1633823-1644791_scaffold00001_1530_8 # 7420 # 8022 # 1 # ID=19_8;partial=00;start_type=GTG;rbs_motif=GGAG/GAGG;rbs_spacer=5-10bp;gc_cont=0.438,99.5,404.0,200,2.3199999999999994e-145,201,1,200,1,200,mobileOG_000304542,traG,WP_001297077.1,transfer,conjugation,Plasmid RefSeq,Homology,Esch_coli_GTEN_247_scaffold00001_1633823-1644791_scaffold00001_1530_8, 7420 # 8022 # 1 , 7420,8022,1 ,19_8,19,8,00,GTG,GGAG/GAGG,5-10bp,0.438,Esch_coli_GTEN_247_scaffold00001_1633823-1644791_scaffold00001_1530,mobileOG_000304542_Esch_coli_GTEN_247_scaffold00001_1633823-1644791_scaffold00001_1530
5,mobileOG_000335061|alkB|WP_000884957.1|replication/recombination/repair|NA|Plasmid RefSeq|Homology,Esch_coli_GTEN_247_scaffold00001_1696207-1707850_scaffold00001_1576_5 # 4275 # 4925 # 1 # ID=20_5;partial=00;start_type=ATG;rbs_motif=AGGAG;rbs_spacer=5-10bp;gc_cont=0.524,99.5,455.0,216,5.889999999999998e-165,217,1,216,1,216,mobileOG_000335061,alkB,WP_000884957.1,replication/recombination/repair,NA,Plasmid RefSeq,Homology,Esch_coli_GTEN_247_scaffold00001_1696207-1707850_scaffold00001_1576_5, 4275 # 4925 # 1 , 4275,4925,1 ,20_5,20,5,00,ATG,AGGAG,5-10bp,0.524,Esch_coli_GTEN_247_scaffold00001_1696207-1707850_scaffold00001_1576,mobileOG_000335061_Esch_coli_GTEN_247_scaffold00001_1696207-1707850_scaffold00001_1576
6,mobileOG_000002433|dinI|WP_001217754.1|replication/recombination/repair|NA|Multiple|Manual,Esch_coli_GTEN_247_scaffold00001_2940270-2951478_scaffold00001_2753_12 # 8840 # 9085 # 1 # ID=29_12;partial=00;start_type=ATG;rbs_motif=AGxAGG/AGGxGG;rbs_spacer=5-10bp;gc_cont=0.480,100.0,162.0,81,3.9799999999999997e-53,82,1,81,1,81,mobileOG_000002433,dinI,WP_001217754.1,replication/recombination/repair,NA,Multiple,Manual,Esch_coli_GTEN_247_scaffold00001_2940270-2951478_scaffold00001_2753_12, 8840 # 9085 # 1 , 8840,9085,1 ,29_12,29,12,00,ATG,AGxAGG/AGGxGG,5-10bp,0.480,Esch_coli_GTEN_247_scaffold00001_2940270-2951478_scaffold00001_2753,mobileOG_000002433_Esch_coli_GTEN_247_scaffold00001_2940270-2951478_scaffold00001_2753
7,"mobileOG_000025715|ihfB|WP_002898165.1|integration/excision|regulation,lysis/lysogeny|Plasmid RefSeq|Manual",Esch_coli_GTEN_247_scaffold00001_3074358-3086106_scaffold00001_2880_9 # 9257 # 9541 # -1 # ID=31_9;partial=00;start_type=ATG;rbs_motif=GGAGG;rbs_spacer=3-4bp;gc_cont=0.491,97.8,187.0,95,8.879999999999998e-63,95,1,93,1,93,mobileOG_000025715,ihfB,WP_002898165.1,integration/excision,"regulation,lysis/lysogeny",Plasmid RefSeq,Manual,Esch_coli_GTEN_247_scaffold00001_3074358-3086106_scaffold00001_2880_9, 9257 # 9541 # -1 , 9257,9541,-1 ,31_9,31,9,00,ATG,GGAGG,3-4bp,0.491,Esch_coli_GTEN_247_scaffold00001_3074358-3086106_scaffold00001_2880,mobileOG_000025715_Esch_coli_GTEN_247_scaffold00001_3074358-3086106_scaffold00001_2880
8,mobileOG_000352862|seqA|WP_000848387.1|replication/recombination/repair|NA|Plasmid RefSeq|Homology,Esch_coli_GTEN_247_scaffold00001_3331111-3341788_scaffold00001_3106_7 # 8155 # 8700 # -1 # ID=33_7;partial=00;start_type=ATG;rbs_motif=GGA/GAG/AGG;rbs_spacer=5-10bp;gc_cont=0.500,100.0,353.0,181,1.0399999999999997e-125,182,1,181,1,181,mobileOG_000352862,seqA,WP_000848387.1,replication/recombination/repair,NA,Plasmid RefSeq,Homology,Esch_coli_GTEN_247_scaffold00001_3331111-3341788_scaffold00001_3106_7, 8155 # 8700 # -1 , 8155,8700,-1 ,33_7,33,7,00,ATG,GGA/GAG/AGG,5-10bp,0.500,Esch_coli_GTEN_247_scaffold00001_3331111-3341788_scaffold00001_3106,mobileOG_000352862_Esch_coli_GTEN_247_scaffold00001_3331111-3341788_scaffold00001_3106
9,mobileOG_000026116|priC|F0JM94|replication/recombination/repair|NA|Plasmid RefSeq|Manual,Esch_coli_GTEN_247_scaffold00001_3625757-3636950_scaffold00001_3378_1 # 2 # 505 # 1 # ID=34_1;partial=10;start_type=Edge;rbs_motif=None;rbs_spacer=None;gc_cont=0.597,95.8,303.0,175,4.479999999999999e-106,168,9,175,1,167,mobileOG_000026116,priC,F0JM94,replication/recombination/repair,NA,Plasmid RefSeq,Manual,Esch_coli_GTEN_247_scaffold00001_3625757-3636950_scaffold00001_3378_1, 2 # 505 # 1 , 2,505,1 ,34_1,34,1,10,Edge,None,None,0.597,Esch_coli_GTEN_247_scaffold00001_3625757-3636950_scaffold00001_3378,mobileOG_000026116_Esch_coli_GTEN_247_scaffold00001_3625757-3636950_scaffold00001_3378
10,mobileOG_000330413|ecnB|ETJ37164.1|stability/transfer/defense|NA|Plasmid RefSeq|Homology,Esch_coli_GTEN_247_scaffold00001_4440261-4451394_scaffold00001_4117_10 # 7245 # 7391 # -1 # ID=36_10;partial=00;start_type=ATG;rbs_motif=AGGA;rbs_spacer=5-10bp;gc_cont=0.483,100.0,88.2,48,8.370000000000002e-25,49,1,48,1,48,mobileOG_000330413,ecnB,ETJ37164.1,stability/transfer/defense,NA,Plasmid RefSeq,Homology,Esch_coli_GTEN_247_scaffold00001_4440261-4451394_scaffold00001_4117_10, 7245 # 7391 # -1 , 7245,7391,-1 ,36_10,36,10,00,ATG,AGGA,5-10bp,0.483,Esch_coli_GTEN_247_scaffold00001_4440261-4451394_scaffold00001_4117,mobileOG_000330413_Esch_coli_GTEN_247_scaffold00001_4440261-4451394_scaffold00001_4117
11,mobileOG_000321643|ecnB|WP_000977757.1|stability/transfer/defense|NA|Plasmid RefSeq|Homology,Esch_coli_GTEN_247_scaffold00001_4440261-4451394_scaffold00001_4117_11 # 7502 # 7627 # -1 # ID=36_11;partial=00;start_type=ATG;rbs_motif=GGA/GAG/AGG;rbs_spacer=5-10bp;gc_cont=0.500,97.6,77.8,41,7.08e-21,42,1,41,1,41,mobileOG_000321643,ecnB,WP_000977757.1,stability/transfer/defense,NA,Plasmid RefSeq,Homology,Esch_coli_GTEN_247_scaffold00001_4440261-4451394_scaffold00001_4117_11, 7502 # 7627 # -1 , 7502,7627,-1 ,36_11,36,11,00,ATG,GGA/GAG/AGG,5-10bp,0.500,Esch_coli_GTEN_247_scaffold00001_4440261-4451394_scaffold00001_4117,mobileOG_000321643_Esch_coli_GTEN_247_scaffold00001_4440261-4451394_scaffold00001_4117
12,mobileOG_000001346|insA3|P0CF08|integration/excision|NA|Multiple|Manual,Esch_coli_GTEN_247_scaffold00002_55165-65821_scaffold00002_65_5 # 3516 # 3791 # 1 # ID=42_5;partial=00;start_type=GTG;rbs_motif=GGAG/GAGG;rbs_spacer=5-10bp;gc_cont=0.536,100.0,190.0,91,4.1599999999999995e-64,92,1,91,1,91,mobileOG_000001346,insA3,P0CF08,integration/excision,NA,Multiple,Manual,Esch_coli_GTEN_247_scaffold00002_55165-65821_scaffold00002_65_5, 3516 # 3791 # 1 , 3516,3791,1 ,42_5,42,5,00,GTG,GGAG/GAGG,5-10bp,0.536,Esch_coli_GTEN_247_scaffold00002_55165-65821_scaffold00002_65,mobileOG_000001346_Esch_coli_GTEN_247_scaffold00002_55165-65821_scaffold00002_65
13,mobileOG_000035938|tnpA|WP_001067858.1|integration/excision|NA|Multiple|Homology,Esch_coli_GTEN_247_scaffold00002_55165-65821_scaffold00002_65_6 # 4113 # 4817 # 1 # ID=42_6;partial=00;start_type=ATG;rbs_motif=GGAG/GAGG;rbs_spacer=5-10bp;gc_cont=0.528,100.0,495.0,234,3.2699999999999987e-180,235,1,234,1,234,mobileOG_000035938,tnpA,WP_001067858.1,integration/excision,NA,Multiple,Homology,Esch_coli_GTEN_247_scaffold00002_55165-65821_scaffold00002_65_6, 4113 # 4817 # 1 , 4113,4817,1 ,42_6,42,6,00,ATG,GGAG/GAGG,5-10bp,0.528,Esch_coli_GTEN_247_scaffold00002_55165-65821_scaffold00002_65,mobileOG_000035938_Esch_coli_GTEN_247_scaffold00002_55165-65821_scaffold00002_65
14,mobileOG_000056778|insC1|WP_001459498.1|integration/excision|NA|COMPASS|Homology,Esch_coli_GTEN_247_scaffold00002_55165-65821_scaffold00002_65_8 # 6025 # 6216 # 1 # ID=42_8;partial=00;start_type=ATG;rbs_motif=4Base/6BMM;rbs_spacer=13-15bp;gc_cont=0.474,100.0,127.0,63,4.32e-40,64,1,63,1,63,mobileOG_000056778,insC1,WP_001459498.1,integration/excision,NA,COMPASS,Homology,Esch_coli_GTEN_247_scaffold00002_55165-65821_scaffold00002_65_8, 6025 # 6216 # 1 , 6025,6216,1 ,42_8,42,8,00,ATG,4Base/6BMM,13-15bp,0.474,Esch_coli_GTEN_247_scaffold00002_55165-65821_scaffold00002_65,mobileOG_000056778_Esch_coli_GTEN_247_scaffold00002_55165-65821_scaffold00002_65
15,mobileOG_000269840|tnpA|WP_001398206.1|integration/excision|NA|ICE|Homology,Esch_coli_GTEN_247_scaffold00002_55165-65821_scaffold00002_65_10 # 7110 # 10115 # -1 # ID=42_10;partial=00;start_type=ATG;rbs_motif=GGAGG;rbs_spacer=5-10bp;gc_cont=0.516,100.0,1981.0,1044,0.0,1002,44,1044,1,1001,mobileOG_000269840,tnpA,WP_001398206.1,integration/excision,NA,ICE,Homology,Esch_coli_GTEN_247_scaffold00002_55165-65821_scaffold00002_65_10, 7110 # 10115 # -1 , 7110,10115,-1 ,42_10,42,10,00,ATG,GGAGG,5-10bp,0.516,Esch_coli_GTEN_247_scaffold00002_55165-65821_scaffold00002_65,mobileOG_000269840_Esch_coli_GTEN_247_scaffold00002_55165-65821_scaffold00002_65
16,mobileOG_000292453|tnpR|WP_167811045.1|integration/excision|NA|Plasmid RefSeq|Homology,Esch_coli_GTEN_247_scaffold00002_55165-65821_scaffold00002_65_11 # 10279 # 10656 # 1 # ID=42_11;partial=01;start_type=ATG;rbs_motif=GGA/GAG/AGG;rbs_spacer=5-10bp;gc_cont=0.532,100.0,239.0,132,3.819999999999999e-82,126,1,126,1,126,mobileOG_000292453,tnpR,WP_167811045.1,integration/excision,NA,Plasmid RefSeq,Homology,Esch_coli_GTEN_247_scaffold00002_55165-65821_scaffold00002_65_11, 10279 # 10656 # 1 , 10279,10656,1 ,42_11,42,11,01,ATG,GGA/GAG/AGG,5-10bp,0.532,Esch_coli_GTEN_247_scaffold00002_55165-65821_scaffold00002_65,mobileOG_000292453_Esch_coli_GTEN_247_scaffold00002_55165-65821_scaffold00002_65
17,mobileOG_000057143|insC1|WP_012002054.1|integration/excision|NA|COMPASS|Homology,Esch_coli_GTEN_247_scaffold00002_61183-72043_scaffold00002_71_1 # 1 # 198 # 1 # ID=43_1;partial=10;start_type=Edge;rbs_motif=None;rbs_spacer=None;gc_cont=0.475,100.0,131.0,134,1.6e-40,66,2,66,1,65,mobileOG_000057143,insC1,WP_012002054.1,integration/excision,NA,COMPASS,Homology,Esch_coli_GTEN_247_scaffold00002_61183-72043_scaffold00002_71_1, 1 # 198 # 1 , 1,198,1 ,43_1,43,1,10,Edge,None,None,0.475,Esch_coli_GTEN_247_scaffold00002_61183-72043_scaffold00002_71,mobileOG_000057143_Esch_coli_GTEN_247_scaffold00002_61183-72043_scaffold00002_71
18,mobileOG_000269840|tnpA|WP_001398206.1|integration/excision|NA|ICE|Homology,Esch_coli_GTEN_247_scaffold00002_61183-72043_scaffold00002_71_4 # 1092 # 4097 # -1 # ID=43_4;partial=00;start_type=ATG;rbs_motif=GGAGG;rbs_spacer=5-10bp;gc_cont=0.516,100.0,1981.0,1044,0.0,1002,44,1044,1,1001,mobileOG_000269840,tnpA,WP_001398206.1,integration/excision,NA,ICE,Homology,Esch_coli_GTEN_247_scaffold00002_61183-72043_scaffold00002_71_4, 1092 # 4097 # -1 , 1092,4097,-1 ,43_4,43,4,00,ATG,GGAGG,5-10bp,0.516,Esch_coli_GTEN_247_scaffold00002_61183-72043_scaffold00002_71,mobileOG_000269840_Esch_coli_GTEN_247_scaffold00002_61183-72043_scaffold00002_71
19,mobileOG_000037312|tnpR|WP_001235713.1|integration/excision|NA|Multiple|Homology,Esch_coli_GTEN_247_scaffold00002_61183-72043_scaffold00002_71_5 # 4261 # 4818 # 1 # ID=43_5;partial=00;start_type=ATG;rbs_motif=GGA/GAG/AGG;rbs_spacer=5-10bp;gc_cont=0.527,100.0,348.0,185,1.3499999999999997e-123,186,1,185,1,185,mobileOG_000037312,tnpR,WP_001235713.1,integration/excision,NA,Multiple,Homology,Esch_coli_GTEN_247_scaffold00002_61183-72043_scaffold00002_71_5, 4261 # 4818 # 1 , 4261,4818,1 ,43_5,43,5,00,ATG,GGA/GAG/AGG,5-10bp,0.527,Esch_coli_GTEN_247_scaffold00002_61183-72043_scaffold00002_71,mobileOG_000037312_Esch_coli_GTEN_247_scaffold00002_61183-72043_scaffold00002_71
20,mobileOG_000038469|tnpR|WP_000427619.1|integration/excision|NA|Multiple|Homology,Esch_coli_GTEN_247_scaffold00002_61183-72043_scaffold00002_71_11 # 9295 # 10299 # -1 # ID=43_11;partial=00;start_type=ATG;rbs_motif=GGAG/GAGG;rbs_spacer=5-10bp;gc_cont=0.489,99.7,651.0,334,1.969999999999999e-238,335,1,334,1,334,mobileOG_000038469,tnpR,WP_000427619.1,integration/excision,NA,Multiple,Homology,Esch_coli_GTEN_247_scaffold00002_61183-72043_scaffold00002_71_11, 9295 # 10299 # -1 , 9295,10299,-1 ,43_11,43,11,00,ATG,GGAG/GAGG,5-10bp,0.489,Esch_coli_GTEN_247_scaffold00002_61183-72043_scaffold00002_71,mobileOG_000038469_Esch_coli_GTEN_247_scaffold00002_61183-72043_scaffold00002_71
21,mobileOG_000269840|tnpA|WP_001398206.1|integration/excision|NA|ICE|Homology,Esch_coli_GTEN_247_scaffold00002_62274-73110_scaffold00002_72_1 # 1 # 3006 # -1 # ID=44_1;partial=00;start_type=ATG;rbs_motif=GGAGG;rbs_spacer=5-10bp;gc_cont=0.516,100.0,1981.0,1044,0.0,1002,44,1044,1,1001,mobileOG_000269840,tnpA,WP_001398206.1,integration/excision,NA,ICE,Homology,Esch_coli_GTEN_247_scaffold00002_62274-73110_scaffold00002_72_1, 1 # 3006 # -1 , 1,3006,-1 ,44_1,44,1,00,ATG,GGAGG,5-10bp,0.516,Esch_coli_GTEN_247_scaffold00002_62274-73110_scaffold00002_72,mobileOG_000269840_Esch_coli_GTEN_247_scaffold00002_62274-73110_scaffold00002_72
22,mobileOG_000037312|tnpR|WP_001235713.1|integration/excision|NA|Multiple|Homology,Esch_coli_GTEN_247_scaffold00002_62274-73110_scaffold00002_72_2 # 3170 # 3727 # 1 # ID=44_2;partial=00;start_type=ATG;rbs_motif=GGA/GAG/AGG;rbs_spacer=5-10bp;gc_cont=0.527,100.0,348.0,185,1.3499999999999997e-123,186,1,185,1,185,mobileOG_000037312,tnpR,WP_001235713.1,integration/excision,NA,Multiple,Homology,Esch_coli_GTEN_247_scaffold00002_62274-73110_scaffold00002_72_2, 3170 # 3727 # 1 , 3170,3727,1 ,44_2,44,2,00,ATG,GGA/GAG/AGG,5-10bp,0.527,Esch_coli_GTEN_247_scaffold00002_62274-73110_scaffold00002_72,mobileOG_000037312_Esch_coli_GTEN_247_scaffold00002_62274-73110_scaffold00002_72
23,mobileOG_000038469|tnpR|WP_000427619.1|integration/excision|NA|Multiple|Homology,Esch_coli_GTEN_247_scaffold00002_62274-73110_scaffold00002_72_8 # 8204 # 9208 # -1 # ID=44_8;partial=00;start_type=ATG;rbs_motif=GGAG/GAGG;rbs_spacer=5-10bp;gc_cont=0.489,99.7,651.0,334,1.969999999999999e-238,335,1,334,1,334,mobileOG_000038469,tnpR,WP_000427619.1,integration/excision,NA,Multiple,Homology,Esch_coli_GTEN_247_scaffold00002_62274-73110_scaffold00002_72_8, 8204 # 9208 # -1 , 8204,9208,-1 ,44_8,44,8,00,ATG,GGAG/GAGG,5-10bp,0.489,Esch_coli_GTEN_247_scaffold00002_62274-73110_scaffold00002_72,mobileOG_000038469_Esch_coli_GTEN_247_scaffold00002_62274-73110_scaffold00002_72
24,mobileOG_000337884|tnpA|WP_113707433.1|integration/excision|NA|Plasmid RefSeq|Homology,Esch_coli_GTEN_247_scaffold00002_62274-73110_scaffold00002_72_10 # 9558 # 10835 # -1 # ID=44_10;partial=01;start_type=Edge;rbs_motif=None;rbs_spacer=None;gc_cont=0.646,99.3,814.0,575,2.1799999999999986e-297,426,69,477,1,409,mobileOG_000337884,tnpA,WP_113707433.1,integration/excision,NA,Plasmid RefSeq,Homology,Esch_coli_GTEN_247_scaffold00002_62274-73110_scaffold00002_72_10, 9558 # 10835 # -1 , 9558,10835,-1 ,44_10,44,10,01,Edge,None,None,0.646,Esch_coli_GTEN_247_scaffold00002_62274-73110_scaffold00002_72,mobileOG_000337884_Esch_coli_GTEN_247_scaffold00002_62274-73110_scaffold00002_72
25,mobileOG_000062935|tnpA|A0A1S7H7I0|integration/excision|NA|COMPASS|Homology,Esch_coli_GTEN_247_scaffold00002_63110-73913_scaffold00002_73_1 # 2 # 2170 # -1 # ID=45_1;partial=10;start_type=ATG;rbs_motif=GGAGG;rbs_spacer=5-10bp;gc_cont=0.516,100.0,1427.0,1014,0.0,723,1,723,1,723,mobileOG_000062935,tnpA,A0A1S7H7I0,integration/excision,NA,COMPASS,Homology,Esch_coli_GTEN_247_scaffold00002_63110-73913_scaffold00002_73_1, 2 # 2170 # -1 , 2,2170,-1 ,45_1,45,1,10,ATG,GGAGG,5-10bp,0.516,Esch_coli_GTEN_247_scaffold00002_63110-73913_scaffold00002_73,mobileOG_000062935_Esch_coli_GTEN_247_scaffold00002_63110-73913_scaffold00002_73
26,mobileOG_000037312|tnpR|WP_001235713.1|integration/excision|NA|Multiple|Homology,Esch_coli_GTEN_247_scaffold00002_63110-73913_scaffold00002_73_2 # 2334 # 2891 # 1 # ID=45_2;partial=00;start_type=ATG;rbs_motif=GGA/GAG/AGG;rbs_spacer=5-10bp;gc_cont=0.527,100.0,348.0,185,1.3499999999999997e-123,186,1,185,1,185,mobileOG_000037312,tnpR,WP_001235713.1,integration/excision,NA,Multiple,Homology,Esch_coli_GTEN_247_scaffold00002_63110-73913_scaffold00002_73_2, 2334 # 2891 # 1 , 2334,2891,1 ,45_2,45,2,00,ATG,GGA/GAG/AGG,5-10bp,0.527,Esch_coli_GTEN_247_scaffold00002_63110-73913_scaffold00002_73,mobileOG_000037312_Esch_coli_GTEN_247_scaffold00002_63110-73913_scaffold00002_73
27,mobileOG_000038469|tnpR|WP_000427619.1|integration/excision|NA|Multiple|Homology,Esch_coli_GTEN_247_scaffold00002_63110-73913_scaffold00002_73_8 # 7368 # 8372 # -1 # ID=45_8;partial=00;start_type=ATG;rbs_motif=GGAG/GAGG;rbs_spacer=5-10bp;gc_cont=0.489,99.7,651.0,334,1.969999999999999e-238,335,1,334,1,334,mobileOG_000038469,tnpR,WP_000427619.1,integration/excision,NA,Multiple,Homology,Esch_coli_GTEN_247_scaffold00002_63110-73913_scaffold00002_73_8, 7368 # 8372 # -1 , 7368,8372,-1 ,45_8,45,8,00,ATG,GGAG/GAGG,5-10bp,0.489,Esch_coli_GTEN_247_scaffold00002_63110-73913_scaffold00002_73,mobileOG_000038469_Esch_coli_GTEN_247_scaffold00002_63110-73913_scaffold00002_73
28,mobileOG_000036641|tnpA|WP_001138070.1|integration/excision|NA|Multiple|Homology,Esch_coli_GTEN_247_scaffold00002_63110-73913_scaffold00002_73_10 # 8722 # 10803 # -1 # ID=45_10;partial=01;start_type=Edge;rbs_motif=None;rbs_spacer=None;gc_cont=0.650,99.6,1339.0,988,0.0,694,202,878,1,677,mobileOG_000036641,tnpA,WP_001138070.1,integration/excision,NA,Multiple,Homology,Esch_coli_GTEN_247_scaffold00002_63110-73913_scaffold00002_73_10, 8722 # 10803 # -1 , 8722,10803,-1 ,45_10,45,10,01,Edge,None,None,0.650,Esch_coli_GTEN_247_scaffold00002_63110-73913_scaffold00002_73,mobileOG_000036641_Esch_coli_GTEN_247_scaffold00002_63110-73913_scaffold00002_73
29,mobileOG_000051715|tnpR|A0A0U2PYW2|integration/excision|NA|COMPASS|Homology,Esch_coli_GTEN_247_scaffold00002_63974-74789_scaffold00002_74_1 # 2 # 1306 # -1 # ID=46_1;partial=10;start_type=ATG;rbs_motif=GGAGG;rbs_spacer=5-10bp;gc_cont=0.521,100.0,854.0,479,8.83e-315,435,1,435,1,435,mobileOG_000051715,tnpR,A0A0U2PYW2,integration/excision,NA,COMPASS,Homology,Esch_coli_GTEN_247_scaffold00002_63974-74789_scaffold00002_74_1, 2 # 1306 # -1 , 2,1306,-1 ,46_1,46,1,10,ATG,GGAGG,5-10bp,0.521,Esch_coli_GTEN_247_scaffold00002_63974-74789_scaffold00002_74,mobileOG_000051715_Esch_coli_GTEN_247_scaffold00002_63974-74789_scaffold00002_74
30,mobileOG_000037312|tnpR|WP_001235713.1|integration/excision|NA|Multiple|Homology,Esch_coli_GTEN_247_scaffold00002_63974-74789_scaffold00002_74_2 # 1470 # 2027 # 1 # ID=46_2;partial=00;start_type=ATG;rbs_motif=GGA/GAG/AGG;rbs_spacer=5-10bp;gc_cont=0.527,100.0,348.0,185,1.3499999999999997e-123,186,1,185,1,185,mobileOG_000037312,tnpR,WP_001235713.1,integration/excision,NA,Multiple,Homology,Esch_coli_GTEN_247_scaffold00002_63974-74789_scaffold00002_74_2, 1470 # 2027 # 1 , 1470,2027,1 ,46_2,46,2,00,ATG,GGA/GAG/AGG,5-10bp,0.527,Esch_coli_GTEN_247_scaffold00002_63974-74789_scaffold00002_74,mobileOG_000037312_Esch_coli_GTEN_247_scaffold00002_63974-74789_scaffold00002_74
31,mobileOG_000038469|tnpR|WP_000427619.1|integration/excision|NA|Multiple|Homology,Esch_coli_GTEN_247_scaffold00002_63974-74789_scaffold00002_74_8 # 6504 # 7508 # -1 # ID=46_8;partial=00;start_type=ATG;rbs_motif=GGAG/GAGG;rbs_spacer=5-10bp;gc_cont=0.489,99.7,651.0,334,1.969999999999999e-238,335,1,334,1,334,mobileOG_000038469,tnpR,WP_000427619.1,integration/excision,NA,Multiple,Homology,Esch_coli_GTEN_247_scaffold00002_63974-74789_scaffold00002_74_8, 6504 # 7508 # -1 , 6504,7508,-1 ,46_8,46,8,00,ATG,GGAG/GAGG,5-10bp,0.489,Esch_coli_GTEN_247_scaffold00002_63974-74789_scaffold00002_74,mobileOG_000038469_Esch_coli_GTEN_247_scaffold00002_63974-74789_scaffold00002_74
32,mobileOG_000023676|tnpA|EDA87371.1|integration/excision|NA|Plasmid RefSeq|Manual,Esch_coli_GTEN_247_scaffold00002_63974-74789_scaffold00002_74_9 # 7587 # 7880 # -1 # ID=46_9;partial=00;start_type=GTG;rbs_motif=None;rbs_spacer=None;gc_cont=0.633,96.9,199.0,99,3.0199999999999997e-67,98,3,99,1,97,mobileOG_000023676,tnpA,EDA87371.1,integration/excision,NA,Plasmid RefSeq,Manual,Esch_coli_GTEN_247_scaffold00002_63974-74789_scaffold00002_74_9, 7587 # 7880 # -1 , 7587,7880,-1 ,46_9,46,9,00,GTG,None,None,0.633,Esch_coli_GTEN_247_scaffold00002_63974-74789_scaffold00002_74,mobileOG_000023676_Esch_coli_GTEN_247_scaffold00002_63974-74789_scaffold00002_74
33,mobileOG_000036641|tnpA|WP_001138070.1|integration/excision|NA|Multiple|Homology,Esch_coli_GTEN_247_scaffold00002_63974-74789_scaffold00002_74_10 # 7858 # 10542 # -1 # ID=46_10;partial=00;start_type=ATG;rbs_motif=GGA/GAG/AGG;rbs_spacer=5-10bp;gc_cont=0.650,99.7,1722.0,988,0.0,895,1,878,1,878,mobileOG_000036641,tnpA,WP_001138070.1,integration/excision,NA,Multiple,Homology,Esch_coli_GTEN_247_scaffold00002_63974-74789_scaffold00002_74_10, 7858 # 10542 # -1 , 7858,10542,-1 ,46_10,46,10,00,ATG,GGA/GAG/AGG,5-10bp,0.650,Esch_coli_GTEN_247_scaffold00002_63974-74789_scaffold00002_74,mobileOG_000036641_Esch_coli_GTEN_247_scaffold00002_63974-74789_scaffold00002_74
34,mobileOG_000004404|tnpR|EBT52160.1|integration/excision|NA|COMPASS|Manual,Esch_coli_GTEN_247_scaffold00002_63974-74789_scaffold00002_74_11 # 10545 # 10799 # -1 # ID=46_11;partial=00;start_type=ATG;rbs_motif=GGAG/GAGG;rbs_spacer=5-10bp;gc_cont=0.600,100.0,153.0,84,1.6e-49,85,1,84,1,84,mobileOG_000004404,tnpR,EBT52160.1,integration/excision,NA,COMPASS,Manual,Esch_coli_GTEN_247_scaffold00002_63974-74789_scaffold00002_74_11, 10545 # 10799 # -1 , 10545,10799,-1 ,46_11,46,11,00,ATG,GGAG/GAGG,5-10bp,0.600,Esch_coli_GTEN_247_scaffold00002_63974-74789_scaffold00002_74,mobileOG_000004404_Esch_coli_GTEN_247_scaffold00002_63974-74789_scaffold00002_74
35,mobileOG_000036641|tnpA|WP_001138070.1|integration/excision|NA|Multiple|Homology,Esch_coli_GTEN_247_scaffold00002_72697-83353_scaffold00002_85_1 # 2 # 1819 # -1 # ID=47_1;partial=10;start_type=ATG;rbs_motif=GGA/GAG/AGG;rbs_spacer=5-10bp;gc_cont=0.650,100.0,1181.0,988,0.0,606,1,606,1,606,mobileOG_000036641,tnpA,WP_001138070.1,integration/excision,NA,Multiple,Homology,Esch_coli_GTEN_247_scaffold00002_72697-83353_scaffold00002_85_1, 2 # 1819 # -1 , 2,1819,-1 ,47_1,47,1,10,ATG,GGA/GAG/AGG,5-10bp,0.650,Esch_coli_GTEN_247_scaffold00002_72697-83353_scaffold00002_85,mobileOG_000036641_Esch_coli_GTEN_247_scaffold00002_72697-83353_scaffold00002_85
36,mobileOG_000004404|tnpR|EBT52160.1|integration/excision|NA|COMPASS|Manual,Esch_coli_GTEN_247_scaffold00002_72697-83353_scaffold00002_85_2 # 1822 # 2076 # -1 # ID=47_2;partial=00;start_type=ATG;rbs_motif=GGAG/GAGG;rbs_spacer=5-10bp;gc_cont=0.600,100.0,153.0,84,1.6e-49,85,1,84,1,84,mobileOG_000004404,tnpR,EBT52160.1,integration/excision,NA,COMPASS,Manual,Esch_coli_GTEN_247_scaffold00002_72697-83353_scaffold00002_85_2, 1822 # 2076 # -1 , 1822,2076,-1 ,47_2,47,2,00,ATG,GGAG/GAGG,5-10bp,0.600,Esch_coli_GTEN_247_scaffold00002_72697-83353_scaffold00002_85,mobileOG_000004404_Esch_coli_GTEN_247_scaffold00002_72697-83353_scaffold00002_85
37,mobileOG_000033423|tnpA|NA|integration/excision|NA|Multiple|Homology,Esch_coli_GTEN_247_scaffold00002_72697-83353_scaffold00002_85_3 # 2190 # 2894 # -1 # ID=47_3;partial=00;start_type=ATG;rbs_motif=GGAG/GAGG;rbs_spacer=5-10bp;gc_cont=0.532,100.0,496.0,234,2.2999999999999995e-180,235,1,234,1,234,mobileOG_000033423,tnpA,NA,integration/excision,NA,Multiple,Homology,Esch_coli_GTEN_247_scaffold00002_72697-83353_scaffold00002_85_3, 2190 # 2894 # -1 , 2190,2894,-1 ,47_3,47,3,00,ATG,GGAG/GAGG,5-10bp,0.532,Esch_coli_GTEN_247_scaffold00002_72697-83353_scaffold00002_85,mobileOG_000033423_Esch_coli_GTEN_247_scaffold00002_72697-83353_scaffold00002_85
38,mobileOG_000069310|tnpA|WP_021512645.1|integration/excision|NA|Multiple|Homology,Esch_coli_GTEN_247_scaffold00002_72697-83353_scaffold00002_85_4 # 3015 # 3548 # 1 # ID=47_4;partial=00;start_type=ATG;rbs_motif=GGA/GAG/AGG;rbs_spacer=3-4bp;gc_cont=0.506,100.0,349.0,177,2.5699999999999993e-124,178,1,177,1,177,mobileOG_000069310,tnpA,WP_021512645.1,integration/excision,NA,Multiple,Homology,Esch_coli_GTEN_247_scaffold00002_72697-83353_scaffold00002_85_4, 3015 # 3548 # 1 , 3015,3548,1 ,47_4,47,4,00,ATG,GGA/GAG/AGG,3-4bp,0.506,Esch_coli_GTEN_247_scaffold00002_72697-83353_scaffold00002_85,mobileOG_000069310_Esch_coli_GTEN_247_scaffold00002_72697-83353_scaffold00002_85
39,mobileOG_000057143|insC1|WP_012002054.1|integration/excision|NA|COMPASS|Homology,Esch_coli_GTEN_247_scaffold00002_72697-83353_scaffold00002_85_6 # 4238 # 4402 # -1 # ID=47_6;partial=00;start_type=GTG;rbs_motif=GGAG/GAGG;rbs_spacer=5-10bp;gc_cont=0.576,98.1,105.0,134,1.1e-30,55,81,134,1,54,mobileOG_000057143,insC1,WP_012002054.1,integration/excision,NA,COMPASS,Homology,Esch_coli_GTEN_247_scaffold00002_72697-83353_scaffold00002_85_6, 4238 # 4402 # -1 , 4238,4402,-1 ,47_6,47,6,00,GTG,GGAG/GAGG,5-10bp,0.576,Esch_coli_GTEN_247_scaffold00002_72697-83353_scaffold00002_85,mobileOG_000057143_Esch_coli_GTEN_247_scaffold00002_72697-83353_scaffold00002_85
40,mobileOG_000056778|insC1|WP_001459498.1|integration/excision|NA|COMPASS|Homology,Esch_coli_GTEN_247_scaffold00002_72697-83353_scaffold00002_85_7 # 4442 # 4633 # -1 # ID=47_7;partial=00;start_type=ATG;rbs_motif=4Base/6BMM;rbs_spacer=13-15bp;gc_cont=0.479,100.0,127.0,63,4.32e-40,64,1,63,1,63,mobileOG_000056778,insC1,WP_001459498.1,integration/excision,NA,COMPASS,Homology,Esch_coli_GTEN_247_scaffold00002_72697-83353_scaffold00002_85_7, 4442 # 4633 # -1 , 4442,4633,-1 ,47_7,47,7,00,ATG,4Base/6BMM,13-15bp,0.479,Esch_coli_GTEN_247_scaffold00002_72697-83353_scaffold00002_85,mobileOG_000056778_Esch_coli_GTEN_247_scaffold00002_72697-83353_scaffold00002_85
41,mobileOG_000056464|tnpR|WP_001493762.1|integration/excision|NA|Multiple|Homology,Esch_coli_GTEN_247_scaffold00002_72697-83353_scaffold00002_85_10 # 7865 # 8437 # -1 # ID=47_10;partial=00;start_type=GTG;rbs_motif=GGAGG;rbs_spacer=5-10bp;gc_cont=0.545,100.0,374.0,190,1.7099999999999998e-133,191,1,190,1,190,mobileOG_000056464,tnpR,WP_001493762.1,integration/excision,NA,Multiple,Homology,Esch_coli_GTEN_247_scaffold00002_72697-83353_scaffold00002_85_10, 7865 # 8437 # -1 , 7865,8437,-1 ,47_10,47,10,00,GTG,GGAGG,5-10bp,0.545,Esch_coli_GTEN_247_scaffold00002_72697-83353_scaffold00002_85,mobileOG_000056464_Esch_coli_GTEN_247_scaffold00002_72697-83353_scaffold00002_85
42,mobileOG_000056463|tnpM|WP_001493763.1|integration/excision|NA|Multiple|Homology,Esch_coli_GTEN_247_scaffold00002_72697-83353_scaffold00002_85_11 # 8574 # 9119 # -1 # ID=47_11;partial=00;start_type=ATG;rbs_motif=GGAG/GAGG;rbs_spacer=5-10bp;gc_cont=0.511,100.0,377.0,181,5.179999999999998e-135,182,1,181,1,181,mobileOG_000056463,tnpM,WP_001493763.1,integration/excision,NA,Multiple,Homology,Esch_coli_GTEN_247_scaffold00002_72697-83353_scaffold00002_85_11, 8574 # 9119 # -1 , 8574,9119,-1 ,47_11,47,11,00,ATG,GGAG/GAGG,5-10bp,0.511,Esch_coli_GTEN_247_scaffold00002_72697-83353_scaffold00002_85,mobileOG_000056463_Esch_coli_GTEN_247_scaffold00002_72697-83353_scaffold00002_85
43,mobileOG_000033423|tnpA|NA|integration/excision|NA|Multiple|Homology,Esch_coli_GTEN_247_scaffold00002_72697-83353_scaffold00002_85_12 # 9271 # 9975 # -1 # ID=47_12;partial=00;start_type=ATG;rbs_motif=GGAG/GAGG;rbs_spacer=5-10bp;gc_cont=0.532,100.0,496.0,234,2.2999999999999995e-180,235,1,234,1,234,mobileOG_000033423,tnpA,NA,integration/excision,NA,Multiple,Homology,Esch_coli_GTEN_247_scaffold00002_72697-83353_scaffold00002_85_12, 9271 # 9975 # -1 , 9271,9975,-1 ,47_12,47,12,00,ATG,GGAG/GAGG,5-10bp,0.532,Esch_coli_GTEN_247_scaffold00002_72697-83353_scaffold00002_85,mobileOG_000033423_Esch_coli_GTEN_247_scaffold00002_72697-83353_scaffold00002_85
44,mobileOG_000359854|tnpA|WP_055384406.1|integration/excision|NA|Plasmid RefSeq|Homology,Esch_coli_GTEN_247_scaffold00002_72697-83353_scaffold00002_85_13 # 10000 # 10656 # 1 # ID=47_13;partial=01;start_type=ATG;rbs_motif=None;rbs_spacer=None;gc_cont=0.648,100.0,432.0,284,1.4799999999999997e-154,219,1,219,1,219,mobileOG_000359854,tnpA,WP_055384406.1,integration/excision,NA,Plasmid RefSeq,Homology,Esch_coli_GTEN_247_scaffold00002_72697-83353_scaffold00002_85_13, 10000 # 10656 # 1 , 10000,10656,1 ,47_13,47,13,01,ATG,None,None,0.648,Esch_coli_GTEN_247_scaffold00002_72697-83353_scaffold00002_85,mobileOG_000359854_Esch_coli_GTEN_247_scaffold00002_72697-83353_scaffold00002_85
45,mobileOG_000056464|tnpR|WP_001493762.1|integration/excision|NA|Multiple|Homology,Esch_coli_GTEN_247_scaffold00002_79638-90837_scaffold00002_94_2 # 924 # 1496 # -1 # ID=48_2;partial=00;start_type=GTG;rbs_motif=GGAGG;rbs_spacer=5-10bp;gc_cont=0.545,100.0,374.0,190,1.7099999999999998e-133,191,1,190,1,190,mobileOG_000056464,tnpR,WP_001493762.1,integration/excision,NA,Multiple,Homology,Esch_coli_GTEN_247_scaffold00002_79638-90837_scaffold00002_94_2, 924 # 1496 # -1 , 924,1496,-1 ,48_2,48,2,00,GTG,GGAGG,5-10bp,0.545,Esch_coli_GTEN_247_scaffold00002_79638-90837_scaffold00002_94,mobileOG_000056464_Esch_coli_GTEN_247_scaffold00002_79638-90837_scaffold00002_94
46,mobileOG_000056463|tnpM|WP_001493763.1|integration/excision|NA|Multiple|Homology,Esch_coli_GTEN_247_scaffold00002_79638-90837_scaffold00002_94_3 # 1633 # 2178 # -1 # ID=48_3;partial=00;start_type=ATG;rbs_motif=GGAG/GAGG;rbs_spacer=5-10bp;gc_cont=0.511,100.0,377.0,181,5.179999999999998e-135,182,1,181,1,181,mobileOG_000056463,tnpM,WP_001493763.1,integration/excision,NA,Multiple,Homology,Esch_coli_GTEN_247_scaffold00002_79638-90837_scaffold00002_94_3, 1633 # 2178 # -1 , 1633,2178,-1 ,48_3,48,3,00,ATG,GGAG/GAGG,5-10bp,0.511,Esch_coli_GTEN_247_scaffold00002_79638-90837_scaffold00002_94,mobileOG_000056463_Esch_coli_GTEN_247_scaffold00002_79638-90837_scaffold00002_94
47,mobileOG_000033423|tnpA|NA|integration/excision|NA|Multiple|Homology,Esch_coli_GTEN_247_scaffold00002_79638-90837_scaffold00002_94_4 # 2330 # 3034 # -1 # ID=48_4;partial=00;start_type=ATG;rbs_motif=GGAG/GAGG;rbs_spacer=5-10bp;gc_cont=0.532,100.0,496.0,234,2.2999999999999995e-180,235,1,234,1,234,mobileOG_000033423,tnpA,NA,integration/excision,NA,Multiple,Homology,Esch_coli_GTEN_247_scaffold00002_79638-90837_scaffold00002_94_4, 2330 # 3034 # -1 , 2330,3034,-1 ,48_4,48,4,00,ATG,GGAG/GAGG,5-10bp,0.532,Esch_coli_GTEN_247_scaffold00002_79638-90837_scaffold00002_94,mobileOG_000033423_Esch_coli_GTEN_247_scaffold00002_79638-90837_scaffold00002_94
48,mobileOG_000359854|tnpA|WP_055384406.1|integration/excision|NA|Plasmid RefSeq|Homology,Esch_coli_GTEN_247_scaffold00002_79638-90837_scaffold00002_94_5 # 3059 # 3913 # 1 # ID=48_5;partial=00;start_type=ATG;rbs_motif=None;rbs_spacer=None;gc_cont=0.646,100.0,571.0,284,2.0599999999999988e-208,285,1,284,1,284,mobileOG_000359854,tnpA,WP_055384406.1,integration/excision,NA,Plasmid RefSeq,Homology,Esch_coli_GTEN_247_scaffold00002_79638-90837_scaffold00002_94_5, 3059 # 3913 # 1 , 3059,3913,1 ,48_5,48,5,00,ATG,None,None,0.646,Esch_coli_GTEN_247_scaffold00002_79638-90837_scaffold00002_94,mobileOG_000359854_Esch_coli_GTEN_247_scaffold00002_79638-90837_scaffold00002_94
49,mobileOG_000062109|tnpA|WP_109138279.1|integration/excision|NA|Multiple|Homology,Esch_coli_GTEN_247_scaffold00002_79638-90837_scaffold00002_94_6 # 3971 # 4213 # 1 # ID=48_6;partial=00;start_type=GTG;rbs_motif=GGA/GAG/AGG;rbs_spacer=5-10bp;gc_cont=0.720,100.0,146.0,198,2.3699999999999997e-45,81,123,198,5,80,mobileOG_000062109,tnpA,WP_109138279.1,integration/excision,NA,Multiple,Homology,Esch_coli_GTEN_247_scaffold00002_79638-90837_scaffold00002_94_6, 3971 # 4213 # 1 , 3971,4213,1 ,48_6,48,6,00,GTG,GGA/GAG/AGG,5-10bp,0.720,Esch_coli_GTEN_247_scaffold00002_79638-90837_scaffold00002_94,mobileOG_000062109_Esch_coli_GTEN_247_scaffold00002_79638-90837_scaffold00002_94
50,mobileOG_000061953|tnpA|WP_001301408.1|integration/excision|NA|Multiple|Homology,Esch_coli_GTEN_247_scaffold00002_79638-90837_scaffold00002_94_10 # 7605 # 9401 # 1 # ID=48_10;partial=00;start_type=ATG;rbs_motif=None;rbs_spacer=None;gc_cont=0.653,100.0,1191.0,606,0.0,599,9,606,1,598,mobileOG_000061953,tnpA,WP_001301408.1,integration/excision,NA,Multiple,Homology,Esch_coli_GTEN_247_scaffold00002_79638-90837_scaffold00002_94_10, 7605 # 9401 # 1 , 7605,9401,1 ,48_10,48,10,00,ATG,None,None,0.653,Esch_coli_GTEN_247_scaffold00002_79638-90837_scaffold00002_94,mobileOG_000061953_Esch_coli_GTEN_247_scaffold00002_79638-90837_scaffold00002_94
51,mobileOG_000048713|insB|WP_032316744.1|integration/excision|NA|COMPASS|Homology,Esch_coli_GTEN_247_scaffold00002_79638-90837_scaffold00002_94_11 # 10815 # 11198 # -1 # ID=48_11;partial=01;start_type=Edge;rbs_motif=None;rbs_spacer=None;gc_cont=0.513,97.5,242.0,186,1.5299999999999997e-82,128,50,167,1,118,mobileOG_000048713,insB,WP_032316744.1,integration/excision,NA,COMPASS,Homology,Esch_coli_GTEN_247_scaffold00002_79638-90837_scaffold00002_94_11, 10815 # 11198 # -1 , 10815,11198,-1 ,48_11,48,11,01,Edge,None,None,0.513,Esch_coli_GTEN_247_scaffold00002_79638-90837_scaffold00002_94,mobileOG_000048713_Esch_coli_GTEN_247_scaffold00002_79638-90837_scaffold00002_94
52,"mobileOG_000044720|repA2|WP_000083845.1|replication/recombination/repair|initiation,copy number control,plasmid|Multiple|Homology",Esch_coli_GTEN_247_scaffold00002_239029-249361_scaffold00002_255_1 # 78 # 335 # 1 # ID=49_1;partial=00;start_type=ATG;rbs_motif=AGGAG;rbs_spacer=5-10bp;gc_cont=0.496,100.0,155.0,85,2.96e-50,86,1,85,1,85,mobileOG_000044720,repA2,WP_000083845.1,replication/recombination/repair,"initiation,copy number control,plasmid",Multiple,Homology,Esch_coli_GTEN_247_scaffold00002_239029-249361_scaffold00002_255_1, 78 # 335 # 1 , 78,335,1 ,49_1,49,1,00,ATG,AGGAG,5-10bp,0.496,Esch_coli_GTEN_247_scaffold00002_239029-249361_scaffold00002_255,mobileOG_000044720_Esch_coli_GTEN_247_scaffold00002_239029-249361_scaffold00002_255
53,"mobileOG_000044714|repA1|WP_001273588.1|replication/recombination/repair|initiation,copy number control,plasmid|Multiple|Homology",Esch_coli_GTEN_247_scaffold00002_239029-249361_scaffold00002_255_2 # 634 # 1116 # 1 # ID=49_2;partial=00;start_type=GTG;rbs_motif=GGA/GAG/AGG;rbs_spacer=5-10bp;gc_cont=0.445,100.0,328.0,160,1.7299999999999993e-116,161,1,160,1,160,mobileOG_000044714,repA1,WP_001273588.1,replication/recombination/repair,"initiation,copy number control,plasmid",Multiple,Homology,Esch_coli_GTEN_247_scaffold00002_239029-249361_scaffold00002_255_2, 634 # 1116 # 1 , 634,1116,1 ,49_2,49,2,00,GTG,GGA/GAG/AGG,5-10bp,0.445,Esch_coli_GTEN_247_scaffold00002_239029-249361_scaffold00002_255,mobileOG_000044714_Esch_coli_GTEN_247_scaffold00002_239029-249361_scaffold00002_255
54,mobileOG_000043110|TF1-34_00022|A0A2X5DJ97|replication/recombination/repair|NA|COMPASS|Homology,Esch_coli_GTEN_247_scaffold00002_239029-249361_scaffold00002_255_3 # 1109 # 1510 # 1 # ID=49_3;partial=00;start_type=ATG;rbs_motif=GGAG/GAGG;rbs_spacer=5-10bp;gc_cont=0.567,100.0,265.0,133,3.3199999999999994e-92,134,1,133,1,133,mobileOG_000043110,TF1-34_00022,A0A2X5DJ97,replication/recombination/repair,NA,COMPASS,Homology,Esch_coli_GTEN_247_scaffold00002_239029-249361_scaffold00002_255_3, 1109 # 1510 # 1 , 1109,1510,1 ,49_3,49,3,00,ATG,GGAG/GAGG,5-10bp,0.567,Esch_coli_GTEN_247_scaffold00002_239029-249361_scaffold00002_255,mobileOG_000043110_Esch_coli_GTEN_247_scaffold00002_239029-249361_scaffold00002_255
55,mobileOG_000074301|tnpA|WP_021512645.1|integration/excision|NA|COMPASS|Homology,Esch_coli_GTEN_247_scaffold00002_239029-249361_scaffold00002_255_4 # 1507 # 3360 # -1 # ID=49_4;partial=00;start_type=ATG;rbs_motif=None;rbs_spacer=None;gc_cont=0.515,100.0,1233.0,980,0.0,618,364,980,1,617,mobileOG_000074301,tnpA,WP_021512645.1,integration/excision,NA,COMPASS,Homology,Esch_coli_GTEN_247_scaffold00002_239029-249361_scaffold00002_255_4, 1507 # 3360 # -1 , 1507,3360,-1 ,49_4,49,4,00,ATG,None,None,0.515,Esch_coli_GTEN_247_scaffold00002_239029-249361_scaffold00002_255,mobileOG_000074301_Esch_coli_GTEN_247_scaffold00002_239029-249361_scaffold00002_255
56,mobileOG_000035938|tnpA|WP_001067858.1|integration/excision|NA|Multiple|Homology,Esch_coli_GTEN_247_scaffold00002_239029-249361_scaffold00002_255_5 # 3427 # 4131 # -1 # ID=49_5;partial=00;start_type=ATG;rbs_motif=GGAG/GAGG;rbs_spacer=5-10bp;gc_cont=0.528,100.0,495.0,234,3.2699999999999987e-180,235,1,234,1,234,mobileOG_000035938,tnpA,WP_001067858.1,integration/excision,NA,Multiple,Homology,Esch_coli_GTEN_247_scaffold00002_239029-249361_scaffold00002_255_5, 3427 # 4131 # -1 , 3427,4131,-1 ,49_5,49,5,00,ATG,GGAG/GAGG,5-10bp,0.528,Esch_coli_GTEN_247_scaffold00002_239029-249361_scaffold00002_255,mobileOG_000035938_Esch_coli_GTEN_247_scaffold00002_239029-249361_scaffold00002_255
57,mobileOG_000059546|tnp|WP_000397990.1|integration/excision|NA|COMPASS|Homology,Esch_coli_GTEN_247_scaffold00002_239029-249361_scaffold00002_255_6 # 4218 # 4754 # 1 # ID=49_6;partial=00;start_type=ATG;rbs_motif=None;rbs_spacer=None;gc_cont=0.527,100.0,353.0,191,9.219999999999998e-126,179,14,191,1,178,mobileOG_000059546,tnp,WP_000397990.1,integration/excision,NA,COMPASS,Homology,Esch_coli_GTEN_247_scaffold00002_239029-249361_scaffold00002_255_6, 4218 # 4754 # 1 , 4218,4754,1 ,49_6,49,6,00,ATG,None,None,0.527,Esch_coli_GTEN_247_scaffold00002_239029-249361_scaffold00002_255,mobileOG_000059546_Esch_coli_GTEN_247_scaffold00002_239029-249361_scaffold00002_255
58,mobileOG_000053785|int|A0A1Y1CQY8|integration/excision|NA|COMPASS|Homology,Esch_coli_GTEN_247_scaffold00002_239029-249361_scaffold00002_255_12 # 9749 # 10333 # 1 # ID=49_12;partial=01;start_type=ATG;rbs_motif=None;rbs_spacer=None;gc_cont=0.598,100.0,391.0,216,6.999999999999998e-140,195,1,195,1,195,mobileOG_000053785,int,A0A1Y1CQY8,integration/excision,NA,COMPASS,Homology,Esch_coli_GTEN_247_scaffold00002_239029-249361_scaffold00002_255_12, 9749 # 10333 # 1 , 9749,10333,1 ,49_12,49,12,01,ATG,None,None,0.598,Esch_coli_GTEN_247_scaffold00002_239029-249361_scaffold00002_255,mobileOG_000053785_Esch_coli_GTEN_247_scaffold00002_239029-249361_scaffold00002_255
59,"mobileOG_000044714|repA1|WP_001273588.1|replication/recombination/repair|initiation,copy number control,plasmid|Multiple|Homology",Esch_coli_GTEN_247_scaffold00002_239531-250310_scaffold00002_256_1 # 132 # 614 # 1 # ID=50_1;partial=00;start_type=GTG;rbs_motif=GGA/GAG/AGG;rbs_spacer=5-10bp;gc_cont=0.445,100.0,328.0,160,1.7299999999999993e-116,161,1,160,1,160,mobileOG_000044714,repA1,WP_001273588.1,replication/recombination/repair,"initiation,copy number control,plasmid",Multiple,Homology,Esch_coli_GTEN_247_scaffold00002_239531-250310_scaffold00002_256_1, 132 # 614 # 1 , 132,614,1 ,50_1,50,1,00,GTG,GGA/GAG/AGG,5-10bp,0.445,Esch_coli_GTEN_247_scaffold00002_239531-250310_scaffold00002_256,mobileOG_000044714_Esch_coli_GTEN_247_scaffold00002_239531-250310_scaffold00002_256
60,mobileOG_000043110|TF1-34_00022|A0A2X5DJ97|replication/recombination/repair|NA|COMPASS|Homology,Esch_coli_GTEN_247_scaffold00002_239531-250310_scaffold00002_256_2 # 607 # 1008 # 1 # ID=50_2;partial=00;start_type=ATG;rbs_motif=GGAGG;rbs_spacer=5-10bp;gc_cont=0.567,100.0,265.0,133,3.3199999999999994e-92,134,1,133,1,133,mobileOG_000043110,TF1-34_00022,A0A2X5DJ97,replication/recombination/repair,NA,COMPASS,Homology,Esch_coli_GTEN_247_scaffold00002_239531-250310_scaffold00002_256_2, 607 # 1008 # 1 , 607,1008,1 ,50_2,50,2,00,ATG,GGAGG,5-10bp,0.567,Esch_coli_GTEN_247_scaffold00002_239531-250310_scaffold00002_256,mobileOG_000043110_Esch_coli_GTEN_247_scaffold00002_239531-250310_scaffold00002_256
61,mobileOG_000074301|tnpA|WP_021512645.1|integration/excision|NA|COMPASS|Homology,Esch_coli_GTEN_247_scaffold00002_239531-250310_scaffold00002_256_3 # 1005 # 2858 # -1 # ID=50_3;partial=00;start_type=ATG;rbs_motif=None;rbs_spacer=None;gc_cont=0.515,100.0,1233.0,980,0.0,618,364,980,1,617,mobileOG_000074301,tnpA,WP_021512645.1,integration/excision,NA,COMPASS,Homology,Esch_coli_GTEN_247_scaffold00002_239531-250310_scaffold00002_256_3, 1005 # 2858 # -1 , 1005,2858,-1 ,50_3,50,3,00,ATG,None,None,0.515,Esch_coli_GTEN_247_scaffold00002_239531-250310_scaffold00002_256,mobileOG_000074301_Esch_coli_GTEN_247_scaffold00002_239531-250310_scaffold00002_256
62,mobileOG_000035938|tnpA|WP_001067858.1|integration/excision|NA|Multiple|Homology,Esch_coli_GTEN_247_scaffold00002_239531-250310_scaffold00002_256_4 # 2925 # 3629 # -1 # ID=50_4;partial=00;start_type=ATG;rbs_motif=GGAG/GAGG;rbs_spacer=5-10bp;gc_cont=0.528,100.0,495.0,234,3.2699999999999987e-180,235,1,234,1,234,mobileOG_000035938,tnpA,WP_001067858.1,integration/excision,NA,Multiple,Homology,Esch_coli_GTEN_247_scaffold00002_239531-250310_scaffold00002_256_4, 2925 # 3629 # -1 , 2925,3629,-1 ,50_4,50,4,00,ATG,GGAG/GAGG,5-10bp,0.528,Esch_coli_GTEN_247_scaffold00002_239531-250310_scaffold00002_256,mobileOG_000035938_Esch_coli_GTEN_247_scaffold00002_239531-250310_scaffold00002_256
63,mobileOG_000059546|tnp|WP_000397990.1|integration/excision|NA|COMPASS|Homology,Esch_coli_GTEN_247_scaffold00002_239531-250310_scaffold00002_256_5 # 3716 # 4252 # 1 # ID=50_5;partial=00;start_type=ATG;rbs_motif=None;rbs_spacer=None;gc_cont=0.527,100.0,353.0,191,9.219999999999998e-126,179,14,191,1,178,mobileOG_000059546,tnp,WP_000397990.1,integration/excision,NA,COMPASS,Homology,Esch_coli_GTEN_247_scaffold00002_239531-250310_scaffold00002_256_5, 3716 # 4252 # 1 , 3716,4252,1 ,50_5,50,5,00,ATG,None,None,0.527,Esch_coli_GTEN_247_scaffold00002_239531-250310_scaffold00002_256,mobileOG_000059546_Esch_coli_GTEN_247_scaffold00002_239531-250310_scaffold00002_256
64,mobileOG_000033487|int|WP_000845039.1|integration/excision|NA|Multiple|Homology,Esch_coli_GTEN_247_scaffold00002_239531-250310_scaffold00002_256_11 # 9247 # 10260 # 1 # ID=50_11;partial=00;start_type=ATG;rbs_motif=None;rbs_spacer=None;gc_cont=0.612,100.0,687.0,337,8.179999999999993e-253,338,1,337,1,337,mobileOG_000033487,int,WP_000845039.1,integration/excision,NA,Multiple,Homology,Esch_coli_GTEN_247_scaffold00002_239531-250310_scaffold00002_256_11, 9247 # 10260 # 1 , 9247,10260,1 ,50_11,50,11,00,ATG,None,None,0.612,Esch_coli_GTEN_247_scaffold00002_239531-250310_scaffold00002_256,mobileOG_000033487_Esch_coli_GTEN_247_scaffold00002_239531-250310_scaffold00002_256
65,mobileOG_000074301|tnpA|WP_021512645.1|integration/excision|NA|COMPASS|Homology,Esch_coli_GTEN_247_scaffold00002_240415-251674_scaffold00002_257_2 # 121 # 1974 # -1 # ID=51_2;partial=00;start_type=ATG;rbs_motif=None;rbs_spacer=None;gc_cont=0.515,100.0,1233.0,980,0.0,618,364,980,1,617,mobileOG_000074301,tnpA,WP_021512645.1,integration/excision,NA,COMPASS,Homology,Esch_coli_GTEN_247_scaffold00002_240415-251674_scaffold00002_257_2, 121 # 1974 # -1 , 121,1974,-1 ,51_2,51,2,00,ATG,None,None,0.515,Esch_coli_GTEN_247_scaffold00002_240415-251674_scaffold00002_257,mobileOG_000074301_Esch_coli_GTEN_247_scaffold00002_240415-251674_scaffold00002_257
66,mobileOG_000035938|tnpA|WP_001067858.1|integration/excision|NA|Multiple|Homology,Esch_coli_GTEN_247_scaffold00002_240415-251674_scaffold00002_257_3 # 2041 # 2745 # -1 # ID=51_3;partial=00;start_type=ATG;rbs_motif=GGAG/GAGG;rbs_spacer=5-10bp;gc_cont=0.528,100.0,495.0,234,3.2699999999999987e-180,235,1,234,1,234,mobileOG_000035938,tnpA,WP_001067858.1,integration/excision,NA,Multiple,Homology,Esch_coli_GTEN_247_scaffold00002_240415-251674_scaffold00002_257_3, 2041 # 2745 # -1 , 2041,2745,-1 ,51_3,51,3,00,ATG,GGAG/GAGG,5-10bp,0.528,Esch_coli_GTEN_247_scaffold00002_240415-251674_scaffold00002_257,mobileOG_000035938_Esch_coli_GTEN_247_scaffold00002_240415-251674_scaffold00002_257
67,mobileOG_000059546|tnp|WP_000397990.1|integration/excision|NA|COMPASS|Homology,Esch_coli_GTEN_247_scaffold00002_240415-251674_scaffold00002_257_4 # 2832 # 3368 # 1 # ID=51_4;partial=00;start_type=ATG;rbs_motif=None;rbs_spacer=None;gc_cont=0.527,100.0,353.0,191,9.219999999999998e-126,179,14,191,1,178,mobileOG_000059546,tnp,WP_000397990.1,integration/excision,NA,COMPASS,Homology,Esch_coli_GTEN_247_scaffold00002_240415-251674_scaffold00002_257_4, 2832 # 3368 # 1 , 2832,3368,1 ,51_4,51,4,00,ATG,None,None,0.527,Esch_coli_GTEN_247_scaffold00002_240415-251674_scaffold00002_257,mobileOG_000059546_Esch_coli_GTEN_247_scaffold00002_240415-251674_scaffold00002_257
68,mobileOG_000033487|int|WP_000845039.1|integration/excision|NA|Multiple|Homology,Esch_coli_GTEN_247_scaffold00002_240415-251674_scaffold00002_257_10 # 8363 # 9376 # 1 # ID=51_10;partial=00;start_type=ATG;rbs_motif=None;rbs_spacer=None;gc_cont=0.612,100.0,687.0,337,8.179999999999993e-253,338,1,337,1,337,mobileOG_000033487,int,WP_000845039.1,integration/excision,NA,Multiple,Homology,Esch_coli_GTEN_247_scaffold00002_240415-251674_scaffold00002_257_10, 8363 # 9376 # 1 , 8363,9376,1 ,51_10,51,10,00,ATG,None,None,0.612,Esch_coli_GTEN_247_scaffold00002_240415-251674_scaffold00002_257,mobileOG_000033487_Esch_coli_GTEN_247_scaffold00002_240415-251674_scaffold00002_257
69,mobileOG_000001702|tnpM|P04162|integration/excision|NA|Multiple|Manual,Esch_coli_GTEN_247_scaffold00002_240415-251674_scaffold00002_257_11 # 9345 # 9929 # 1 # ID=51_11;partial=00;start_type=ATG;rbs_motif=None;rbs_spacer=None;gc_cont=0.631,100.0,398.0,194,4.039999999999999e-143,195,1,194,1,194,mobileOG_000001702,tnpM,P04162,integration/excision,NA,Multiple,Manual,Esch_coli_GTEN_247_scaffold00002_240415-251674_scaffold00002_257_11, 9345 # 9929 # 1 , 9345,9929,1 ,51_11,51,11,00,ATG,None,None,0.631,Esch_coli_GTEN_247_scaffold00002_240415-251674_scaffold00002_257,mobileOG_000001702_Esch_coli_GTEN_247_scaffold00002_240415-251674_scaffold00002_257
70,mobileOG_000001365|tnpR|P04130|integration/excision|NA|Multiple|Manual,Esch_coli_GTEN_247_scaffold00002_240415-251674_scaffold00002_257_12 # 10055 # 10615 # 1 # ID=51_12;partial=00;start_type=ATG;rbs_motif=GGA/GAG/AGG;rbs_spacer=5-10bp;gc_cont=0.578,100.0,353.0,186,1.5199999999999997e-125,187,1,186,1,186,mobileOG_000001365,tnpR,P04130,integration/excision,NA,Multiple,Manual,Esch_coli_GTEN_247_scaffold00002_240415-251674_scaffold00002_257_12, 10055 # 10615 # 1 , 10055,10615,1 ,51_12,51,12,00,ATG,GGA/GAG/AGG,5-10bp,0.578,Esch_coli_GTEN_247_scaffold00002_240415-251674_scaffold00002_257,mobileOG_000001365_Esch_coli_GTEN_247_scaffold00002_240415-251674_scaffold00002_257
71,mobileOG_000061115|tnpA|A0A0Q0Z271|integration/excision|NA|COMPASS|Homology,Esch_coli_GTEN_247_scaffold00002_240415-251674_scaffold00002_257_13 # 10618 # 11259 # 1 # ID=51_13;partial=01;start_type=ATG;rbs_motif=GGA/GAG/AGG;rbs_spacer=5-10bp;gc_cont=0.651,100.0,417.0,271,3.2999999999999993e-149,214,1,214,1,214,mobileOG_000061115,tnpA,A0A0Q0Z271,integration/excision,NA,COMPASS,Homology,Esch_coli_GTEN_247_scaffold00002_240415-251674_scaffold00002_257_13, 10618 # 11259 # 1 , 10618,11259,1 ,51_13,51,13,01,ATG,GGA/GAG/AGG,5-10bp,0.651,Esch_coli_GTEN_247_scaffold00002_240415-251674_scaffold00002_257,mobileOG_000061115_Esch_coli_GTEN_247_scaffold00002_240415-251674_scaffold00002_257
72,mobileOG_000361690|tnpR|WP_013307854.1|integration/excision|NA|Plasmid RefSeq|Homology,Esch_coli_GTEN_247_scaffold00002_241936-252715_scaffold00002_258_1 # 1 # 453 # -1 # ID=52_1;partial=10;start_type=ATG;rbs_motif=None;rbs_spacer=None;gc_cont=0.523,100.0,309.0,311,5.979999999999998e-107,151,15,165,1,151,mobileOG_000361690,tnpR,WP_013307854.1,integration/excision,NA,Plasmid RefSeq,Homology,Esch_coli_GTEN_247_scaffold00002_241936-252715_scaffold00002_258_1, 1 # 453 # -1 , 1,453,-1 ,52_1,52,1,10,ATG,None,None,0.523,Esch_coli_GTEN_247_scaffold00002_241936-252715_scaffold00002_258,mobileOG_000361690_Esch_coli_GTEN_247_scaffold00002_241936-252715_scaffold00002_258
73,mobileOG_000035938|tnpA|WP_001067858.1|integration/excision|NA|Multiple|Homology,Esch_coli_GTEN_247_scaffold00002_241936-252715_scaffold00002_258_2 # 520 # 1224 # -1 # ID=52_2;partial=00;start_type=ATG;rbs_motif=GGAG/GAGG;rbs_spacer=5-10bp;gc_cont=0.528,100.0,495.0,234,3.2699999999999987e-180,235,1,234,1,234,mobileOG_000035938,tnpA,WP_001067858.1,integration/excision,NA,Multiple,Homology,Esch_coli_GTEN_247_scaffold00002_241936-252715_scaffold00002_258_2, 520 # 1224 # -1 , 520,1224,-1 ,52_2,52,2,00,ATG,GGAG/GAGG,5-10bp,0.528,Esch_coli_GTEN_247_scaffold00002_241936-252715_scaffold00002_258,mobileOG_000035938_Esch_coli_GTEN_247_scaffold00002_241936-252715_scaffold00002_258
74,mobileOG_000059546|tnp|WP_000397990.1|integration/excision|NA|COMPASS|Homology,Esch_coli_GTEN_247_scaffold00002_241936-252715_scaffold00002_258_3 # 1311 # 1847 # 1 # ID=52_3;partial=00;start_type=ATG;rbs_motif=None;rbs_spacer=None;gc_cont=0.527,100.0,353.0,191,9.219999999999998e-126,179,14,191,1,178,mobileOG_000059546,tnp,WP_000397990.1,integration/excision,NA,COMPASS,Homology,Esch_coli_GTEN_247_scaffold00002_241936-252715_scaffold00002_258_3, 1311 # 1847 # 1 , 1311,1847,1 ,52_3,52,3,00,ATG,None,None,0.527,Esch_coli_GTEN_247_scaffold00002_241936-252715_scaffold00002_258,mobileOG_000059546_Esch_coli_GTEN_247_scaffold00002_241936-252715_scaffold00002_258
75,mobileOG_000033487|int|WP_000845039.1|integration/excision|NA|Multiple|Homology,Esch_coli_GTEN_247_scaffold00002_241936-252715_scaffold00002_258_9 # 6842 # 7855 # 1 # ID=52_9;partial=00;start_type=ATG;rbs_motif=None;rbs_spacer=None;gc_cont=0.612,100.0,687.0,337,8.179999999999993e-253,338,1,337,1,337,mobileOG_000033487,int,WP_000845039.1,integration/excision,NA,Multiple,Homology,Esch_coli_GTEN_247_scaffold00002_241936-252715_scaffold00002_258_9, 6842 # 7855 # 1 , 6842,7855,1 ,52_9,52,9,00,ATG,None,None,0.612,Esch_coli_GTEN_247_scaffold00002_241936-252715_scaffold00002_258,mobileOG_000033487_Esch_coli_GTEN_247_scaffold00002_241936-252715_scaffold00002_258
76,mobileOG_000001364|tnpM|P04162|integration/excision|NA|Multiple|Manual,Esch_coli_GTEN_247_scaffold00002_241936-252715_scaffold00002_258_10 # 8058 # 8408 # 1 # ID=52_10;partial=00;start_type=ATG;rbs_motif=None;rbs_spacer=None;gc_cont=0.635,100.0,250.0,116,4.109999999999999e-87,117,1,116,1,116,mobileOG_000001364,tnpM,P04162,integration/excision,NA,Multiple,Manual,Esch_coli_GTEN_247_scaffold00002_241936-252715_scaffold00002_258_10, 8058 # 8408 # 1 , 8058,8408,1 ,52_10,52,10,00,ATG,None,None,0.635,Esch_coli_GTEN_247_scaffold00002_241936-252715_scaffold00002_258,mobileOG_000001364_Esch_coli_GTEN_247_scaffold00002_241936-252715_scaffold00002_258
77,mobileOG_000001365|tnpR|P04130|integration/excision|NA|Multiple|Manual,Esch_coli_GTEN_247_scaffold00002_241936-252715_scaffold00002_258_11 # 8534 # 9094 # 1 # ID=52_11;partial=00;start_type=ATG;rbs_motif=GGA/GAG/AGG;rbs_spacer=5-10bp;gc_cont=0.578,100.0,353.0,186,1.5199999999999997e-125,187,1,186,1,186,mobileOG_000001365,tnpR,P04130,integration/excision,NA,Multiple,Manual,Esch_coli_GTEN_247_scaffold00002_241936-252715_scaffold00002_258_11, 8534 # 9094 # 1 , 8534,9094,1 ,52_11,52,11,00,ATG,GGA/GAG/AGG,5-10bp,0.578,Esch_coli_GTEN_247_scaffold00002_241936-252715_scaffold00002_258,mobileOG_000001365_Esch_coli_GTEN_247_scaffold00002_241936-252715_scaffold00002_258
78,mobileOG_000064204|tnpA|WP_015344976.1|integration/excision|NA|Multiple|Homology,Esch_coli_GTEN_247_scaffold00002_241936-252715_scaffold00002_258_12 # 9097 # 10779 # 1 # ID=52_12;partial=01;start_type=ATG;rbs_motif=GGA/GAG/AGG;rbs_spacer=5-10bp;gc_cont=0.637,100.0,1093.0,983,0.0,561,1,561,1,561,mobileOG_000064204,tnpA,WP_015344976.1,integration/excision,NA,Multiple,Homology,Esch_coli_GTEN_247_scaffold00002_241936-252715_scaffold00002_258_12, 9097 # 10779 # 1 , 9097,10779,1 ,52_12,52,12,01,ATG,GGA/GAG/AGG,5-10bp,0.637,Esch_coli_GTEN_247_scaffold00002_241936-252715_scaffold00002_258,mobileOG_000064204_Esch_coli_GTEN_247_scaffold00002_241936-252715_scaffold00002_258
79,mobileOG_000033487|int|WP_000845039.1|integration/excision|NA|Multiple|Homology,Esch_coli_GTEN_247_scaffold00002_243135-253632_scaffold00002_259_7 # 5643 # 6656 # 1 # ID=53_7;partial=00;start_type=ATG;rbs_motif=None;rbs_spacer=None;gc_cont=0.612,100.0,687.0,337,8.179999999999993e-253,338,1,337,1,337,mobileOG_000033487,int,WP_000845039.1,integration/excision,NA,Multiple,Homology,Esch_coli_GTEN_247_scaffold00002_243135-253632_scaffold00002_259_7, 5643 # 6656 # 1 , 5643,6656,1 ,53_7,53,7,00,ATG,None,None,0.612,Esch_coli_GTEN_247_scaffold00002_243135-253632_scaffold00002_259,mobileOG_000033487_Esch_coli_GTEN_247_scaffold00002_243135-253632_scaffold00002_259
80,mobileOG_000001364|tnpM|P04162|integration/excision|NA|Multiple|Manual,Esch_coli_GTEN_247_scaffold00002_243135-253632_scaffold00002_259_8 # 6859 # 7209 # 1 # ID=53_8;partial=00;start_type=ATG;rbs_motif=None;rbs_spacer=None;gc_cont=0.635,100.0,250.0,116,4.109999999999999e-87,117,1,116,1,116,mobileOG_000001364,tnpM,P04162,integration/excision,NA,Multiple,Manual,Esch_coli_GTEN_247_scaffold00002_243135-253632_scaffold00002_259_8, 6859 # 7209 # 1 , 6859,7209,1 ,53_8,53,8,00,ATG,None,None,0.635,Esch_coli_GTEN_247_scaffold00002_243135-253632_scaffold00002_259,mobileOG_000001364_Esch_coli_GTEN_247_scaffold00002_243135-253632_scaffold00002_259
81,mobileOG_000001365|tnpR|P04130|integration/excision|NA|Multiple|Manual,Esch_coli_GTEN_247_scaffold00002_243135-253632_scaffold00002_259_9 # 7335 # 7895 # 1 # ID=53_9;partial=00;start_type=ATG;rbs_motif=GGA/GAG/AGG;rbs_spacer=5-10bp;gc_cont=0.578,100.0,353.0,186,1.5199999999999997e-125,187,1,186,1,186,mobileOG_000001365,tnpR,P04130,integration/excision,NA,Multiple,Manual,Esch_coli_GTEN_247_scaffold00002_243135-253632_scaffold00002_259_9, 7335 # 7895 # 1 , 7335,7895,1 ,53_9,53,9,00,ATG,GGA/GAG/AGG,5-10bp,0.578,Esch_coli_GTEN_247_scaffold00002_243135-253632_scaffold00002_259,mobileOG_000001365_Esch_coli_GTEN_247_scaffold00002_243135-253632_scaffold00002_259
82,mobileOG_000064204|tnpA|WP_015344976.1|integration/excision|NA|Multiple|Homology,Esch_coli_GTEN_247_scaffold00002_243135-253632_scaffold00002_259_10 # 7898 # 10498 # 1 # ID=53_10;partial=01;start_type=ATG;rbs_motif=GGA/GAG/AGG;rbs_spacer=5-10bp;gc_cont=0.631,100.0,1711.0,983,0.0,867,1,867,1,867,mobileOG_000064204,tnpA,WP_015344976.1,integration/excision,NA,Multiple,Homology,Esch_coli_GTEN_247_scaffold00002_243135-253632_scaffold00002_259_10, 7898 # 10498 # 1 , 7898,10498,1 ,53_10,53,10,01,ATG,GGA/GAG/AGG,5-10bp,0.631,Esch_coli_GTEN_247_scaffold00002_243135-253632_scaffold00002_259,mobileOG_000064204_Esch_coli_GTEN_247_scaffold00002_243135-253632_scaffold00002_259
83,mobileOG_000034841|tnpA|WP_014386532.1|integration/excision|NA|Multiple|Homology,Esch_coli_GTEN_247_scaffold00002_252208-263422_scaffold00002_268_1 # 1 # 1776 # 1 # ID=54_1;partial=10;start_type=Edge;rbs_motif=None;rbs_spacer=None;gc_cont=0.632,100.0,1181.0,988,0.0,592,398,988,1,591,mobileOG_000034841,tnpA,WP_014386532.1,integration/excision,NA,Multiple,Homology,Esch_coli_GTEN_247_scaffold00002_252208-263422_scaffold00002_268_1, 1 # 1776 # 1 , 1,1776,1 ,54_1,54,1,10,Edge,None,None,0.632,Esch_coli_GTEN_247_scaffold00002_252208-263422_scaffold00002_268,mobileOG_000034841_Esch_coli_GTEN_247_scaffold00002_252208-263422_scaffold00002_268
84,mobileOG_000056319|tnpA|WP_009514427.1|integration/excision|NA|Multiple|Homology,Esch_coli_GTEN_247_scaffold00002_252208-263422_scaffold00002_268_2 # 2271 # 2975 # -1 # ID=54_2;partial=00;start_type=ATG;rbs_motif=GGA/GAG/AGG;rbs_spacer=5-10bp;gc_cont=0.413,100.0,497.0,234,5.649999999999998e-181,235,1,234,1,234,mobileOG_000056319,tnpA,WP_009514427.1,integration/excision,NA,Multiple,Homology,Esch_coli_GTEN_247_scaffold00002_252208-263422_scaffold00002_268_2, 2271 # 2975 # -1 , 2271,2975,-1 ,54_2,54,2,00,ATG,GGA/GAG/AGG,5-10bp,0.413,Esch_coli_GTEN_247_scaffold00002_252208-263422_scaffold00002_268,mobileOG_000056319_Esch_coli_GTEN_247_scaffold00002_252208-263422_scaffold00002_268
85,mobileOG_000050684|traG|WP_104457263.1|transfer|conjugation|Multiple|Homology,Esch_coli_GTEN_247_scaffold00002_255925-266773_scaffold00002_272_1 # 3 # 152 # 1 # ID=55_1;partial=10;start_type=Edge;rbs_motif=None;rbs_spacer=None;gc_cont=0.567,100.0,99.8,701,8.240000000000001e-26,50,653,701,1,49,mobileOG_000050684,traG,WP_104457263.1,transfer,conjugation,Multiple,Homology,Esch_coli_GTEN_247_scaffold00002_255925-266773_scaffold00002_272_1, 3 # 152 # 1 , 3,152,1 ,55_1,55,1,10,Edge,None,None,0.567,Esch_coli_GTEN_247_scaffold00002_255925-266773_scaffold00002_272,mobileOG_000050684_Esch_coli_GTEN_247_scaffold00002_255925-266773_scaffold00002_272
86,mobileOG_000033423|tnpA|NA|integration/excision|NA|Multiple|Homology,Esch_coli_GTEN_247_scaffold00002_255925-266773_scaffold00002_272_10 # 7728 # 8432 # -1 # ID=55_10;partial=00;start_type=ATG;rbs_motif=GGAG/GAGG;rbs_spacer=5-10bp;gc_cont=0.532,100.0,496.0,234,2.2999999999999995e-180,235,1,234,1,234,mobileOG_000033423,tnpA,NA,integration/excision,NA,Multiple,Homology,Esch_coli_GTEN_247_scaffold00002_255925-266773_scaffold00002_272_10, 7728 # 8432 # -1 , 7728,8432,-1 ,55_10,55,10,00,ATG,GGAG/GAGG,5-10bp,0.532,Esch_coli_GTEN_247_scaffold00002_255925-266773_scaffold00002_272,mobileOG_000033423_Esch_coli_GTEN_247_scaffold00002_255925-266773_scaffold00002_272
87,mobileOG_000068943|tnpA|A0A193QDB0|integration/excision|NA|COMPASS|Homology,Esch_coli_GTEN_247_scaffold00002_255925-266773_scaffold00002_272_11 # 8483 # 10012 # 1 # ID=55_11;partial=00;start_type=TTG;rbs_motif=None;rbs_spacer=None;gc_cont=0.652,100.0,1016.0,509,0.0,510,1,509,1,509,mobileOG_000068943,tnpA,A0A193QDB0,integration/excision,NA,COMPASS,Homology,Esch_coli_GTEN_247_scaffold00002_255925-266773_scaffold00002_272_11, 8483 # 10012 # 1 , 8483,10012,1 ,55_11,55,11,00,TTG,None,None,0.652,Esch_coli_GTEN_247_scaffold00002_255925-266773_scaffold00002_272,mobileOG_000068943_Esch_coli_GTEN_247_scaffold00002_255925-266773_scaffold00002_272
88,mobileOG_000052351|insH6|A0A2X8KAE1|integration/excision|NA|COMPASS|Homology,Esch_coli_GTEN_247_scaffold00002_266848-278767_scaffold00002_286_3 # 1171 # 1662 # -1 # ID=56_3;partial=00;start_type=ATG;rbs_motif=3Base/5BMM;rbs_spacer=13-15bp;gc_cont=0.535,100.0,329.0,163,1.0699999999999999e-116,164,1,163,1,163,mobileOG_000052351,insH6,A0A2X8KAE1,integration/excision,NA,COMPASS,Homology,Esch_coli_GTEN_247_scaffold00002_266848-278767_scaffold00002_286_3, 1171 # 1662 # -1 , 1171,1662,-1 ,56_3,56,3,00,ATG,3Base/5BMM,13-15bp,0.535,Esch_coli_GTEN_247_scaffold00002_266848-278767_scaffold00002_286,mobileOG_000052351_Esch_coli_GTEN_247_scaffold00002_266848-278767_scaffold00002_286
89,mobileOG_000002892|JW5914|EBT62078.1|integration/excision|NA|COMPASS|Manual,Esch_coli_GTEN_247_scaffold00002_266848-278767_scaffold00002_286_4 # 1675 # 1923 # -1 # ID=56_4;partial=00;start_type=ATG;rbs_motif=GGA/GAG/AGG;rbs_spacer=5-10bp;gc_cont=0.554,100.0,161.0,82,6.08e-53,83,1,82,1,82,mobileOG_000002892,JW5914,EBT62078.1,integration/excision,NA,COMPASS,Manual,Esch_coli_GTEN_247_scaffold00002_266848-278767_scaffold00002_286_4, 1675 # 1923 # -1 , 1675,1923,-1 ,56_4,56,4,00,ATG,GGA/GAG/AGG,5-10bp,0.554,Esch_coli_GTEN_247_scaffold00002_266848-278767_scaffold00002_286,mobileOG_000002892_Esch_coli_GTEN_247_scaffold00002_266848-278767_scaffold00002_286
90,mobileOG_000052352|int|WP_032482493.1|integration/excision|NA|Multiple|Homology,Esch_coli_GTEN_247_scaffold00002_266848-278767_scaffold00002_286_6 # 2448 # 3419 # -1 # ID=56_6;partial=00;start_type=ATG;rbs_motif=GGAGG;rbs_spacer=5-10bp;gc_cont=0.556,100.0,634.0,323,4.249999999999997e-232,324,1,323,1,323,mobileOG_000052352,int,WP_032482493.1,integration/excision,NA,Multiple,Homology,Esch_coli_GTEN_247_scaffold00002_266848-278767_scaffold00002_286_6, 2448 # 3419 # -1 , 2448,3419,-1 ,56_6,56,6,00,ATG,GGAGG,5-10bp,0.556,Esch_coli_GTEN_247_scaffold00002_266848-278767_scaffold00002_286,mobileOG_000052352_Esch_coli_GTEN_247_scaffold00002_266848-278767_scaffold00002_286
91,mobileOG_000059546|tnp|WP_000397990.1|integration/excision|NA|COMPASS|Homology,Esch_coli_GTEN_247_scaffold00002_266848-278767_scaffold00002_286_7 # 3822 # 4397 # -1 # ID=56_7;partial=00;start_type=ATG;rbs_motif=GGA/GAG/AGG;rbs_spacer=5-10bp;gc_cont=0.535,100.0,375.0,191,3.189999999999999e-134,192,1,191,1,191,mobileOG_000059546,tnp,WP_000397990.1,integration/excision,NA,COMPASS,Homology,Esch_coli_GTEN_247_scaffold00002_266848-278767_scaffold00002_286_7, 3822 # 4397 # -1 , 3822,4397,-1 ,56_7,56,7,00,ATG,GGA/GAG/AGG,5-10bp,0.535,Esch_coli_GTEN_247_scaffold00002_266848-278767_scaffold00002_286,mobileOG_000059546_Esch_coli_GTEN_247_scaffold00002_266848-278767_scaffold00002_286
92,mobileOG_000033423|tnpA|NA|integration/excision|NA|Multiple|Homology,Esch_coli_GTEN_247_scaffold00002_266848-278767_scaffold00002_286_10 # 7818 # 8522 # -1 # ID=56_10;partial=00;start_type=ATG;rbs_motif=GGAG/GAGG;rbs_spacer=5-10bp;gc_cont=0.532,100.0,496.0,234,2.2999999999999995e-180,235,1,234,1,234,mobileOG_000033423,tnpA,NA,integration/excision,NA,Multiple,Homology,Esch_coli_GTEN_247_scaffold00002_266848-278767_scaffold00002_286_10, 7818 # 8522 # -1 , 7818,8522,-1 ,56_10,56,10,00,ATG,GGAG/GAGG,5-10bp,0.532,Esch_coli_GTEN_247_scaffold00002_266848-278767_scaffold00002_286,mobileOG_000033423_Esch_coli_GTEN_247_scaffold00002_266848-278767_scaffold00002_286
93,mobileOG_000059551|tnpA|WP_012478345.1|integration/excision|NA|Multiple|Homology,Esch_coli_GTEN_247_scaffold00002_282813-294438_scaffold00002_303_6 # 3882 # 4805 # 1 # ID=57_6;partial=00;start_type=ATG;rbs_motif=GGA/GAG/AGG;rbs_spacer=5-10bp;gc_cont=0.430,100.0,605.0,307,2.339999999999999e-221,308,1,307,1,307,mobileOG_000059551,tnpA,WP_012478345.1,integration/excision,NA,Multiple,Homology,Esch_coli_GTEN_247_scaffold00002_282813-294438_scaffold00002_303_6, 3882 # 4805 # 1 , 3882,4805,1 ,57_6,57,6,00,ATG,GGA/GAG/AGG,5-10bp,0.430,Esch_coli_GTEN_247_scaffold00002_282813-294438_scaffold00002_303,mobileOG_000059551_Esch_coli_GTEN_247_scaffold00002_282813-294438_scaffold00002_303
94,mobileOG_000059553|NGR_a00240|WP_000125669.1|integration/excision|NA|Multiple|Homology,Esch_coli_GTEN_247_scaffold00002_282813-294438_scaffold00002_303_9 # 7447 # 8853 # -1 # ID=57_9;partial=00;start_type=ATG;rbs_motif=AGGA;rbs_spacer=5-10bp;gc_cont=0.510,99.8,922.0,468,0.0,469,1,468,1,468,mobileOG_000059553,NGR_a00240,WP_000125669.1,integration/excision,NA,Multiple,Homology,Esch_coli_GTEN_247_scaffold00002_282813-294438_scaffold00002_303_9, 7447 # 8853 # -1 , 7447,8853,-1 ,57_9,57,9,00,ATG,AGGA,5-10bp,0.510,Esch_coli_GTEN_247_scaffold00002_282813-294438_scaffold00002_303,mobileOG_000059553_Esch_coli_GTEN_247_scaffold00002_282813-294438_scaffold00002_303
95,mobileOG_000005734|hsdM|A0A482EWE4|stability/transfer/defense|NA|GPD|Manual,Esch_coli_GTEN_247_scaffold00002_351969-362748_scaffold00002_370_1 # 1 # 678 # -1 # ID=58_1;partial=10;start_type=ATG;rbs_motif=AGGA;rbs_spacer=5-10bp;gc_cont=0.497,99.6,447.0,518,5.1299999999999986e-157,226,1,226,1,226,mobileOG_000005734,hsdM,A0A482EWE4,stability/transfer/defense,NA,GPD,Manual,Esch_coli_GTEN_247_scaffold00002_351969-362748_scaffold00002_370_1, 1 # 678 # -1 , 1,678,-1 ,58_1,58,1,10,ATG,AGGA,5-10bp,0.497,Esch_coli_GTEN_247_scaffold00002_351969-362748_scaffold00002_370,mobileOG_000005734_Esch_coli_GTEN_247_scaffold00002_351969-362748_scaffold00002_370
96,mobileOG_000033423|tnpA|NA|integration/excision|NA|Multiple|Homology,Esch_coli_GTEN_247_scaffold00002_351969-362748_scaffold00002_370_3 # 2318 # 3022 # -1 # ID=58_3;partial=00;start_type=ATG;rbs_motif=GGAG/GAGG;rbs_spacer=5-10bp;gc_cont=0.530,100.0,496.0,234,2.2999999999999995e-180,235,1,234,1,234,mobileOG_000033423,tnpA,NA,integration/excision,NA,Multiple,Homology,Esch_coli_GTEN_247_scaffold00002_351969-362748_scaffold00002_370_3, 2318 # 3022 # -1 , 2318,3022,-1 ,58_3,58,3,00,ATG,GGAG/GAGG,5-10bp,0.530,Esch_coli_GTEN_247_scaffold00002_351969-362748_scaffold00002_370,mobileOG_000033423_Esch_coli_GTEN_247_scaffold00002_351969-362748_scaffold00002_370
97,mobileOG_000050684|traG|WP_104457263.1|transfer|conjugation|Multiple|Homology,Esch_coli_GTEN_247_scaffold00002_351969-362748_scaffold00002_370_4 # 3132 # 3593 # 1 # ID=58_4;partial=00;start_type=GTG;rbs_motif=GGAG/GAGG;rbs_spacer=5-10bp;gc_cont=0.604,90.7,272.0,701,1.1699999999999996e-87,154,552,701,4,153,mobileOG_000050684,traG,WP_104457263.1,transfer,conjugation,Multiple,Homology,Esch_coli_GTEN_247_scaffold00002_351969-362748_scaffold00002_370_4, 3132 # 3593 # 1 , 3132,3593,1 ,58_4,58,4,00,GTG,GGAG/GAGG,5-10bp,0.604,Esch_coli_GTEN_247_scaffold00002_351969-362748_scaffold00002_370,mobileOG_000050684_Esch_coli_GTEN_247_scaffold00002_351969-362748_scaffold00002_370
98,mobileOG_000059546|tnp|WP_000397990.1|integration/excision|NA|COMPASS|Homology,Esch_coli_GTEN_247_scaffold00002_351969-362748_scaffold00002_370_8 # 6529 # 7104 # -1 # ID=58_8;partial=00;start_type=ATG;rbs_motif=GGA/GAG/AGG;rbs_spacer=5-10bp;gc_cont=0.535,100.0,375.0,191,3.189999999999999e-134,192,1,191,1,191,mobileOG_000059546,tnp,WP_000397990.1,integration/excision,NA,COMPASS,Homology,Esch_coli_GTEN_247_scaffold00002_351969-362748_scaffold00002_370_8, 6529 # 7104 # -1 , 6529,7104,-1 ,58_8,58,8,00,ATG,GGA/GAG/AGG,5-10bp,0.535,Esch_coli_GTEN_247_scaffold00002_351969-362748_scaffold00002_370,mobileOG_000059546_Esch_coli_GTEN_247_scaffold00002_351969-362748_scaffold00002_370
99,mobileOG_000338823|tnpA|WP_032492056.1|integration/excision|NA|Plasmid RefSeq|Homology,Esch_coli_GTEN_247_scaffold00002_351969-362748_scaffold00002_370_15 # 10326 # 10778 # -1 # ID=58_15;partial=01;start_type=Edge;rbs_motif=None;rbs_spacer=None;gc_cont=0.528,100.0,306.0,234,1.0399999999999997e-106,151,85,234,1,150,mobileOG_000338823,tnpA,WP_032492056.1,integration/excision,NA,Plasmid RefSeq,Homology,Esch_coli_GTEN_247_scaffold00002_351969-362748_scaffold00002_370_15, 10326 # 10778 # -1 , 10326,10778,-1 ,58_15,58,15,01,Edge,None,None,0.528,Esch_coli_GTEN_247_scaffold00002_351969-362748_scaffold00002_370,mobileOG_000338823_Esch_coli_GTEN_247_scaffold00002_351969-362748_scaffold00002_370
100,mobileOG_000033423|tnpA|NA|integration/excision|NA|Multiple|Homology,Esch_coli_GTEN_247_scaffold00002_352918-363250_scaffold00002_371_2 # 1369 # 2073 # -1 # ID=59_2;partial=00;start_type=ATG;rbs_motif=GGAG/GAGG;rbs_spacer=5-10bp;gc_cont=0.530,100.0,496.0,234,2.2999999999999995e-180,235,1,234,1,234,mobileOG_000033423,tnpA,NA,integration/excision,NA,Multiple,Homology,Esch_coli_GTEN_247_scaffold00002_352918-363250_scaffold00002_371_2, 1369 # 2073 # -1 , 1369,2073,-1 ,59_2,59,2,00,ATG,GGAG/GAGG,5-10bp,0.530,Esch_coli_GTEN_247_scaffold00002_352918-363250_scaffold00002_371,mobileOG_000033423_Esch_coli_GTEN_247_scaffold00002_352918-363250_scaffold00002_371
101,mobileOG_000050684|traG|WP_104457263.1|transfer|conjugation|Multiple|Homology,Esch_coli_GTEN_247_scaffold00002_352918-363250_scaffold00002_371_3 # 2183 # 2644 # 1 # ID=59_3;partial=00;start_type=GTG;rbs_motif=GGAG/GAGG;rbs_spacer=5-10bp;gc_cont=0.604,90.7,272.0,701,1.1699999999999996e-87,154,552,701,4,153,mobileOG_000050684,traG,WP_104457263.1,transfer,conjugation,Multiple,Homology,Esch_coli_GTEN_247_scaffold00002_352918-363250_scaffold00002_371_3, 2183 # 2644 # 1 , 2183,2644,1 ,59_3,59,3,00,GTG,GGAG/GAGG,5-10bp,0.604,Esch_coli_GTEN_247_scaffold00002_352918-363250_scaffold00002_371,mobileOG_000050684_Esch_coli_GTEN_247_scaffold00002_352918-363250_scaffold00002_371
102,mobileOG_000059546|tnp|WP_000397990.1|integration/excision|NA|COMPASS|Homology,Esch_coli_GTEN_247_scaffold00002_352918-363250_scaffold00002_371_7 # 5580 # 6155 # -1 # ID=59_7;partial=00;start_type=ATG;rbs_motif=GGA/GAG/AGG;rbs_spacer=5-10bp;gc_cont=0.535,100.0,375.0,191,3.189999999999999e-134,192,1,191,1,191,mobileOG_000059546,tnp,WP_000397990.1,integration/excision,NA,COMPASS,Homology,Esch_coli_GTEN_247_scaffold00002_352918-363250_scaffold00002_371_7, 5580 # 6155 # -1 , 5580,6155,-1 ,59_7,59,7,00,ATG,GGA/GAG/AGG,5-10bp,0.535,Esch_coli_GTEN_247_scaffold00002_352918-363250_scaffold00002_371,mobileOG_000059546_Esch_coli_GTEN_247_scaffold00002_352918-363250_scaffold00002_371
103,mobileOG_000338823|tnpA|WP_032492056.1|integration/excision|NA|Plasmid RefSeq|Homology,Esch_coli_GTEN_247_scaffold00002_352918-363250_scaffold00002_371_14 # 9377 # 10081 # -1 # ID=59_14;partial=00;start_type=ATG;rbs_motif=GGAG/GAGG;rbs_spacer=5-10bp;gc_cont=0.530,100.0,496.0,234,1.1399999999999996e-180,235,1,234,1,234,mobileOG_000338823,tnpA,WP_032492056.1,integration/excision,NA,Plasmid RefSeq,Homology,Esch_coli_GTEN_247_scaffold00002_352918-363250_scaffold00002_371_14, 9377 # 10081 # -1 , 9377,10081,-1 ,59_14,59,14,00,ATG,GGAG/GAGG,5-10bp,0.530,Esch_coli_GTEN_247_scaffold00002_352918-363250_scaffold00002_371,mobileOG_000338823_Esch_coli_GTEN_247_scaffold00002_352918-363250_scaffold00002_371
104,mobileOG_000285876|tnpA|A0A5P5X6M9|integration/excision|NA|Plasmid RefSeq|Homology,Esch_coli_GTEN_247_scaffold00002_354430-365221_scaffold00002_373_1 # 1 # 561 # -1 # ID=60_1;partial=10;start_type=ATG;rbs_motif=GGAG/GAGG;rbs_spacer=5-10bp;gc_cont=0.544,100.0,404.0,195,1.5499999999999995e-145,187,1,187,1,187,mobileOG_000285876,tnpA,A0A5P5X6M9,integration/excision,NA,Plasmid RefSeq,Homology,Esch_coli_GTEN_247_scaffold00002_354430-365221_scaffold00002_373_1, 1 # 561 # -1 , 1,561,-1 ,60_1,60,1,10,ATG,GGAG/GAGG,5-10bp,0.544,Esch_coli_GTEN_247_scaffold00002_354430-365221_scaffold00002_373,mobileOG_000285876_Esch_coli_GTEN_247_scaffold00002_354430-365221_scaffold00002_373
105,mobileOG_000050684|traG|WP_104457263.1|transfer|conjugation|Multiple|Homology,Esch_coli_GTEN_247_scaffold00002_354430-365221_scaffold00002_373_2 # 914 # 1132 # 1 # ID=60_2;partial=00;start_type=ATG;rbs_motif=GGA/GAG/AGG;rbs_spacer=5-10bp;gc_cont=0.575,100.0,150.0,701,1.98e-43,73,630,701,1,72,mobileOG_000050684,traG,WP_104457263.1,transfer,conjugation,Multiple,Homology,Esch_coli_GTEN_247_scaffold00002_354430-365221_scaffold00002_373_2, 914 # 1132 # 1 , 914,1132,1 ,60_2,60,2,00,ATG,GGA/GAG/AGG,5-10bp,0.575,Esch_coli_GTEN_247_scaffold00002_354430-365221_scaffold00002_373,mobileOG_000050684_Esch_coli_GTEN_247_scaffold00002_354430-365221_scaffold00002_373
106,mobileOG_000059546|tnp|WP_000397990.1|integration/excision|NA|COMPASS|Homology,Esch_coli_GTEN_247_scaffold00002_354430-365221_scaffold00002_373_6 # 4068 # 4643 # -1 # ID=60_6;partial=00;start_type=ATG;rbs_motif=GGA/GAG/AGG;rbs_spacer=5-10bp;gc_cont=0.535,100.0,375.0,191,3.189999999999999e-134,192,1,191,1,191,mobileOG_000059546,tnp,WP_000397990.1,integration/excision,NA,COMPASS,Homology,Esch_coli_GTEN_247_scaffold00002_354430-365221_scaffold00002_373_6, 4068 # 4643 # -1 , 4068,4643,-1 ,60_6,60,6,00,ATG,GGA/GAG/AGG,5-10bp,0.535,Esch_coli_GTEN_247_scaffold00002_354430-365221_scaffold00002_373,mobileOG_000059546_Esch_coli_GTEN_247_scaffold00002_354430-365221_scaffold00002_373
107,mobileOG_000338823|tnpA|WP_032492056.1|integration/excision|NA|Plasmid RefSeq|Homology,Esch_coli_GTEN_247_scaffold00002_354430-365221_scaffold00002_373_13 # 7865 # 8569 # -1 # ID=60_13;partial=00;start_type=ATG;rbs_motif=GGAG/GAGG;rbs_spacer=5-10bp;gc_cont=0.530,100.0,496.0,234,1.1399999999999996e-180,235,1,234,1,234,mobileOG_000338823,tnpA,WP_032492056.1,integration/excision,NA,Plasmid RefSeq,Homology,Esch_coli_GTEN_247_scaffold00002_354430-365221_scaffold00002_373_13, 7865 # 8569 # -1 , 7865,8569,-1 ,60_13,60,13,00,ATG,GGAG/GAGG,5-10bp,0.530,Esch_coli_GTEN_247_scaffold00002_354430-365221_scaffold00002_373,mobileOG_000338823_Esch_coli_GTEN_247_scaffold00002_354430-365221_scaffold00002_373
108,"mobileOG_000364581|mobA|WP_061425164.1|transfer|conjugation,relaxosome|Plasmid RefSeq|Homology",Esch_coli_GTEN_247_scaffold00002_354430-365221_scaffold00002_373_14 # 8628 # 10109 # 1 # ID=60_14;partial=00;start_type=GTG;rbs_motif=None;rbs_spacer=None;gc_cont=0.696,100.0,832.0,493,1.5399999999999993e-304,494,1,493,1,493,mobileOG_000364581,mobA,WP_061425164.1,transfer,"conjugation,relaxosome",Plasmid RefSeq,Homology,Esch_coli_GTEN_247_scaffold00002_354430-365221_scaffold00002_373_14, 8628 # 10109 # 1 , 8628,10109,1 ,60_14,60,14,00,GTG,None,None,0.696,Esch_coli_GTEN_247_scaffold00002_354430-365221_scaffold00002_373,mobileOG_000364581_Esch_coli_GTEN_247_scaffold00002_354430-365221_scaffold00002_373
109,mobileOG_000059546|tnp|WP_000397990.1|integration/excision|NA|COMPASS|Homology,Esch_coli_GTEN_247_scaffold00002_356982-367236_scaffold00002_378_3 # 1516 # 2091 # -1 # ID=61_3;partial=00;start_type=ATG;rbs_motif=GGA/GAG/AGG;rbs_spacer=5-10bp;gc_cont=0.535,100.0,375.0,191,3.189999999999999e-134,192,1,191,1,191,mobileOG_000059546,tnp,WP_000397990.1,integration/excision,NA,COMPASS,Homology,Esch_coli_GTEN_247_scaffold00002_356982-367236_scaffold00002_378_3, 1516 # 2091 # -1 , 1516,2091,-1 ,61_3,61,3,00,ATG,GGA/GAG/AGG,5-10bp,0.535,Esch_coli_GTEN_247_scaffold00002_356982-367236_scaffold00002_378,mobileOG_000059546_Esch_coli_GTEN_247_scaffold00002_356982-367236_scaffold00002_378
110,mobileOG_000338823|tnpA|WP_032492056.1|integration/excision|NA|Plasmid RefSeq|Homology,Esch_coli_GTEN_247_scaffold00002_356982-367236_scaffold00002_378_10 # 5313 # 6017 # -1 # ID=61_10;partial=00;start_type=ATG;rbs_motif=GGAG/GAGG;rbs_spacer=5-10bp;gc_cont=0.530,100.0,496.0,234,1.1399999999999996e-180,235,1,234,1,234,mobileOG_000338823,tnpA,WP_032492056.1,integration/excision,NA,Plasmid RefSeq,Homology,Esch_coli_GTEN_247_scaffold00002_356982-367236_scaffold00002_378_10, 5313 # 6017 # -1 , 5313,6017,-1 ,61_10,61,10,00,ATG,GGAG/GAGG,5-10bp,0.530,Esch_coli_GTEN_247_scaffold00002_356982-367236_scaffold00002_378,mobileOG_000338823_Esch_coli_GTEN_247_scaffold00002_356982-367236_scaffold00002_378
111,"mobileOG_000364581|mobA|WP_061425164.1|transfer|conjugation,relaxosome|Plasmid RefSeq|Homology",Esch_coli_GTEN_247_scaffold00002_356982-367236_scaffold00002_378_11 # 6076 # 7557 # 1 # ID=61_11;partial=00;start_type=GTG;rbs_motif=None;rbs_spacer=None;gc_cont=0.696,100.0,832.0,493,1.5399999999999993e-304,494,1,493,1,493,mobileOG_000364581,mobA,WP_061425164.1,transfer,"conjugation,relaxosome",Plasmid RefSeq,Homology,Esch_coli_GTEN_247_scaffold00002_356982-367236_scaffold00002_378_11, 6076 # 7557 # 1 , 6076,7557,1 ,61_11,61,11,00,GTG,None,None,0.696,Esch_coli_GTEN_247_scaffold00002_356982-367236_scaffold00002_378,mobileOG_000364581_Esch_coli_GTEN_247_scaffold00002_356982-367236_scaffold00002_378
112,mobileOG_000269897|tnpA|WP_129554438.1|integration/excision|NA|IME|Homology,Esch_coli_GTEN_247_scaffold00002_356982-367236_scaffold00002_378_13 # 8349 # 8504 # -1 # ID=61_13;partial=00;start_type=ATG;rbs_motif=GGA/GAG/AGG;rbs_spacer=5-10bp;gc_cont=0.660,100.0,105.0,209,6.94e-30,52,159,209,1,51,mobileOG_000269897,tnpA,WP_129554438.1,integration/excision,NA,IME,Homology,Esch_coli_GTEN_247_scaffold00002_356982-367236_scaffold00002_378_13, 8349 # 8504 # -1 , 8349,8504,-1 ,61_13,61,13,00,ATG,GGA/GAG/AGG,5-10bp,0.660,Esch_coli_GTEN_247_scaffold00002_356982-367236_scaffold00002_378,mobileOG_000269897_Esch_coli_GTEN_247_scaffold00002_356982-367236_scaffold00002_378
113,mobileOG_000051099|tnpA|A0A0N9NHJ8|integration/excision|NA|COMPASS|Homology,Esch_coli_GTEN_247_scaffold00002_356982-367236_scaffold00002_378_15 # 9045 # 9824 # -1 # ID=61_15;partial=00;start_type=GTG;rbs_motif=None;rbs_spacer=None;gc_cont=0.491,99.6,511.0,559,5.109999999999998e-181,260,301,559,1,259,mobileOG_000051099,tnpA,A0A0N9NHJ8,integration/excision,NA,COMPASS,Homology,Esch_coli_GTEN_247_scaffold00002_356982-367236_scaffold00002_378_15, 9045 # 9824 # -1 , 9045,9824,-1 ,61_15,61,15,00,GTG,None,None,0.491,Esch_coli_GTEN_247_scaffold00002_356982-367236_scaffold00002_378,mobileOG_000051099_Esch_coli_GTEN_247_scaffold00002_356982-367236_scaffold00002_378
114,mobileOG_000359393|tnpA|WP_109491564.1|integration/excision|NA|Plasmid RefSeq|Homology,Esch_coli_GTEN_247_scaffold00002_356982-367236_scaffold00002_378_16 # 9937 # 10254 # -1 # ID=61_16;partial=01;start_type=Edge;rbs_motif=None;rbs_spacer=None;gc_cont=0.519,100.0,215.0,128,2.9499999999999994e-73,106,24,128,1,105,mobileOG_000359393,tnpA,WP_109491564.1,integration/excision,NA,Plasmid RefSeq,Homology,Esch_coli_GTEN_247_scaffold00002_356982-367236_scaffold00002_378_16, 9937 # 10254 # -1 , 9937,10254,-1 ,61_16,61,16,01,Edge,None,None,0.519,Esch_coli_GTEN_247_scaffold00002_356982-367236_scaffold00002_378,mobileOG_000359393_Esch_coli_GTEN_247_scaffold00002_356982-367236_scaffold00002_378
,Sequence Title,Query Title,Pident,Bitscore,Subject Sequence Length,e-value,Query Sequence Length,Start of Alignment in Subject,End of Alignment in Query,Start of Alignment in Query,End of Alignment in Query,mobileOG ID,Gene Name,Best Hit Accession ID,Major mobileOG Category,Minor mobileOG Category,Source Database,Evidence Type,Contig/ORF Name,ORF_Start_Stop_Strands,ORF_Start,ORF_End,Sense or Antisense Strand,Prodigal ID,Prodigal Designated Contigs,Unique_ORF,Partial Tag,Start Codon,RBS Motif,RBS Spacer,GC Content,Specific Contig,Final Sample Name
0,mobileOG_000003237|fis|WP_000462905.1|integration/excision|replication/recombination/repair|Multiple|Manual,Esch_coli_GTEN_291_scaffold00001_460664-471821_scaffold00001_438_9 # 8455 # 8751 # -1 # ID=7_9;partial=00;start_type=ATG;rbs_motif=GGA/GAG/AGG;rbs_spacer=11-12bp;gc_cont=0.471,100.0,189.0,98,1.9899999999999996e-63,99,1,98,1,98,mobileOG_000003237,fis,WP_000462905.1,integration/excision,replication/recombination/repair,Multiple,Manual,Esch_coli_GTEN_291_scaffold00001_460664-471821_scaffold00001_438_9, 8455 # 8751 # -1 , 8455,8751,-1 ,7_9,7,9,00,ATG,GGA/GAG/AGG,11-12bp,0.471,Esch_coli_GTEN_291_scaffold00001_460664-471821_scaffold00001_438,mobileOG_000003237_Esch_coli_GTEN_291_scaffold00001_460664-471821_scaffold00001_438
1,mobileOG_000003237|fis|WP_000462905.1|integration/excision|replication/recombination/repair|Multiple|Manual,Esch_coli_GTEN_291_scaffold00001_462220-472882_scaffold00001_439_8 # 6899 # 7195 # -1 # ID=8_8;partial=00;start_type=ATG;rbs_motif=GGA/GAG/AGG;rbs_spacer=11-12bp;gc_cont=0.471,100.0,189.0,98,1.9899999999999996e-63,99,1,98,1,98,mobileOG_000003237,fis,WP_000462905.1,integration/excision,replication/recombination/repair,Multiple,Manual,Esch_coli_GTEN_291_scaffold00001_462220-472882_scaffold00001_439_8, 6899 # 7195 # -1 , 6899,7195,-1 ,8_8,8,8,00,ATG,GGA/GAG/AGG,11-12bp,0.471,Esch_coli_GTEN_291_scaffold00001_462220-472882_scaffold00001_439,mobileOG_000003237_Esch_coli_GTEN_291_scaffold00001_462220-472882_scaffold00001_439
2,"mobileOG_000025806|cca|J7Q9S8|phage|regulation,infection|Multiple|Manual",Esch_coli_GTEN_291_scaffold00001_672766-683587_scaffold00001_639_8 # 6003 # 7241 # -1 # ID=9_8;partial=00;start_type=GTG;rbs_motif=GGA/GAG/AGG;rbs_spacer=5-10bp;gc_cont=0.564,100.0,842.0,412,3.06e-311,413,1,412,1,412,mobileOG_000025806,cca,J7Q9S8,phage,"regulation,infection",Multiple,Manual,Esch_coli_GTEN_291_scaffold00001_672766-683587_scaffold00001_639_8, 6003 # 7241 # -1 , 6003,7241,-1 ,9_8,9,8,00,GTG,GGA/GAG/AGG,5-10bp,0.564,Esch_coli_GTEN_291_scaffold00001_672766-683587_scaffold00001_639,mobileOG_000025806_Esch_coli_GTEN_291_scaffold00001_672766-683587_scaffold00001_639
3,mobileOG_000026107|parE|P20083|replication/recombination/repair|partitioning|Multiple|Manual,Esch_coli_GTEN_291_scaffold00001_695965-707446_scaffold00001_659_12 # 9201 # 11093 # 1 # ID=10_12;partial=00;start_type=ATG;rbs_motif=None;rbs_spacer=None;gc_cont=0.536,100.0,1255.0,630,0.0,631,1,630,1,630,mobileOG_000026107,parE,P20083,replication/recombination/repair,partitioning,Multiple,Manual,Esch_coli_GTEN_291_scaffold00001_695965-707446_scaffold00001_659_12, 9201 # 11093 # 1 , 9201,11093,1 ,10_12,10,12,00,ATG,None,None,0.536,Esch_coli_GTEN_291_scaffold00001_695965-707446_scaffold00001_659,mobileOG_000026107_Esch_coli_GTEN_291_scaffold00001_695965-707446_scaffold00001_659
4,mobileOG_000304542|traG|WP_001297077.1|transfer|conjugation|Plasmid RefSeq|Homology,Esch_coli_GTEN_291_scaffold00001_1513507-1524475_scaffold00001_1424_8 # 7420 # 8022 # 1 # ID=19_8;partial=00;start_type=GTG;rbs_motif=GGAG/GAGG;rbs_spacer=5-10bp;gc_cont=0.433,99.0,402.0,200,2.7099999999999995e-144,201,1,200,1,200,mobileOG_000304542,traG,WP_001297077.1,transfer,conjugation,Plasmid RefSeq,Homology,Esch_coli_GTEN_291_scaffold00001_1513507-1524475_scaffold00001_1424_8, 7420 # 8022 # 1 , 7420,8022,1 ,19_8,19,8,00,GTG,GGAG/GAGG,5-10bp,0.433,Esch_coli_GTEN_291_scaffold00001_1513507-1524475_scaffold00001_1424,mobileOG_000304542_Esch_coli_GTEN_291_scaffold00001_1513507-1524475_scaffold00001_1424
5,mobileOG_000333812|alkB|WP_000884953.1|replication/recombination/repair|NA|Plasmid RefSeq|Homology,Esch_coli_GTEN_291_scaffold00001_1572931-1584574_scaffold00001_1467_5 # 4275 # 4925 # 1 # ID=20_5;partial=00;start_type=ATG;rbs_motif=AGGAG;rbs_spacer=5-10bp;gc_cont=0.527,99.1,455.0,216,8.369999999999998e-165,217,1,216,1,216,mobileOG_000333812,alkB,WP_000884953.1,replication/recombination/repair,NA,Plasmid RefSeq,Homology,Esch_coli_GTEN_291_scaffold00001_1572931-1584574_scaffold00001_1467_5, 4275 # 4925 # 1 , 4275,4925,1 ,20_5,20,5,00,ATG,AGGAG,5-10bp,0.527,Esch_coli_GTEN_291_scaffold00001_1572931-1584574_scaffold00001_1467,mobileOG_000333812_Esch_coli_GTEN_291_scaffold00001_1572931-1584574_scaffold00001_1467
6,mobileOG_000002235|insL1|A0A4P6I5C8|integration/excision|NA|COMPASS|Manual,Esch_coli_GTEN_291_scaffold00001_1721389-1734511_scaffold00001_1615_8 # 10066 # 10206 # -1 # ID=24_8;partial=00;start_type=ATG;rbs_motif=GGAG/GAGG;rbs_spacer=5-10bp;gc_cont=0.496,97.8,87.0,214,1.37e-22,47,169,214,1,46,mobileOG_000002235,insL1,A0A4P6I5C8,integration/excision,NA,COMPASS,Manual,Esch_coli_GTEN_291_scaffold00001_1721389-1734511_scaffold00001_1615_8, 10066 # 10206 # -1 , 10066,10206,-1 ,24_8,24,8,00,ATG,GGAG/GAGG,5-10bp,0.496,Esch_coli_GTEN_291_scaffold00001_1721389-1734511_scaffold00001_1615,mobileOG_000002235_Esch_coli_GTEN_291_scaffold00001_1721389-1734511_scaffold00001_1615
7,mobileOG_000001152|insL1|P0CF91|integration/excision|NA|Multiple|Manual,Esch_coli_GTEN_291_scaffold00001_1721389-1734511_scaffold00001_1615_9 # 10229 # 11341 # -1 # ID=24_9;partial=00;start_type=ATG;rbs_motif=None;rbs_spacer=None;gc_cont=0.520,100.0,733.0,370,7.799999999999995e-270,371,1,370,1,370,mobileOG_000001152,insL1,P0CF91,integration/excision,NA,Multiple,Manual,Esch_coli_GTEN_291_scaffold00001_1721389-1734511_scaffold00001_1615_9, 10229 # 11341 # -1 , 10229,11341,-1 ,24_9,24,9,00,ATG,None,None,0.520,Esch_coli_GTEN_291_scaffold00001_1721389-1734511_scaffold00001_1615,mobileOG_000001152_Esch_coli_GTEN_291_scaffold00001_1721389-1734511_scaffold00001_1615
8,mobileOG_000002235|insL1|A0A4P6I5C8|integration/excision|NA|COMPASS|Manual,Esch_coli_GTEN_291_scaffold00001_1724511-1735878_scaffold00001_1616_6 # 6944 # 7084 # -1 # ID=25_6;partial=00;start_type=ATG;rbs_motif=GGAG/GAGG;rbs_spacer=5-10bp;gc_cont=0.496,97.8,87.0,214,1.37e-22,47,169,214,1,46,mobileOG_000002235,insL1,A0A4P6I5C8,integration/excision,NA,COMPASS,Manual,Esch_coli_GTEN_291_scaffold00001_1724511-1735878_scaffold00001_1616_6, 6944 # 7084 # -1 , 6944,7084,-1 ,25_6,25,6,00,ATG,GGAG/GAGG,5-10bp,0.496,Esch_coli_GTEN_291_scaffold00001_1724511-1735878_scaffold00001_1616,mobileOG_000002235_Esch_coli_GTEN_291_scaffold00001_1724511-1735878_scaffold00001_1616
9,mobileOG_000001152|insL1|P0CF91|integration/excision|NA|Multiple|Manual,Esch_coli_GTEN_291_scaffold00001_1724511-1735878_scaffold00001_1616_7 # 7107 # 8219 # -1 # ID=25_7;partial=00;start_type=ATG;rbs_motif=None;rbs_spacer=None;gc_cont=0.520,100.0,733.0,370,7.799999999999995e-270,371,1,370,1,370,mobileOG_000001152,insL1,P0CF91,integration/excision,NA,Multiple,Manual,Esch_coli_GTEN_291_scaffold00001_1724511-1735878_scaffold00001_1616_7, 7107 # 8219 # -1 , 7107,8219,-1 ,25_7,25,7,00,ATG,None,None,0.520,Esch_coli_GTEN_291_scaffold00001_1724511-1735878_scaffold00001_1616,mobileOG_000001152_Esch_coli_GTEN_291_scaffold00001_1724511-1735878_scaffold00001_1616
10,mobileOG_000220257|ygaD|A0A037Y2N1|transfer|competence|GPD|Homology,Esch_coli_GTEN_291_scaffold00001_2353486-2363869_scaffold00001_2245_1 # 3 # 185 # -1 # ID=26_1;partial=10;start_type=GTG;rbs_motif=GGA/GAG/AGG;rbs_spacer=5-10bp;gc_cont=0.437,100.0,119.0,172,2.8399999999999993e-35,61,1,61,1,61,mobileOG_000220257,ygaD,A0A037Y2N1,transfer,competence,GPD,Homology,Esch_coli_GTEN_291_scaffold00001_2353486-2363869_scaffold00001_2245_1, 3 # 185 # -1 , 3,185,-1 ,26_1,26,1,10,GTG,GGA/GAG/AGG,5-10bp,0.437,Esch_coli_GTEN_291_scaffold00001_2353486-2363869_scaffold00001_2245,mobileOG_000220257_Esch_coli_GTEN_291_scaffold00001_2353486-2363869_scaffold00001_2245
11,mobileOG_000017974|insZ|A0A037Y8D2|integration/excision|NA|Multiple|Manual,Esch_coli_GTEN_291_scaffold00001_2740176-2750589_scaffold00001_2616_2 # 2601 # 2786 # 1 # ID=27_2;partial=00;start_type=ATG;rbs_motif=GGAG/GAGG;rbs_spacer=5-10bp;gc_cont=0.538,100.0,131.0,61,1.59e-41,62,1,61,1,61,mobileOG_000017974,insZ,A0A037Y8D2,integration/excision,NA,Multiple,Manual,Esch_coli_GTEN_291_scaffold00001_2740176-2750589_scaffold00001_2616_2, 2601 # 2786 # 1 , 2601,2786,1 ,27_2,27,2,00,ATG,GGAG/GAGG,5-10bp,0.538,Esch_coli_GTEN_291_scaffold00001_2740176-2750589_scaffold00001_2616,mobileOG_000017974_Esch_coli_GTEN_291_scaffold00001_2740176-2750589_scaffold00001_2616
12,mobileOG_000017973|insZ|A0A024L4B6|integration/excision|NA|GPD|Manual,Esch_coli_GTEN_291_scaffold00001_2740176-2750589_scaffold00001_2616_3 # 2907 # 3497 # 1 # ID=27_3;partial=00;start_type=ATG;rbs_motif=3Base/5BMM;rbs_spacer=13-15bp;gc_cont=0.533,100.0,398.0,196,6.679999999999998e-143,197,1,196,1,196,mobileOG_000017973,insZ,A0A024L4B6,integration/excision,NA,GPD,Manual,Esch_coli_GTEN_291_scaffold00001_2740176-2750589_scaffold00001_2616_3, 2907 # 3497 # 1 , 2907,3497,1 ,27_3,27,3,00,ATG,3Base/5BMM,13-15bp,0.533,Esch_coli_GTEN_291_scaffold00001_2740176-2750589_scaffold00001_2616,mobileOG_000017973_Esch_coli_GTEN_291_scaffold00001_2740176-2750589_scaffold00001_2616
13,mobileOG_000002433|dinI|WP_001217754.1|replication/recombination/repair|NA|Multiple|Manual,Esch_coli_GTEN_291_scaffold00001_2906959-2918167_scaffold00001_2786_12 # 8840 # 9085 # 1 # ID=28_12;partial=00;start_type=ATG;rbs_motif=AGxAGG/AGGxGG;rbs_spacer=5-10bp;gc_cont=0.480,100.0,162.0,81,3.9799999999999997e-53,82,1,81,1,81,mobileOG_000002433,dinI,WP_001217754.1,replication/recombination/repair,NA,Multiple,Manual,Esch_coli_GTEN_291_scaffold00001_2906959-2918167_scaffold00001_2786_12, 8840 # 9085 # 1 , 8840,9085,1 ,28_12,28,12,00,ATG,AGxAGG/AGGxGG,5-10bp,0.480,Esch_coli_GTEN_291_scaffold00001_2906959-2918167_scaffold00001_2786,mobileOG_000002433_Esch_coli_GTEN_291_scaffold00001_2906959-2918167_scaffold00001_2786
14,mobileOG_000056463|tnpM|WP_001493763.1|integration/excision|NA|Multiple|Homology,Esch_coli_GTEN_291_scaffold00001_2938753-2949409_scaffold00001_2823_3 # 1539 # 2084 # 1 # ID=30_3;partial=00;start_type=ATG;rbs_motif=GGAG/GAGG;rbs_spacer=5-10bp;gc_cont=0.511,100.0,377.0,181,5.179999999999998e-135,182,1,181,1,181,mobileOG_000056463,tnpM,WP_001493763.1,integration/excision,NA,Multiple,Homology,Esch_coli_GTEN_291_scaffold00001_2938753-2949409_scaffold00001_2823_3, 1539 # 2084 # 1 , 1539,2084,1 ,30_3,30,3,00,ATG,GGAG/GAGG,5-10bp,0.511,Esch_coli_GTEN_291_scaffold00001_2938753-2949409_scaffold00001_2823,mobileOG_000056463_Esch_coli_GTEN_291_scaffold00001_2938753-2949409_scaffold00001_2823
15,mobileOG_000056464|tnpR|WP_001493762.1|integration/excision|NA|Multiple|Homology,Esch_coli_GTEN_291_scaffold00001_2938753-2949409_scaffold00001_2823_4 # 2221 # 2793 # 1 # ID=30_4;partial=00;start_type=GTG;rbs_motif=GGAGG;rbs_spacer=5-10bp;gc_cont=0.543,100.0,374.0,190,1.7099999999999998e-133,191,1,190,1,190,mobileOG_000056464,tnpR,WP_001493762.1,integration/excision,NA,Multiple,Homology,Esch_coli_GTEN_291_scaffold00001_2938753-2949409_scaffold00001_2823_4, 2221 # 2793 # 1 , 2221,2793,1 ,30_4,30,4,00,GTG,GGAGG,5-10bp,0.543,Esch_coli_GTEN_291_scaffold00001_2938753-2949409_scaffold00001_2823,mobileOG_000056464_Esch_coli_GTEN_291_scaffold00001_2938753-2949409_scaffold00001_2823
16,mobileOG_000056465|gin|WP_001493760.1|integration/excision|NA|COMPASS|Homology,Esch_coli_GTEN_291_scaffold00001_2938753-2949409_scaffold00001_2823_6 # 4245 # 4682 # 1 # ID=30_6;partial=00;start_type=ATG;rbs_motif=None;rbs_spacer=None;gc_cont=0.555,100.0,279.0,145,1.8499999999999994e-97,146,1,145,1,145,mobileOG_000056465,gin,WP_001493760.1,integration/excision,NA,COMPASS,Homology,Esch_coli_GTEN_291_scaffold00001_2938753-2949409_scaffold00001_2823_6, 4245 # 4682 # 1 , 4245,4682,1 ,30_6,30,6,00,ATG,None,None,0.555,Esch_coli_GTEN_291_scaffold00001_2938753-2949409_scaffold00001_2823,mobileOG_000056465_Esch_coli_GTEN_291_scaffold00001_2938753-2949409_scaffold00001_2823
17,mobileOG_000056778|insC1|WP_001459498.1|integration/excision|NA|COMPASS|Homology,Esch_coli_GTEN_291_scaffold00001_2938753-2949409_scaffold00001_2823_8 # 6025 # 6216 # 1 # ID=30_8;partial=00;start_type=ATG;rbs_motif=4Base/6BMM;rbs_spacer=13-15bp;gc_cont=0.474,100.0,127.0,63,4.32e-40,64,1,63,1,63,mobileOG_000056778,insC1,WP_001459498.1,integration/excision,NA,COMPASS,Homology,Esch_coli_GTEN_291_scaffold00001_2938753-2949409_scaffold00001_2823_8, 6025 # 6216 # 1 , 6025,6216,1 ,30_8,30,8,00,ATG,4Base/6BMM,13-15bp,0.474,Esch_coli_GTEN_291_scaffold00001_2938753-2949409_scaffold00001_2823,mobileOG_000056778_Esch_coli_GTEN_291_scaffold00001_2938753-2949409_scaffold00001_2823
18,mobileOG_000045769|tnpA|WP_021512645.1|integration/excision|NA|COMPASS|Homology,Esch_coli_GTEN_291_scaffold00001_2938753-2949409_scaffold00001_2823_11 # 7110 # 8357 # -1 # ID=30_11;partial=00;start_type=TTG;rbs_motif=GGA/GAG/AGG;rbs_spacer=5-10bp;gc_cont=0.511,99.8,830.0,415,1.449999999999999e-306,416,1,415,1,415,mobileOG_000045769,tnpA,WP_021512645.1,integration/excision,NA,COMPASS,Homology,Esch_coli_GTEN_291_scaffold00001_2938753-2949409_scaffold00001_2823_11, 7110 # 8357 # -1 , 7110,8357,-1 ,30_11,30,11,00,TTG,GGA/GAG/AGG,5-10bp,0.511,Esch_coli_GTEN_291_scaffold00001_2938753-2949409_scaffold00001_2823,mobileOG_000045769_Esch_coli_GTEN_291_scaffold00001_2938753-2949409_scaffold00001_2823
19,mobileOG_000042866|tnpR|WP_013307854.1|integration/excision|NA|COMPASS|Homology,Esch_coli_GTEN_291_scaffold00001_2938753-2949409_scaffold00001_2823_12 # 8363 # 9658 # -1 # ID=30_12;partial=00;start_type=ATG;rbs_motif=GGA/GAG/AGG;rbs_spacer=5-10bp;gc_cont=0.522,100.0,830.0,558,4.199999999999998e-304,432,1,428,1,428,mobileOG_000042866,tnpR,WP_013307854.1,integration/excision,NA,COMPASS,Homology,Esch_coli_GTEN_291_scaffold00001_2938753-2949409_scaffold00001_2823_12, 8363 # 9658 # -1 , 8363,9658,-1 ,30_12,30,12,00,ATG,GGA/GAG/AGG,5-10bp,0.522,Esch_coli_GTEN_291_scaffold00001_2938753-2949409_scaffold00001_2823,mobileOG_000042866_Esch_coli_GTEN_291_scaffold00001_2938753-2949409_scaffold00001_2823
20,mobileOG_000056778|insC1|WP_001459498.1|integration/excision|NA|COMPASS|Homology,Esch_coli_GTEN_291_scaffold00001_2944049-2954924_scaffold00001_2830_2 # 729 # 920 # 1 # ID=31_2;partial=00;start_type=ATG;rbs_motif=4Base/6BMM;rbs_spacer=13-15bp;gc_cont=0.474,100.0,127.0,63,4.32e-40,64,1,63,1,63,mobileOG_000056778,insC1,WP_001459498.1,integration/excision,NA,COMPASS,Homology,Esch_coli_GTEN_291_scaffold00001_2944049-2954924_scaffold00001_2830_2, 729 # 920 # 1 , 729,920,1 ,31_2,31,2,00,ATG,4Base/6BMM,13-15bp,0.474,Esch_coli_GTEN_291_scaffold00001_2944049-2954924_scaffold00001_2830,mobileOG_000056778_Esch_coli_GTEN_291_scaffold00001_2944049-2954924_scaffold00001_2830
21,mobileOG_000045769|tnpA|WP_021512645.1|integration/excision|NA|COMPASS|Homology,Esch_coli_GTEN_291_scaffold00001_2944049-2954924_scaffold00001_2830_4 # 1814 # 3061 # -1 # ID=31_4;partial=00;start_type=TTG;rbs_motif=GGA/GAG/AGG;rbs_spacer=5-10bp;gc_cont=0.511,99.8,830.0,415,1.449999999999999e-306,416,1,415,1,415,mobileOG_000045769,tnpA,WP_021512645.1,integration/excision,NA,COMPASS,Homology,Esch_coli_GTEN_291_scaffold00001_2944049-2954924_scaffold00001_2830_4, 1814 # 3061 # -1 , 1814,3061,-1 ,31_4,31,4,00,TTG,GGA/GAG/AGG,5-10bp,0.511,Esch_coli_GTEN_291_scaffold00001_2944049-2954924_scaffold00001_2830,mobileOG_000045769_Esch_coli_GTEN_291_scaffold00001_2944049-2954924_scaffold00001_2830
22,mobileOG_000042866|tnpR|WP_013307854.1|integration/excision|NA|COMPASS|Homology,Esch_coli_GTEN_291_scaffold00001_2944049-2954924_scaffold00001_2830_5 # 3067 # 4362 # -1 # ID=31_5;partial=00;start_type=ATG;rbs_motif=GGA/GAG/AGG;rbs_spacer=5-10bp;gc_cont=0.522,100.0,830.0,558,4.199999999999998e-304,432,1,428,1,428,mobileOG_000042866,tnpR,WP_013307854.1,integration/excision,NA,COMPASS,Homology,Esch_coli_GTEN_291_scaffold00001_2944049-2954924_scaffold00001_2830_5, 3067 # 4362 # -1 , 3067,4362,-1 ,31_5,31,5,00,ATG,GGA/GAG/AGG,5-10bp,0.522,Esch_coli_GTEN_291_scaffold00001_2944049-2954924_scaffold00001_2830,mobileOG_000042866_Esch_coli_GTEN_291_scaffold00001_2944049-2954924_scaffold00001_2830
23,mobileOG_000035646|tnpA|WP_000608644.1|integration/excision|NA|Multiple|Homology,Esch_coli_GTEN_291_scaffold00001_2944049-2954924_scaffold00001_2830_9 # 6132 # 7394 # -1 # ID=31_9;partial=00;start_type=ATG;rbs_motif=GGA/GAG/AGG;rbs_spacer=5-10bp;gc_cont=0.340,100.0,823.0,420,1.689999999999999e-303,421,1,420,1,420,mobileOG_000035646,tnpA,WP_000608644.1,integration/excision,NA,Multiple,Homology,Esch_coli_GTEN_291_scaffold00001_2944049-2954924_scaffold00001_2830_9, 6132 # 7394 # -1 , 6132,7394,-1 ,31_9,31,9,00,ATG,GGA/GAG/AGG,5-10bp,0.340,Esch_coli_GTEN_291_scaffold00001_2944049-2954924_scaffold00001_2830,mobileOG_000035646_Esch_coli_GTEN_291_scaffold00001_2944049-2954924_scaffold00001_2830
24,mobileOG_000001093|insE3|P0CF67|integration/excision|NA|Multiple|Manual,Esch_coli_GTEN_291_scaffold00001_2944049-2954924_scaffold00001_2830_12 # 9007 # 9306 # 1 # ID=31_12;partial=00;start_type=ATG;rbs_motif=GGAG/GAGG;rbs_spacer=5-10bp;gc_cont=0.500,100.0,177.0,99,1.15e-58,100,1,99,1,99,mobileOG_000001093,insE3,P0CF67,integration/excision,NA,Multiple,Manual,Esch_coli_GTEN_291_scaffold00001_2944049-2954924_scaffold00001_2830_12, 9007 # 9306 # 1 , 9007,9306,1 ,31_12,31,12,00,ATG,GGAG/GAGG,5-10bp,0.500,Esch_coli_GTEN_291_scaffold00001_2944049-2954924_scaffold00001_2830,mobileOG_000001093_Esch_coli_GTEN_291_scaffold00001_2944049-2954924_scaffold00001_2830
25,mobileOG_000001094|insF3|P0CF82|integration/excision|NA|Multiple|Manual,Esch_coli_GTEN_291_scaffold00001_2944049-2954924_scaffold00001_2830_13 # 9303 # 10169 # 1 # ID=31_13;partial=00;start_type=ATG;rbs_motif=None;rbs_spacer=None;gc_cont=0.551,100.0,605.0,288,7.559999999999996e-222,289,1,288,1,288,mobileOG_000001094,insF3,P0CF82,integration/excision,NA,Multiple,Manual,Esch_coli_GTEN_291_scaffold00001_2944049-2954924_scaffold00001_2830_13, 9303 # 10169 # 1 , 9303,10169,1 ,31_13,31,13,00,ATG,None,None,0.551,Esch_coli_GTEN_291_scaffold00001_2944049-2954924_scaffold00001_2830,mobileOG_000001094_Esch_coli_GTEN_291_scaffold00001_2944049-2954924_scaffold00001_2830
26,"mobileOG_000025715|ihfB|WP_002898165.1|integration/excision|regulation,lysis/lysogeny|Plasmid RefSeq|Manual",Esch_coli_GTEN_291_scaffold00001_3074354-3086102_scaffold00001_2946_9 # 9258 # 9542 # -1 # ID=32_9;partial=00;start_type=ATG;rbs_motif=GGAGG;rbs_spacer=3-4bp;gc_cont=0.491,97.8,187.0,95,8.879999999999998e-63,95,1,93,1,93,mobileOG_000025715,ihfB,WP_002898165.1,integration/excision,"regulation,lysis/lysogeny",Plasmid RefSeq,Manual,Esch_coli_GTEN_291_scaffold00001_3074354-3086102_scaffold00001_2946_9, 9258 # 9542 # -1 , 9258,9542,-1 ,32_9,32,9,00,ATG,GGAGG,3-4bp,0.491,Esch_coli_GTEN_291_scaffold00001_3074354-3086102_scaffold00001_2946,mobileOG_000025715_Esch_coli_GTEN_291_scaffold00001_3074354-3086102_scaffold00001_2946
27,mobileOG_000039162|xerC_3|A0A2X7P8R3|integration/excision|NA|Multiple|Homology,Esch_coli_GTEN_291_scaffold00001_3192577-3203809_scaffold00001_3067_2 # 437 # 1468 # 1 # ID=33_2;partial=00;start_type=ATG;rbs_motif=GGAGG;rbs_spacer=5-10bp;gc_cont=0.473,99.7,688.0,343,9.199999999999996e-253,344,1,343,1,343,mobileOG_000039162,xerC_3,A0A2X7P8R3,integration/excision,NA,Multiple,Homology,Esch_coli_GTEN_291_scaffold00001_3192577-3203809_scaffold00001_3067_2, 437 # 1468 # 1 , 437,1468,1 ,33_2,33,2,00,ATG,GGAGG,5-10bp,0.473,Esch_coli_GTEN_291_scaffold00001_3192577-3203809_scaffold00001_3067,mobileOG_000039162_Esch_coli_GTEN_291_scaffold00001_3192577-3203809_scaffold00001_3067
28,"mobileOG_000000399|quuD|A0A0I0K3R1|phage|infection,transcription|Multiple|Manual",Esch_coli_GTEN_291_scaffold00001_3307437-3317769_scaffold00001_3180_1 # 3 # 287 # -1 # ID=34_1;partial=10;start_type=ATG;rbs_motif=GGAG/GAGG;rbs_spacer=5-10bp;gc_cont=0.449,100.0,206.0,127,1.1699999999999997e-69,95,1,95,1,95,mobileOG_000000399,quuD,A0A0I0K3R1,phage,"infection,transcription",Multiple,Manual,Esch_coli_GTEN_291_scaffold00001_3307437-3317769_scaffold00001_3180_1, 3 # 287 # -1 , 3,287,-1 ,34_1,34,1,10,ATG,GGAG/GAGG,5-10bp,0.449,Esch_coli_GTEN_291_scaffold00001_3307437-3317769_scaffold00001_3180,mobileOG_000000399_Esch_coli_GTEN_291_scaffold00001_3307437-3317769_scaffold00001_3180
29,mobileOG_000000025|rusA|A0A073GDL3|replication/recombination/repair|NA|Multiple|Manual,Esch_coli_GTEN_291_scaffold00001_3307437-3317769_scaffold00001_3180_3 # 510 # 872 # -1 # ID=34_3;partial=00;start_type=GTG;rbs_motif=AGxAGG/AGGxGG;rbs_spacer=5-10bp;gc_cont=0.537,100.0,247.0,120,1.3099999999999997e-85,121,1,120,1,120,mobileOG_000000025,rusA,A0A073GDL3,replication/recombination/repair,NA,Multiple,Manual,Esch_coli_GTEN_291_scaffold00001_3307437-3317769_scaffold00001_3180_3, 510 # 872 # -1 , 510,872,-1 ,34_3,34,3,00,GTG,AGxAGG/AGGxGG,5-10bp,0.537,Esch_coli_GTEN_291_scaffold00001_3307437-3317769_scaffold00001_3180,mobileOG_000000025_Esch_coli_GTEN_291_scaffold00001_3307437-3317769_scaffold00001_3180
30,"mobileOG_000079227|P|A0A0A1A1Z3|phage|replication/recombination/repair,initiation|GPD|Homology",Esch_coli_GTEN_291_scaffold00001_3307437-3317769_scaffold00001_3180_12 # 5700 # 6401 # -1 # ID=34_12;partial=00;start_type=ATG;rbs_motif=GGxGG;rbs_spacer=3-4bp;gc_cont=0.544,100.0,462.0,233,2.769999999999999e-167,234,1,233,1,233,mobileOG_000079227,P,A0A0A1A1Z3,phage,"replication/recombination/repair,initiation",GPD,Homology,Esch_coli_GTEN_291_scaffold00001_3307437-3317769_scaffold00001_3180_12, 5700 # 6401 # -1 , 5700,6401,-1 ,34_12,34,12,00,ATG,GGxGG,3-4bp,0.544,Esch_coli_GTEN_291_scaffold00001_3307437-3317769_scaffold00001_3180,mobileOG_000079227_Esch_coli_GTEN_291_scaffold00001_3307437-3317769_scaffold00001_3180
31,mobileOG_000230410|O|A0A2J1DDE7|phage|replication/recombination/repair|GPD|Homology,Esch_coli_GTEN_291_scaffold00001_3307437-3317769_scaffold00001_3180_13 # 6398 # 7417 # -1 # ID=34_13;partial=00;start_type=ATG;rbs_motif=GGxGG;rbs_spacer=3-4bp;gc_cont=0.478,100.0,681.0,339,2.6299999999999987e-250,340,1,339,1,339,mobileOG_000230410,O,A0A2J1DDE7,phage,replication/recombination/repair,GPD,Homology,Esch_coli_GTEN_291_scaffold00001_3307437-3317769_scaffold00001_3180_13, 6398 # 7417 # -1 , 6398,7417,-1 ,34_13,34,13,00,ATG,GGxGG,3-4bp,0.478,Esch_coli_GTEN_291_scaffold00001_3307437-3317769_scaffold00001_3180,mobileOG_000230410_Esch_coli_GTEN_291_scaffold00001_3307437-3317769_scaffold00001_3180
32,"mobileOG_000030430|cro|WP_000184665.1|phage|infection,regulation|Multiple|Homology",Esch_coli_GTEN_291_scaffold00001_3307437-3317769_scaffold00001_3180_15 # 7984 # 8211 # -1 # ID=34_15;partial=00;start_type=ATG;rbs_motif=AGGA;rbs_spacer=5-10bp;gc_cont=0.461,100.0,155.0,75,1.4499999999999998e-50,76,1,75,1,75,mobileOG_000030430,cro,WP_000184665.1,phage,"infection,regulation",Multiple,Homology,Esch_coli_GTEN_291_scaffold00001_3307437-3317769_scaffold00001_3180_15, 7984 # 8211 # -1 , 7984,8211,-1 ,34_15,34,15,00,ATG,AGGA,5-10bp,0.461,Esch_coli_GTEN_291_scaffold00001_3307437-3317769_scaffold00001_3180,mobileOG_000030430_Esch_coli_GTEN_291_scaffold00001_3307437-3317769_scaffold00001_3180
33,"mobileOG_000230409|prtR|A0A2J1DDC4|phage|replication,transfer|GPD|Homology",Esch_coli_GTEN_291_scaffold00001_3307437-3317769_scaffold00001_3180_16 # 8322 # 9014 # 1 # ID=34_16;partial=00;start_type=ATG;rbs_motif=None;rbs_spacer=None;gc_cont=0.472,100.0,461.0,230,1.2699999999999996e-166,231,1,230,1,230,mobileOG_000230409,prtR,A0A2J1DDC4,phage,"replication,transfer",GPD,Homology,Esch_coli_GTEN_291_scaffold00001_3307437-3317769_scaffold00001_3180_16, 8322 # 9014 # 1 , 8322,9014,1 ,34_16,34,16,00,ATG,None,None,0.472,Esch_coli_GTEN_291_scaffold00001_3307437-3317769_scaffold00001_3180,mobileOG_000230409_Esch_coli_GTEN_291_scaffold00001_3307437-3317769_scaffold00001_3180
34,mobileOG_000026116|priC|F0JM94|replication/recombination/repair|NA|Plasmid RefSeq|Manual,Esch_coli_GTEN_291_scaffold00001_3613336-3624529_scaffold00001_3464_1 # 3 # 335 # 1 # ID=36_1;partial=10;start_type=Edge;rbs_motif=None;rbs_spacer=None;gc_cont=0.601,96.4,197.0,175,3.479999999999999e-65,111,66,175,1,110,mobileOG_000026116,priC,F0JM94,replication/recombination/repair,NA,Plasmid RefSeq,Manual,Esch_coli_GTEN_291_scaffold00001_3613336-3624529_scaffold00001_3464_1, 3 # 335 # 1 , 3,335,1 ,36_1,36,1,10,Edge,None,None,0.601,Esch_coli_GTEN_291_scaffold00001_3613336-3624529_scaffold00001_3464,mobileOG_000026116_Esch_coli_GTEN_291_scaffold00001_3613336-3624529_scaffold00001_3464
35,mobileOG_000071197|insB_2|NA|integration/excision|NA|COMPASS|Homology,Esch_coli_GTEN_291_scaffold00001_4159531-4170790_scaffold00001_3976_6 # 4033 # 4242 # -1 # ID=38_6;partial=00;start_type=ATG;rbs_motif=AGGA/GGAG/GAGG;rbs_spacer=11-12bp;gc_cont=0.486,100.0,140.0,69,4.2299999999999995e-45,70,1,69,1,69,mobileOG_000071197,insB_2,NA,integration/excision,NA,COMPASS,Homology,Esch_coli_GTEN_291_scaffold00001_4159531-4170790_scaffold00001_3976_6, 4033 # 4242 # -1 , 4033,4242,-1 ,38_6,38,6,00,ATG,AGGA/GGAG/GAGG,11-12bp,0.486,Esch_coli_GTEN_291_scaffold00001_4159531-4170790_scaffold00001_3976,mobileOG_000071197_Esch_coli_GTEN_291_scaffold00001_4159531-4170790_scaffold00001_3976
36,mobileOG_000045297|NA|WP_134806729.1|integration/excision|NA|COMPASS|Homology,Esch_coli_GTEN_291_scaffold00001_4159531-4170790_scaffold00001_3976_7 # 4243 # 4536 # -1 # ID=38_7;partial=00;start_type=ATG;rbs_motif=None;rbs_spacer=None;gc_cont=0.565,100.0,201.0,97,4.889999999999999e-68,98,1,97,1,97,mobileOG_000045297,NA,WP_134806729.1,integration/excision,NA,COMPASS,Homology,Esch_coli_GTEN_291_scaffold00001_4159531-4170790_scaffold00001_3976_7, 4243 # 4536 # -1 , 4243,4536,-1 ,38_7,38,7,00,ATG,None,None,0.565,Esch_coli_GTEN_291_scaffold00001_4159531-4170790_scaffold00001_3976,mobileOG_000045297_Esch_coli_GTEN_291_scaffold00001_4159531-4170790_scaffold00001_3976
37,mobileOG_000025771|insA3|P0CF06|integration/excision|NA|Plasmid RefSeq|Manual,Esch_coli_GTEN_291_scaffold00001_4319523-4330656_scaffold00001_4133_1 # 3 # 215 # -1 # ID=39_1;partial=10;start_type=GTG;rbs_motif=GGAG/GAGG;rbs_spacer=5-10bp;gc_cont=0.545,100.0,151.0,81,3.3100000000000003e-49,71,1,71,1,71,mobileOG_000025771,insA3,P0CF06,integration/excision,NA,Plasmid RefSeq,Manual,Esch_coli_GTEN_291_scaffold00001_4319523-4330656_scaffold00001_4133_1, 3 # 215 # -1 , 3,215,-1 ,39_1,39,1,10,GTG,GGAG/GAGG,5-10bp,0.545,Esch_coli_GTEN_291_scaffold00001_4319523-4330656_scaffold00001_4133,mobileOG_000025771_Esch_coli_GTEN_291_scaffold00001_4319523-4330656_scaffold00001_4133
38,mobileOG_000330413|ecnB|ETJ37164.1|stability/transfer/defense|NA|Plasmid RefSeq|Homology,Esch_coli_GTEN_291_scaffold00001_4319523-4330656_scaffold00001_4133_10 # 7246 # 7392 # -1 # ID=39_10;partial=00;start_type=ATG;rbs_motif=AGGA;rbs_spacer=5-10bp;gc_cont=0.483,100.0,88.2,48,8.370000000000002e-25,49,1,48,1,48,mobileOG_000330413,ecnB,ETJ37164.1,stability/transfer/defense,NA,Plasmid RefSeq,Homology,Esch_coli_GTEN_291_scaffold00001_4319523-4330656_scaffold00001_4133_10, 7246 # 7392 # -1 , 7246,7392,-1 ,39_10,39,10,00,ATG,AGGA,5-10bp,0.483,Esch_coli_GTEN_291_scaffold00001_4319523-4330656_scaffold00001_4133,mobileOG_000330413_Esch_coli_GTEN_291_scaffold00001_4319523-4330656_scaffold00001_4133
39,mobileOG_000321643|ecnB|WP_000977757.1|stability/transfer/defense|NA|Plasmid RefSeq|Homology,Esch_coli_GTEN_291_scaffold00001_4319523-4330656_scaffold00001_4133_11 # 7503 # 7628 # -1 # ID=39_11;partial=00;start_type=ATG;rbs_motif=GGA/GAG/AGG;rbs_spacer=5-10bp;gc_cont=0.532,100.0,79.3,41,1.73e-21,42,1,41,1,41,mobileOG_000321643,ecnB,WP_000977757.1,stability/transfer/defense,NA,Plasmid RefSeq,Homology,Esch_coli_GTEN_291_scaffold00001_4319523-4330656_scaffold00001_4133_11, 7503 # 7628 # -1 , 7503,7628,-1 ,39_11,39,11,00,ATG,GGA/GAG/AGG,5-10bp,0.532,Esch_coli_GTEN_291_scaffold00001_4319523-4330656_scaffold00001_4133,mobileOG_000321643_Esch_coli_GTEN_291_scaffold00001_4319523-4330656_scaffold00001_4133
40,mobileOG_000318318|tnpA|WP_130624307.1|integration/excision|NA|Multiple|Homology,Esch_coli_GTEN_291_scaffold00002_46781-57695_scaffold00002_56_3 # 1717 # 2193 # 1 # ID=45_3;partial=00;start_type=ATG;rbs_motif=None;rbs_spacer=None;gc_cont=0.520,100.0,320.0,190,1.0299999999999997e-112,159,33,190,1,158,mobileOG_000318318,tnpA,WP_130624307.1,integration/excision,NA,Multiple,Homology,Esch_coli_GTEN_291_scaffold00002_46781-57695_scaffold00002_56_3, 1717 # 2193 # 1 , 1717,2193,1 ,45_3,45,3,00,ATG,None,None,0.520,Esch_coli_GTEN_291_scaffold00002_46781-57695_scaffold00002_56,mobileOG_000318318_Esch_coli_GTEN_291_scaffold00002_46781-57695_scaffold00002_56
41,mobileOG_000269897|tnpA|WP_129554438.1|integration/excision|NA|IME|Homology,Esch_coli_GTEN_291_scaffold00002_46781-57695_scaffold00002_56_4 # 2369 # 2689 # 1 # ID=45_4;partial=00;start_type=TTG;rbs_motif=None;rbs_spacer=None;gc_cont=0.611,99.1,211.0,209,2.9299999999999994e-70,107,104,209,1,106,mobileOG_000269897,tnpA,WP_129554438.1,integration/excision,NA,IME,Homology,Esch_coli_GTEN_291_scaffold00002_46781-57695_scaffold00002_56_4, 2369 # 2689 # 1 , 2369,2689,1 ,45_4,45,4,00,TTG,None,None,0.611,Esch_coli_GTEN_291_scaffold00002_46781-57695_scaffold00002_56,mobileOG_000269897_Esch_coli_GTEN_291_scaffold00002_46781-57695_scaffold00002_56
42,mobileOG_000033423|tnpA|NA|integration/excision|NA|Multiple|Homology,Esch_coli_GTEN_291_scaffold00002_46781-57695_scaffold00002_56_8 # 6037 # 6741 # -1 # ID=45_8;partial=00;start_type=ATG;rbs_motif=GGAG/GAGG;rbs_spacer=5-10bp;gc_cont=0.532,100.0,496.0,234,2.2999999999999995e-180,235,1,234,1,234,mobileOG_000033423,tnpA,NA,integration/excision,NA,Multiple,Homology,Esch_coli_GTEN_291_scaffold00002_46781-57695_scaffold00002_56_8, 6037 # 6741 # -1 , 6037,6741,-1 ,45_8,45,8,00,ATG,GGAG/GAGG,5-10bp,0.532,Esch_coli_GTEN_291_scaffold00002_46781-57695_scaffold00002_56,mobileOG_000033423_Esch_coli_GTEN_291_scaffold00002_46781-57695_scaffold00002_56
43,mobileOG_000033423|tnpA|NA|integration/excision|NA|Multiple|Homology,Esch_coli_GTEN_291_scaffold00002_48877-59614_scaffold00002_59_5 # 3941 # 4645 # -1 # ID=46_5;partial=00;start_type=ATG;rbs_motif=GGAG/GAGG;rbs_spacer=5-10bp;gc_cont=0.532,100.0,496.0,234,2.2999999999999995e-180,235,1,234,1,234,mobileOG_000033423,tnpA,NA,integration/excision,NA,Multiple,Homology,Esch_coli_GTEN_291_scaffold00002_48877-59614_scaffold00002_59_5, 3941 # 4645 # -1 , 3941,4645,-1 ,46_5,46,5,00,ATG,GGAG/GAGG,5-10bp,0.532,Esch_coli_GTEN_291_scaffold00002_48877-59614_scaffold00002_59,mobileOG_000033423_Esch_coli_GTEN_291_scaffold00002_48877-59614_scaffold00002_59
44,mobileOG_000033423|tnpA|NA|integration/excision|NA|Multiple|Homology,Esch_coli_GTEN_291_scaffold00002_48877-59614_scaffold00002_59_12 # 8839 # 9543 # 1 # ID=46_12;partial=00;start_type=ATG;rbs_motif=GGAG/GAGG;rbs_spacer=5-10bp;gc_cont=0.532,100.0,496.0,234,2.2999999999999995e-180,235,1,234,1,234,mobileOG_000033423,tnpA,NA,integration/excision,NA,Multiple,Homology,Esch_coli_GTEN_291_scaffold00002_48877-59614_scaffold00002_59_12, 8839 # 9543 # 1 , 8839,9543,1 ,46_12,46,12,00,ATG,GGAG/GAGG,5-10bp,0.532,Esch_coli_GTEN_291_scaffold00002_48877-59614_scaffold00002_59,mobileOG_000033423_Esch_coli_GTEN_291_scaffold00002_48877-59614_scaffold00002_59
45,mobileOG_000001151|pemK|P13976|stability/transfer/defense|NA|Multiple|Manual,Esch_coli_GTEN_291_scaffold00002_48877-59614_scaffold00002_59_13 # 9839 # 10171 # -1 # ID=46_13;partial=00;start_type=ATG;rbs_motif=AGGAG;rbs_spacer=5-10bp;gc_cont=0.562,100.0,218.0,110,2.4499999999999997e-74,111,1,110,1,110,mobileOG_000001151,pemK,P13976,stability/transfer/defense,NA,Multiple,Manual,Esch_coli_GTEN_291_scaffold00002_48877-59614_scaffold00002_59_13, 9839 # 10171 # -1 , 9839,10171,-1 ,46_13,46,13,00,ATG,AGGAG,5-10bp,0.562,Esch_coli_GTEN_291_scaffold00002_48877-59614_scaffold00002_59,mobileOG_000001151_Esch_coli_GTEN_291_scaffold00002_48877-59614_scaffold00002_59
46,mobileOG_000001150|pemI|P13975|stability/transfer/defense|NA|Multiple|Manual,Esch_coli_GTEN_291_scaffold00002_48877-59614_scaffold00002_59_14 # 10173 # 10430 # -1 # ID=46_14;partial=00;start_type=ATG;rbs_motif=GGAGG;rbs_spacer=5-10bp;gc_cont=0.535,100.0,171.0,85,1.6399999999999996e-56,86,1,85,1,85,mobileOG_000001150,pemI,P13975,stability/transfer/defense,NA,Multiple,Manual,Esch_coli_GTEN_291_scaffold00002_48877-59614_scaffold00002_59_14, 10173 # 10430 # -1 , 10173,10430,-1 ,46_14,46,14,00,ATG,GGAGG,5-10bp,0.535,Esch_coli_GTEN_291_scaffold00002_48877-59614_scaffold00002_59,mobileOG_000001150_Esch_coli_GTEN_291_scaffold00002_48877-59614_scaffold00002_59
,Sequence Title,Query Title,Pident,Bitscore,Subject Sequence Length,e-value,Query Sequence Length,Start of Alignment in Subject,End of Alignment in Query,Start of Alignment in Query,End of Alignment in Query,mobileOG ID,Gene Name,Best Hit Accession ID,Major mobileOG Category,Minor mobileOG Category,Source Database,Evidence Type,Contig/ORF Name,ORF_Start_Stop_Strands,ORF_Start,ORF_End,Sense or Antisense Strand,Prodigal ID,Prodigal Designated Contigs,Unique_ORF,Partial Tag,Start Codon,RBS Motif,RBS Spacer,GC Content,Specific Contig,Final Sample Name
0,mobileOG_000003237|fis|WP_000462905.1|integration/excision|replication/recombination/repair|Multiple|Manual,Esch_coli_GTEN_293_scaffold00001_482750-493907_scaffold00001_463_9 # 8455 # 8751 # -1 # ID=7_9;partial=00;start_type=ATG;rbs_motif=GGA/GAG/AGG;rbs_spacer=11-12bp;gc_cont=0.471,100.0,189.0,98,1.9899999999999996e-63,99,1,98,1,98,mobileOG_000003237,fis,WP_000462905.1,integration/excision,replication/recombination/repair,Multiple,Manual,Esch_coli_GTEN_293_scaffold00001_482750-493907_scaffold00001_463_9, 8455 # 8751 # -1 , 8455,8751,-1 ,7_9,7,9,00,ATG,GGA/GAG/AGG,11-12bp,0.471,Esch_coli_GTEN_293_scaffold00001_482750-493907_scaffold00001_463,mobileOG_000003237_Esch_coli_GTEN_293_scaffold00001_482750-493907_scaffold00001_463
1,mobileOG_000003237|fis|WP_000462905.1|integration/excision|replication/recombination/repair|Multiple|Manual,Esch_coli_GTEN_293_scaffold00001_484306-494968_scaffold00001_464_8 # 6899 # 7195 # -1 # ID=8_8;partial=00;start_type=ATG;rbs_motif=GGA/GAG/AGG;rbs_spacer=11-12bp;gc_cont=0.471,100.0,189.0,98,1.9899999999999996e-63,99,1,98,1,98,mobileOG_000003237,fis,WP_000462905.1,integration/excision,replication/recombination/repair,Multiple,Manual,Esch_coli_GTEN_293_scaffold00001_484306-494968_scaffold00001_464_8, 6899 # 7195 # -1 , 6899,7195,-1 ,8_8,8,8,00,ATG,GGA/GAG/AGG,11-12bp,0.471,Esch_coli_GTEN_293_scaffold00001_484306-494968_scaffold00001_464,mobileOG_000003237_Esch_coli_GTEN_293_scaffold00001_484306-494968_scaffold00001_464
2,"mobileOG_000025806|cca|J7Q9S8|phage|regulation,infection|Multiple|Manual",Esch_coli_GTEN_293_scaffold00001_696298-707119_scaffold00001_666_8 # 6003 # 7241 # -1 # ID=9_8;partial=00;start_type=GTG;rbs_motif=GGA/GAG/AGG;rbs_spacer=5-10bp;gc_cont=0.564,100.0,842.0,412,3.06e-311,413,1,412,1,412,mobileOG_000025806,cca,J7Q9S8,phage,"regulation,infection",Multiple,Manual,Esch_coli_GTEN_293_scaffold00001_696298-707119_scaffold00001_666_8, 6003 # 7241 # -1 , 6003,7241,-1 ,9_8,9,8,00,GTG,GGA/GAG/AGG,5-10bp,0.564,Esch_coli_GTEN_293_scaffold00001_696298-707119_scaffold00001_666,mobileOG_000025806_Esch_coli_GTEN_293_scaffold00001_696298-707119_scaffold00001_666
3,mobileOG_000026107|parE|P20083|replication/recombination/repair|partitioning|Multiple|Manual,Esch_coli_GTEN_293_scaffold00001_720831-732312_scaffold00001_688_12 # 9201 # 11093 # 1 # ID=10_12;partial=00;start_type=ATG;rbs_motif=None;rbs_spacer=None;gc_cont=0.539,100.0,1255.0,630,0.0,631,1,630,1,630,mobileOG_000026107,parE,P20083,replication/recombination/repair,partitioning,Multiple,Manual,Esch_coli_GTEN_293_scaffold00001_720831-732312_scaffold00001_688_12, 9201 # 11093 # 1 , 9201,11093,1 ,10_12,10,12,00,ATG,None,None,0.539,Esch_coli_GTEN_293_scaffold00001_720831-732312_scaffold00001_688,mobileOG_000026107_Esch_coli_GTEN_293_scaffold00001_720831-732312_scaffold00001_688
4,mobileOG_000304542|traG|WP_001297077.1|transfer|conjugation|Plasmid RefSeq|Homology,Esch_coli_GTEN_293_scaffold00001_1470019-1480987_scaffold00001_1396_8 # 7420 # 8022 # 1 # ID=19_8;partial=00;start_type=GTG;rbs_motif=GGAG/GAGG;rbs_spacer=5-10bp;gc_cont=0.433,99.0,402.0,200,2.7099999999999995e-144,201,1,200,1,200,mobileOG_000304542,traG,WP_001297077.1,transfer,conjugation,Plasmid RefSeq,Homology,Esch_coli_GTEN_293_scaffold00001_1470019-1480987_scaffold00001_1396_8, 7420 # 8022 # 1 , 7420,8022,1 ,19_8,19,8,00,GTG,GGAG/GAGG,5-10bp,0.433,Esch_coli_GTEN_293_scaffold00001_1470019-1480987_scaffold00001_1396,mobileOG_000304542_Esch_coli_GTEN_293_scaffold00001_1470019-1480987_scaffold00001_1396
5,mobileOG_000333812|alkB|WP_000884953.1|replication/recombination/repair|NA|Plasmid RefSeq|Homology,Esch_coli_GTEN_293_scaffold00001_1529470-1541113_scaffold00001_1439_5 # 4275 # 4925 # 1 # ID=20_5;partial=00;start_type=ATG;rbs_motif=AGGAG;rbs_spacer=5-10bp;gc_cont=0.527,99.5,455.0,216,5.889999999999998e-165,217,1,216,1,216,mobileOG_000333812,alkB,WP_000884953.1,replication/recombination/repair,NA,Plasmid RefSeq,Homology,Esch_coli_GTEN_293_scaffold00001_1529470-1541113_scaffold00001_1439_5, 4275 # 4925 # 1 , 4275,4925,1 ,20_5,20,5,00,ATG,AGGAG,5-10bp,0.527,Esch_coli_GTEN_293_scaffold00001_1529470-1541113_scaffold00001_1439,mobileOG_000333812_Esch_coli_GTEN_293_scaffold00001_1529470-1541113_scaffold00001_1439
6,mobileOG_000035803|insF1|WP_000878219.1|integration/excision|NA|Multiple|Homology,Esch_coli_GTEN_293_scaffold00001_1734881-1746047_scaffold00001_1619_1 # 424 # 1290 # -1 # ID=26_1;partial=00;start_type=ATG;rbs_motif=None;rbs_spacer=None;gc_cont=0.549,99.7,603.0,288,4.3799999999999974e-221,289,1,288,1,288,mobileOG_000035803,insF1,WP_000878219.1,integration/excision,NA,Multiple,Homology,Esch_coli_GTEN_293_scaffold00001_1734881-1746047_scaffold00001_1619_1, 424 # 1290 # -1 , 424,1290,-1 ,26_1,26,1,00,ATG,None,None,0.549,Esch_coli_GTEN_293_scaffold00001_1734881-1746047_scaffold00001_1619,mobileOG_000035803_Esch_coli_GTEN_293_scaffold00001_1734881-1746047_scaffold00001_1619
7,mobileOG_000001093|insE3|P0CF67|integration/excision|NA|Multiple|Manual,Esch_coli_GTEN_293_scaffold00001_1734881-1746047_scaffold00001_1619_2 # 1287 # 1586 # -1 # ID=26_2;partial=00;start_type=ATG;rbs_motif=GGAG/GAGG;rbs_spacer=5-10bp;gc_cont=0.503,99.0,175.0,99,6.639999999999999e-58,100,1,99,1,99,mobileOG_000001093,insE3,P0CF67,integration/excision,NA,Multiple,Manual,Esch_coli_GTEN_293_scaffold00001_1734881-1746047_scaffold00001_1619_2, 1287 # 1586 # -1 , 1287,1586,-1 ,26_2,26,2,00,ATG,GGAG/GAGG,5-10bp,0.503,Esch_coli_GTEN_293_scaffold00001_1734881-1746047_scaffold00001_1619,mobileOG_000001093_Esch_coli_GTEN_293_scaffold00001_1734881-1746047_scaffold00001_1619
8,mobileOG_000329197|tnpA|WP_000526135.1|integration/excision|NA|Multiple|Homology,Esch_coli_GTEN_293_scaffold00001_1734881-1746047_scaffold00001_1619_5 # 4242 # 4700 # 1 # ID=26_5;partial=00;start_type=ATG;rbs_motif=AGxAGG/AGGxGG;rbs_spacer=5-10bp;gc_cont=0.460,99.3,322.0,152,3.679999999999999e-114,153,1,152,1,152,mobileOG_000329197,tnpA,WP_000526135.1,integration/excision,NA,Multiple,Homology,Esch_coli_GTEN_293_scaffold00001_1734881-1746047_scaffold00001_1619_5, 4242 # 4700 # 1 , 4242,4700,1 ,26_5,26,5,00,ATG,AGxAGG/AGGxGG,5-10bp,0.460,Esch_coli_GTEN_293_scaffold00001_1734881-1746047_scaffold00001_1619,mobileOG_000329197_Esch_coli_GTEN_293_scaffold00001_1734881-1746047_scaffold00001_1619
9,mobileOG_000002197|insN|WP_000747081.1|integration/excision|NA|COMPASS|Manual,Esch_coli_GTEN_293_scaffold00001_1734881-1746047_scaffold00001_1619_7 # 6333 # 6701 # 1 # ID=26_7;partial=00;start_type=ATG;rbs_motif=GGA/GAG/AGG;rbs_spacer=5-10bp;gc_cont=0.425,99.2,238.0,122,4.899999999999999e-82,123,1,122,1,122,mobileOG_000002197,insN,WP_000747081.1,integration/excision,NA,COMPASS,Manual,Esch_coli_GTEN_293_scaffold00001_1734881-1746047_scaffold00001_1619_7, 6333 # 6701 # 1 , 6333,6701,1 ,26_7,26,7,00,ATG,GGA/GAG/AGG,5-10bp,0.425,Esch_coli_GTEN_293_scaffold00001_1734881-1746047_scaffold00001_1619,mobileOG_000002197_Esch_coli_GTEN_293_scaffold00001_1734881-1746047_scaffold00001_1619
10,mobileOG_000004300|insI4|WP_001254927.1|integration/excision|NA|COMPASS|Manual,Esch_coli_GTEN_293_scaffold00001_1734881-1746047_scaffold00001_1619_8 # 6658 # 7422 # 1 # ID=26_8;partial=00;start_type=ATG;rbs_motif=GGAGG;rbs_spacer=5-10bp;gc_cont=0.469,100.0,498.0,273,2.6399999999999992e-180,255,1,254,1,254,mobileOG_000004300,insI4,WP_001254927.1,integration/excision,NA,COMPASS,Manual,Esch_coli_GTEN_293_scaffold00001_1734881-1746047_scaffold00001_1619_8, 6658 # 7422 # 1 , 6658,7422,1 ,26_8,26,8,00,ATG,GGAGG,5-10bp,0.469,Esch_coli_GTEN_293_scaffold00001_1734881-1746047_scaffold00001_1619,mobileOG_000004300_Esch_coli_GTEN_293_scaffold00001_1734881-1746047_scaffold00001_1619
11,mobileOG_000003929|insI1|GAH10240.1|integration/excision|NA|COMPASS|Manual,Esch_coli_GTEN_293_scaffold00001_1734881-1746047_scaffold00001_1619_9 # 7543 # 7809 # 1 # ID=26_9;partial=00;start_type=ATG;rbs_motif=GGA/GAG/AGG;rbs_spacer=5-10bp;gc_cont=0.434,100.0,188.0,88,2.76e-63,89,1,88,1,88,mobileOG_000003929,insI1,GAH10240.1,integration/excision,NA,COMPASS,Manual,Esch_coli_GTEN_293_scaffold00001_1734881-1746047_scaffold00001_1619_9, 7543 # 7809 # 1 , 7543,7809,1 ,26_9,26,9,00,ATG,GGA/GAG/AGG,5-10bp,0.434,Esch_coli_GTEN_293_scaffold00001_1734881-1746047_scaffold00001_1619,mobileOG_000003929_Esch_coli_GTEN_293_scaffold00001_1734881-1746047_scaffold00001_1619
12,mobileOG_000276530|insO1|WP_094461488.1|integration/excision|NA|ISFinder|Homology,Esch_coli_GTEN_293_scaffold00001_1734881-1746047_scaffold00001_1619_10 # 8071 # 8703 # 1 # ID=26_10;partial=00;start_type=ATG;rbs_motif=GGAG/GAGG;rbs_spacer=5-10bp;gc_cont=0.540,99.5,452.0,300,2.2699999999999994e-162,211,91,300,1,210,mobileOG_000276530,insO1,WP_094461488.1,integration/excision,NA,ISFinder,Homology,Esch_coli_GTEN_293_scaffold00001_1734881-1746047_scaffold00001_1619_10, 8071 # 8703 # 1 , 8071,8703,1 ,26_10,26,10,00,ATG,GGAG/GAGG,5-10bp,0.540,Esch_coli_GTEN_293_scaffold00001_1734881-1746047_scaffold00001_1619,mobileOG_000276530_Esch_coli_GTEN_293_scaffold00001_1734881-1746047_scaffold00001_1619
13,mobileOG_000003539|insH6|WP_000019402.1|integration/excision|NA|Multiple|Manual,Esch_coli_GTEN_293_scaffold00001_1734881-1746047_scaffold00001_1619_11 # 8772 # 9752 # 1 # ID=26_11;partial=00;start_type=ATG;rbs_motif=GGA/GAG/AGG;rbs_spacer=5-10bp;gc_cont=0.547,99.7,649.0,326,6.0999999999999974e-238,327,1,326,1,326,mobileOG_000003539,insH6,WP_000019402.1,integration/excision,NA,Multiple,Manual,Esch_coli_GTEN_293_scaffold00001_1734881-1746047_scaffold00001_1619_11, 8772 # 9752 # 1 , 8772,9752,1 ,26_11,26,11,00,ATG,GGA/GAG/AGG,5-10bp,0.547,Esch_coli_GTEN_293_scaffold00001_1734881-1746047_scaffold00001_1619,mobileOG_000003539_Esch_coli_GTEN_293_scaffold00001_1734881-1746047_scaffold00001_1619
14,mobileOG_000220257|ygaD|A0A037Y2N1|transfer|competence|GPD|Homology,Esch_coli_GTEN_293_scaffold00001_2273882-2284265_scaffold00001_2166_1 # 3 # 185 # -1 # ID=27_1;partial=10;start_type=GTG;rbs_motif=GGA/GAG/AGG;rbs_spacer=5-10bp;gc_cont=0.437,100.0,119.0,172,2.8399999999999993e-35,61,1,61,1,61,mobileOG_000220257,ygaD,A0A037Y2N1,transfer,competence,GPD,Homology,Esch_coli_GTEN_293_scaffold00001_2273882-2284265_scaffold00001_2166_1, 3 # 185 # -1 , 3,185,-1 ,27_1,27,1,10,GTG,GGA/GAG/AGG,5-10bp,0.437,Esch_coli_GTEN_293_scaffold00001_2273882-2284265_scaffold00001_2166,mobileOG_000220257_Esch_coli_GTEN_293_scaffold00001_2273882-2284265_scaffold00001_2166
15,mobileOG_000056463|tnpM|WP_001493763.1|integration/excision|NA|Multiple|Homology,Esch_coli_GTEN_293_scaffold00001_2425074-2435730_scaffold00001_2302_3 # 1539 # 2084 # 1 # ID=28_3;partial=00;start_type=ATG;rbs_motif=GGAG/GAGG;rbs_spacer=5-10bp;gc_cont=0.511,100.0,377.0,181,5.179999999999998e-135,182,1,181,1,181,mobileOG_000056463,tnpM,WP_001493763.1,integration/excision,NA,Multiple,Homology,Esch_coli_GTEN_293_scaffold00001_2425074-2435730_scaffold00001_2302_3, 1539 # 2084 # 1 , 1539,2084,1 ,28_3,28,3,00,ATG,GGAG/GAGG,5-10bp,0.511,Esch_coli_GTEN_293_scaffold00001_2425074-2435730_scaffold00001_2302,mobileOG_000056463_Esch_coli_GTEN_293_scaffold00001_2425074-2435730_scaffold00001_2302
16,mobileOG_000056464|tnpR|WP_001493762.1|integration/excision|NA|Multiple|Homology,Esch_coli_GTEN_293_scaffold00001_2425074-2435730_scaffold00001_2302_4 # 2221 # 2793 # 1 # ID=28_4;partial=00;start_type=GTG;rbs_motif=GGAGG;rbs_spacer=5-10bp;gc_cont=0.543,100.0,374.0,190,1.7099999999999998e-133,191,1,190,1,190,mobileOG_000056464,tnpR,WP_001493762.1,integration/excision,NA,Multiple,Homology,Esch_coli_GTEN_293_scaffold00001_2425074-2435730_scaffold00001_2302_4, 2221 # 2793 # 1 , 2221,2793,1 ,28_4,28,4,00,GTG,GGAGG,5-10bp,0.543,Esch_coli_GTEN_293_scaffold00001_2425074-2435730_scaffold00001_2302,mobileOG_000056464_Esch_coli_GTEN_293_scaffold00001_2425074-2435730_scaffold00001_2302
17,mobileOG_000056465|gin|WP_001493760.1|integration/excision|NA|COMPASS|Homology,Esch_coli_GTEN_293_scaffold00001_2425074-2435730_scaffold00001_2302_6 # 4245 # 4682 # 1 # ID=28_6;partial=00;start_type=ATG;rbs_motif=None;rbs_spacer=None;gc_cont=0.555,100.0,279.0,145,1.8499999999999994e-97,146,1,145,1,145,mobileOG_000056465,gin,WP_001493760.1,integration/excision,NA,COMPASS,Homology,Esch_coli_GTEN_293_scaffold00001_2425074-2435730_scaffold00001_2302_6, 4245 # 4682 # 1 , 4245,4682,1 ,28_6,28,6,00,ATG,None,None,0.555,Esch_coli_GTEN_293_scaffold00001_2425074-2435730_scaffold00001_2302,mobileOG_000056465_Esch_coli_GTEN_293_scaffold00001_2425074-2435730_scaffold00001_2302
18,mobileOG_000056778|insC1|WP_001459498.1|integration/excision|NA|COMPASS|Homology,Esch_coli_GTEN_293_scaffold00001_2425074-2435730_scaffold00001_2302_8 # 6025 # 6216 # 1 # ID=28_8;partial=00;start_type=ATG;rbs_motif=4Base/6BMM;rbs_spacer=13-15bp;gc_cont=0.474,100.0,127.0,63,4.32e-40,64,1,63,1,63,mobileOG_000056778,insC1,WP_001459498.1,integration/excision,NA,COMPASS,Homology,Esch_coli_GTEN_293_scaffold00001_2425074-2435730_scaffold00001_2302_8, 6025 # 6216 # 1 , 6025,6216,1 ,28_8,28,8,00,ATG,4Base/6BMM,13-15bp,0.474,Esch_coli_GTEN_293_scaffold00001_2425074-2435730_scaffold00001_2302,mobileOG_000056778_Esch_coli_GTEN_293_scaffold00001_2425074-2435730_scaffold00001_2302
19,mobileOG_000074301|tnpA|WP_021512645.1|integration/excision|NA|COMPASS|Homology,Esch_coli_GTEN_293_scaffold00001_2425074-2435730_scaffold00001_2302_10 # 7110 # 9659 # -1 # ID=28_10;partial=00;start_type=ATG;rbs_motif=GGA/GAG/AGG;rbs_spacer=5-10bp;gc_cont=0.516,100.0,1669.0,980,0.0,850,132,980,1,849,mobileOG_000074301,tnpA,WP_021512645.1,integration/excision,NA,COMPASS,Homology,Esch_coli_GTEN_293_scaffold00001_2425074-2435730_scaffold00001_2302_10, 7110 # 9659 # -1 , 7110,9659,-1 ,28_10,28,10,00,ATG,GGA/GAG/AGG,5-10bp,0.516,Esch_coli_GTEN_293_scaffold00001_2425074-2435730_scaffold00001_2302,mobileOG_000074301_Esch_coli_GTEN_293_scaffold00001_2425074-2435730_scaffold00001_2302
20,mobileOG_000056778|insC1|WP_001459498.1|integration/excision|NA|COMPASS|Homology,Esch_coli_GTEN_293_scaffold00001_2430371-2441246_scaffold00001_2308_2 # 728 # 919 # 1 # ID=29_2;partial=00;start_type=ATG;rbs_motif=4Base/6BMM;rbs_spacer=13-15bp;gc_cont=0.474,100.0,127.0,63,4.32e-40,64,1,63,1,63,mobileOG_000056778,insC1,WP_001459498.1,integration/excision,NA,COMPASS,Homology,Esch_coli_GTEN_293_scaffold00001_2430371-2441246_scaffold00001_2308_2, 728 # 919 # 1 , 728,919,1 ,29_2,29,2,00,ATG,4Base/6BMM,13-15bp,0.474,Esch_coli_GTEN_293_scaffold00001_2430371-2441246_scaffold00001_2308,mobileOG_000056778_Esch_coli_GTEN_293_scaffold00001_2430371-2441246_scaffold00001_2308
21,mobileOG_000074301|tnpA|WP_021512645.1|integration/excision|NA|COMPASS|Homology,Esch_coli_GTEN_293_scaffold00001_2430371-2441246_scaffold00001_2308_4 # 1813 # 4362 # -1 # ID=29_4;partial=00;start_type=ATG;rbs_motif=GGA/GAG/AGG;rbs_spacer=5-10bp;gc_cont=0.516,100.0,1669.0,980,0.0,850,132,980,1,849,mobileOG_000074301,tnpA,WP_021512645.1,integration/excision,NA,COMPASS,Homology,Esch_coli_GTEN_293_scaffold00001_2430371-2441246_scaffold00001_2308_4, 1813 # 4362 # -1 , 1813,4362,-1 ,29_4,29,4,00,ATG,GGA/GAG/AGG,5-10bp,0.516,Esch_coli_GTEN_293_scaffold00001_2430371-2441246_scaffold00001_2308,mobileOG_000074301_Esch_coli_GTEN_293_scaffold00001_2430371-2441246_scaffold00001_2308
22,mobileOG_000035646|tnpA|WP_000608644.1|integration/excision|NA|Multiple|Homology,Esch_coli_GTEN_293_scaffold00001_2430371-2441246_scaffold00001_2308_8 # 6132 # 7394 # -1 # ID=29_8;partial=00;start_type=ATG;rbs_motif=GGA/GAG/AGG;rbs_spacer=5-10bp;gc_cont=0.340,100.0,823.0,420,1.689999999999999e-303,421,1,420,1,420,mobileOG_000035646,tnpA,WP_000608644.1,integration/excision,NA,Multiple,Homology,Esch_coli_GTEN_293_scaffold00001_2430371-2441246_scaffold00001_2308_8, 6132 # 7394 # -1 , 6132,7394,-1 ,29_8,29,8,00,ATG,GGA/GAG/AGG,5-10bp,0.340,Esch_coli_GTEN_293_scaffold00001_2430371-2441246_scaffold00001_2308,mobileOG_000035646_Esch_coli_GTEN_293_scaffold00001_2430371-2441246_scaffold00001_2308
23,mobileOG_000017974|insZ|A0A037Y8D2|integration/excision|NA|Multiple|Manual,Esch_coli_GTEN_293_scaffold00001_2614704-2625117_scaffold00001_2497_2 # 2601 # 2786 # 1 # ID=30_2;partial=00;start_type=ATG;rbs_motif=GGAG/GAGG;rbs_spacer=5-10bp;gc_cont=0.538,100.0,131.0,61,1.59e-41,62,1,61,1,61,mobileOG_000017974,insZ,A0A037Y8D2,integration/excision,NA,Multiple,Manual,Esch_coli_GTEN_293_scaffold00001_2614704-2625117_scaffold00001_2497_2, 2601 # 2786 # 1 , 2601,2786,1 ,30_2,30,2,00,ATG,GGAG/GAGG,5-10bp,0.538,Esch_coli_GTEN_293_scaffold00001_2614704-2625117_scaffold00001_2497,mobileOG_000017974_Esch_coli_GTEN_293_scaffold00001_2614704-2625117_scaffold00001_2497
24,mobileOG_000017973|insZ|A0A024L4B6|integration/excision|NA|GPD|Manual,Esch_coli_GTEN_293_scaffold00001_2614704-2625117_scaffold00001_2497_3 # 2907 # 3497 # 1 # ID=30_3;partial=00;start_type=ATG;rbs_motif=3Base/5BMM;rbs_spacer=13-15bp;gc_cont=0.533,100.0,398.0,196,6.679999999999998e-143,197,1,196,1,196,mobileOG_000017973,insZ,A0A024L4B6,integration/excision,NA,GPD,Manual,Esch_coli_GTEN_293_scaffold00001_2614704-2625117_scaffold00001_2497_3, 2907 # 3497 # 1 , 2907,3497,1 ,30_3,30,3,00,ATG,3Base/5BMM,13-15bp,0.533,Esch_coli_GTEN_293_scaffold00001_2614704-2625117_scaffold00001_2497,mobileOG_000017973_Esch_coli_GTEN_293_scaffold00001_2614704-2625117_scaffold00001_2497
25,mobileOG_000002433|dinI|WP_001217754.1|replication/recombination/repair|NA|Multiple|Manual,Esch_coli_GTEN_293_scaffold00001_2768055-2779263_scaffold00001_2648_12 # 8840 # 9085 # 1 # ID=31_12;partial=00;start_type=ATG;rbs_motif=AGxAGG/AGGxGG;rbs_spacer=5-10bp;gc_cont=0.476,98.8,160.0,81,2.3099999999999997e-52,82,1,81,1,81,mobileOG_000002433,dinI,WP_001217754.1,replication/recombination/repair,NA,Multiple,Manual,Esch_coli_GTEN_293_scaffold00001_2768055-2779263_scaffold00001_2648_12, 8840 # 9085 # 1 , 8840,9085,1 ,31_12,31,12,00,ATG,AGxAGG/AGGxGG,5-10bp,0.476,Esch_coli_GTEN_293_scaffold00001_2768055-2779263_scaffold00001_2648,mobileOG_000002433_Esch_coli_GTEN_293_scaffold00001_2768055-2779263_scaffold00001_2648
26,"mobileOG_000025715|ihfB|WP_002898165.1|integration/excision|regulation,lysis/lysogeny|Plasmid RefSeq|Manual",Esch_coli_GTEN_293_scaffold00001_2914855-2926603_scaffold00001_2790_9 # 9258 # 9542 # -1 # ID=33_9;partial=00;start_type=ATG;rbs_motif=GGAGG;rbs_spacer=3-4bp;gc_cont=0.491,97.8,187.0,95,8.879999999999998e-63,95,1,93,1,93,mobileOG_000025715,ihfB,WP_002898165.1,integration/excision,"regulation,lysis/lysogeny",Plasmid RefSeq,Manual,Esch_coli_GTEN_293_scaffold00001_2914855-2926603_scaffold00001_2790_9, 9258 # 9542 # -1 , 9258,9542,-1 ,33_9,33,9,00,ATG,GGAGG,3-4bp,0.491,Esch_coli_GTEN_293_scaffold00001_2914855-2926603_scaffold00001_2790,mobileOG_000025715_Esch_coli_GTEN_293_scaffold00001_2914855-2926603_scaffold00001_2790
27,mobileOG_000167680|xerC_3|A0A1Q6AV89|integration/excision|NA|GPD|Homology,Esch_coli_GTEN_293_scaffold00001_3020292-3031524_scaffold00001_2892_1 # 78 # 1109 # 1 # ID=34_1;partial=00;start_type=ATG;rbs_motif=GGAGG;rbs_spacer=5-10bp;gc_cont=0.465,100.0,691.0,343,7.879999999999996e-254,344,1,343,1,343,mobileOG_000167680,xerC_3,A0A1Q6AV89,integration/excision,NA,GPD,Homology,Esch_coli_GTEN_293_scaffold00001_3020292-3031524_scaffold00001_2892_1, 78 # 1109 # 1 , 78,1109,1 ,34_1,34,1,00,ATG,GGAGG,5-10bp,0.465,Esch_coli_GTEN_293_scaffold00001_3020292-3031524_scaffold00001_2892,mobileOG_000167680_Esch_coli_GTEN_293_scaffold00001_3020292-3031524_scaffold00001_2892
28,mobileOG_000026116|priC|F0JM94|replication/recombination/repair|NA|Plasmid RefSeq|Manual,Esch_coli_GTEN_293_scaffold00001_3431990-3443183_scaffold00001_3285_1 # 3 # 335 # 1 # ID=36_1;partial=10;start_type=Edge;rbs_motif=None;rbs_spacer=None;gc_cont=0.601,96.4,197.0,175,3.479999999999999e-65,111,66,175,1,110,mobileOG_000026116,priC,F0JM94,replication/recombination/repair,NA,Plasmid RefSeq,Manual,Esch_coli_GTEN_293_scaffold00001_3431990-3443183_scaffold00001_3285_1, 3 # 335 # 1 , 3,335,1 ,36_1,36,1,10,Edge,None,None,0.601,Esch_coli_GTEN_293_scaffold00001_3431990-3443183_scaffold00001_3285,mobileOG_000026116_Esch_coli_GTEN_293_scaffold00001_3431990-3443183_scaffold00001_3285
29,mobileOG_000071197|insB_2|NA|integration/excision|NA|COMPASS|Homology,Esch_coli_GTEN_293_scaffold00001_3988040-3999299_scaffold00001_3814_6 # 4033 # 4242 # -1 # ID=38_6;partial=00;start_type=ATG;rbs_motif=AGGA/GGAG/GAGG;rbs_spacer=11-12bp;gc_cont=0.486,100.0,140.0,69,4.2299999999999995e-45,70,1,69,1,69,mobileOG_000071197,insB_2,NA,integration/excision,NA,COMPASS,Homology,Esch_coli_GTEN_293_scaffold00001_3988040-3999299_scaffold00001_3814_6, 4033 # 4242 # -1 , 4033,4242,-1 ,38_6,38,6,00,ATG,AGGA/GGAG/GAGG,11-12bp,0.486,Esch_coli_GTEN_293_scaffold00001_3988040-3999299_scaffold00001_3814,mobileOG_000071197_Esch_coli_GTEN_293_scaffold00001_3988040-3999299_scaffold00001_3814
30,mobileOG_000045297|NA|WP_134806729.1|integration/excision|NA|COMPASS|Homology,Esch_coli_GTEN_293_scaffold00001_3988040-3999299_scaffold00001_3814_7 # 4243 # 4536 # -1 # ID=38_7;partial=00;start_type=ATG;rbs_motif=None;rbs_spacer=None;gc_cont=0.565,100.0,201.0,97,4.889999999999999e-68,98,1,97,1,97,mobileOG_000045297,NA,WP_134806729.1,integration/excision,NA,COMPASS,Homology,Esch_coli_GTEN_293_scaffold00001_3988040-3999299_scaffold00001_3814_7, 4243 # 4536 # -1 , 4243,4536,-1 ,38_7,38,7,00,ATG,None,None,0.565,Esch_coli_GTEN_293_scaffold00001_3988040-3999299_scaffold00001_3814,mobileOG_000045297_Esch_coli_GTEN_293_scaffold00001_3988040-3999299_scaffold00001_3814
31,mobileOG_000330413|ecnB|ETJ37164.1|stability/transfer/defense|NA|Plasmid RefSeq|Homology,Esch_coli_GTEN_293_scaffold00001_4139547-4150680_scaffold00001_3965_10 # 7246 # 7392 # -1 # ID=39_10;partial=00;start_type=ATG;rbs_motif=AGGA;rbs_spacer=5-10bp;gc_cont=0.483,100.0,88.2,48,8.370000000000002e-25,49,1,48,1,48,mobileOG_000330413,ecnB,ETJ37164.1,stability/transfer/defense,NA,Plasmid RefSeq,Homology,Esch_coli_GTEN_293_scaffold00001_4139547-4150680_scaffold00001_3965_10, 7246 # 7392 # -1 , 7246,7392,-1 ,39_10,39,10,00,ATG,AGGA,5-10bp,0.483,Esch_coli_GTEN_293_scaffold00001_4139547-4150680_scaffold00001_3965,mobileOG_000330413_Esch_coli_GTEN_293_scaffold00001_4139547-4150680_scaffold00001_3965
32,mobileOG_000321643|ecnB|WP_000977757.1|stability/transfer/defense|NA|Plasmid RefSeq|Homology,Esch_coli_GTEN_293_scaffold00001_4139547-4150680_scaffold00001_3965_11 # 7503 # 7628 # -1 # ID=39_11;partial=00;start_type=ATG;rbs_motif=GGA/GAG/AGG;rbs_spacer=5-10bp;gc_cont=0.540,100.0,79.3,41,1.73e-21,42,1,41,1,41,mobileOG_000321643,ecnB,WP_000977757.1,stability/transfer/defense,NA,Plasmid RefSeq,Homology,Esch_coli_GTEN_293_scaffold00001_4139547-4150680_scaffold00001_3965_11, 7503 # 7628 # -1 , 7503,7628,-1 ,39_11,39,11,00,ATG,GGA/GAG/AGG,5-10bp,0.540,Esch_coli_GTEN_293_scaffold00001_4139547-4150680_scaffold00001_3965,mobileOG_000321643_Esch_coli_GTEN_293_scaffold00001_4139547-4150680_scaffold00001_3965
,Sequence Title,Query Title,Pident,Bitscore,Subject Sequence Length,e-value,Query Sequence Length,Start of Alignment in Subject,End of Alignment in Query,Start of Alignment in Query,End of Alignment in Query,mobileOG ID,Gene Name,Best Hit Accession ID,Major mobileOG Category,Minor mobileOG Category,Source Database,Evidence Type,Contig/ORF Name,ORF_Start_Stop_Strands,ORF_Start,ORF_End,Sense or Antisense Strand,Prodigal ID,Prodigal Designated Contigs,Unique_ORF,Partial Tag,Start Codon,RBS Motif,RBS Spacer,GC Content,Specific Contig,Final Sample Name
0,mobileOG_000038749|NA|NA|integration/excision|NA|Multiple|Homology,Esch_coli_GTEN_306_scaffold00001_26745-37128_scaffold00001_35_4 # 1479 # 1856 # 1 # ID=1_4;partial=00;start_type=ATG;rbs_motif=None;rbs_spacer=None;gc_cont=0.540,100.0,257.0,125,1.4400000000000001e-89,126,1,125,1,125,mobileOG_000038749,NA,NA,integration/excision,NA,Multiple,Homology,Esch_coli_GTEN_306_scaffold00001_26745-37128_scaffold00001_35_4, 1479 # 1856 # 1 , 1479,1856,1 ,1_4,1,4,00,ATG,None,None,0.540,Esch_coli_GTEN_306_scaffold00001_26745-37128_scaffold00001_35,mobileOG_000038749_Esch_coli_GTEN_306_scaffold00001_26745-37128_scaffold00001_35
1,mobileOG_000348339|ygaD|WP_001024559.1|transfer|competence|Plasmid RefSeq|Homology,Esch_coli_GTEN_306_scaffold00001_26745-37128_scaffold00001_35_17 # 10199 # 10384 # 1 # ID=1_17;partial=01;start_type=GTG;rbs_motif=GGA/GAG/AGG;rbs_spacer=5-10bp;gc_cont=0.446,98.4,117.0,172,1.7e-34,62,1,62,1,62,mobileOG_000348339,ygaD,WP_001024559.1,transfer,competence,Plasmid RefSeq,Homology,Esch_coli_GTEN_306_scaffold00001_26745-37128_scaffold00001_35_17, 10199 # 10384 # 1 , 10199,10384,1 ,1_17,1,17,01,GTG,GGA/GAG/AGG,5-10bp,0.446,Esch_coli_GTEN_306_scaffold00001_26745-37128_scaffold00001_35,mobileOG_000348339_Esch_coli_GTEN_306_scaffold00001_26745-37128_scaffold00001_35
2,mobileOG_000333812|alkB|WP_000884953.1|replication/recombination/repair|NA|Plasmid RefSeq|Homology,Esch_coli_GTEN_306_scaffold00001_797997-809640_scaffold00001_792_8 # 6720 # 7370 # -1 # ID=8_8;partial=00;start_type=ATG;rbs_motif=AGGAG;rbs_spacer=5-10bp;gc_cont=0.528,99.5,456.0,216,2.9199999999999987e-165,217,1,216,1,216,mobileOG_000333812,alkB,WP_000884953.1,replication/recombination/repair,NA,Plasmid RefSeq,Homology,Esch_coli_GTEN_306_scaffold00001_797997-809640_scaffold00001_792_8, 6720 # 7370 # -1 , 6720,7370,-1 ,8_8,8,8,00,ATG,AGGAG,5-10bp,0.528,Esch_coli_GTEN_306_scaffold00001_797997-809640_scaffold00001_792,mobileOG_000333812_Esch_coli_GTEN_306_scaffold00001_797997-809640_scaffold00001_792
3,mobileOG_000304542|traG|WP_001297077.1|transfer|conjugation|Plasmid RefSeq|Homology,Esch_coli_GTEN_306_scaffold00001_848276-859244_scaffold00001_827_5 # 2948 # 3550 # -1 # ID=9_5;partial=00;start_type=GTG;rbs_motif=GGAG/GAGG;rbs_spacer=5-10bp;gc_cont=0.433,99.0,402.0,200,1.9099999999999995e-144,201,1,200,1,200,mobileOG_000304542,traG,WP_001297077.1,transfer,conjugation,Plasmid RefSeq,Homology,Esch_coli_GTEN_306_scaffold00001_848276-859244_scaffold00001_827_5, 2948 # 3550 # -1 , 2948,3550,-1 ,9_5,9,5,00,GTG,GGAG/GAGG,5-10bp,0.433,Esch_coli_GTEN_306_scaffold00001_848276-859244_scaffold00001_827,mobileOG_000304542_Esch_coli_GTEN_306_scaffold00001_848276-859244_scaffold00001_827
4,mobileOG_000276712|IS_Pl3_3|A0A0F8ET67|integration/excision|NA|ISFinder|Homology,Esch_coli_GTEN_306_scaffold00001_953363-964901_scaffold00001_937_1 # 609 # 821 # -1 # ID=10_1;partial=00;start_type=ATG;rbs_motif=GGAG/GAGG;rbs_spacer=5-10bp;gc_cont=0.671,94.3,137.0,559,2.95e-39,71,490,559,1,70,mobileOG_000276712,IS_Pl3_3,A0A0F8ET67,integration/excision,NA,ISFinder,Homology,Esch_coli_GTEN_306_scaffold00001_953363-964901_scaffold00001_937_1, 609 # 821 # -1 , 609,821,-1 ,10_1,10,1,00,ATG,GGAG/GAGG,5-10bp,0.671,Esch_coli_GTEN_306_scaffold00001_953363-964901_scaffold00001_937,mobileOG_000276712_Esch_coli_GTEN_306_scaffold00001_953363-964901_scaffold00001_937
5,mobileOG_000276712|IS_Pl3_3|A0A0F8ET67|integration/excision|NA|ISFinder|Homology,Esch_coli_GTEN_306_scaffold00001_953363-964901_scaffold00001_937_2 # 825 # 1349 # -1 # ID=10_2;partial=00;start_type=GTG;rbs_motif=GGA/GAG/AGG;rbs_spacer=5-10bp;gc_cont=0.655,94.3,337.0,559,3.009999999999999e-114,175,314,487,1,174,mobileOG_000276712,IS_Pl3_3,A0A0F8ET67,integration/excision,NA,ISFinder,Homology,Esch_coli_GTEN_306_scaffold00001_953363-964901_scaffold00001_937_2, 825 # 1349 # -1 , 825,1349,-1 ,10_2,10,2,00,GTG,GGA/GAG/AGG,5-10bp,0.655,Esch_coli_GTEN_306_scaffold00001_953363-964901_scaffold00001_937,mobileOG_000276712_Esch_coli_GTEN_306_scaffold00001_953363-964901_scaffold00001_937
6,mobileOG_000001346|insA3|P0CF08|integration/excision|NA|Multiple|Manual,Esch_coli_GTEN_306_scaffold00001_953363-964901_scaffold00001_937_5 # 4047 # 4322 # -1 # ID=10_5;partial=00;start_type=GTG;rbs_motif=GGAG/GAGG;rbs_spacer=5-10bp;gc_cont=0.529,100.0,190.0,91,4.1599999999999995e-64,92,1,91,1,91,mobileOG_000001346,insA3,P0CF08,integration/excision,NA,Multiple,Manual,Esch_coli_GTEN_306_scaffold00001_953363-964901_scaffold00001_937_5, 4047 # 4322 # -1 , 4047,4322,-1 ,10_5,10,5,00,GTG,GGAG/GAGG,5-10bp,0.529,Esch_coli_GTEN_306_scaffold00001_953363-964901_scaffold00001_937,mobileOG_000001346_Esch_coli_GTEN_306_scaffold00001_953363-964901_scaffold00001_937
7,mobileOG_000001346|insA3|P0CF08|integration/excision|NA|Multiple|Manual,Esch_coli_GTEN_306_scaffold00001_954901-966064_scaffold00001_938_3 # 2509 # 2784 # -1 # ID=11_3;partial=00;start_type=GTG;rbs_motif=GGAG/GAGG;rbs_spacer=5-10bp;gc_cont=0.529,100.0,190.0,91,4.1599999999999995e-64,92,1,91,1,91,mobileOG_000001346,insA3,P0CF08,integration/excision,NA,Multiple,Manual,Esch_coli_GTEN_306_scaffold00001_954901-966064_scaffold00001_938_3, 2509 # 2784 # -1 , 2509,2784,-1 ,11_3,11,3,00,GTG,GGAG/GAGG,5-10bp,0.529,Esch_coli_GTEN_306_scaffold00001_954901-966064_scaffold00001_938,mobileOG_000001346_Esch_coli_GTEN_306_scaffold00001_954901-966064_scaffold00001_938
8,mobileOG_000001346|insA3|P0CF08|integration/excision|NA|Multiple|Manual,Esch_coli_GTEN_306_scaffold00001_956479-967093_scaffold00001_939_1 # 931 # 1206 # -1 # ID=12_1;partial=00;start_type=GTG;rbs_motif=GGAG/GAGG;rbs_spacer=5-10bp;gc_cont=0.529,100.0,190.0,91,4.1599999999999995e-64,92,1,91,1,91,mobileOG_000001346,insA3,P0CF08,integration/excision,NA,Multiple,Manual,Esch_coli_GTEN_306_scaffold00001_956479-967093_scaffold00001_939_1, 931 # 1206 # -1 , 931,1206,-1 ,12_1,12,1,00,GTG,GGAG/GAGG,5-10bp,0.529,Esch_coli_GTEN_306_scaffold00001_956479-967093_scaffold00001_939,mobileOG_000001346_Esch_coli_GTEN_306_scaffold00001_956479-967093_scaffold00001_939
9,mobileOG_000001346|insA3|P0CF08|integration/excision|NA|Multiple|Manual,Esch_coli_GTEN_306_scaffold00001_957098-970691_scaffold00001_940_1 # 312 # 587 # -1 # ID=13_1;partial=00;start_type=GTG;rbs_motif=GGAG/GAGG;rbs_spacer=5-10bp;gc_cont=0.529,100.0,190.0,91,4.1599999999999995e-64,92,1,91,1,91,mobileOG_000001346,insA3,P0CF08,integration/excision,NA,Multiple,Manual,Esch_coli_GTEN_306_scaffold00001_957098-970691_scaffold00001_940_1, 312 # 587 # -1 , 312,587,-1 ,13_1,13,1,00,GTG,GGAG/GAGG,5-10bp,0.529,Esch_coli_GTEN_306_scaffold00001_957098-970691_scaffold00001_940,mobileOG_000001346_Esch_coli_GTEN_306_scaffold00001_957098-970691_scaffold00001_940
10,mobileOG_000038749|NA|NA|integration/excision|NA|Multiple|Homology,Esch_coli_GTEN_306_scaffold00001_1058760-1071873_scaffold00001_1036_5 # 8557 # 8934 # -1 # ID=14_5;partial=00;start_type=ATG;rbs_motif=None;rbs_spacer=None;gc_cont=0.540,100.0,257.0,125,1.4400000000000001e-89,126,1,125,1,125,mobileOG_000038749,NA,NA,integration/excision,NA,Multiple,Homology,Esch_coli_GTEN_306_scaffold00001_1058760-1071873_scaffold00001_1036_5, 8557 # 8934 # -1 , 8557,8934,-1 ,14_5,14,5,00,ATG,None,None,0.540,Esch_coli_GTEN_306_scaffold00001_1058760-1071873_scaffold00001_1036,mobileOG_000038749_Esch_coli_GTEN_306_scaffold00001_1058760-1071873_scaffold00001_1036
11,mobileOG_000001346|insA3|P0CF08|integration/excision|NA|Multiple|Manual,Esch_coli_GTEN_306_scaffold00001_1058760-1071873_scaffold00001_1036_6 # 8979 # 9254 # -1 # ID=14_6;partial=00;start_type=GTG;rbs_motif=GGAG/GAGG;rbs_spacer=5-10bp;gc_cont=0.529,100.0,190.0,91,4.1599999999999995e-64,92,1,91,1,91,mobileOG_000001346,insA3,P0CF08,integration/excision,NA,Multiple,Manual,Esch_coli_GTEN_306_scaffold00001_1058760-1071873_scaffold00001_1036_6, 8979 # 9254 # -1 , 8979,9254,-1 ,14_6,14,6,00,GTG,GGAG/GAGG,5-10bp,0.529,Esch_coli_GTEN_306_scaffold00001_1058760-1071873_scaffold00001_1036,mobileOG_000001346_Esch_coli_GTEN_306_scaffold00001_1058760-1071873_scaffold00001_1036
12,mobileOG_000071197|insB_2|NA|integration/excision|NA|COMPASS|Homology,Esch_coli_GTEN_306_scaffold00001_1802949-1814181_scaffold00001_1754_6 # 3990 # 4199 # -1 # ID=18_6;partial=00;start_type=ATG;rbs_motif=AGGA/GGAG/GAGG;rbs_spacer=11-12bp;gc_cont=0.486,100.0,140.0,69,4.2299999999999995e-45,70,1,69,1,69,mobileOG_000071197,insB_2,NA,integration/excision,NA,COMPASS,Homology,Esch_coli_GTEN_306_scaffold00001_1802949-1814181_scaffold00001_1754_6, 3990 # 4199 # -1 , 3990,4199,-1 ,18_6,18,6,00,ATG,AGGA/GGAG/GAGG,11-12bp,0.486,Esch_coli_GTEN_306_scaffold00001_1802949-1814181_scaffold00001_1754,mobileOG_000071197_Esch_coli_GTEN_306_scaffold00001_1802949-1814181_scaffold00001_1754
13,mobileOG_000330413|ecnB|ETJ37164.1|stability/transfer/defense|NA|Plasmid RefSeq|Homology,Esch_coli_GTEN_306_scaffold00001_1944327-1955460_scaffold00001_1901_10 # 7251 # 7397 # -1 # ID=19_10;partial=00;start_type=ATG;rbs_motif=AGGA;rbs_spacer=5-10bp;gc_cont=0.490,100.0,88.2,48,8.370000000000002e-25,49,1,48,1,48,mobileOG_000330413,ecnB,ETJ37164.1,stability/transfer/defense,NA,Plasmid RefSeq,Homology,Esch_coli_GTEN_306_scaffold00001_1944327-1955460_scaffold00001_1901_10, 7251 # 7397 # -1 , 7251,7397,-1 ,19_10,19,10,00,ATG,AGGA,5-10bp,0.490,Esch_coli_GTEN_306_scaffold00001_1944327-1955460_scaffold00001_1901,mobileOG_000330413_Esch_coli_GTEN_306_scaffold00001_1944327-1955460_scaffold00001_1901
14,mobileOG_000321643|ecnB|WP_000977757.1|stability/transfer/defense|NA|Plasmid RefSeq|Homology,Esch_coli_GTEN_306_scaffold00001_1944327-1955460_scaffold00001_1901_11 # 7508 # 7633 # -1 # ID=19_11;partial=00;start_type=ATG;rbs_motif=GGA/GAG/AGG;rbs_spacer=5-10bp;gc_cont=0.532,100.0,79.3,41,1.73e-21,42,1,41,1,41,mobileOG_000321643,ecnB,WP_000977757.1,stability/transfer/defense,NA,Plasmid RefSeq,Homology,Esch_coli_GTEN_306_scaffold00001_1944327-1955460_scaffold00001_1901_11, 7508 # 7633 # -1 , 7508,7633,-1 ,19_11,19,11,00,ATG,GGA/GAG/AGG,5-10bp,0.532,Esch_coli_GTEN_306_scaffold00001_1944327-1955460_scaffold00001_1901,mobileOG_000321643_Esch_coli_GTEN_306_scaffold00001_1944327-1955460_scaffold00001_1901
15,mobileOG_000001346|insA3|P0CF08|integration/excision|NA|Multiple|Manual,Esch_coli_GTEN_306_scaffold00001_2022497-2033528_scaffold00001_1978_4 # 3709 # 3984 # 1 # ID=21_4;partial=00;start_type=GTG;rbs_motif=GGAG/GAGG;rbs_spacer=5-10bp;gc_cont=0.533,100.0,190.0,91,4.1599999999999995e-64,92,1,91,1,91,mobileOG_000001346,insA3,P0CF08,integration/excision,NA,Multiple,Manual,Esch_coli_GTEN_306_scaffold00001_2022497-2033528_scaffold00001_1978_4, 3709 # 3984 # 1 , 3709,3984,1 ,21_4,21,4,00,GTG,GGAG/GAGG,5-10bp,0.533,Esch_coli_GTEN_306_scaffold00001_2022497-2033528_scaffold00001_1978,mobileOG_000001346_Esch_coli_GTEN_306_scaffold00001_2022497-2033528_scaffold00001_1978
16,mobileOG_000038749|NA|NA|integration/excision|NA|Multiple|Homology,Esch_coli_GTEN_306_scaffold00001_2022497-2033528_scaffold00001_1978_5 # 4029 # 4406 # 1 # ID=21_5;partial=00;start_type=ATG;rbs_motif=None;rbs_spacer=None;gc_cont=0.540,100.0,257.0,125,1.4400000000000001e-89,126,1,125,1,125,mobileOG_000038749,NA,NA,integration/excision,NA,Multiple,Homology,Esch_coli_GTEN_306_scaffold00001_2022497-2033528_scaffold00001_1978_5, 4029 # 4406 # 1 , 4029,4406,1 ,21_5,21,5,00,ATG,None,None,0.540,Esch_coli_GTEN_306_scaffold00001_2022497-2033528_scaffold00001_1978,mobileOG_000038749_Esch_coli_GTEN_306_scaffold00001_2022497-2033528_scaffold00001_1978
17,mobileOG_000001346|insA3|P0CF08|integration/excision|NA|Multiple|Manual,Esch_coli_GTEN_306_scaffold00001_2023528-2035579_scaffold00001_1979_3 # 2678 # 2953 # 1 # ID=22_3;partial=00;start_type=GTG;rbs_motif=GGAG/GAGG;rbs_spacer=5-10bp;gc_cont=0.533,100.0,190.0,91,4.1599999999999995e-64,92,1,91,1,91,mobileOG_000001346,insA3,P0CF08,integration/excision,NA,Multiple,Manual,Esch_coli_GTEN_306_scaffold00001_2023528-2035579_scaffold00001_1979_3, 2678 # 2953 # 1 , 2678,2953,1 ,22_3,22,3,00,GTG,GGAG/GAGG,5-10bp,0.533,Esch_coli_GTEN_306_scaffold00001_2023528-2035579_scaffold00001_1979,mobileOG_000001346_Esch_coli_GTEN_306_scaffold00001_2023528-2035579_scaffold00001_1979
18,mobileOG_000038749|NA|NA|integration/excision|NA|Multiple|Homology,Esch_coli_GTEN_306_scaffold00001_2023528-2035579_scaffold00001_1979_4 # 2998 # 3375 # 1 # ID=22_4;partial=00;start_type=ATG;rbs_motif=None;rbs_spacer=None;gc_cont=0.540,100.0,257.0,125,1.4400000000000001e-89,126,1,125,1,125,mobileOG_000038749,NA,NA,integration/excision,NA,Multiple,Homology,Esch_coli_GTEN_306_scaffold00001_2023528-2035579_scaffold00001_1979_4, 2998 # 3375 # 1 , 2998,3375,1 ,22_4,22,4,00,ATG,None,None,0.540,Esch_coli_GTEN_306_scaffold00001_2023528-2035579_scaffold00001_1979,mobileOG_000038749_Esch_coli_GTEN_306_scaffold00001_2023528-2035579_scaffold00001_1979
19,mobileOG_000001346|insA3|P0CF08|integration/excision|NA|Multiple|Manual,Esch_coli_GTEN_306_scaffold00001_2025576-2036670_scaffold00001_1980_2 # 630 # 905 # 1 # ID=23_2;partial=00;start_type=GTG;rbs_motif=GGAG/GAGG;rbs_spacer=5-10bp;gc_cont=0.533,100.0,190.0,91,4.1599999999999995e-64,92,1,91,1,91,mobileOG_000001346,insA3,P0CF08,integration/excision,NA,Multiple,Manual,Esch_coli_GTEN_306_scaffold00001_2025576-2036670_scaffold00001_1980_2, 630 # 905 # 1 , 630,905,1 ,23_2,23,2,00,GTG,GGAG/GAGG,5-10bp,0.533,Esch_coli_GTEN_306_scaffold00001_2025576-2036670_scaffold00001_1980,mobileOG_000001346_Esch_coli_GTEN_306_scaffold00001_2025576-2036670_scaffold00001_1980
20,mobileOG_000038749|NA|NA|integration/excision|NA|Multiple|Homology,Esch_coli_GTEN_306_scaffold00001_2025576-2036670_scaffold00001_1980_3 # 950 # 1327 # 1 # ID=23_3;partial=00;start_type=ATG;rbs_motif=None;rbs_spacer=None;gc_cont=0.540,100.0,257.0,125,1.4400000000000001e-89,126,1,125,1,125,mobileOG_000038749,NA,NA,integration/excision,NA,Multiple,Homology,Esch_coli_GTEN_306_scaffold00001_2025576-2036670_scaffold00001_1980_3, 950 # 1327 # 1 , 950,1327,1 ,23_3,23,3,00,ATG,None,None,0.540,Esch_coli_GTEN_306_scaffold00001_2025576-2036670_scaffold00001_1980,mobileOG_000038749_Esch_coli_GTEN_306_scaffold00001_2025576-2036670_scaffold00001_1980
21,mobileOG_000001346|insA3|P0CF08|integration/excision|NA|Multiple|Manual,Esch_coli_GTEN_306_scaffold00001_2690049-2701206_scaffold00001_2589_11 # 10566 # 10841 # 1 # ID=28_11;partial=00;start_type=GTG;rbs_motif=GGAG/GAGG;rbs_spacer=5-10bp;gc_cont=0.533,100.0,190.0,91,4.1599999999999995e-64,92,1,91,1,91,mobileOG_000001346,insA3,P0CF08,integration/excision,NA,Multiple,Manual,Esch_coli_GTEN_306_scaffold00001_2690049-2701206_scaffold00001_2589_11, 10566 # 10841 # 1 , 10566,10841,1 ,28_11,28,11,00,GTG,GGAG/GAGG,5-10bp,0.533,Esch_coli_GTEN_306_scaffold00001_2690049-2701206_scaffold00001_2589,mobileOG_000001346_Esch_coli_GTEN_306_scaffold00001_2690049-2701206_scaffold00001_2589
22,mobileOG_000052858|NA|NA|integration/excision|NA|COMPASS|Homology,Esch_coli_GTEN_306_scaffold00001_2690049-2701206_scaffold00001_2589_12 # 10886 # 11158 # 1 # ID=28_12;partial=01;start_type=ATG;rbs_motif=None;rbs_spacer=None;gc_cont=0.560,100.0,191.0,91,1.3899999999999997e-64,91,1,91,1,91,mobileOG_000052858,NA,NA,integration/excision,NA,COMPASS,Homology,Esch_coli_GTEN_306_scaffold00001_2690049-2701206_scaffold00001_2589_12, 10886 # 11158 # 1 , 10886,11158,1 ,28_12,28,12,01,ATG,None,None,0.560,Esch_coli_GTEN_306_scaffold00001_2690049-2701206_scaffold00001_2589,mobileOG_000052858_Esch_coli_GTEN_306_scaffold00001_2690049-2701206_scaffold00001_2589
23,mobileOG_000003237|fis|WP_000462905.1|integration/excision|replication/recombination/repair|Multiple|Manual,Esch_coli_GTEN_306_scaffold00001_2938803-2951907_scaffold00001_2853_12 # 11571 # 11867 # -1 # ID=30_12;partial=00;start_type=ATG;rbs_motif=GGA/GAG/AGG;rbs_spacer=11-12bp;gc_cont=0.471,100.0,189.0,98,1.9899999999999996e-63,99,1,98,1,98,mobileOG_000003237,fis,WP_000462905.1,integration/excision,replication/recombination/repair,Multiple,Manual,Esch_coli_GTEN_306_scaffold00001_2938803-2951907_scaffold00001_2853_12, 11571 # 11867 # -1 , 11571,11867,-1 ,30_12,30,12,00,ATG,GGA/GAG/AGG,11-12bp,0.471,Esch_coli_GTEN_306_scaffold00001_2938803-2951907_scaffold00001_2853,mobileOG_000003237_Esch_coli_GTEN_306_scaffold00001_2938803-2951907_scaffold00001_2853
24,mobileOG_000003237|fis|WP_000462905.1|integration/excision|replication/recombination/repair|Multiple|Manual,Esch_coli_GTEN_306_scaffold00001_2941919-2953076_scaffold00001_2854_9 # 8455 # 8751 # -1 # ID=31_9;partial=00;start_type=ATG;rbs_motif=GGA/GAG/AGG;rbs_spacer=11-12bp;gc_cont=0.471,100.0,189.0,98,1.9899999999999996e-63,99,1,98,1,98,mobileOG_000003237,fis,WP_000462905.1,integration/excision,replication/recombination/repair,Multiple,Manual,Esch_coli_GTEN_306_scaffold00001_2941919-2953076_scaffold00001_2854_9, 8455 # 8751 # -1 , 8455,8751,-1 ,31_9,31,9,00,ATG,GGA/GAG/AGG,11-12bp,0.471,Esch_coli_GTEN_306_scaffold00001_2941919-2953076_scaffold00001_2854,mobileOG_000003237_Esch_coli_GTEN_306_scaffold00001_2941919-2953076_scaffold00001_2854
25,mobileOG_000003237|fis|WP_000462905.1|integration/excision|replication/recombination/repair|Multiple|Manual,Esch_coli_GTEN_306_scaffold00001_2943475-2954137_scaffold00001_2855_8 # 6899 # 7195 # -1 # ID=32_8;partial=00;start_type=ATG;rbs_motif=GGA/GAG/AGG;rbs_spacer=11-12bp;gc_cont=0.471,100.0,189.0,98,1.9899999999999996e-63,99,1,98,1,98,mobileOG_000003237,fis,WP_000462905.1,integration/excision,replication/recombination/repair,Multiple,Manual,Esch_coli_GTEN_306_scaffold00001_2943475-2954137_scaffold00001_2855_8, 6899 # 7195 # -1 , 6899,7195,-1 ,32_8,32,8,00,ATG,GGA/GAG/AGG,11-12bp,0.471,Esch_coli_GTEN_306_scaffold00001_2943475-2954137_scaffold00001_2855,mobileOG_000003237_Esch_coli_GTEN_306_scaffold00001_2943475-2954137_scaffold00001_2855
26,mobileOG_000001346|insA3|P0CF08|integration/excision|NA|Multiple|Manual,Esch_coli_GTEN_306_scaffold00001_3143668-3154489_scaffold00001_3053_4 # 2034 # 2309 # 1 # ID=33_4;partial=00;start_type=GTG;rbs_motif=GGAG/GAGG;rbs_spacer=5-10bp;gc_cont=0.533,100.0,190.0,91,4.1599999999999995e-64,92,1,91,1,91,mobileOG_000001346,insA3,P0CF08,integration/excision,NA,Multiple,Manual,Esch_coli_GTEN_306_scaffold00001_3143668-3154489_scaffold00001_3053_4, 2034 # 2309 # 1 , 2034,2309,1 ,33_4,33,4,00,GTG,GGAG/GAGG,5-10bp,0.533,Esch_coli_GTEN_306_scaffold00001_3143668-3154489_scaffold00001_3053,mobileOG_000001346_Esch_coli_GTEN_306_scaffold00001_3143668-3154489_scaffold00001_3053
27,mobileOG_000038749|NA|NA|integration/excision|NA|Multiple|Homology,Esch_coli_GTEN_306_scaffold00001_3143668-3154489_scaffold00001_3053_5 # 2354 # 2731 # 1 # ID=33_5;partial=00;start_type=ATG;rbs_motif=None;rbs_spacer=None;gc_cont=0.540,100.0,257.0,125,1.4400000000000001e-89,126,1,125,1,125,mobileOG_000038749,NA,NA,integration/excision,NA,Multiple,Homology,Esch_coli_GTEN_306_scaffold00001_3143668-3154489_scaffold00001_3053_5, 2354 # 2731 # 1 , 2354,2731,1 ,33_5,33,5,00,ATG,None,None,0.540,Esch_coli_GTEN_306_scaffold00001_3143668-3154489_scaffold00001_3053,mobileOG_000038749_Esch_coli_GTEN_306_scaffold00001_3143668-3154489_scaffold00001_3053
28,"mobileOG_000025806|cca|J7Q9S8|phage|regulation,infection|Multiple|Manual",Esch_coli_GTEN_306_scaffold00001_3143668-3154489_scaffold00001_3053_10 # 6003 # 7241 # -1 # ID=33_10;partial=00;start_type=GTG;rbs_motif=GGA/GAG/AGG;rbs_spacer=5-10bp;gc_cont=0.565,98.8,833.0,412,6.909999999999995e-308,413,1,412,1,412,mobileOG_000025806,cca,J7Q9S8,phage,"regulation,infection",Multiple,Manual,Esch_coli_GTEN_306_scaffold00001_3143668-3154489_scaffold00001_3053_10, 6003 # 7241 # -1 , 6003,7241,-1 ,33_10,33,10,00,GTG,GGA/GAG/AGG,5-10bp,0.565,Esch_coli_GTEN_306_scaffold00001_3143668-3154489_scaffold00001_3053,mobileOG_000025806_Esch_coli_GTEN_306_scaffold00001_3143668-3154489_scaffold00001_3053
29,mobileOG_000026107|parE|P20083|replication/recombination/repair|partitioning|Multiple|Manual,Esch_coli_GTEN_306_scaffold00001_3161637-3173118_scaffold00001_3069_12 # 9201 # 11093 # 1 # ID=34_12;partial=00;start_type=ATG;rbs_motif=None;rbs_spacer=None;gc_cont=0.538,100.0,1255.0,630,0.0,631,1,630,1,630,mobileOG_000026107,parE,P20083,replication/recombination/repair,partitioning,Multiple,Manual,Esch_coli_GTEN_306_scaffold00001_3161637-3173118_scaffold00001_3069_12, 9201 # 11093 # 1 , 9201,11093,1 ,34_12,34,12,00,ATG,None,None,0.538,Esch_coli_GTEN_306_scaffold00001_3161637-3173118_scaffold00001_3069,mobileOG_000026107_Esch_coli_GTEN_306_scaffold00001_3161637-3173118_scaffold00001_3069
30,mobileOG_000038749|NA|NA|integration/excision|NA|Multiple|Homology,Esch_coli_GTEN_306_scaffold00001_3620532-3633681_scaffold00001_3532_3 # 1065 # 1442 # -1 # ID=35_3;partial=00;start_type=ATG;rbs_motif=None;rbs_spacer=None;gc_cont=0.540,100.0,257.0,125,1.4400000000000001e-89,126,1,125,1,125,mobileOG_000038749,NA,NA,integration/excision,NA,Multiple,Homology,Esch_coli_GTEN_306_scaffold00001_3620532-3633681_scaffold00001_3532_3, 1065 # 1442 # -1 , 1065,1442,-1 ,35_3,35,3,00,ATG,None,None,0.540,Esch_coli_GTEN_306_scaffold00001_3620532-3633681_scaffold00001_3532,mobileOG_000038749_Esch_coli_GTEN_306_scaffold00001_3620532-3633681_scaffold00001_3532
31,mobileOG_000001346|insA3|P0CF08|integration/excision|NA|Multiple|Manual,Esch_coli_GTEN_306_scaffold00001_3620532-3633681_scaffold00001_3532_4 # 1487 # 1762 # -1 # ID=35_4;partial=00;start_type=GTG;rbs_motif=GGAG/GAGG;rbs_spacer=5-10bp;gc_cont=0.529,100.0,190.0,91,4.1599999999999995e-64,92,1,91,1,91,mobileOG_000001346,insA3,P0CF08,integration/excision,NA,Multiple,Manual,Esch_coli_GTEN_306_scaffold00001_3620532-3633681_scaffold00001_3532_4, 1487 # 1762 # -1 , 1487,1762,-1 ,35_4,35,4,00,GTG,GGAG/GAGG,5-10bp,0.529,Esch_coli_GTEN_306_scaffold00001_3620532-3633681_scaffold00001_3532,mobileOG_000001346_Esch_coli_GTEN_306_scaffold00001_3620532-3633681_scaffold00001_3532
32,mobileOG_000026116|priC|F0JM94|replication/recombination/repair|NA|Plasmid RefSeq|Manual,Esch_coli_GTEN_306_scaffold00001_3623704-3634897_scaffold00001_3533_9 # 10690 # 11193 # -1 # ID=36_9;partial=01;start_type=Edge;rbs_motif=None;rbs_spacer=None;gc_cont=0.585,95.8,304.0,175,1.0999999999999997e-106,168,9,175,1,167,mobileOG_000026116,priC,F0JM94,replication/recombination/repair,NA,Plasmid RefSeq,Manual,Esch_coli_GTEN_306_scaffold00001_3623704-3634897_scaffold00001_3533_9, 10690 # 11193 # -1 , 10690,11193,-1 ,36_9,36,9,01,Edge,None,None,0.585,Esch_coli_GTEN_306_scaffold00001_3623704-3634897_scaffold00001_3533,mobileOG_000026116_Esch_coli_GTEN_306_scaffold00001_3623704-3634897_scaffold00001_3533
33,"mobileOG_000025715|ihfB|WP_002898165.1|integration/excision|regulation,lysis/lysogeny|Plasmid RefSeq|Manual",Esch_coli_GTEN_306_scaffold00001_4177477-4189225_scaffold00001_4069_3 # 2209 # 2493 # 1 # ID=39_3;partial=00;start_type=ATG;rbs_motif=GGAGG;rbs_spacer=3-4bp;gc_cont=0.491,97.8,187.0,95,8.879999999999998e-63,95,1,93,1,93,mobileOG_000025715,ihfB,WP_002898165.1,integration/excision,"regulation,lysis/lysogeny",Plasmid RefSeq,Manual,Esch_coli_GTEN_306_scaffold00001_4177477-4189225_scaffold00001_4069_3, 2209 # 2493 # 1 , 2209,2493,1 ,39_3,39,3,00,ATG,GGAGG,3-4bp,0.491,Esch_coli_GTEN_306_scaffold00001_4177477-4189225_scaffold00001_4069,mobileOG_000025715_Esch_coli_GTEN_306_scaffold00001_4177477-4189225_scaffold00001_4069
34,mobileOG_000038749|NA|NA|integration/excision|NA|Multiple|Homology,Esch_coli_GTEN_306_scaffold00001_4177477-4189225_scaffold00001_4069_8 # 8138 # 8515 # -1 # ID=39_8;partial=00;start_type=ATG;rbs_motif=None;rbs_spacer=None;gc_cont=0.540,100.0,257.0,125,1.4400000000000001e-89,126,1,125,1,125,mobileOG_000038749,NA,NA,integration/excision,NA,Multiple,Homology,Esch_coli_GTEN_306_scaffold00001_4177477-4189225_scaffold00001_4069_8, 8138 # 8515 # -1 , 8138,8515,-1 ,39_8,39,8,00,ATG,None,None,0.540,Esch_coli_GTEN_306_scaffold00001_4177477-4189225_scaffold00001_4069,mobileOG_000038749_Esch_coli_GTEN_306_scaffold00001_4177477-4189225_scaffold00001_4069
35,mobileOG_000001346|insA3|P0CF08|integration/excision|NA|Multiple|Manual,Esch_coli_GTEN_306_scaffold00001_4177477-4189225_scaffold00001_4069_9 # 8560 # 8835 # -1 # ID=39_9;partial=00;start_type=GTG;rbs_motif=GGAG/GAGG;rbs_spacer=5-10bp;gc_cont=0.529,100.0,190.0,91,4.1599999999999995e-64,92,1,91,1,91,mobileOG_000001346,insA3,P0CF08,integration/excision,NA,Multiple,Manual,Esch_coli_GTEN_306_scaffold00001_4177477-4189225_scaffold00001_4069_9, 8560 # 8835 # -1 , 8560,8835,-1 ,39_9,39,9,00,GTG,GGAG/GAGG,5-10bp,0.529,Esch_coli_GTEN_306_scaffold00001_4177477-4189225_scaffold00001_4069,mobileOG_000001346_Esch_coli_GTEN_306_scaffold00001_4177477-4189225_scaffold00001_4069
36,mobileOG_000002433|dinI|WP_001217754.1|replication/recombination/repair|NA|Multiple|Manual,Esch_coli_GTEN_306_scaffold00001_4392513-4403721_scaffold00001_4281_4 # 2125 # 2370 # -1 # ID=41_4;partial=00;start_type=ATG;rbs_motif=AGxAGG/AGGxGG;rbs_spacer=5-10bp;gc_cont=0.488,100.0,162.0,81,3.9799999999999997e-53,82,1,81,1,81,mobileOG_000002433,dinI,WP_001217754.1,replication/recombination/repair,NA,Multiple,Manual,Esch_coli_GTEN_306_scaffold00001_4392513-4403721_scaffold00001_4281_4, 2125 # 2370 # -1 , 2125,2370,-1 ,41_4,41,4,00,ATG,AGxAGG/AGGxGG,5-10bp,0.488,Esch_coli_GTEN_306_scaffold00001_4392513-4403721_scaffold00001_4281,mobileOG_000002433_Esch_coli_GTEN_306_scaffold00001_4392513-4403721_scaffold00001_4281
37,mobileOG_000035938|tnpA|WP_001067858.1|integration/excision|NA|Multiple|Homology,Esch_coli_GTEN_306_scaffold00002_76369-87229_scaffold00002_90_2 # 1191 # 1895 # -1 # ID=43_2;partial=00;start_type=ATG;rbs_motif=GGAG/GAGG;rbs_spacer=5-10bp;gc_cont=0.528,100.0,495.0,234,3.2699999999999987e-180,235,1,234,1,234,mobileOG_000035938,tnpA,WP_001067858.1,integration/excision,NA,Multiple,Homology,Esch_coli_GTEN_306_scaffold00002_76369-87229_scaffold00002_90_2, 1191 # 1895 # -1 , 1191,1895,-1 ,43_2,43,2,00,ATG,GGAG/GAGG,5-10bp,0.528,Esch_coli_GTEN_306_scaffold00002_76369-87229_scaffold00002_90,mobileOG_000035938_Esch_coli_GTEN_306_scaffold00002_76369-87229_scaffold00002_90
38,mobileOG_000033488|tnpA|WP_001389365.1|integration/excision|NA|Multiple|Homology,Esch_coli_GTEN_306_scaffold00002_76369-87229_scaffold00002_90_3 # 2377 # 3141 # 1 # ID=43_3;partial=00;start_type=ATG;rbs_motif=GGA/GAG/AGG;rbs_spacer=5-10bp;gc_cont=0.610,100.0,531.0,254,1.4399999999999995e-193,255,1,254,1,254,mobileOG_000033488,tnpA,WP_001389365.1,integration/excision,NA,Multiple,Homology,Esch_coli_GTEN_306_scaffold00002_76369-87229_scaffold00002_90_3, 2377 # 3141 # 1 , 2377,3141,1 ,43_3,43,3,00,ATG,GGA/GAG/AGG,5-10bp,0.610,Esch_coli_GTEN_306_scaffold00002_76369-87229_scaffold00002_90,mobileOG_000033488_Esch_coli_GTEN_306_scaffold00002_76369-87229_scaffold00002_90
39,mobileOG_000033423|tnpA|NA|integration/excision|NA|Multiple|Homology,Esch_coli_GTEN_306_scaffold00002_76369-87229_scaffold00002_90_4 # 3296 # 4000 # 1 # ID=43_4;partial=00;start_type=ATG;rbs_motif=GGAG/GAGG;rbs_spacer=5-10bp;gc_cont=0.532,100.0,496.0,234,2.2999999999999995e-180,235,1,234,1,234,mobileOG_000033423,tnpA,NA,integration/excision,NA,Multiple,Homology,Esch_coli_GTEN_306_scaffold00002_76369-87229_scaffold00002_90_4, 3296 # 4000 # 1 , 3296,4000,1 ,43_4,43,4,00,ATG,GGAG/GAGG,5-10bp,0.532,Esch_coli_GTEN_306_scaffold00002_76369-87229_scaffold00002_90,mobileOG_000033423_Esch_coli_GTEN_306_scaffold00002_76369-87229_scaffold00002_90
40,mobileOG_000055065|tnpA|A0A2K9V0Y3|integration/excision|NA|COMPASS|Homology,Esch_coli_GTEN_306_scaffold00002_76369-87229_scaffold00002_90_5 # 4034 # 4858 # -1 # ID=43_5;partial=00;start_type=ATG;rbs_motif=None;rbs_spacer=None;gc_cont=0.450,100.0,557.0,274,2.9199999999999983e-203,275,1,274,1,274,mobileOG_000055065,tnpA,A0A2K9V0Y3,integration/excision,NA,COMPASS,Homology,Esch_coli_GTEN_306_scaffold00002_76369-87229_scaffold00002_90_5, 4034 # 4858 # -1 , 4034,4858,-1 ,43_5,43,5,00,ATG,None,None,0.450,Esch_coli_GTEN_306_scaffold00002_76369-87229_scaffold00002_90,mobileOG_000055065_Esch_coli_GTEN_306_scaffold00002_76369-87229_scaffold00002_90
41,mobileOG_000033423|tnpA|NA|integration/excision|NA|Multiple|Homology,Esch_coli_GTEN_306_scaffold00002_76369-87229_scaffold00002_90_10 # 8555 # 9259 # 1 # ID=43_10;partial=00;start_type=ATG;rbs_motif=GGAG/GAGG;rbs_spacer=5-10bp;gc_cont=0.532,100.0,496.0,234,2.2999999999999995e-180,235,1,234,1,234,mobileOG_000033423,tnpA,NA,integration/excision,NA,Multiple,Homology,Esch_coli_GTEN_306_scaffold00002_76369-87229_scaffold00002_90_10, 8555 # 9259 # 1 , 8555,9259,1 ,43_10,43,10,00,ATG,GGAG/GAGG,5-10bp,0.532,Esch_coli_GTEN_306_scaffold00002_76369-87229_scaffold00002_90,mobileOG_000033423_Esch_coli_GTEN_306_scaffold00002_76369-87229_scaffold00002_90
42,mobileOG_000033423|tnpA|NA|integration/excision|NA|Multiple|Homology,Esch_coli_GTEN_306_scaffold00002_80749-91663_scaffold00002_95_5 # 4175 # 4879 # 1 # ID=44_5;partial=00;start_type=ATG;rbs_motif=GGAG/GAGG;rbs_spacer=5-10bp;gc_cont=0.532,100.0,496.0,234,2.2999999999999995e-180,235,1,234,1,234,mobileOG_000033423,tnpA,NA,integration/excision,NA,Multiple,Homology,Esch_coli_GTEN_306_scaffold00002_80749-91663_scaffold00002_95_5, 4175 # 4879 # 1 , 4175,4879,1 ,44_5,44,5,00,ATG,GGAG/GAGG,5-10bp,0.532,Esch_coli_GTEN_306_scaffold00002_80749-91663_scaffold00002_95,mobileOG_000033423_Esch_coli_GTEN_306_scaffold00002_80749-91663_scaffold00002_95
43,mobileOG_000033488|tnpA|WP_001389365.1|integration/excision|NA|Multiple|Homology,Esch_coli_GTEN_306_scaffold00002_80749-91663_scaffold00002_95_9 # 8227 # 8991 # -1 # ID=44_9;partial=00;start_type=ATG;rbs_motif=GGA/GAG/AGG;rbs_spacer=5-10bp;gc_cont=0.610,100.0,531.0,254,1.4399999999999995e-193,255,1,254,1,254,mobileOG_000033488,tnpA,WP_001389365.1,integration/excision,NA,Multiple,Homology,Esch_coli_GTEN_306_scaffold00002_80749-91663_scaffold00002_95_9, 8227 # 8991 # -1 , 8227,8991,-1 ,44_9,44,9,00,ATG,GGA/GAG/AGG,5-10bp,0.610,Esch_coli_GTEN_306_scaffold00002_80749-91663_scaffold00002_95,mobileOG_000033488_Esch_coli_GTEN_306_scaffold00002_80749-91663_scaffold00002_95
44,mobileOG_000033423|tnpA|NA|integration/excision|NA|Multiple|Homology,Esch_coli_GTEN_306_scaffold00002_80749-91663_scaffold00002_95_10 # 9120 # 9824 # -1 # ID=44_10;partial=00;start_type=ATG;rbs_motif=GGAG/GAGG;rbs_spacer=5-10bp;gc_cont=0.532,100.0,496.0,234,2.2999999999999995e-180,235,1,234,1,234,mobileOG_000033423,tnpA,NA,integration/excision,NA,Multiple,Homology,Esch_coli_GTEN_306_scaffold00002_80749-91663_scaffold00002_95_10, 9120 # 9824 # -1 , 9120,9824,-1 ,44_10,44,10,00,ATG,GGAG/GAGG,5-10bp,0.532,Esch_coli_GTEN_306_scaffold00002_80749-91663_scaffold00002_95,mobileOG_000033423_Esch_coli_GTEN_306_scaffold00002_80749-91663_scaffold00002_95
45,mobileOG_000053840|impC|WP_063612146.1|replication/recombination/repair|NA|Multiple|Homology,Esch_coli_GTEN_306_scaffold00002_80749-91663_scaffold00002_95_11 # 9959 # 10207 # 1 # ID=44_11;partial=00;start_type=ATG;rbs_motif=GGAG/GAGG;rbs_spacer=5-10bp;gc_cont=0.510,100.0,168.0,82,1.09e-55,83,1,82,1,82,mobileOG_000053840,impC,WP_063612146.1,replication/recombination/repair,NA,Multiple,Homology,Esch_coli_GTEN_306_scaffold00002_80749-91663_scaffold00002_95_11, 9959 # 10207 # 1 , 9959,10207,1 ,44_11,44,11,00,ATG,GGAG/GAGG,5-10bp,0.510,Esch_coli_GTEN_306_scaffold00002_80749-91663_scaffold00002_95,mobileOG_000053840_Esch_coli_GTEN_306_scaffold00002_80749-91663_scaffold00002_95
46,mobileOG_000001466|NA|P18641|replication/recombination/repair|NA|Multiple|Manual,Esch_coli_GTEN_306_scaffold00002_80749-91663_scaffold00002_95_12 # 10204 # 10641 # 1 # ID=44_12;partial=00;start_type=ATG;rbs_motif=None;rbs_spacer=None;gc_cont=0.557,100.0,299.0,145,1.5299999999999996e-105,146,1,145,1,145,mobileOG_000001466,NA,P18641,replication/recombination/repair,NA,Multiple,Manual,Esch_coli_GTEN_306_scaffold00002_80749-91663_scaffold00002_95_12, 10204 # 10641 # 1 , 10204,10641,1 ,44_12,44,12,00,ATG,None,None,0.557,Esch_coli_GTEN_306_scaffold00002_80749-91663_scaffold00002_95,mobileOG_000001466_Esch_coli_GTEN_306_scaffold00002_80749-91663_scaffold00002_95
47,mobileOG_000004142|impB|WP_000457496.1|replication/recombination/repair|NA|COMPASS|Manual,Esch_coli_GTEN_306_scaffold00002_80749-91663_scaffold00002_95_13 # 10641 # 10913 # 1 # ID=44_13;partial=01;start_type=ATG;rbs_motif=GGAG/GAGG;rbs_spacer=5-10bp;gc_cont=0.516,100.0,184.0,109,2.7600000000000002e-61,91,1,91,1,91,mobileOG_000004142,impB,WP_000457496.1,replication/recombination/repair,NA,COMPASS,Manual,Esch_coli_GTEN_306_scaffold00002_80749-91663_scaffold00002_95_13, 10641 # 10913 # 1 , 10641,10913,1 ,44_13,44,13,01,ATG,GGAG/GAGG,5-10bp,0.516,Esch_coli_GTEN_306_scaffold00002_80749-91663_scaffold00002_95,mobileOG_000004142_Esch_coli_GTEN_306_scaffold00002_80749-91663_scaffold00002_95
48,mobileOG_000056463|tnpM|WP_001493763.1|integration/excision|NA|Multiple|Homology,Esch_coli_GTEN_306_scaffold00003_10914-21570_scaffold00003_20_3 # 1539 # 2084 # 1 # ID=45_3;partial=00;start_type=ATG;rbs_motif=GGAG/GAGG;rbs_spacer=5-10bp;gc_cont=0.511,100.0,377.0,181,5.179999999999998e-135,182,1,181,1,181,mobileOG_000056463,tnpM,WP_001493763.1,integration/excision,NA,Multiple,Homology,Esch_coli_GTEN_306_scaffold00003_10914-21570_scaffold00003_20_3, 1539 # 2084 # 1 , 1539,2084,1 ,45_3,45,3,00,ATG,GGAG/GAGG,5-10bp,0.511,Esch_coli_GTEN_306_scaffold00003_10914-21570_scaffold00003_20,mobileOG_000056463_Esch_coli_GTEN_306_scaffold00003_10914-21570_scaffold00003_20
49,mobileOG_000056464|tnpR|WP_001493762.1|integration/excision|NA|Multiple|Homology,Esch_coli_GTEN_306_scaffold00003_10914-21570_scaffold00003_20_4 # 2221 # 2793 # 1 # ID=45_4;partial=00;start_type=GTG;rbs_motif=GGAGG;rbs_spacer=5-10bp;gc_cont=0.543,100.0,374.0,190,1.7099999999999998e-133,191,1,190,1,190,mobileOG_000056464,tnpR,WP_001493762.1,integration/excision,NA,Multiple,Homology,Esch_coli_GTEN_306_scaffold00003_10914-21570_scaffold00003_20_4, 2221 # 2793 # 1 , 2221,2793,1 ,45_4,45,4,00,GTG,GGAGG,5-10bp,0.543,Esch_coli_GTEN_306_scaffold00003_10914-21570_scaffold00003_20,mobileOG_000056464_Esch_coli_GTEN_306_scaffold00003_10914-21570_scaffold00003_20
50,mobileOG_000056465|gin|WP_001493760.1|integration/excision|NA|COMPASS|Homology,Esch_coli_GTEN_306_scaffold00003_10914-21570_scaffold00003_20_6 # 4245 # 4682 # 1 # ID=45_6;partial=00;start_type=ATG;rbs_motif=None;rbs_spacer=None;gc_cont=0.555,100.0,279.0,145,1.8499999999999994e-97,146,1,145,1,145,mobileOG_000056465,gin,WP_001493760.1,integration/excision,NA,COMPASS,Homology,Esch_coli_GTEN_306_scaffold00003_10914-21570_scaffold00003_20_6, 4245 # 4682 # 1 , 4245,4682,1 ,45_6,45,6,00,ATG,None,None,0.555,Esch_coli_GTEN_306_scaffold00003_10914-21570_scaffold00003_20,mobileOG_000056465_Esch_coli_GTEN_306_scaffold00003_10914-21570_scaffold00003_20
51,mobileOG_000056778|insC1|WP_001459498.1|integration/excision|NA|COMPASS|Homology,Esch_coli_GTEN_306_scaffold00003_10914-21570_scaffold00003_20_8 # 6025 # 6216 # 1 # ID=45_8;partial=00;start_type=ATG;rbs_motif=4Base/6BMM;rbs_spacer=13-15bp;gc_cont=0.474,100.0,127.0,63,4.32e-40,64,1,63,1,63,mobileOG_000056778,insC1,WP_001459498.1,integration/excision,NA,COMPASS,Homology,Esch_coli_GTEN_306_scaffold00003_10914-21570_scaffold00003_20_8, 6025 # 6216 # 1 , 6025,6216,1 ,45_8,45,8,00,ATG,4Base/6BMM,13-15bp,0.474,Esch_coli_GTEN_306_scaffold00003_10914-21570_scaffold00003_20,mobileOG_000056778_Esch_coli_GTEN_306_scaffold00003_10914-21570_scaffold00003_20
52,mobileOG_000074301|tnpA|WP_021512645.1|integration/excision|NA|COMPASS|Homology,Esch_coli_GTEN_306_scaffold00003_10914-21570_scaffold00003_20_10 # 7110 # 9659 # -1 # ID=45_10;partial=00;start_type=ATG;rbs_motif=GGA/GAG/AGG;rbs_spacer=5-10bp;gc_cont=0.516,100.0,1669.0,980,0.0,850,132,980,1,849,mobileOG_000074301,tnpA,WP_021512645.1,integration/excision,NA,COMPASS,Homology,Esch_coli_GTEN_306_scaffold00003_10914-21570_scaffold00003_20_10, 7110 # 9659 # -1 , 7110,9659,-1 ,45_10,45,10,00,ATG,GGA/GAG/AGG,5-10bp,0.516,Esch_coli_GTEN_306_scaffold00003_10914-21570_scaffold00003_20,mobileOG_000074301_Esch_coli_GTEN_306_scaffold00003_10914-21570_scaffold00003_20
53,mobileOG_000056778|insC1|WP_001459498.1|integration/excision|NA|COMPASS|Homology,Esch_coli_GTEN_306_scaffold00003_16211-27086_scaffold00003_26_2 # 728 # 919 # 1 # ID=46_2;partial=00;start_type=ATG;rbs_motif=4Base/6BMM;rbs_spacer=13-15bp;gc_cont=0.474,100.0,127.0,63,4.32e-40,64,1,63,1,63,mobileOG_000056778,insC1,WP_001459498.1,integration/excision,NA,COMPASS,Homology,Esch_coli_GTEN_306_scaffold00003_16211-27086_scaffold00003_26_2, 728 # 919 # 1 , 728,919,1 ,46_2,46,2,00,ATG,4Base/6BMM,13-15bp,0.474,Esch_coli_GTEN_306_scaffold00003_16211-27086_scaffold00003_26,mobileOG_000056778_Esch_coli_GTEN_306_scaffold00003_16211-27086_scaffold00003_26
54,mobileOG_000074301|tnpA|WP_021512645.1|integration/excision|NA|COMPASS|Homology,Esch_coli_GTEN_306_scaffold00003_16211-27086_scaffold00003_26_4 # 1813 # 4362 # -1 # ID=46_4;partial=00;start_type=ATG;rbs_motif=GGA/GAG/AGG;rbs_spacer=5-10bp;gc_cont=0.516,100.0,1669.0,980,0.0,850,132,980,1,849,mobileOG_000074301,tnpA,WP_021512645.1,integration/excision,NA,COMPASS,Homology,Esch_coli_GTEN_306_scaffold00003_16211-27086_scaffold00003_26_4, 1813 # 4362 # -1 , 1813,4362,-1 ,46_4,46,4,00,ATG,GGA/GAG/AGG,5-10bp,0.516,Esch_coli_GTEN_306_scaffold00003_16211-27086_scaffold00003_26,mobileOG_000074301_Esch_coli_GTEN_306_scaffold00003_16211-27086_scaffold00003_26
55,mobileOG_000065580|parA_1|WP_011310109.1|replication/recombination/repair|transfer|Multiple|Homology,Esch_coli_GTEN_306_scaffold00003_16211-27086_scaffold00003_26_7 # 6413 # 6715 # -1 # ID=46_7;partial=00;start_type=GTG;rbs_motif=GGAG/GAGG;rbs_spacer=5-10bp;gc_cont=0.403,99.0,181.0,308,1.47e-57,101,209,308,1,100,mobileOG_000065580,parA_1,WP_011310109.1,replication/recombination/repair,transfer,Multiple,Homology,Esch_coli_GTEN_306_scaffold00003_16211-27086_scaffold00003_26_7, 6413 # 6715 # -1 , 6413,6715,-1 ,46_7,46,7,00,GTG,GGAG/GAGG,5-10bp,0.403,Esch_coli_GTEN_306_scaffold00003_16211-27086_scaffold00003_26,mobileOG_000065580_Esch_coli_GTEN_306_scaffold00003_16211-27086_scaffold00003_26
56,mobileOG_000053445|parA_1|WP_000587689.1|replication/recombination/repair|transfer|Multiple|Homology,Esch_coli_GTEN_306_scaffold00003_16211-27086_scaffold00003_26_8 # 6712 # 7338 # -1 # ID=46_8;partial=00;start_type=ATG;rbs_motif=GGAG/GAGG;rbs_spacer=5-10bp;gc_cont=0.429,100.0,416.0,208,1.6199999999999996e-149,209,1,208,1,208,mobileOG_000053445,parA_1,WP_000587689.1,replication/recombination/repair,transfer,Multiple,Homology,Esch_coli_GTEN_306_scaffold00003_16211-27086_scaffold00003_26_8, 6712 # 7338 # -1 , 6712,7338,-1 ,46_8,46,8,00,ATG,GGAG/GAGG,5-10bp,0.429,Esch_coli_GTEN_306_scaffold00003_16211-27086_scaffold00003_26,mobileOG_000053445_Esch_coli_GTEN_306_scaffold00003_16211-27086_scaffold00003_26
57,mobileOG_000066731|impB|WP_000457515.1|replication/recombination/repair|NA|Multiple|Homology,Esch_coli_GTEN_306_scaffold00003_16211-27086_scaffold00003_26_9 # 7534 # 8805 # -1 # ID=46_9;partial=00;start_type=ATG;rbs_motif=GGAG/GAGG;rbs_spacer=5-10bp;gc_cont=0.520,100.0,852.0,423,7.89e-315,424,1,423,1,423,mobileOG_000066731,impB,WP_000457515.1,replication/recombination/repair,NA,Multiple,Homology,Esch_coli_GTEN_306_scaffold00003_16211-27086_scaffold00003_26_9, 7534 # 8805 # -1 , 7534,8805,-1 ,46_9,46,9,00,ATG,GGAG/GAGG,5-10bp,0.520,Esch_coli_GTEN_306_scaffold00003_16211-27086_scaffold00003_26,mobileOG_000066731_Esch_coli_GTEN_306_scaffold00003_16211-27086_scaffold00003_26
58,mobileOG_000001466|NA|P18641|replication/recombination/repair|NA|Multiple|Manual,Esch_coli_GTEN_306_scaffold00003_16211-27086_scaffold00003_26_10 # 8805 # 9242 # -1 # ID=46_10;partial=00;start_type=ATG;rbs_motif=None;rbs_spacer=None;gc_cont=0.557,100.0,299.0,145,1.5299999999999996e-105,146,1,145,1,145,mobileOG_000001466,NA,P18641,replication/recombination/repair,NA,Multiple,Manual,Esch_coli_GTEN_306_scaffold00003_16211-27086_scaffold00003_26_10, 8805 # 9242 # -1 , 8805,9242,-1 ,46_10,46,10,00,ATG,None,None,0.557,Esch_coli_GTEN_306_scaffold00003_16211-27086_scaffold00003_26,mobileOG_000001466_Esch_coli_GTEN_306_scaffold00003_16211-27086_scaffold00003_26
59,mobileOG_000001465|impC|P0A1G0|replication/recombination/repair|NA|Multiple|Manual,Esch_coli_GTEN_306_scaffold00003_16211-27086_scaffold00003_26_11 # 9239 # 9487 # -1 # ID=46_11;partial=00;start_type=ATG;rbs_motif=GGAG/GAGG;rbs_spacer=5-10bp;gc_cont=0.514,100.0,168.0,82,1.09e-55,83,1,82,1,82,mobileOG_000001465,impC,P0A1G0,replication/recombination/repair,NA,Multiple,Manual,Esch_coli_GTEN_306_scaffold00003_16211-27086_scaffold00003_26_11, 9239 # 9487 # -1 , 9239,9487,-1 ,46_11,46,11,00,ATG,GGAG/GAGG,5-10bp,0.514,Esch_coli_GTEN_306_scaffold00003_16211-27086_scaffold00003_26,mobileOG_000001465_Esch_coli_GTEN_306_scaffold00003_16211-27086_scaffold00003_26
60,mobileOG_000001679|tnpR|P0C1G3|integration/excision|NA|Multiple|Manual,Esch_coli_GTEN_306_scaffold00005_40802-51013_scaffold00005_56_1 # 383 # 943 # 1 # ID=47_1;partial=00;start_type=GTG;rbs_motif=AGGAG;rbs_spacer=5-10bp;gc_cont=0.656,100.0,352.0,186,4.3599999999999994e-125,187,1,186,1,186,mobileOG_000001679,tnpR,P0C1G3,integration/excision,NA,Multiple,Manual,Esch_coli_GTEN_306_scaffold00005_40802-51013_scaffold00005_56_1, 383 # 943 # 1 , 383,943,1 ,47_1,47,1,00,GTG,AGGAG,5-10bp,0.656,Esch_coli_GTEN_306_scaffold00005_40802-51013_scaffold00005_56,mobileOG_000001679_Esch_coli_GTEN_306_scaffold00005_40802-51013_scaffold00005_56
61,mobileOG_000037069|tnpA|WP_001138014.1|integration/excision|NA|Multiple|Homology,Esch_coli_GTEN_306_scaffold00005_40802-51013_scaffold00005_56_2 # 947 # 3913 # 1 # ID=47_2;partial=00;start_type=ATG;rbs_motif=GGA/GAG/AGG;rbs_spacer=5-10bp;gc_cont=0.659,100.0,1944.0,988,0.0,989,1,988,1,988,mobileOG_000037069,tnpA,WP_001138014.1,integration/excision,NA,Multiple,Homology,Esch_coli_GTEN_306_scaffold00005_40802-51013_scaffold00005_56_2, 947 # 3913 # 1 , 947,3913,1 ,47_2,47,2,00,ATG,GGA/GAG/AGG,5-10bp,0.659,Esch_coli_GTEN_306_scaffold00005_40802-51013_scaffold00005_56,mobileOG_000037069_Esch_coli_GTEN_306_scaffold00005_40802-51013_scaffold00005_56
62,mobileOG_000062109|tnpA|WP_109138279.1|integration/excision|NA|Multiple|Homology,Esch_coli_GTEN_306_scaffold00005_40802-51013_scaffold00005_56_3 # 3971 # 4213 # 1 # ID=47_3;partial=00;start_type=GTG;rbs_motif=GGA/GAG/AGG;rbs_spacer=5-10bp;gc_cont=0.720,100.0,146.0,198,2.3699999999999997e-45,81,123,198,5,80,mobileOG_000062109,tnpA,WP_109138279.1,integration/excision,NA,Multiple,Homology,Esch_coli_GTEN_306_scaffold00005_40802-51013_scaffold00005_56_3, 3971 # 4213 # 1 , 3971,4213,1 ,47_3,47,3,00,GTG,GGA/GAG/AGG,5-10bp,0.720,Esch_coli_GTEN_306_scaffold00005_40802-51013_scaffold00005_56,mobileOG_000062109_Esch_coli_GTEN_306_scaffold00005_40802-51013_scaffold00005_56
63,mobileOG_000061953|tnpA|WP_001301408.1|integration/excision|NA|Multiple|Homology,Esch_coli_GTEN_306_scaffold00005_40802-51013_scaffold00005_56_7 # 7605 # 9401 # 1 # ID=47_7;partial=00;start_type=ATG;rbs_motif=None;rbs_spacer=None;gc_cont=0.653,100.0,1191.0,606,0.0,599,9,606,1,598,mobileOG_000061953,tnpA,WP_001301408.1,integration/excision,NA,Multiple,Homology,Esch_coli_GTEN_306_scaffold00005_40802-51013_scaffold00005_56_7, 7605 # 9401 # 1 , 7605,9401,1 ,47_7,47,7,00,ATG,None,None,0.653,Esch_coli_GTEN_306_scaffold00005_40802-51013_scaffold00005_56,mobileOG_000061953_Esch_coli_GTEN_306_scaffold00005_40802-51013_scaffold00005_56
,Sequence Title,Query Title,Pident,Bitscore,Subject Sequence Length,e-value,Query Sequence Length,Start of Alignment in Subject,End of Alignment in Query,Start of Alignment in Query,End of Alignment in Query,mobileOG ID,Gene Name,Best Hit Accession ID,Major mobileOG Category,Minor mobileOG Category,Source Database,Evidence Type,Contig/ORF Name,ORF_Start_Stop_Strands,ORF_Start,ORF_End,Sense or Antisense Strand,Prodigal ID,Prodigal Designated Contigs,Unique_ORF,Partial Tag,Start Codon,RBS Motif,RBS Spacer,GC Content,Specific Contig,Final Sample Name
0,mobileOG_000003237|fis|WP_000462905.1|integration/excision|replication/recombination/repair|Multiple|Manual,Esch_coli_GTEN_378_scaffold00001_459333-470490_scaffold00001_437_9 # 8455 # 8751 # -1 # ID=7_9;partial=00;start_type=ATG;rbs_motif=GGA/GAG/AGG;rbs_spacer=11-12bp;gc_cont=0.471,100.0,189.0,98,1.9899999999999996e-63,99,1,98,1,98,mobileOG_000003237,fis,WP_000462905.1,integration/excision,replication/recombination/repair,Multiple,Manual,Esch_coli_GTEN_378_scaffold00001_459333-470490_scaffold00001_437_9, 8455 # 8751 # -1 , 8455,8751,-1 ,7_9,7,9,00,ATG,GGA/GAG/AGG,11-12bp,0.471,Esch_coli_GTEN_378_scaffold00001_459333-470490_scaffold00001_437,mobileOG_000003237_Esch_coli_GTEN_378_scaffold00001_459333-470490_scaffold00001_437
1,mobileOG_000003237|fis|WP_000462905.1|integration/excision|replication/recombination/repair|Multiple|Manual,Esch_coli_GTEN_378_scaffold00001_460889-471551_scaffold00001_438_8 # 6899 # 7195 # -1 # ID=8_8;partial=00;start_type=ATG;rbs_motif=GGA/GAG/AGG;rbs_spacer=11-12bp;gc_cont=0.471,100.0,189.0,98,1.9899999999999996e-63,99,1,98,1,98,mobileOG_000003237,fis,WP_000462905.1,integration/excision,replication/recombination/repair,Multiple,Manual,Esch_coli_GTEN_378_scaffold00001_460889-471551_scaffold00001_438_8, 6899 # 7195 # -1 , 6899,7195,-1 ,8_8,8,8,00,ATG,GGA/GAG/AGG,11-12bp,0.471,Esch_coli_GTEN_378_scaffold00001_460889-471551_scaffold00001_438,mobileOG_000003237_Esch_coli_GTEN_378_scaffold00001_460889-471551_scaffold00001_438
2,"mobileOG_000337943|cca|WP_000708503.1|phage|regulation,infection|Plasmid RefSeq|Homology",Esch_coli_GTEN_378_scaffold00001_669864-680685_scaffold00001_635_8 # 5985 # 7223 # -1 # ID=9_8;partial=00;start_type=GTG;rbs_motif=GGA/GAG/AGG;rbs_spacer=5-10bp;gc_cont=0.563,99.8,842.0,412,1.52e-311,413,1,412,1,412,mobileOG_000337943,cca,WP_000708503.1,phage,"regulation,infection",Plasmid RefSeq,Homology,Esch_coli_GTEN_378_scaffold00001_669864-680685_scaffold00001_635_8, 5985 # 7223 # -1 , 5985,7223,-1 ,9_8,9,8,00,GTG,GGA/GAG/AGG,5-10bp,0.563,Esch_coli_GTEN_378_scaffold00001_669864-680685_scaffold00001_635,mobileOG_000337943_Esch_coli_GTEN_378_scaffold00001_669864-680685_scaffold00001_635
3,mobileOG_000026107|parE|P20083|replication/recombination/repair|partitioning|Multiple|Manual,Esch_coli_GTEN_378_scaffold00001_693042-704523_scaffold00001_655_12 # 9201 # 11093 # 1 # ID=10_12;partial=00;start_type=ATG;rbs_motif=None;rbs_spacer=None;gc_cont=0.539,100.0,1255.0,630,0.0,631,1,630,1,630,mobileOG_000026107,parE,P20083,replication/recombination/repair,partitioning,Multiple,Manual,Esch_coli_GTEN_378_scaffold00001_693042-704523_scaffold00001_655_12, 9201 # 11093 # 1 , 9201,11093,1 ,10_12,10,12,00,ATG,None,None,0.539,Esch_coli_GTEN_378_scaffold00001_693042-704523_scaffold00001_655,mobileOG_000026107_Esch_coli_GTEN_378_scaffold00001_693042-704523_scaffold00001_655
4,mobileOG_000062109|tnpA|WP_109138279.1|integration/excision|NA|Multiple|Homology,Esch_coli_GTEN_378_scaffold00001_1122920-1134119_scaffold00001_1058_7 # 6988 # 7230 # -1 # ID=14_7;partial=00;start_type=GTG;rbs_motif=GGA/GAG/AGG;rbs_spacer=5-10bp;gc_cont=0.716,98.7,143.0,198,3.8700000000000003e-44,81,123,198,5,80,mobileOG_000062109,tnpA,WP_109138279.1,integration/excision,NA,Multiple,Homology,Esch_coli_GTEN_378_scaffold00001_1122920-1134119_scaffold00001_1058_7, 6988 # 7230 # -1 , 6988,7230,-1 ,14_7,14,7,00,GTG,GGA/GAG/AGG,5-10bp,0.716,Esch_coli_GTEN_378_scaffold00001_1122920-1134119_scaffold00001_1058,mobileOG_000062109_Esch_coli_GTEN_378_scaffold00001_1122920-1134119_scaffold00001_1058
5,mobileOG_000068945|tnpA|A0A1Z1VVV4|integration/excision|NA|COMPASS|Homology,Esch_coli_GTEN_378_scaffold00001_1122920-1134119_scaffold00001_1058_8 # 7288 # 8853 # -1 # ID=14_8;partial=00;start_type=TTG;rbs_motif=None;rbs_spacer=None;gc_cont=0.653,100.0,1043.0,521,0.0,522,1,521,1,521,mobileOG_000068945,tnpA,A0A1Z1VVV4,integration/excision,NA,COMPASS,Homology,Esch_coli_GTEN_378_scaffold00001_1122920-1134119_scaffold00001_1058_8, 7288 # 8853 # -1 , 7288,8853,-1 ,14_8,14,8,00,TTG,None,None,0.653,Esch_coli_GTEN_378_scaffold00001_1122920-1134119_scaffold00001_1058,mobileOG_000068945_Esch_coli_GTEN_378_scaffold00001_1122920-1134119_scaffold00001_1058
6,mobileOG_000063145|tnpA|NA|integration/excision|NA|Multiple|Homology,Esch_coli_GTEN_378_scaffold00001_1122920-1134119_scaffold00001_1058_9 # 8893 # 9597 # -1 # ID=14_9;partial=00;start_type=ATG;rbs_motif=GGAG/GAGG;rbs_spacer=5-10bp;gc_cont=0.530,100.0,495.0,234,3.2699999999999987e-180,235,1,234,1,234,mobileOG_000063145,tnpA,NA,integration/excision,NA,Multiple,Homology,Esch_coli_GTEN_378_scaffold00001_1122920-1134119_scaffold00001_1058_9, 8893 # 9597 # -1 , 8893,9597,-1 ,14_9,14,9,00,ATG,GGAG/GAGG,5-10bp,0.530,Esch_coli_GTEN_378_scaffold00001_1122920-1134119_scaffold00001_1058,mobileOG_000063145_Esch_coli_GTEN_378_scaffold00001_1122920-1134119_scaffold00001_1058
7,mobileOG_000035663|relB|WP_000534857.1|stability/transfer/defense|NA|Multiple|Homology,Esch_coli_GTEN_378_scaffold00001_1139274-1149930_scaffold00001_1074_2 # 1004 # 1243 # 1 # ID=15_2;partial=00;start_type=ATG;rbs_motif=GGAG/GAGG;rbs_spacer=5-10bp;gc_cont=0.479,100.0,152.0,79,2.26e-49,80,1,79,1,79,mobileOG_000035663,relB,WP_000534857.1,stability/transfer/defense,NA,Multiple,Homology,Esch_coli_GTEN_378_scaffold00001_1139274-1149930_scaffold00001_1074_2, 1004 # 1243 # 1 , 1004,1243,1 ,15_2,15,2,00,ATG,GGAG/GAGG,5-10bp,0.479,Esch_coli_GTEN_378_scaffold00001_1139274-1149930_scaffold00001_1074,mobileOG_000035663_Esch_coli_GTEN_378_scaffold00001_1139274-1149930_scaffold00001_1074
8,mobileOG_000068946|relE|WP_001513653.1|stability/transfer/defense|NA|Multiple|Homology,Esch_coli_GTEN_378_scaffold00001_1139274-1149930_scaffold00001_1074_3 # 1243 # 1437 # 1 # ID=15_3;partial=00;start_type=ATG;rbs_motif=GGA/GAG/AGG;rbs_spacer=5-10bp;gc_cont=0.487,100.0,127.0,64,4.62e-40,65,1,64,1,64,mobileOG_000068946,relE,WP_001513653.1,stability/transfer/defense,NA,Multiple,Homology,Esch_coli_GTEN_378_scaffold00001_1139274-1149930_scaffold00001_1074_3, 1243 # 1437 # 1 , 1243,1437,1 ,15_3,15,3,00,ATG,GGA/GAG/AGG,5-10bp,0.487,Esch_coli_GTEN_378_scaffold00001_1139274-1149930_scaffold00001_1074,mobileOG_000068946_Esch_coli_GTEN_378_scaffold00001_1139274-1149930_scaffold00001_1074
9,mobileOG_000056463|tnpM|WP_001493763.1|integration/excision|NA|Multiple|Homology,Esch_coli_GTEN_378_scaffold00001_1139274-1149930_scaffold00001_1074_4 # 1539 # 2084 # 1 # ID=15_4;partial=00;start_type=ATG;rbs_motif=GGAG/GAGG;rbs_spacer=5-10bp;gc_cont=0.511,100.0,377.0,181,5.179999999999998e-135,182,1,181,1,181,mobileOG_000056463,tnpM,WP_001493763.1,integration/excision,NA,Multiple,Homology,Esch_coli_GTEN_378_scaffold00001_1139274-1149930_scaffold00001_1074_4, 1539 # 2084 # 1 , 1539,2084,1 ,15_4,15,4,00,ATG,GGAG/GAGG,5-10bp,0.511,Esch_coli_GTEN_378_scaffold00001_1139274-1149930_scaffold00001_1074,mobileOG_000056463_Esch_coli_GTEN_378_scaffold00001_1139274-1149930_scaffold00001_1074
10,mobileOG_000056464|tnpR|WP_001493762.1|integration/excision|NA|Multiple|Homology,Esch_coli_GTEN_378_scaffold00001_1139274-1149930_scaffold00001_1074_5 # 2221 # 2793 # 1 # ID=15_5;partial=00;start_type=GTG;rbs_motif=GGAGG;rbs_spacer=5-10bp;gc_cont=0.543,100.0,374.0,190,1.7099999999999998e-133,191,1,190,1,190,mobileOG_000056464,tnpR,WP_001493762.1,integration/excision,NA,Multiple,Homology,Esch_coli_GTEN_378_scaffold00001_1139274-1149930_scaffold00001_1074_5, 2221 # 2793 # 1 , 2221,2793,1 ,15_5,15,5,00,GTG,GGAGG,5-10bp,0.543,Esch_coli_GTEN_378_scaffold00001_1139274-1149930_scaffold00001_1074,mobileOG_000056464_Esch_coli_GTEN_378_scaffold00001_1139274-1149930_scaffold00001_1074
11,mobileOG_000056465|gin|WP_001493760.1|integration/excision|NA|COMPASS|Homology,Esch_coli_GTEN_378_scaffold00001_1139274-1149930_scaffold00001_1074_7 # 4245 # 4682 # 1 # ID=15_7;partial=00;start_type=ATG;rbs_motif=None;rbs_spacer=None;gc_cont=0.555,100.0,279.0,145,1.8499999999999994e-97,146,1,145,1,145,mobileOG_000056465,gin,WP_001493760.1,integration/excision,NA,COMPASS,Homology,Esch_coli_GTEN_378_scaffold00001_1139274-1149930_scaffold00001_1074_7, 4245 # 4682 # 1 , 4245,4682,1 ,15_7,15,7,00,ATG,None,None,0.555,Esch_coli_GTEN_378_scaffold00001_1139274-1149930_scaffold00001_1074,mobileOG_000056465_Esch_coli_GTEN_378_scaffold00001_1139274-1149930_scaffold00001_1074
12,mobileOG_000056778|insC1|WP_001459498.1|integration/excision|NA|COMPASS|Homology,Esch_coli_GTEN_378_scaffold00001_1139274-1149930_scaffold00001_1074_9 # 6025 # 6216 # 1 # ID=15_9;partial=00;start_type=ATG;rbs_motif=4Base/6BMM;rbs_spacer=13-15bp;gc_cont=0.474,100.0,127.0,63,4.32e-40,64,1,63,1,63,mobileOG_000056778,insC1,WP_001459498.1,integration/excision,NA,COMPASS,Homology,Esch_coli_GTEN_378_scaffold00001_1139274-1149930_scaffold00001_1074_9, 6025 # 6216 # 1 , 6025,6216,1 ,15_9,15,9,00,ATG,4Base/6BMM,13-15bp,0.474,Esch_coli_GTEN_378_scaffold00001_1139274-1149930_scaffold00001_1074,mobileOG_000056778_Esch_coli_GTEN_378_scaffold00001_1139274-1149930_scaffold00001_1074
13,mobileOG_000074301|tnpA|WP_021512645.1|integration/excision|NA|COMPASS|Homology,Esch_coli_GTEN_378_scaffold00001_1139274-1149930_scaffold00001_1074_11 # 7110 # 9659 # -1 # ID=15_11;partial=00;start_type=ATG;rbs_motif=GGA/GAG/AGG;rbs_spacer=5-10bp;gc_cont=0.517,99.9,1668.0,980,0.0,850,132,980,1,849,mobileOG_000074301,tnpA,WP_021512645.1,integration/excision,NA,COMPASS,Homology,Esch_coli_GTEN_378_scaffold00001_1139274-1149930_scaffold00001_1074_11, 7110 # 9659 # -1 , 7110,9659,-1 ,15_11,15,11,00,ATG,GGA/GAG/AGG,5-10bp,0.517,Esch_coli_GTEN_378_scaffold00001_1139274-1149930_scaffold00001_1074,mobileOG_000074301_Esch_coli_GTEN_378_scaffold00001_1139274-1149930_scaffold00001_1074
14,mobileOG_000056778|insC1|WP_001459498.1|integration/excision|NA|COMPASS|Homology,Esch_coli_GTEN_378_scaffold00001_1144571-1155446_scaffold00001_1080_2 # 728 # 919 # 1 # ID=16_2;partial=00;start_type=ATG;rbs_motif=4Base/6BMM;rbs_spacer=13-15bp;gc_cont=0.474,100.0,127.0,63,4.32e-40,64,1,63,1,63,mobileOG_000056778,insC1,WP_001459498.1,integration/excision,NA,COMPASS,Homology,Esch_coli_GTEN_378_scaffold00001_1144571-1155446_scaffold00001_1080_2, 728 # 919 # 1 , 728,919,1 ,16_2,16,2,00,ATG,4Base/6BMM,13-15bp,0.474,Esch_coli_GTEN_378_scaffold00001_1144571-1155446_scaffold00001_1080,mobileOG_000056778_Esch_coli_GTEN_378_scaffold00001_1144571-1155446_scaffold00001_1080
15,mobileOG_000074301|tnpA|WP_021512645.1|integration/excision|NA|COMPASS|Homology,Esch_coli_GTEN_378_scaffold00001_1144571-1155446_scaffold00001_1080_4 # 1813 # 4362 # -1 # ID=16_4;partial=00;start_type=ATG;rbs_motif=GGA/GAG/AGG;rbs_spacer=5-10bp;gc_cont=0.517,99.9,1668.0,980,0.0,850,132,980,1,849,mobileOG_000074301,tnpA,WP_021512645.1,integration/excision,NA,COMPASS,Homology,Esch_coli_GTEN_378_scaffold00001_1144571-1155446_scaffold00001_1080_4, 1813 # 4362 # -1 , 1813,4362,-1 ,16_4,16,4,00,ATG,GGA/GAG/AGG,5-10bp,0.517,Esch_coli_GTEN_378_scaffold00001_1144571-1155446_scaffold00001_1080,mobileOG_000074301_Esch_coli_GTEN_378_scaffold00001_1144571-1155446_scaffold00001_1080
16,mobileOG_000035646|tnpA|WP_000608644.1|integration/excision|NA|Multiple|Homology,Esch_coli_GTEN_378_scaffold00001_1144571-1155446_scaffold00001_1080_8 # 6132 # 7394 # -1 # ID=16_8;partial=00;start_type=ATG;rbs_motif=GGA/GAG/AGG;rbs_spacer=5-10bp;gc_cont=0.340,100.0,823.0,420,1.689999999999999e-303,421,1,420,1,420,mobileOG_000035646,tnpA,WP_000608644.1,integration/excision,NA,Multiple,Homology,Esch_coli_GTEN_378_scaffold00001_1144571-1155446_scaffold00001_1080_8, 6132 # 7394 # -1 , 6132,7394,-1 ,16_8,16,8,00,ATG,GGA/GAG/AGG,5-10bp,0.340,Esch_coli_GTEN_378_scaffold00001_1144571-1155446_scaffold00001_1080,mobileOG_000035646_Esch_coli_GTEN_378_scaffold00001_1144571-1155446_scaffold00001_1080
17,mobileOG_000304542|traG|WP_001297077.1|transfer|conjugation|Plasmid RefSeq|Homology,Esch_coli_GTEN_378_scaffold00001_1512102-1523070_scaffold00001_1416_8 # 7420 # 8022 # 1 # ID=22_8;partial=00;start_type=GTG;rbs_motif=GGAG/GAGG;rbs_spacer=5-10bp;gc_cont=0.436,100.0,406.0,200,4.009999999999999e-146,201,1,200,1,200,mobileOG_000304542,traG,WP_001297077.1,transfer,conjugation,Plasmid RefSeq,Homology,Esch_coli_GTEN_378_scaffold00001_1512102-1523070_scaffold00001_1416_8, 7420 # 8022 # 1 , 7420,8022,1 ,22_8,22,8,00,GTG,GGAG/GAGG,5-10bp,0.436,Esch_coli_GTEN_378_scaffold00001_1512102-1523070_scaffold00001_1416,mobileOG_000304542_Esch_coli_GTEN_378_scaffold00001_1512102-1523070_scaffold00001_1416
18,mobileOG_000326289|alkB|WP_000884919.1|replication/recombination/repair|NA|Plasmid RefSeq|Homology,Esch_coli_GTEN_378_scaffold00001_1560089-1571732_scaffold00001_1449_5 # 4275 # 4925 # 1 # ID=23_5;partial=00;start_type=ATG;rbs_motif=AGGAG;rbs_spacer=5-10bp;gc_cont=0.525,99.5,456.0,216,2.0499999999999994e-165,217,1,216,1,216,mobileOG_000326289,alkB,WP_000884919.1,replication/recombination/repair,NA,Plasmid RefSeq,Homology,Esch_coli_GTEN_378_scaffold00001_1560089-1571732_scaffold00001_1449_5, 4275 # 4925 # 1 , 4275,4925,1 ,23_5,23,5,00,ATG,AGGAG,5-10bp,0.525,Esch_coli_GTEN_378_scaffold00001_1560089-1571732_scaffold00001_1449,mobileOG_000326289_Esch_coli_GTEN_378_scaffold00001_1560089-1571732_scaffold00001_1449
19,mobileOG_000017974|insZ|A0A037Y8D2|integration/excision|NA|Multiple|Manual,Esch_coli_GTEN_378_scaffold00001_2642506-2652919_scaffold00001_2468_2 # 2597 # 2782 # 1 # ID=31_2;partial=00;start_type=ATG;rbs_motif=GGAG/GAGG;rbs_spacer=5-10bp;gc_cont=0.538,100.0,131.0,61,1.59e-41,62,1,61,1,61,mobileOG_000017974,insZ,A0A037Y8D2,integration/excision,NA,Multiple,Manual,Esch_coli_GTEN_378_scaffold00001_2642506-2652919_scaffold00001_2468_2, 2597 # 2782 # 1 , 2597,2782,1 ,31_2,31,2,00,ATG,GGAG/GAGG,5-10bp,0.538,Esch_coli_GTEN_378_scaffold00001_2642506-2652919_scaffold00001_2468,mobileOG_000017974_Esch_coli_GTEN_378_scaffold00001_2642506-2652919_scaffold00001_2468
20,mobileOG_000017973|insZ|A0A024L4B6|integration/excision|NA|GPD|Manual,Esch_coli_GTEN_378_scaffold00001_2642506-2652919_scaffold00001_2468_3 # 2988 # 3497 # 1 # ID=31_3;partial=00;start_type=ATG;rbs_motif=None;rbs_spacer=None;gc_cont=0.522,99.4,318.0,196,1.1499999999999996e-111,170,37,196,10,169,mobileOG_000017973,insZ,A0A024L4B6,integration/excision,NA,GPD,Manual,Esch_coli_GTEN_378_scaffold00001_2642506-2652919_scaffold00001_2468_3, 2988 # 3497 # 1 , 2988,3497,1 ,31_3,31,3,00,ATG,None,None,0.522,Esch_coli_GTEN_378_scaffold00001_2642506-2652919_scaffold00001_2468,mobileOG_000017973_Esch_coli_GTEN_378_scaffold00001_2642506-2652919_scaffold00001_2468
21,mobileOG_000002433|dinI|WP_001217754.1|replication/recombination/repair|NA|Multiple|Manual,Esch_coli_GTEN_378_scaffold00001_2794725-2805933_scaffold00001_2617_12 # 8840 # 9085 # 1 # ID=32_12;partial=00;start_type=ATG;rbs_motif=AGxAGG/AGGxGG;rbs_spacer=5-10bp;gc_cont=0.480,100.0,162.0,81,3.9799999999999997e-53,82,1,81,1,81,mobileOG_000002433,dinI,WP_001217754.1,replication/recombination/repair,NA,Multiple,Manual,Esch_coli_GTEN_378_scaffold00001_2794725-2805933_scaffold00001_2617_12, 8840 # 9085 # 1 , 8840,9085,1 ,32_12,32,12,00,ATG,AGxAGG/AGGxGG,5-10bp,0.480,Esch_coli_GTEN_378_scaffold00001_2794725-2805933_scaffold00001_2617,mobileOG_000002433_Esch_coli_GTEN_378_scaffold00001_2794725-2805933_scaffold00001_2617
22,"mobileOG_000025715|ihfB|WP_002898165.1|integration/excision|regulation,lysis/lysogeny|Plasmid RefSeq|Manual",Esch_coli_GTEN_378_scaffold00001_2950291-2962039_scaffold00001_2761_9 # 9257 # 9541 # -1 # ID=34_9;partial=00;start_type=ATG;rbs_motif=GGAGG;rbs_spacer=3-4bp;gc_cont=0.491,97.8,187.0,95,8.879999999999998e-63,95,1,93,1,93,mobileOG_000025715,ihfB,WP_002898165.1,integration/excision,"regulation,lysis/lysogeny",Plasmid RefSeq,Manual,Esch_coli_GTEN_378_scaffold00001_2950291-2962039_scaffold00001_2761_9, 9257 # 9541 # -1 , 9257,9541,-1 ,34_9,34,9,00,ATG,GGAGG,3-4bp,0.491,Esch_coli_GTEN_378_scaffold00001_2950291-2962039_scaffold00001_2761,mobileOG_000025715_Esch_coli_GTEN_378_scaffold00001_2950291-2962039_scaffold00001_2761
23,mobileOG_000026116|priC|F0JM94|replication/recombination/repair|NA|Plasmid RefSeq|Manual,Esch_coli_GTEN_378_scaffold00001_3465077-3476270_scaffold00001_3231_1 # 3 # 335 # 1 # ID=37_1;partial=10;start_type=Edge;rbs_motif=None;rbs_spacer=None;gc_cont=0.613,96.4,197.0,175,3.479999999999999e-65,111,66,175,1,110,mobileOG_000026116,priC,F0JM94,replication/recombination/repair,NA,Plasmid RefSeq,Manual,Esch_coli_GTEN_378_scaffold00001_3465077-3476270_scaffold00001_3231_1, 3 # 335 # 1 , 3,335,1 ,37_1,37,1,10,Edge,None,None,0.613,Esch_coli_GTEN_378_scaffold00001_3465077-3476270_scaffold00001_3231,mobileOG_000026116_Esch_coli_GTEN_378_scaffold00001_3465077-3476270_scaffold00001_3231
24,mobileOG_000329392|PSLT051|A0A086TQA6|replication/recombination/repair|NA|Plasmid RefSeq|Homology,Esch_coli_GTEN_378_scaffold00001_4032445-4043677_scaffold00001_3726_4 # 3590 # 4534 # -1 # ID=39_4;partial=00;start_type=ATG;rbs_motif=GGA/GAG/AGG;rbs_spacer=5-10bp;gc_cont=0.495,100.0,626.0,314,2.3599999999999988e-229,315,1,314,1,314,mobileOG_000329392,PSLT051,A0A086TQA6,replication/recombination/repair,NA,Plasmid RefSeq,Homology,Esch_coli_GTEN_378_scaffold00001_4032445-4043677_scaffold00001_3726_4, 3590 # 4534 # -1 , 3590,4534,-1 ,39_4,39,4,00,ATG,GGA/GAG/AGG,5-10bp,0.495,Esch_coli_GTEN_378_scaffold00001_4032445-4043677_scaffold00001_3726,mobileOG_000329392_Esch_coli_GTEN_378_scaffold00001_4032445-4043677_scaffold00001_3726
25,mobileOG_000330413|ecnB|ETJ37164.1|stability/transfer/defense|NA|Plasmid RefSeq|Homology,Esch_coli_GTEN_378_scaffold00001_4217441-4228574_scaffold00001_3904_10 # 7252 # 7398 # -1 # ID=40_10;partial=00;start_type=ATG;rbs_motif=AGGA;rbs_spacer=5-10bp;gc_cont=0.490,100.0,88.2,48,8.370000000000002e-25,49,1,48,1,48,mobileOG_000330413,ecnB,ETJ37164.1,stability/transfer/defense,NA,Plasmid RefSeq,Homology,Esch_coli_GTEN_378_scaffold00001_4217441-4228574_scaffold00001_3904_10, 7252 # 7398 # -1 , 7252,7398,-1 ,40_10,40,10,00,ATG,AGGA,5-10bp,0.490,Esch_coli_GTEN_378_scaffold00001_4217441-4228574_scaffold00001_3904,mobileOG_000330413_Esch_coli_GTEN_378_scaffold00001_4217441-4228574_scaffold00001_3904
26,mobileOG_000321643|ecnB|WP_000977757.1|stability/transfer/defense|NA|Plasmid RefSeq|Homology,Esch_coli_GTEN_378_scaffold00001_4217441-4228574_scaffold00001_3904_11 # 7509 # 7634 # -1 # ID=40_11;partial=00;start_type=ATG;rbs_motif=GGA/GAG/AGG;rbs_spacer=5-10bp;gc_cont=0.540,100.0,79.3,41,1.73e-21,42,1,41,1,41,mobileOG_000321643,ecnB,WP_000977757.1,stability/transfer/defense,NA,Plasmid RefSeq,Homology,Esch_coli_GTEN_378_scaffold00001_4217441-4228574_scaffold00001_3904_11, 7509 # 7634 # -1 , 7509,7634,-1 ,40_11,40,11,00,ATG,GGA/GAG/AGG,5-10bp,0.540,Esch_coli_GTEN_378_scaffold00001_4217441-4228574_scaffold00001_3904,mobileOG_000321643_Esch_coli_GTEN_378_scaffold00001_4217441-4228574_scaffold00001_3904
