ratio1_Esch_coli_14EC033_NODE_4_length_36811_cov_44.463652_1	gb|AAC75429.1|ARO:3000833|evgS	98.1	1091	21	0	1	1091	107	1197	0.0	2121	1092	1197
ratio1_Esch_coli_14EC033_NODE_22_length_21336_cov_56.558479_12	gb|ABV18113.1|ARO:3001329|mdtG	100	408	0	0	1	408	1	408	7.38e-288	777	409	408
ratio1_Esch_coli_14EC033_NODE_22_length_21336_cov_56.558479_24	gb|AAC74149.2|ARO:3001216|mdtH	100	402	0	0	2	403	1	402	7.14e-290	782	404	402
ratio1_Esch_coli_14EC033_NODE_44_length_17080_cov_88.590426_18	gb|AAC76296.1|ARO:3000656|AcrS	96.2	78	3	0	1	78	143	220	7.74e-51	155	79	220
ratio1_Esch_coli_14EC033_NODE_45_length_16933_cov_60.979500_1	gb|BAE78082.1|ARO:3003550|mdtP	100	105	0	0	1	105	384	488	2.04e-61	191	106	488
ratio1_Esch_coli_14EC033_NODE_49_length_16336_cov_60.593145_11	gb|AFH35853.1|ARO:3001328|Ecol_mdfA	97.1	410	12	0	1	410	1	410	6.22e-281	760	411	410
ratio1_Esch_coli_14EC033_NODE_60_length_15087_cov_68.461349_7	gb|AAC75731.1|ARO:3000516|emrR	100	176	0	0	1	176	1	176	2.27e-125	347	177	176
ratio1_Esch_coli_14EC033_NODE_60_length_15087_cov_68.461349_8	gb|BAA16547.1|ARO:3000027|emrA	99.7	390	1	0	1	390	1	390	1.03e-262	712	391	390
ratio1_Esch_coli_14EC033_NODE_60_length_15087_cov_68.461349_9	gb|AAC75733.1|ARO:3000074|emrB	100	512	0	0	1	512	1	512	0.0	998	513	512
ratio1_Esch_coli_14EC033_NODE_67_length_14466_cov_58.334814_9	gb|AAC75271.1|ARO:3003952|YojI	100	547	0	0	1	547	1	547	0.0	1058	548	547
ratio1_Esch_coli_14EC033_NODE_91_length_13082_cov_65.668535_10	gb|AAC77110.1|ARO:3004290|Ecol_ampC_BLA	98.4	377	6	0	12	388	1	377	1.81e-282	761	389	377
ratio1_Esch_coli_14EC033_NODE_95_length_12734_cov_56.302548_8	gb|BAA16344.1|ARO:3000491|acrD	100	521	0	0	1	521	1	521	0.0	972	528	1037
ratio1_Esch_coli_14EC033_NODE_103_length_11832_cov_90.553537_6	gb|AAC73564.1|ARO:3000216|acrB	100	1049	0	0	1	1049	1	1049	0.0	1980	1050	1049
ratio1_Esch_coli_14EC033_NODE_103_length_11832_cov_90.553537_7	gb|AAC73565.1|ARO:3004043|Ecol_acrA	100	397	0	0	1	397	1	397	6.93e-276	746	398	397
ratio1_Esch_coli_14EC033_NODE_104_length_11632_cov_51.483890_3	gb|BAE78116.1|ARO:3003576|eptA	99.6	547	2	0	1	547	1	547	0.0	1083	548	547
ratio1_Esch_coli_14EC033_NODE_106_length_11414_cov_56.059072_1	gb|BAE77778.1|ARO:3000508|gadX	98.2	274	5	0	1	274	1	274	2.63e-193	527	275	274
ratio1_Esch_coli_14EC033_NODE_106_length_11414_cov_56.059072_2	gb|ANK04027.1|ARO:3003838|gadW	94.6	242	13	0	1	242	1	242	8.74e-167	457	243	242
ratio1_Esch_coli_14EC033_NODE_106_length_11414_cov_56.059072_4	gb|AAC76539.1|ARO:3000796|mdtF	99.9	1037	1	0	1	1037	1	1037	0.0	1929	1038	1037
ratio1_Esch_coli_14EC033_NODE_106_length_11414_cov_56.059072_5	gb|BAE77781.1|ARO:3000795|mdtE	100	385	0	0	1	385	1	385	7.65e-267	722	386	385
ratio1_Esch_coli_14EC033_NODE_110_length_11154_cov_77.777548_9	gb|ACN32294.1|ARO:3000237|TolC	100	493	0	0	1	493	3	495	0.0	918	494	495
ratio1_Esch_coli_14EC033_NODE_121_length_10172_cov_70.659089_1	gb|AAC77293.1|ARO:3001214|mdtM	97.3	409	11	0	1	409	1	409	1.86e-282	764	411	410
ratio1_Esch_coli_14EC033_NODE_129_length_9742_cov_60.252503_9	gb|BAE77933.1|ARO:3000518|CRP	99.5	210	1	0	1	210	1	210	1.54e-151	416	211	210
ratio1_Esch_coli_14EC033_NODE_149_length_8920_cov_60.314495_1	gb|AAC76296.1|ARO:3000656|AcrS	100	141	0	0	1	141	1	141	1.12e-98	280	141	220
ratio1_Esch_coli_14EC033_NODE_149_length_8920_cov_60.314495_2	gb|AAC76297.1|ARO:3000499|AcrE	99.7	385	1	0	1	385	1	385	9.73e-270	729	386	385
ratio1_Esch_coli_14EC033_NODE_149_length_8920_cov_60.314495_3	gb|AAC76298.1|ARO:3000502|AcrF	99.6	1034	4	0	1	1034	1	1034	0.0	1926	1035	1034
ratio1_Esch_coli_14EC033_NODE_154_length_8724_cov_45.298766_2	gb|AAC73788.1|ARO:3003841|kdpE	99.5	191	1	0	1	191	1	191	5.03e-135	374	192	225
ratio1_Esch_coli_14EC033_NODE_165_length_8331_cov_72.833011_1	gb|AAC76093.1|ARO:3002986|bacA	100	49	0	0	1	49	225	273	1.01e-23	86.3	50	273
ratio1_Esch_coli_14EC033_NODE_189_length_7467_cov_54.452914_1	gb|AAC75314.1|ARO:3003578|PmrF	100	322	0	0	1	322	1	322	8.81e-232	628	323	322
ratio1_Esch_coli_14EC033_NODE_223_length_6369_cov_78.923028_5	gb|BAB38260.1|ARO:3000830|cpxA	99.8	457	1	0	1	457	1	457	0.0	886	458	457
ratio1_Esch_coli_14EC033_NODE_263_length_5226_cov_44.819377_5	gb|BAA15221.2|ARO:3000263|marA	100	127	0	0	1	127	1	127	2.36e-92	259	128	127
ratio1_Esch_coli_14EC033_NODE_275_length_4914_cov_31.824861_2	gb|BAA11237.1|ARO:3000254|emrY	99.8	512	1	0	1	512	1	512	0.0	989	513	512
ratio1_Esch_coli_14EC033_NODE_275_length_4914_cov_31.824861_3	gb|BAA11236.1|ARO:3000206|emrK	99.1	351	3	0	37	387	1	351	1.43e-245	667	388	351
ratio1_Esch_coli_14EC033_NODE_275_length_4914_cov_31.824861_4	gb|BAB36671.1|ARO:3000832|evgA	100	204	0	0	1	204	1	204	5.82e-144	396	205	204
ratio1_Esch_coli_14EC033_NODE_275_length_4914_cov_31.824861_5	gb|AAC75429.1|ARO:3000833|evgS	99.0	105	1	0	1	105	1	105	1.80e-65	210	105	1197
ratio1_Esch_coli_14EC033_NODE_314_length_4063_cov_67.006487_3	gb|AAC74000.1|ARO:3003950|msbA	100	582	0	0	1	582	1	582	0.0	1092	583	582
ratio1_Esch_coli_14EC033_NODE_388_length_2975_cov_55.671233_4	gb|AAC76093.1|ARO:3002986|bacA	98.7	223	3	0	1	223	1	223	1.74e-159	439	223	273
ratio1_Esch_coli_14EC033_NODE_397_length_2884_cov_48.331919_3	gb|BAE78084.1|ARO:3003548|mdtN	99.7	343	1	0	1	343	1	343	9.46e-233	632	344	343
ratio1_Esch_coli_14EC033_NODE_397_length_2884_cov_48.331919_4	gb|BAE78083.1|ARO:3003549|mdtO	98.3	407	7	0	1	407	1	407	6.84e-290	793	407	683
ratio1_Esch_coli_14EC033_NODE_441_length_2390_cov_51.288651_1	gb|AAC75137.1|ARO:3000794|mdtC	99.5	796	4	0	1	796	168	963	0.0	1478	796	1025
ratio1_Esch_coli_14EC033_NODE_455_length_2282_cov_33.148630_1	gb|BAB35162.1|ARO:3000676|H-NS	100	137	0	0	1	137	1	137	3.10e-86	245	138	137
ratio1_Esch_coli_14EC033_NODE_483_length_2055_cov_44.632500_1	gb|BAE78083.1|ARO:3003549|mdtO	93.8	289	16	1	1	287	395	683	6.84e-184	519	288	683
ratio1_Esch_coli_14EC033_NODE_483_length_2055_cov_44.632500_2	gb|BAE78082.1|ARO:3003550|mdtP	97.0	361	11	0	1	361	1	361	4.69e-246	673	365	488
ratio1_Esch_coli_14EC033_NODE_495_length_1965_cov_37.081152_1	gb|BAA16344.1|ARO:3000491|acrD	99.6	511	2	0	1	511	527	1037	0.0	989	512	1037
ratio1_Esch_coli_14EC033_NODE_500_length_1921_cov_57.947481_2	gb|BAA15935.1|ARO:3000828|baeR	99.2	240	2	0	1	240	1	240	7.27e-174	475	241	240
ratio1_Esch_coli_14EC033_NODE_500_length_1921_cov_57.947481_3	gb|BAA15934.1|ARO:3000829|baeS	99.6	226	1	0	1	226	242	467	1.24e-156	439	227	467
ratio1_Esch_coli_14EC033_NODE_593_length_1157_cov_25.885662_1	gb|AAC75136.1|ARO:3000793|mdtB	100	198	0	0	1	198	1	198	3.53e-122	367	198	1040
ratio1_Esch_coli_14EC033_NODE_593_length_1157_cov_25.885662_2	gb|AAC75135.2|ARO:3000792|mdtA	100	187	0	0	1	187	229	415	6.96e-126	358	188	415
ratio1_Esch_coli_14EC033_NODE_604_length_1048_cov_15.469285_1	gb|AAC75136.1|ARO:3000793|mdtB	99.4	349	2	0	1	349	284	632	5.97e-220	626	349	1040
ratio1_Esch_coli_14EC033_NODE_826_length_319_cov_8.291667_1	gb|AAC75136.1|ARO:3000793|mdtB	98.1	106	2	0	1	106	732	837	8.42e-64	205	106	1040
ratio1_Esch_coli_14EC033_NODE_849_length_291_cov_3.750000_1	gb|AAC75136.1|ARO:3000793|mdtB	91.7	96	8	0	1	96	842	937	8.02e-48	159	96	1040
ratio1_Esch_coli_14EC033_NODE_870_length_270_cov_7.851163_1	gb|AAC75136.1|ARO:3000793|mdtB	100	90	0	0	1	90	641	730	4.59e-53	174	90	1040
ratio1_Esch_coli_2011C-3911_NODE_1_length_225591_cov_75.610878_35	gb|AAC75271.1|ARO:3003952|YojI	99.8	547	1	0	1	547	1	547	0.0	1057	548	547
ratio1_Esch_coli_2011C-3911_NODE_1_length_225591_cov_75.610878_68	gb|AAC75314.1|ARO:3003578|PmrF	100	322	0	0	1	322	1	322	8.81e-232	628	323	322
ratio1_Esch_coli_2011C-3911_NODE_1_length_225591_cov_75.610878_164	gb|BAA11237.1|ARO:3000254|emrY	99.8	512	1	0	1	512	1	512	0.0	991	513	512
ratio1_Esch_coli_2011C-3911_NODE_1_length_225591_cov_75.610878_165	gb|BAA11236.1|ARO:3000206|emrK	99.7	351	1	0	37	387	1	351	6.08e-247	671	388	351
ratio1_Esch_coli_2011C-3911_NODE_1_length_225591_cov_75.610878_166	gb|BAB36671.1|ARO:3000832|evgA	100	204	0	0	1	204	1	204	5.82e-144	396	205	204
ratio1_Esch_coli_2011C-3911_NODE_1_length_225591_cov_75.610878_167	gb|AAC75429.1|ARO:3000833|evgS	99.0	1197	12	0	1	1197	1	1197	0.0	2345	1198	1197
ratio1_Esch_coli_2011C-3911_NODE_2_length_205706_cov_83.297416_85	gb|AAC74000.1|ARO:3003950|msbA	100	582	0	0	1	582	1	582	0.0	1092	583	582
ratio1_Esch_coli_2011C-3911_NODE_2_length_205706_cov_83.297416_156	gb|AFH35853.1|ARO:3001328|Ecol_mdfA	96.1	410	16	0	1	410	1	410	5.95e-279	755	411	410
ratio1_Esch_coli_2011C-3911_NODE_4_length_145431_cov_77.841129_54	gb|BAA16344.1|ARO:3000491|acrD	99.9	1037	1	0	1	1037	1	1037	0.0	1966	1038	1037
ratio1_Esch_coli_2011C-3911_NODE_5_length_126126_cov_91.424935_8	gb|AAC76298.1|ARO:3000502|AcrF	99.5	1034	5	0	1	1034	1	1034	0.0	1924	1035	1034
ratio1_Esch_coli_2011C-3911_NODE_5_length_126126_cov_91.424935_9	gb|AAC76297.1|ARO:3000499|AcrE	100	385	0	0	1	385	1	385	2.39e-270	731	386	385
ratio1_Esch_coli_2011C-3911_NODE_5_length_126126_cov_91.424935_10	gb|AAC76296.1|ARO:3000656|AcrS	99.1	220	2	0	1	220	1	220	4.57e-158	433	221	220
ratio1_Esch_coli_2011C-3911_NODE_6_length_123558_cov_66.875072_79	gb|BAE78082.1|ARO:3003550|mdtP	98.2	488	9	0	1	488	1	488	0.0	904	489	488
ratio1_Esch_coli_2011C-3911_NODE_6_length_123558_cov_66.875072_80	gb|BAE78083.1|ARO:3003549|mdtO	99.4	683	4	0	1	683	1	683	0.0	1324	684	683
ratio1_Esch_coli_2011C-3911_NODE_6_length_123558_cov_66.875072_81	gb|BAE78084.1|ARO:3003548|mdtN	99.7	343	1	0	1	343	1	343	1.15e-233	635	344	343
ratio1_Esch_coli_2011C-3911_NODE_6_length_123558_cov_66.875072_108	gb|BAE78116.1|ARO:3003576|eptA	99.6	547	2	0	1	547	1	547	0.0	1083	548	547
ratio1_Esch_coli_2011C-3911_NODE_7_length_115658_cov_75.064021_1	gb|AAC75135.2|ARO:3000792|mdtA	99.3	415	3	0	1	415	1	415	1.30e-280	759	416	415
ratio1_Esch_coli_2011C-3911_NODE_7_length_115658_cov_75.064021_2	gb|AAC75136.1|ARO:3000793|mdtB	99.4	1040	6	0	1	1040	1	1040	0.0	1897	1041	1040
ratio1_Esch_coli_2011C-3911_NODE_7_length_115658_cov_75.064021_3	gb|AAC75137.1|ARO:3000794|mdtC	99.8	1025	2	0	1	1025	1	1025	0.0	1908	1026	1025
ratio1_Esch_coli_2011C-3911_NODE_7_length_115658_cov_75.064021_5	gb|BAA15934.1|ARO:3000829|baeS	100	467	0	0	1	467	1	467	0.0	919	468	467
ratio1_Esch_coli_2011C-3911_NODE_7_length_115658_cov_75.064021_6	gb|BAA15935.1|ARO:3000828|baeR	99.6	240	1	0	1	240	1	240	1.26e-174	477	241	240
ratio1_Esch_coli_2011C-3911_NODE_10_length_99450_cov_68.667468_69	gb|ACN32294.1|ARO:3000237|TolC	100	493	0	0	1	493	3	495	0.0	918	494	495
ratio1_Esch_coli_2011C-3911_NODE_10_length_99450_cov_68.667468_89	gb|AAC76093.1|ARO:3002986|bacA	99.6	273	1	0	1	273	1	273	6.98e-193	526	274	273
ratio1_Esch_coli_2011C-3911_NODE_11_length_93882_cov_68.863398_10	gb|AAC73564.1|ARO:3000216|acrB	100	1049	0	0	1	1049	1	1049	0.0	1980	1050	1049
ratio1_Esch_coli_2011C-3911_NODE_11_length_93882_cov_68.863398_11	gb|AAC73565.1|ARO:3004043|Ecol_acrA	100	397	0	0	1	397	1	397	6.93e-276	746	398	397
ratio1_Esch_coli_2011C-3911_NODE_15_length_78302_cov_82.153041_8	gb|ABV18113.1|ARO:3001329|mdtG	100	408	0	0	1	408	1	408	7.38e-288	777	409	408
ratio1_Esch_coli_2011C-3911_NODE_15_length_78302_cov_82.153041_20	gb|AAC74149.2|ARO:3001216|mdtH	100	402	0	0	1	402	1	402	6.85e-290	782	403	402
ratio1_Esch_coli_2011C-3911_NODE_17_length_69616_cov_71.722086_17	gb|BAE77778.1|ARO:3000508|gadX	98.5	274	4	0	1	274	1	274	1.30e-193	528	275	274
ratio1_Esch_coli_2011C-3911_NODE_17_length_69616_cov_71.722086_18	gb|ANK04027.1|ARO:3003838|gadW	93.8	242	15	0	1	242	1	242	1.45e-165	454	243	242
ratio1_Esch_coli_2011C-3911_NODE_17_length_69616_cov_71.722086_20	gb|AAC76539.1|ARO:3000796|mdtF	99.8	1037	2	0	1	1037	1	1037	0.0	1930	1038	1037
ratio1_Esch_coli_2011C-3911_NODE_17_length_69616_cov_71.722086_21	gb|BAE77781.1|ARO:3000795|mdtE	100	385	0	0	1	385	1	385	7.65e-267	722	386	385
ratio1_Esch_coli_2011C-3911_NODE_20_length_61399_cov_59.148719_33	gb|AAC77293.1|ARO:3001214|mdtM	98.3	409	7	0	1	409	1	409	7.91e-284	767	411	410
ratio1_Esch_coli_2011C-3911_NODE_21_length_60597_cov_117.622626_66	gb|BAE77933.1|ARO:3000518|CRP	99.5	210	1	0	1	210	1	210	1.54e-151	416	211	210
ratio1_Esch_coli_2011C-3911_NODE_29_length_48385_cov_57.664804_20	gb|BAA15221.2|ARO:3000263|marA	100	127	0	0	1	127	1	127	2.36e-92	259	128	127
ratio1_Esch_coli_2011C-3911_NODE_46_length_31310_cov_64.992897_26	gb|AAC75731.1|ARO:3000516|emrR	100	176	0	0	1	176	1	176	2.27e-125	347	177	176
ratio1_Esch_coli_2011C-3911_NODE_46_length_31310_cov_64.992897_27	gb|BAA16547.1|ARO:3000027|emrA	99.7	390	1	0	1	390	1	390	1.03e-262	712	391	390
ratio1_Esch_coli_2011C-3911_NODE_46_length_31310_cov_64.992897_28	gb|AAC75733.1|ARO:3000074|emrB	100	512	0	0	1	512	1	512	0.0	998	513	512
ratio1_Esch_coli_2011C-3911_NODE_48_length_30800_cov_67.654155_6	gb|AAC73788.1|ARO:3003841|kdpE	98.7	224	3	0	1	224	1	224	2.97e-161	442	226	225
ratio1_Esch_coli_2011C-3911_NODE_68_length_18690_cov_85.400698_8	gb|WP_063860228.1|ARO:3006874|EC-13	98.7	377	5	0	12	388	1	377	3.82e-284	766	389	377
ratio1_Esch_coli_2011C-3911_NODE_72_length_13896_cov_107.264793_12	gb|BAB35162.1|ARO:3000676|H-NS	100	137	0	0	1	137	1	137	3.10e-86	245	138	137
ratio1_Esch_coli_2011C-3911_NODE_87_length_7457_cov_133.512294_6	gb|BAB38260.1|ARO:3000830|cpxA	100	457	0	0	1	457	1	457	0.0	887	458	457
ratio1_Esch_coli_2011C-3911_NODE_155_length_2042_cov_20.614997_2	gb|CAA77936.1|ARO:3004039|Ecol_emrE	98.2	110	2	0	1	110	1	110	2.08e-78	223	111	110
ratio1_Esch_coli_2011C-3911_NODE_391_length_321_cov_7.195489_1	gb|AAC75089.1|ARO:3003577|ugd	99.1	107	1	0	1	107	201	307	6.55e-73	218	107	388
ratio1_Esch_coli_MB19_NODE_1_length_123806_cov_103.143934_96	gb|BAE77933.1|ARO:3000518|CRP	99.5	210	1	0	1	210	1	210	1.54e-151	416	211	210
ratio1_Esch_coli_MB19_NODE_4_length_84024_cov_114.526158_65	gb|ACN32294.1|ARO:3000237|TolC	99.8	493	1	0	1	493	3	495	0.0	914	494	495
ratio1_Esch_coli_MB19_NODE_5_length_83576_cov_100.225069_5	gb|AAC76093.1|ARO:3002986|bacA	100	273	0	0	1	273	1	273	2.44e-193	527	274	273
ratio1_Esch_coli_MB19_NODE_9_length_74914_cov_99.265780_8	gb|AAC75731.1|ARO:3000516|emrR	100	176	0	0	1	176	1	176	2.27e-125	347	177	176
ratio1_Esch_coli_MB19_NODE_9_length_74914_cov_99.265780_9	gb|BAA16547.1|ARO:3000027|emrA	99.7	390	1	0	1	390	1	390	1.03e-262	712	391	390
ratio1_Esch_coli_MB19_NODE_9_length_74914_cov_99.265780_10	gb|AAC75733.1|ARO:3000074|emrB	100	512	0	0	1	512	1	512	0.0	998	513	512
ratio1_Esch_coli_MB19_NODE_14_length_59677_cov_86.813894_25	gb|BAA11237.1|ARO:3000254|emrY	99.4	512	3	0	1	512	1	512	0.0	989	513	512
ratio1_Esch_coli_MB19_NODE_14_length_59677_cov_86.813894_26	gb|BAA11236.1|ARO:3000206|emrK	100	351	0	0	37	387	1	351	4.28e-247	671	388	351
ratio1_Esch_coli_MB19_NODE_14_length_59677_cov_86.813894_27	gb|BAB36671.1|ARO:3000832|evgA	100	204	0	0	1	204	1	204	5.82e-144	396	205	204
ratio1_Esch_coli_MB19_NODE_14_length_59677_cov_86.813894_28	gb|AAC75429.1|ARO:3000833|evgS	99.7	1197	3	0	1	1197	1	1197	0.0	2368	1198	1197
ratio1_Esch_coli_MB19_NODE_16_length_54447_cov_109.416679_43	gb|AAC76296.1|ARO:3000656|AcrS	100	220	0	0	1	220	1	220	2.75e-159	436	221	220
ratio1_Esch_coli_MB19_NODE_16_length_54447_cov_109.416679_44	gb|AAC76297.1|ARO:3000499|AcrE	100	385	0	0	1	385	1	385	2.39e-270	731	386	385
ratio1_Esch_coli_MB19_NODE_16_length_54447_cov_109.416679_45	gb|AAC76298.1|ARO:3000502|AcrF	99.9	1034	1	0	1	1034	1	1034	0.0	1934	1035	1034
ratio1_Esch_coli_MB19_NODE_19_length_42458_cov_96.961465_6	gb|AAC73564.1|ARO:3000216|acrB	100	1049	0	0	1	1049	1	1049	0.0	1980	1050	1049
ratio1_Esch_coli_MB19_NODE_19_length_42458_cov_96.961465_7	gb|AAC73565.1|ARO:3004043|Ecol_acrA	100	397	0	0	1	397	1	397	6.93e-276	746	398	397
ratio1_Esch_coli_MB19_NODE_32_length_34401_cov_99.728731_15	gb|AAC75314.1|ARO:3003578|PmrF	100	322	0	0	1	322	1	322	8.81e-232	628	323	322
ratio1_Esch_coli_MB19_NODE_33_length_34245_cov_111.475461_33	gb|BAB38260.1|ARO:3000830|cpxA	100	457	0	0	1	457	1	457	0.0	887	458	457
ratio1_Esch_coli_MB19_NODE_34_length_33723_cov_112.674557_17	gb|AAC74000.1|ARO:3003950|msbA	100	582	0	0	1	582	1	582	0.0	1092	583	582
ratio1_Esch_coli_MB19_NODE_36_length_32025_cov_96.357648_23	gb|BAA16344.1|ARO:3000491|acrD	99.9	1037	1	0	1	1037	1	1037	0.0	1967	1038	1037
ratio1_Esch_coli_MB19_NODE_45_length_29090_cov_104.071982_12	gb|AAC74149.2|ARO:3001216|mdtH	100	402	0	0	1	402	1	402	6.85e-290	782	403	402
ratio1_Esch_coli_MB19_NODE_52_length_27887_cov_84.969711_2	gb|BAE78116.1|ARO:3003576|eptA	99.6	547	2	0	1	547	1	547	0.0	1083	548	547
ratio1_Esch_coli_MB19_NODE_71_length_21025_cov_84.494754_4	gb|BAE78082.1|ARO:3003550|mdtP	100	488	0	0	1	488	1	488	0.0	922	489	488
ratio1_Esch_coli_MB19_NODE_71_length_21025_cov_84.494754_5	gb|BAE78083.1|ARO:3003549|mdtO	99.9	683	1	0	1	683	1	683	0.0	1331	684	683
ratio1_Esch_coli_MB19_NODE_71_length_21025_cov_84.494754_6	gb|BAE78084.1|ARO:3003548|mdtN	100	343	0	0	1	343	1	343	8.12e-234	635	344	343
ratio1_Esch_coli_MB19_NODE_79_length_18734_cov_73.411799_14	gb|BAA15935.1|ARO:3000828|baeR	100	240	0	0	1	240	1	240	1.53e-175	479	241	240
ratio1_Esch_coli_MB19_NODE_79_length_18734_cov_73.411799_15	gb|BAA15934.1|ARO:3000829|baeS	100	467	0	0	1	467	1	467	0.0	919	468	467
ratio1_Esch_coli_MB19_NODE_79_length_18734_cov_73.411799_17	gb|AAC75137.1|ARO:3000794|mdtC	99.7	1025	3	0	1	1025	1	1025	0.0	1904	1026	1025
ratio1_Esch_coli_MB19_NODE_79_length_18734_cov_73.411799_18	gb|AAC75136.1|ARO:3000793|mdtB	99.6	263	1	0	1	263	778	1040	2.47e-165	482	264	1040
ratio1_Esch_coli_MB19_NODE_95_length_15163_cov_69.627019_6	gb|AAC73788.1|ARO:3003841|kdpE	99.6	225	1	0	1	225	1	225	3.09e-163	447	226	225
ratio1_Esch_coli_MB19_NODE_101_length_12906_cov_118.392654_13	gb|AAC77293.1|ARO:3001214|mdtM	97.5	403	10	0	17	419	8	410	4.05e-277	751	420	410
ratio1_Esch_coli_MB19_NODE_107_length_12530_cov_93.201603_2	gb|BAE77778.1|ARO:3000508|gadX	99.6	274	1	0	1	274	1	274	1.66e-196	535	275	274
ratio1_Esch_coli_MB19_NODE_107_length_12530_cov_93.201603_3	gb|ANK04027.1|ARO:3003838|gadW	94.6	242	13	0	1	242	1	242	8.74e-167	457	243	242
ratio1_Esch_coli_MB19_NODE_107_length_12530_cov_93.201603_4	gb|AAC76539.1|ARO:3000796|mdtF	100	1037	0	0	1	1037	1	1037	0.0	1932	1038	1037
ratio1_Esch_coli_MB19_NODE_107_length_12530_cov_93.201603_5	gb|BAE77781.1|ARO:3000795|mdtE	100	385	0	0	1	385	1	385	7.65e-267	722	386	385
ratio1_Esch_coli_MB19_NODE_110_length_12033_cov_87.031641_8	gb|AAC77110.1|ARO:3004290|Ecol_ampC_BLA	97.9	377	8	0	1	377	1	377	3.89e-281	758	378	377
ratio1_Esch_coli_MB19_NODE_141_length_8202_cov_85.329692_5	gb|AFH35853.1|ARO:3001328|Ecol_mdfA	97.1	410	12	0	1	410	1	410	6.22e-281	760	411	410
ratio1_Esch_coli_MB19_NODE_144_length_7768_cov_124.260469_3	gb|BAB35162.1|ARO:3000676|H-NS	100	137	0	0	1	137	1	137	3.10e-86	245	138	137
ratio1_Esch_coli_MB19_NODE_151_length_7385_cov_85.702046_5	gb|BAA15221.2|ARO:3000263|marA	100	127	0	0	1	127	1	127	2.36e-92	259	128	127
ratio1_Esch_coli_MB19_NODE_192_length_4312_cov_61.934696_1	gb|AAC75136.1|ARO:3000793|mdtB	99.9	778	1	0	1	778	1	778	0.0	1428	778	1040
ratio1_Esch_coli_MB19_NODE_192_length_4312_cov_61.934696_2	gb|AAC75135.2|ARO:3000792|mdtA	99.0	415	4	0	1	415	1	415	1.77e-278	754	416	415
ratio1_Esch_coli_MB19_NODE_195_length_4192_cov_62.609862_2	gb|AAC75271.1|ARO:3003952|YojI	99.6	547	2	0	1	547	1	547	0.0	1055	548	547
ratio1_Esch_coli_MB19_NODE_314_length_1032_cov_84.932446_1	gb|ABV18113.1|ARO:3001329|mdtG	100	343	0	0	1	343	29	371	1.29e-234	640	343	408
ratio1_Esch_coli_MB19_NODE_370_length_617_cov_8.980427_2	gb|AAC75089.1|ARO:3003577|ugd	100	54	0	0	1	54	1	54	4.95e-30	105	58	388
ratio1_Esch_coli_TUM20902_NODE_1_length_314982_cov_69.415677_8	gb|AAC76298.1|ARO:3000502|AcrF	99.4	1034	6	0	1	1034	1	1034	0.0	1923	1035	1034
ratio1_Esch_coli_TUM20902_NODE_1_length_314982_cov_69.415677_9	gb|AAC76297.1|ARO:3000499|AcrE	99.5	385	2	0	1	385	1	385	7.99e-269	727	386	385
ratio1_Esch_coli_TUM20902_NODE_1_length_314982_cov_69.415677_10	gb|AAC76296.1|ARO:3000656|AcrS	97.7	220	5	0	1	220	1	220	3.09e-156	429	221	220
ratio1_Esch_coli_TUM20902_NODE_1_length_314982_cov_69.415677_203	gb|AAC76093.1|ARO:3002986|bacA	99.6	273	1	0	1	273	1	273	6.98e-193	526	274	273
ratio1_Esch_coli_TUM20902_NODE_1_length_314982_cov_69.415677_222	gb|ACN32294.1|ARO:3000237|TolC	99.8	493	1	0	1	493	3	495	0.0	916	494	495
ratio1_Esch_coli_TUM20902_NODE_2_length_267775_cov_48.801427_37	gb|BAE77778.1|ARO:3000508|gadX	95.6	274	12	0	1	274	1	274	3.29e-187	511	275	274
ratio1_Esch_coli_TUM20902_NODE_2_length_267775_cov_48.801427_38	gb|ANK04027.1|ARO:3003838|gadW	95.9	242	10	0	1	242	1	242	5.27e-168	460	243	242
ratio1_Esch_coli_TUM20902_NODE_2_length_267775_cov_48.801427_40	gb|AAC76539.1|ARO:3000796|mdtF	99.7	1037	3	0	1	1037	1	1037	0.0	1930	1038	1037
ratio1_Esch_coli_TUM20902_NODE_2_length_267775_cov_48.801427_41	gb|BAE77781.1|ARO:3000795|mdtE	99.7	385	1	0	1	385	1	385	1.09e-266	722	386	385
ratio1_Esch_coli_TUM20902_NODE_2_length_267775_cov_48.801427_229	gb|BAE77933.1|ARO:3000518|CRP	99.5	210	1	0	1	210	1	210	1.54e-151	416	211	210
ratio1_Esch_coli_TUM20902_NODE_3_length_202876_cov_47.962198_1	gb|AAC75135.2|ARO:3000792|mdtA	99.5	415	2	0	41	455	1	415	1.50e-278	756	456	415
ratio1_Esch_coli_TUM20902_NODE_3_length_202876_cov_47.962198_2	gb|AAC75136.1|ARO:3000793|mdtB	99.5	1040	5	0	1	1040	1	1040	0.0	1897	1041	1040
ratio1_Esch_coli_TUM20902_NODE_3_length_202876_cov_47.962198_3	gb|AAC75137.1|ARO:3000794|mdtC	99.7	1025	3	0	1	1025	1	1025	0.0	1907	1026	1025
ratio1_Esch_coli_TUM20902_NODE_3_length_202876_cov_47.962198_5	gb|BAA15934.1|ARO:3000829|baeS	99.4	467	3	0	1	467	1	467	0.0	912	468	467
ratio1_Esch_coli_TUM20902_NODE_3_length_202876_cov_47.962198_6	gb|BAA15935.1|ARO:3000828|baeR	100	240	0	0	1	240	1	240	1.53e-175	479	241	240
ratio1_Esch_coli_TUM20902_NODE_3_length_202876_cov_47.962198_134	gb|AAC75271.1|ARO:3003952|YojI	99.5	547	3	0	1	547	1	547	0.0	1057	548	547
ratio1_Esch_coli_TUM20902_NODE_4_length_189730_cov_51.478255_95	gb|AAC74149.2|ARO:3001216|mdtH	100	402	0	0	1	402	1	402	6.85e-290	782	403	402
ratio1_Esch_coli_TUM20902_NODE_4_length_189730_cov_51.478255_107	gb|ABV18113.1|ARO:3001329|mdtG	99.8	408	1	0	1	408	1	408	1.74e-286	774	409	408
ratio1_Esch_coli_TUM20902_NODE_6_length_165336_cov_47.887216_52	gb|AFH35853.1|ARO:3001328|Ecol_mdfA	96.1	410	16	0	1	410	1	410	9.85e-278	752	411	410
ratio1_Esch_coli_TUM20902_NODE_8_length_135035_cov_52.301800_25	gb|AAC73565.1|ARO:3004043|Ecol_acrA	99.7	397	1	0	1	397	1	397	1.15e-274	743	398	397
ratio1_Esch_coli_TUM20902_NODE_8_length_135035_cov_52.301800_26	gb|AAC73564.1|ARO:3000216|acrB	99.9	1049	1	0	1	1049	1	1049	0.0	1977	1050	1049
ratio1_Esch_coli_TUM20902_NODE_11_length_119959_cov_46.560598_110	gb|BAB35162.1|ARO:3000676|H-NS	100	137	0	0	1	137	1	137	3.10e-86	245	138	137
ratio1_Esch_coli_TUM20902_NODE_13_length_109449_cov_50.844516_15	gb|AAC75314.1|ARO:3003578|PmrF	99.7	322	1	0	1	322	1	322	7.24e-231	626	323	322
ratio1_Esch_coli_TUM20902_NODE_19_length_79291_cov_52.313305_55	gb|AAC73788.1|ARO:3003841|kdpE	98.7	225	3	0	1	225	1	225	1.21e-160	440	226	225
ratio1_Esch_coli_TUM20902_NODE_21_length_73395_cov_51.927775_39	gb|BAB38260.1|ARO:3000830|cpxA	99.8	457	1	0	1	457	1	457	0.0	884	458	457
ratio1_Esch_coli_TUM20902_NODE_28_length_65565_cov_52.392810_11	gb|WP_063860454.1|ARO:3006881|EC-8	98.7	377	5	0	12	388	1	377	1.49e-281	759	389	377
ratio1_Esch_coli_TUM20902_NODE_28_length_65565_cov_52.392810_49	gb|BAE78116.1|ARO:3003576|eptA	99.6	547	2	0	1	547	1	547	0.0	1082	548	547
ratio1_Esch_coli_TUM20902_NODE_29_length_62826_cov_51.993436_19	gb|BAA16344.1|ARO:3000491|acrD	99.8	1037	2	0	1	1037	1	1037	0.0	1964	1038	1037
ratio1_Esch_coli_TUM20902_NODE_32_length_56141_cov_53.169971_19	gb|AAC74000.1|ARO:3003950|msbA	99.8	582	1	0	1	582	1	582	0.0	1093	583	582
ratio1_Esch_coli_TUM20902_NODE_36_length_46355_cov_43.913348_7	gb|BAA11237.1|ARO:3000254|emrY	100	512	0	0	1	512	1	512	0.0	991	513	512
ratio1_Esch_coli_TUM20902_NODE_36_length_46355_cov_43.913348_8	gb|BAA11236.1|ARO:3000206|emrK	99.1	351	3	0	37	387	1	351	1.01e-245	667	388	351
ratio1_Esch_coli_TUM20902_NODE_36_length_46355_cov_43.913348_9	gb|BAB36671.1|ARO:3000832|evgA	100	204	0	0	1	204	1	204	5.82e-144	396	205	204
ratio1_Esch_coli_TUM20902_NODE_36_length_46355_cov_43.913348_10	gb|AAC75429.1|ARO:3000833|evgS	97.6	1197	29	0	1	1197	1	1197	0.0	2318	1198	1197
ratio1_Esch_coli_TUM20902_NODE_38_length_41467_cov_46.015962_31	gb|AAC75731.1|ARO:3000516|emrR	100	176	0	0	1	176	1	176	2.27e-125	347	177	176
ratio1_Esch_coli_TUM20902_NODE_38_length_41467_cov_46.015962_32	gb|BAA16547.1|ARO:3000027|emrA	99.7	390	1	0	1	390	1	390	1.03e-262	712	391	390
ratio1_Esch_coli_TUM20902_NODE_38_length_41467_cov_46.015962_33	gb|AAC75733.1|ARO:3000074|emrB	100	512	0	0	1	512	1	512	0.0	998	513	512
ratio1_Esch_coli_TUM20902_NODE_42_length_35967_cov_43.399504_20	gb|BAA15221.2|ARO:3000263|marA	100	127	0	0	1	127	1	127	2.36e-92	259	128	127
ratio1_Esch_coli_TUM20902_NODE_48_length_31774_cov_51.244207_22	gb|AAC75089.1|ARO:3003577|ugd	100	388	0	0	1	388	1	388	2.63e-280	756	389	388
ratio1_Esch_coli_TUM20902_NODE_54_length_18833_cov_46.897699_20	gb|BAE78084.1|ARO:3003548|mdtN	100	343	0	0	1	343	1	343	8.12e-234	635	344	343
ratio1_Esch_coli_TUM20902_NODE_54_length_18833_cov_46.897699_21	gb|BAE78083.1|ARO:3003549|mdtO	97.8	683	15	0	1	683	1	683	0.0	1311	684	683
ratio1_Esch_coli_TUM20902_NODE_54_length_18833_cov_46.897699_22	gb|BAE78082.1|ARO:3003550|mdtP	98.3	242	4	0	1	242	1	242	1.58e-163	459	258	488
ratio1_Esch_coli_TUM20902_NODE_55_length_17556_cov_52.830238_1	gb|BAE78082.1|ARO:3003550|mdtP	97.9	242	5	0	1	242	247	488	7.20e-158	444	243	488
ratio1_unmapped_NODE_9_length_21737_cov_28.580897_1	gb|BAA03776.1|ARO:3000316|mphA	100	301	0	0	1	301	1	301	8.38e-218	591	305	301
ratio1_unmapped_NODE_16_length_19515_cov_11.901850_15	gb|AKF16168.1|ARO:3003689|MCR-1.1	100	541	0	0	1	541	1	541	0.0	1063	542	541
ratio1_unmapped_NODE_38_length_12465_cov_11.411604_5	gb|AAC73788.1|ARO:3003841|kdpE	100	225	0	0	1	225	1	225	1.53e-163	447	226	225
ratio1_unmapped_NODE_40_length_12418_cov_16.699264_4	gb|BAA15935.1|ARO:3000828|baeR	99.6	240	1	0	1	240	1	240	1.26e-174	477	241	240
ratio1_unmapped_NODE_40_length_12418_cov_16.699264_5	gb|BAA15934.1|ARO:3000829|baeS	99.1	467	4	0	1	467	1	467	0.0	910	468	467
ratio1_unmapped_NODE_40_length_12418_cov_16.699264_7	gb|AAC75137.1|ARO:3000794|mdtC	99.6	1025	4	0	1	1025	1	1025	0.0	1903	1026	1025
ratio1_unmapped_NODE_40_length_12418_cov_16.699264_8	gb|AAC75136.1|ARO:3000793|mdtB	99.6	1040	4	0	1	1040	1	1040	0.0	1900	1041	1040
ratio1_unmapped_NODE_40_length_12418_cov_16.699264_9	gb|AAC75135.2|ARO:3000792|mdtA	98.1	415	8	0	41	455	1	415	2.04e-276	751	456	415
ratio1_unmapped_NODE_64_length_10018_cov_11.489712_2	gb|AAA26057.1|ARO:3002693|cmlA1	99.8	419	1	0	1	419	1	419	1.85e-298	805	420	419
ratio1_unmapped_NODE_64_length_10018_cov_11.489712_3	gb|AAF27727.1|ARO:3002602|aadA2	100	259	0	0	1	259	1	259	5.13e-188	512	260	259
ratio1_unmapped_NODE_64_length_10018_cov_11.489712_4	gb|ADG84870.1|ARO:3002858|dfrA12	100	165	0	0	1	165	1	165	3.55e-119	330	166	165
ratio1_unmapped_NODE_112_length_7157_cov_12.751338_8	gb|BAA16344.1|ARO:3000491|acrD	100	76	0	0	1	76	962	1037	1.32e-45	152	77	1037
ratio1_unmapped_NODE_117_length_7066_cov_12.635287_6	gb|AAC75271.1|ARO:3003952|YojI	100	327	0	0	1	327	1	327	6.21e-227	625	327	547
ratio1_unmapped_NODE_118_length_7038_cov_11.110268_7	gb|AAC76093.1|ARO:3002986|bacA	98.9	273	3	0	1	273	1	273	2.73e-190	519	274	273
ratio1_unmapped_NODE_134_length_6662_cov_11.768881_6	gb|AAC77110.1|ARO:3004290|Ecol_ampC_BLA	99.7	377	1	0	12	388	1	377	9.77e-287	772	389	377
ratio1_unmapped_NODE_188_length_5508_cov_29.697047_3	gb|AAC75089.1|ARO:3003577|ugd	99.5	388	2	0	1	388	1	388	6.20e-279	753	389	388
ratio1_unmapped_NODE_285_length_3981_cov_8.048905_1	gb|ABK33456.1|ARO:3002639|APH(3'')-Ib	99.3	267	2	0	1	267	1	267	1.27e-201	547	268	267
ratio1_unmapped_NODE_285_length_3981_cov_8.048905_2	gb|AAC23556.1|ARO:3002660|APH(6)-Id	99.3	278	2	0	1	278	1	278	5.61e-206	559	279	278
ratio1_unmapped_NODE_285_length_3981_cov_8.048905_3	gb|CAD09800.1|ARO:3000873|TEM-1	100	286	0	0	1	286	1	286	3.79e-208	565	287	286
ratio1_unmapped_NODE_302_length_3783_cov_14.706277_5	gb|AAF86219.1|ARO:3000375|ErmB	97.8	230	5	0	1	230	16	245	1.06e-163	449	231	248
ratio1_unmapped_NODE_369_length_3327_cov_12.054401_2	gb|AAG16656.1|ARO:3002705|floR	99.5	404	2	0	1	404	1	404	2.07e-276	748	405	404
ratio1_unmapped_NODE_380_length_3255_cov_8.583125_1	gb|BAA11236.1|ARO:3000206|emrK	100	271	0	0	1	271	81	351	6.15e-189	519	272	351
ratio1_unmapped_NODE_380_length_3255_cov_8.583125_2	gb|BAA11237.1|ARO:3000254|emrY	99.8	512	1	0	1	512	1	512	0.0	984	513	512
ratio1_unmapped_NODE_394_length_3191_cov_8.061862_2	gb|BAB82500.1|ARO:3000186|tet(M)	96.1	639	25	0	1	639	1	639	0.0	1224	640	639
ratio1_unmapped_NODE_395_length_3186_cov_9.306611_1	gb|BAA16547.1|ARO:3000027|emrA	100	356	0	0	17	372	35	390	3.16e-250	680	373	390
ratio1_unmapped_NODE_395_length_3186_cov_9.306611_2	gb|AAC75733.1|ARO:3000074|emrB	100	512	0	0	1	512	1	512	0.0	998	513	512
ratio1_unmapped_NODE_426_length_3063_cov_35.207447_3	gb|AAN06707.1|ARO:3000165|tet(A)	99.7	390	1	0	1	390	26	415	5.32e-278	753	400	424
ratio1_unmapped_NODE_427_length_3063_cov_8.185173_3	gb|BAB38260.1|ARO:3000830|cpxA	100	300	0	0	1	300	158	457	3.94e-211	580	301	457
ratio1_unmapped_NODE_432_length_3029_cov_43.099193_2	gb|AAL02127.1|ARO:3001878|CTX-M-15	100	291	0	0	1	291	1	291	4.22e-203	553	292	291
ratio1_unmapped_NODE_435_length_2994_cov_9.368152_1	gb|ACJ63262.1|ARO:3003107|mef(B)	100	84	0	0	1	84	326	409	6.17e-51	161	85	409
ratio1_unmapped_NODE_435_length_2994_cov_9.368152_6	gb|ACJ63260.1|ARO:3000413|sul3	100	263	0	0	1	263	1	263	1.41e-187	511	264	263
ratio1_unmapped_NODE_478_length_2715_cov_10.978195_3	gb|AAC74149.2|ARO:3001216|mdtH	100	402	0	0	1	402	1	402	6.85e-290	782	403	402
ratio1_unmapped_NODE_504_length_2612_cov_11.094642_1	gb|AAC76296.1|ARO:3000656|AcrS	100	220	0	0	1	220	1	220	2.75e-159	436	221	220
ratio1_unmapped_NODE_584_length_2262_cov_79.469415_5	gb|ABF47469.1|ARO:3002790|QnrS1	100	218	0	0	1	218	1	218	2.87e-112	317	219	218
ratio1_unmapped_NODE_588_length_2239_cov_3.205128_1	gb|BAE78082.1|ARO:3003550|mdtP	95.0	180	9	0	1	180	182	361	1.64e-114	331	184	488
ratio1_unmapped_NODE_596_length_2218_cov_11.442903_3	gb|BAE78084.1|ARO:3003548|mdtN	100	28	0	0	1	28	1	28	1.47e-10	49.7	28	343
ratio1_unmapped_NODE_600_length_2212_cov_7.990728_2	gb|AAC76298.1|ARO:3000502|AcrF	100	688	0	0	1	688	347	1034	0.0	1290	689	1034
ratio1_unmapped_NODE_617_length_2142_cov_7.252516_1	gb|BAE78116.1|ARO:3003576|eptA	100	438	0	0	1	438	110	547	0.0	893	439	547
ratio1_unmapped_NODE_620_length_2131_cov_9.036127_1	gb|BAE78082.1|ARO:3003550|mdtP	100	30	0	0	1	30	1	30	1.21e-13	58.5	30	488
ratio1_unmapped_NODE_620_length_2131_cov_9.036127_2	gb|BAE78083.1|ARO:3003549|mdtO	99.7	680	2	0	1	680	4	683	0.0	1323	681	683
ratio1_unmapped_NODE_673_length_1982_cov_9.678256_1	gb|AFH35853.1|ARO:3001328|Ecol_mdfA	97.0	396	12	0	1	396	15	410	1.65e-270	733	397	410
ratio1_unmapped_NODE_748_length_1762_cov_10.187463_1	gb|BAA16344.1|ARO:3000491|acrD	99.7	587	2	0	1	587	367	953	0.0	1113	587	1037
ratio1_unmapped_NODE_839_length_1568_cov_8.574356_2	gb|ABV18113.1|ARO:3001329|mdtG	100	323	0	0	1	323	1	323	9.22e-225	614	323	408
ratio1_unmapped_NODE_871_length_1515_cov_5.973288_1	gb|BAB36671.1|ARO:3000832|evgA	100	57	0	0	1	57	148	204	2.22e-35	115	58	204
ratio1_unmapped_NODE_871_length_1515_cov_5.973288_2	gb|AAC75429.1|ARO:3000833|evgS	99.8	445	1	0	1	445	1	445	5.24e-319	888	445	1197
ratio1_unmapped_NODE_879_length_1497_cov_7.771845_1	gb|ACN32294.1|ARO:3000237|TolC	100	493	0	0	1	493	3	495	0.0	916	493	495
ratio1_unmapped_NODE_883_length_1488_cov_13.628053_2	gb|CAA77936.1|ARO:3004039|Ecol_emrE	98.2	110	2	0	1	110	1	110	2.08e-78	223	111	110
ratio1_unmapped_NODE_902_length_1461_cov_10.807966_3	gb|BAA15221.2|ARO:3000263|marA	100	51	0	0	1	51	77	127	4.79e-35	111	52	127
ratio1_unmapped_NODE_927_length_1425_cov_21.928467_1	gb|AAZ42322.1|ARO:3005098|qacL	93.6	110	7	0	1	110	1	110	4.37e-71	204	111	110
ratio1_unmapped_NODE_927_length_1425_cov_21.928467_2	gb|CAA26199.1|ARO:3004089|ANT(3'')-IIa	100	266	0	0	2	267	58	323	1.98e-191	524	268	323
ratio1_unmapped_NODE_1098_length_1124_cov_2.768943_1	gb|ABS70977.1|ARO:3004623|AAC(3)-IId	99.7	286	1	0	1	286	1	286	1.01e-212	577	287	286
ratio1_unmapped_NODE_1103_length_1116_cov_5.251649_1	gb|AAC76297.1|ARO:3000499|AcrE	100	371	0	0	1	371	13	383	1.43e-258	701	371	385
ratio1_unmapped_NODE_1141_length_1057_cov_2.990020_2	gb|BAE78116.1|ARO:3003576|eptA	100	108	0	0	12	119	2	109	6.80e-63	197	119	547
ratio1_unmapped_NODE_1193_length_984_cov_1.611410_3	gb|AAC75314.1|ARO:3003578|PmrF	100	33	0	0	1	33	1	33	6.26e-17	67.8	34	322
ratio1_unmapped_NODE_1193_length_984_cov_1.611410_4	gb|AAC75314.1|ARO:3003578|PmrF	93.5	31	2	0	1	31	37	67	1.08e-12	55.8	31	322
ratio1_unmapped_NODE_1280_length_866_cov_22.327990_1	gb|AAL59753.1|ARO:3000412|sul2	100	271	0	0	7	277	1	271	1.35e-186	510	278	271
ratio1_unmapped_NODE_1374_length_750_cov_1.779856_1	gb|AAC74000.1|ARO:3003950|msbA	99.1	108	1	0	1	108	98	205	2.40e-61	193	108	582
ratio1_unmapped_NODE_1498_length_646_cov_2.512690_1	gb|BAB35162.1|ARO:3000676|H-NS	100	38	0	0	1	38	1	38	1.43e-19	72.0	38	137
ratio1_unmapped_NODE_1684_length_512_cov_2.043764_1	gb|BAA16344.1|ARO:3000491|acrD	100	170	0	0	1	170	183	352	1.28e-106	324	170	1037
ratio1_unmapped_NODE_2008_length_363_cov_2.055195_1	gb|BAA15221.2|ARO:3000263|marA	100	76	0	0	1	76	1	76	2.74e-50	151	76	127
ratio1_unmapped_NODE_2059_length_345_cov_9.262069_1	gb|ABV18113.1|ARO:3001329|mdtG	100	81	0	0	1	81	328	408	1.06e-50	160	82	408
ratio1_unmapped_NODE_2066_length_344_cov_2.653979_1	gb|AAC75271.1|ARO:3003952|YojI	100	114	0	0	1	114	323	436	6.51e-77	233	114	547
ratio1_unmapped_NODE_2086_length_341_cov_1.006993_1	gb|AAC75731.1|ARO:3000516|emrR	100	62	0	0	1	62	115	176	7.47e-40	125	63	176
ratio1_unmapped_NODE_2169_length_317_cov_3.293893_1	gb|AAC75271.1|ARO:3003952|YojI	100	90	0	0	1	90	458	547	6.24e-57	180	91	547
ratio1_unmapped_NODE_2205_length_310_cov_0.866667_1	gb|AAC76298.1|ARO:3000502|AcrF	99.0	103	1	0	1	103	150	252	1.00e-63	204	103	1034
ratio1_unmapped_NODE_2848_length_231_cov_1.090909_1	gb|BAE77933.1|ARO:3000518|CRP	100	76	0	0	1	76	47	122	1.36e-48	149	76	210
ratio1_unmapped_NODE_2900_length_226_cov_11.713450_1	gb|AAC75089.1|ARO:3003577|ugd	100	25	0	0	1	25	364	388	5.83e-12	53.5	26	388
ratio1_unmapped_NODE_3031_length_213_cov_2.170886_1	gb|BAE77933.1|ARO:3000518|CRP	100	70	0	0	1	70	125	194	9.18e-45	139	70	210
ratio1_unmapped_NODE_3035_length_213_cov_1.215190_1	gb|AAC73564.1|ARO:3000216|acrB	100	54	0	0	1	54	996	1049	1.52e-29	105	55	1049
ratio1_unmapped_NODE_3040_length_213_cov_0.981013_1	gb|AAC75314.1|ARO:3003578|PmrF	97.1	70	2	0	1	70	160	229	1.39e-44	142	70	322
ratio1_unmapped_NODE_3111_length_201_cov_8.219178_1	gb|AAC75089.1|ARO:3003577|ugd	98.5	66	1	0	1	66	97	162	1.83e-38	127	66	388
ratio2_Esch_coli_14EC033_NODE_3_length_49635_cov_144.858048_17	gb|BAA11237.1|ARO:3000254|emrY	99.8	512	1	0	1	512	1	512	0.0	989	513	512
ratio2_Esch_coli_14EC033_NODE_3_length_49635_cov_144.858048_18	gb|BAA11236.1|ARO:3000206|emrK	99.1	351	3	0	37	387	1	351	1.43e-245	667	388	351
ratio2_Esch_coli_14EC033_NODE_3_length_49635_cov_144.858048_19	gb|BAB36671.1|ARO:3000832|evgA	100	204	0	0	1	204	1	204	5.82e-144	396	205	204
ratio2_Esch_coli_14EC033_NODE_3_length_49635_cov_144.858048_20	gb|AAC75429.1|ARO:3000833|evgS	98.2	1197	22	0	1	1197	1	1197	0.0	2330	1198	1197
ratio2_Esch_coli_14EC033_NODE_14_length_28162_cov_231.743729_7	gb|AAC76093.1|ARO:3002986|bacA	98.2	273	5	0	1	273	1	273	2.24e-189	517	274	273
ratio2_Esch_coli_14EC033_NODE_16_length_27915_cov_219.898600_1	gb|BAE78083.1|ARO:3003549|mdtO	98.3	407	7	0	1	407	1	407	6.84e-290	793	407	683
ratio2_Esch_coli_14EC033_NODE_16_length_27915_cov_219.898600_2	gb|BAE78084.1|ARO:3003548|mdtN	99.7	343	1	0	1	343	1	343	9.46e-233	632	344	343
ratio2_Esch_coli_14EC033_NODE_27_length_21336_cov_62.566233_12	gb|ABV18113.1|ARO:3001329|mdtG	100	408	0	0	1	408	1	408	7.38e-288	777	409	408
ratio2_Esch_coli_14EC033_NODE_27_length_21336_cov_62.566233_24	gb|AAC74149.2|ARO:3001216|mdtH	100	402	0	0	2	403	1	402	7.14e-290	782	404	402
ratio2_Esch_coli_14EC033_NODE_50_length_17102_cov_91.185839_18	gb|AAC76296.1|ARO:3000656|AcrS	96.2	78	3	0	1	78	143	220	7.74e-51	155	79	220
ratio2_Esch_coli_14EC033_NODE_56_length_16576_cov_70.731372_1	gb|BAE78082.1|ARO:3003550|mdtP	100	105	0	0	1	105	384	488	2.04e-61	191	106	488
ratio2_Esch_coli_14EC033_NODE_57_length_16336_cov_66.413242_11	gb|AFH35853.1|ARO:3001328|Ecol_mdfA	97.1	410	12	0	1	410	1	410	6.22e-281	760	411	410
ratio2_Esch_coli_14EC033_NODE_63_length_16021_cov_54.254917_2	gb|AAC75314.1|ARO:3003578|PmrF	100	322	0	0	1	322	1	322	8.81e-232	628	323	322
ratio2_Esch_coli_14EC033_NODE_76_length_15096_cov_75.709328_7	gb|AAC75733.1|ARO:3000074|emrB	100	512	0	0	1	512	1	512	0.0	998	513	512
ratio2_Esch_coli_14EC033_NODE_76_length_15096_cov_75.709328_8	gb|BAA16547.1|ARO:3000027|emrA	99.7	390	1	0	1	390	1	390	1.03e-262	712	391	390
ratio2_Esch_coli_14EC033_NODE_76_length_15096_cov_75.709328_9	gb|AAC75731.1|ARO:3000516|emrR	100	176	0	0	1	176	1	176	2.27e-125	347	177	176
ratio2_Esch_coli_14EC033_NODE_84_length_14466_cov_62.956977_9	gb|AAC75271.1|ARO:3003952|YojI	100	547	0	0	1	547	1	547	0.0	1058	548	547
ratio2_Esch_coli_14EC033_NODE_93_length_13876_cov_389.105564_1	gb|BAE77778.1|ARO:3000508|gadX	98.2	274	5	0	1	274	1	274	2.63e-193	527	275	274
ratio2_Esch_coli_14EC033_NODE_93_length_13876_cov_389.105564_2	gb|ANK04027.1|ARO:3003838|gadW	94.6	242	13	0	1	242	1	242	8.74e-167	457	243	242
ratio2_Esch_coli_14EC033_NODE_93_length_13876_cov_389.105564_4	gb|AAC76539.1|ARO:3000796|mdtF	99.9	1037	1	0	1	1037	1	1037	0.0	1929	1038	1037
ratio2_Esch_coli_14EC033_NODE_93_length_13876_cov_389.105564_5	gb|BAE77781.1|ARO:3000795|mdtE	100	385	0	0	1	385	1	385	7.65e-267	722	386	385
ratio2_Esch_coli_14EC033_NODE_105_length_12734_cov_64.192444_1	gb|BAA16344.1|ARO:3000491|acrD	99.8	521	1	0	1	521	1	521	0.0	971	528	1037
ratio2_Esch_coli_14EC033_NODE_107_length_12678_cov_79.100610_6	gb|ACN32294.1|ARO:3000237|TolC	100	493	0	0	1	493	3	495	0.0	918	494	495
ratio2_Esch_coli_14EC033_NODE_112_length_11929_cov_57.334344_9	gb|BAE78116.1|ARO:3003576|eptA	99.6	547	2	0	1	547	1	547	0.0	1083	548	547
ratio2_Esch_coli_14EC033_NODE_113_length_11832_cov_93.407829_6	gb|AAC73564.1|ARO:3000216|acrB	100	1049	0	0	1	1049	1	1049	0.0	1980	1050	1049
ratio2_Esch_coli_14EC033_NODE_113_length_11832_cov_93.407829_7	gb|AAC73565.1|ARO:3004043|Ecol_acrA	100	397	0	0	1	397	1	397	6.93e-276	746	398	397
ratio2_Esch_coli_14EC033_NODE_129_length_10180_cov_75.338469_7	gb|AAC77110.1|ARO:3004290|Ecol_ampC_BLA	98.4	377	6	0	12	388	1	377	1.81e-282	761	389	377
ratio2_Esch_coli_14EC033_NODE_142_length_9743_cov_70.731317_9	gb|BAE77933.1|ARO:3000518|CRP	99.5	210	1	0	1	210	1	210	1.54e-151	416	211	210
ratio2_Esch_coli_14EC033_NODE_144_length_9539_cov_51.601539_6	gb|AAC73788.1|ARO:3003841|kdpE	99.5	191	1	0	1	191	1	191	5.03e-135	374	192	225
ratio2_Esch_coli_14EC033_NODE_160_length_8920_cov_64.593909_1	gb|AAC76296.1|ARO:3000656|AcrS	100	141	0	0	1	141	1	141	1.12e-98	280	141	220
ratio2_Esch_coli_14EC033_NODE_160_length_8920_cov_64.593909_2	gb|AAC76297.1|ARO:3000499|AcrE	99.7	385	1	0	1	385	1	385	9.73e-270	729	386	385
ratio2_Esch_coli_14EC033_NODE_160_length_8920_cov_64.593909_3	gb|AAC76298.1|ARO:3000502|AcrF	99.6	1034	4	0	1	1034	1	1034	0.0	1926	1035	1034
ratio2_Esch_coli_14EC033_NODE_170_length_8522_cov_70.452817_1	gb|AAC77293.1|ARO:3001214|mdtM	97.3	409	11	0	1	409	1	409	1.86e-282	764	411	410
ratio2_Esch_coli_14EC033_NODE_224_length_6360_cov_84.006186_5	gb|BAB38260.1|ARO:3000830|cpxA	99.8	457	1	0	1	457	1	457	0.0	886	458	457
ratio2_Esch_coli_14EC033_NODE_260_length_5229_cov_55.588326_5	gb|BAA15221.2|ARO:3000263|marA	100	127	0	0	1	127	1	127	2.36e-92	259	128	127
ratio2_Esch_coli_14EC033_NODE_304_length_4063_cov_76.912425_3	gb|AAC74000.1|ARO:3003950|msbA	100	582	0	0	1	582	1	582	0.0	1092	583	582
ratio2_Esch_coli_14EC033_NODE_408_length_2282_cov_39.245622_1	gb|BAB35162.1|ARO:3000676|H-NS	100	137	0	0	1	137	1	137	3.10e-86	245	138	137
ratio2_Esch_coli_14EC033_NODE_425_length_2055_cov_53.715000_1	gb|BAE78083.1|ARO:3003549|mdtO	93.8	289	16	1	1	287	395	683	6.84e-184	519	288	683
ratio2_Esch_coli_14EC033_NODE_425_length_2055_cov_53.715000_2	gb|BAE78082.1|ARO:3003550|mdtP	97.0	361	11	0	1	361	1	361	4.69e-246	673	365	488
ratio2_Esch_coli_14EC033_NODE_436_length_1965_cov_44.676440_1	gb|BAA16344.1|ARO:3000491|acrD	99.6	511	2	0	1	511	527	1037	0.0	989	512	1037
ratio2_Esch_coli_14EC033_NODE_440_length_1921_cov_59.513398_1	gb|BAA15934.1|ARO:3000829|baeS	99.1	226	2	0	1	226	242	467	3.54e-156	438	227	467
ratio2_Esch_coli_14EC033_NODE_440_length_1921_cov_59.513398_2	gb|BAA15935.1|ARO:3000828|baeR	97.9	240	5	0	1	240	1	240	1.41e-171	469	241	240
ratio2_Esch_coli_14EC033_NODE_495_length_1289_cov_36.004052_1	gb|AAC75137.1|ARO:3000794|mdtC	99.1	429	4	0	1	429	168	596	3.27e-285	795	429	1025
ratio2_Esch_coli_14EC033_NODE_502_length_1236_cov_61.124471_1	gb|AAC75137.1|ARO:3000794|mdtC	100	411	0	0	1	411	551	961	1.67e-277	775	411	1025
ratio2_Esch_coli_14EC033_NODE_515_length_1170_cov_17.457399_1	gb|AAC75135.2|ARO:3000792|mdtA	100	187	0	0	1	187	229	415	6.96e-126	358	188	415
ratio2_Esch_coli_14EC033_NODE_515_length_1170_cov_17.457399_2	gb|AAC75136.1|ARO:3000793|mdtB	99.5	187	1	0	1	187	1	187	1.68e-113	344	200	1040
ratio2_Esch_coli_14EC033_NODE_542_length_986_cov_5.067669_1	gb|AAC75136.1|ARO:3000793|mdtB	98.9	92	1	0	2	93	639	730	1.10e-53	176	93	1040
ratio2_Esch_coli_14EC033_NODE_542_length_986_cov_5.067669_2	gb|AAC75136.1|ARO:3000793|mdtB	99.2	239	2	0	1	239	396	634	7.41e-147	433	248	1040
ratio2_Esch_coli_14EC033_NODE_698_length_394_cov_12.498525_1	gb|AAC75137.1|ARO:3000794|mdtC	95.5	22	1	0	1	22	1004	1025	4.79e-09	45.1	23	1025
ratio2_Esch_coli_14EC033_NODE_756_length_291_cov_3.360169_1	gb|AAC75136.1|ARO:3000793|mdtB	91.7	96	8	0	1	96	842	937	8.02e-48	159	96	1040
ratio2_Esch_coli_14EC033_NODE_760_length_287_cov_6.568966_1	gb|AAC75136.1|ARO:3000793|mdtB	100	95	0	0	1	95	284	378	5.00e-52	171	95	1040
ratio2_Esch_coli_14EC033_NODE_771_length_273_cov_2.201835_1	gb|AAC75136.1|ARO:3000793|mdtB	97.8	91	2	0	1	91	737	827	1.55e-54	178	91	1040
ratio2_Esch_coli_2011C-3911_NODE_1_length_225591_cov_80.249464_35	gb|AAC75271.1|ARO:3003952|YojI	99.8	547	1	0	1	547	1	547	0.0	1057	548	547
ratio2_Esch_coli_2011C-3911_NODE_1_length_225591_cov_80.249464_68	gb|AAC75314.1|ARO:3003578|PmrF	100	322	0	0	1	322	1	322	8.81e-232	628	323	322
ratio2_Esch_coli_2011C-3911_NODE_1_length_225591_cov_80.249464_164	gb|BAA11237.1|ARO:3000254|emrY	99.8	512	1	0	1	512	1	512	0.0	991	513	512
ratio2_Esch_coli_2011C-3911_NODE_1_length_225591_cov_80.249464_165	gb|BAA11236.1|ARO:3000206|emrK	99.7	351	1	0	37	387	1	351	6.08e-247	671	388	351
ratio2_Esch_coli_2011C-3911_NODE_1_length_225591_cov_80.249464_166	gb|BAB36671.1|ARO:3000832|evgA	100	204	0	0	1	204	1	204	5.82e-144	396	205	204
ratio2_Esch_coli_2011C-3911_NODE_1_length_225591_cov_80.249464_167	gb|AAC75429.1|ARO:3000833|evgS	99.0	1197	12	0	1	1197	1	1197	0.0	2345	1198	1197
ratio2_Esch_coli_2011C-3911_NODE_4_length_119247_cov_84.076733_11	gb|AAC74000.1|ARO:3003950|msbA	100	582	0	0	1	582	1	582	0.0	1092	583	582
ratio2_Esch_coli_2011C-3911_NODE_4_length_119247_cov_84.076733_82	gb|AFH35853.1|ARO:3001328|Ecol_mdfA	96.1	410	16	0	1	410	1	410	5.95e-279	755	411	410
ratio2_Esch_coli_2011C-3911_NODE_5_length_115797_cov_77.856413_1	gb|AAC75135.2|ARO:3000792|mdtA	99.3	415	3	0	41	455	1	415	1.29e-279	759	456	415
ratio2_Esch_coli_2011C-3911_NODE_5_length_115797_cov_77.856413_2	gb|AAC75136.1|ARO:3000793|mdtB	99.4	1040	6	0	1	1040	1	1040	0.0	1897	1041	1040
ratio2_Esch_coli_2011C-3911_NODE_5_length_115797_cov_77.856413_3	gb|AAC75137.1|ARO:3000794|mdtC	99.8	1025	2	0	1	1025	1	1025	0.0	1908	1026	1025
ratio2_Esch_coli_2011C-3911_NODE_5_length_115797_cov_77.856413_5	gb|BAA15934.1|ARO:3000829|baeS	100	467	0	0	1	467	1	467	0.0	919	468	467
ratio2_Esch_coli_2011C-3911_NODE_5_length_115797_cov_77.856413_6	gb|BAA15935.1|ARO:3000828|baeR	99.6	240	1	0	1	240	1	240	1.26e-174	477	241	240
ratio2_Esch_coli_2011C-3911_NODE_6_length_108488_cov_83.973394_54	gb|BAA16344.1|ARO:3000491|acrD	99.9	1037	1	0	1	1037	1	1037	0.0	1966	1038	1037
ratio2_Esch_coli_2011C-3911_NODE_8_length_106393_cov_81.385384_89	gb|AAC74149.2|ARO:3001216|mdtH	100	402	0	0	1	402	1	402	6.85e-290	782	403	402
ratio2_Esch_coli_2011C-3911_NODE_8_length_106393_cov_81.385384_101	gb|ABV18113.1|ARO:3001329|mdtG	100	408	0	0	1	408	1	408	7.38e-288	777	409	408
ratio2_Esch_coli_2011C-3911_NODE_9_length_106318_cov_75.755663_5	gb|AAC76093.1|ARO:3002986|bacA	99.6	273	1	0	1	273	1	273	6.98e-193	526	274	273
ratio2_Esch_coli_2011C-3911_NODE_9_length_106318_cov_75.755663_25	gb|ACN32294.1|ARO:3000237|TolC	100	493	0	0	1	493	3	495	0.0	918	494	495
ratio2_Esch_coli_2011C-3911_NODE_11_length_104458_cov_72.487323_65	gb|BAE78082.1|ARO:3003550|mdtP	98.2	488	9	0	1	488	1	488	0.0	904	489	488
ratio2_Esch_coli_2011C-3911_NODE_11_length_104458_cov_72.487323_66	gb|BAE78083.1|ARO:3003549|mdtO	99.4	683	4	0	1	683	1	683	0.0	1324	684	683
ratio2_Esch_coli_2011C-3911_NODE_11_length_104458_cov_72.487323_67	gb|BAE78084.1|ARO:3003548|mdtN	99.7	343	1	0	1	343	1	343	1.15e-233	635	344	343
ratio2_Esch_coli_2011C-3911_NODE_11_length_104458_cov_72.487323_94	gb|BAE78116.1|ARO:3003576|eptA	99.6	547	2	0	1	547	1	547	0.0	1083	548	547
ratio2_Esch_coli_2011C-3911_NODE_12_length_93872_cov_75.483036_74	gb|AAC73565.1|ARO:3004043|Ecol_acrA	100	397	0	0	1	397	1	397	6.93e-276	746	398	397
ratio2_Esch_coli_2011C-3911_NODE_12_length_93872_cov_75.483036_75	gb|AAC73564.1|ARO:3000216|acrB	100	1049	0	0	1	1049	1	1049	0.0	1980	1050	1049
ratio2_Esch_coli_2011C-3911_NODE_17_length_69613_cov_74.468602_37	gb|BAE77781.1|ARO:3000795|mdtE	100	385	0	0	1	385	1	385	7.65e-267	722	386	385
ratio2_Esch_coli_2011C-3911_NODE_17_length_69613_cov_74.468602_38	gb|AAC76539.1|ARO:3000796|mdtF	99.8	1037	2	0	1	1037	1	1037	0.0	1930	1038	1037
ratio2_Esch_coli_2011C-3911_NODE_17_length_69613_cov_74.468602_40	gb|ANK04027.1|ARO:3003838|gadW	93.8	242	15	0	1	242	1	242	1.45e-165	454	243	242
ratio2_Esch_coli_2011C-3911_NODE_17_length_69613_cov_74.468602_41	gb|BAE77778.1|ARO:3000508|gadX	98.5	274	4	0	1	274	1	274	1.30e-193	528	275	274
ratio2_Esch_coli_2011C-3911_NODE_24_length_61399_cov_70.608242_27	gb|AAC77293.1|ARO:3001214|mdtM	98.3	409	7	0	1	409	1	409	7.91e-284	767	411	410
ratio2_Esch_coli_2011C-3911_NODE_25_length_60597_cov_121.686631_18	gb|BAE77933.1|ARO:3000518|CRP	99.5	210	1	0	1	210	1	210	1.54e-151	416	211	210
ratio2_Esch_coli_2011C-3911_NODE_32_length_48385_cov_63.699276_20	gb|BAA15221.2|ARO:3000263|marA	100	127	0	0	1	127	1	127	2.36e-92	259	128	127
ratio2_Esch_coli_2011C-3911_NODE_44_length_36870_cov_88.082466_20	gb|AAC73788.1|ARO:3003841|kdpE	98.7	224	3	0	1	224	1	224	2.97e-161	442	226	225
ratio2_Esch_coli_2011C-3911_NODE_50_length_31310_cov_70.198272_26	gb|AAC75731.1|ARO:3000516|emrR	100	176	0	0	1	176	1	176	2.27e-125	347	177	176
ratio2_Esch_coli_2011C-3911_NODE_50_length_31310_cov_70.198272_27	gb|BAA16547.1|ARO:3000027|emrA	99.7	390	1	0	1	390	1	390	1.03e-262	712	391	390
ratio2_Esch_coli_2011C-3911_NODE_50_length_31310_cov_70.198272_28	gb|AAC75733.1|ARO:3000074|emrB	100	512	0	0	1	512	1	512	0.0	998	513	512
ratio2_Esch_coli_2011C-3911_NODE_52_length_29386_cov_86.581399_7	gb|AAC76298.1|ARO:3000502|AcrF	99.5	1034	5	0	1	1034	1	1034	0.0	1924	1035	1034
ratio2_Esch_coli_2011C-3911_NODE_52_length_29386_cov_86.581399_8	gb|AAC76297.1|ARO:3000499|AcrE	100	385	0	0	1	385	1	385	2.39e-270	731	386	385
ratio2_Esch_coli_2011C-3911_NODE_52_length_29386_cov_86.581399_9	gb|AAC76296.1|ARO:3000656|AcrS	99.1	220	2	0	1	220	1	220	4.57e-158	433	221	220
ratio2_Esch_coli_2011C-3911_NODE_69_length_18690_cov_89.787389_8	gb|WP_063860228.1|ARO:3006874|EC-13	98.7	377	5	0	12	388	1	377	3.82e-284	766	389	377
ratio2_Esch_coli_2011C-3911_NODE_70_length_16142_cov_92.476845_1	gb|BAB38260.1|ARO:3000830|cpxA	100	457	0	0	1	457	1	457	0.0	887	458	457
ratio2_Esch_coli_2011C-3911_NODE_73_length_14407_cov_94.995819_3	gb|BAB35162.1|ARO:3000676|H-NS	100	137	0	0	1	137	1	137	3.10e-86	245	138	137
ratio2_Esch_coli_2011C-3911_NODE_277_length_594_cov_2.315399_1	gb|CAA77936.1|ARO:3004039|Ecol_emrE	98.2	110	2	0	1	110	1	110	2.08e-78	223	111	110
ratio2_Esch_coli_2011C-3911_NODE_374_length_310_cov_4.137255_1	gb|AAC75089.1|ARO:3003577|ugd	99.0	103	1	0	1	103	205	307	1.14e-69	210	103	388
ratio2_Esch_coli_MB19_NODE_1_length_123806_cov_91.086626_96	gb|BAE77933.1|ARO:3000518|CRP	99.5	210	1	0	1	210	1	210	1.54e-151	416	211	210
ratio2_Esch_coli_MB19_NODE_6_length_74904_cov_86.035431_65	gb|AAC75733.1|ARO:3000074|emrB	100	512	0	0	1	512	1	512	0.0	998	513	512
ratio2_Esch_coli_MB19_NODE_6_length_74904_cov_86.035431_66	gb|BAA16547.1|ARO:3000027|emrA	99.7	390	1	0	1	390	1	390	1.03e-262	712	391	390
ratio2_Esch_coli_MB19_NODE_6_length_74904_cov_86.035431_67	gb|AAC75731.1|ARO:3000516|emrR	100	176	0	0	1	176	1	176	2.27e-125	347	177	176
ratio2_Esch_coli_MB19_NODE_12_length_56918_cov_78.757909_15	gb|AAC75314.1|ARO:3003578|PmrF	100	322	0	0	1	322	1	322	8.81e-232	628	323	322
ratio2_Esch_coli_MB19_NODE_13_length_56376_cov_96.718027_45	gb|AAC76296.1|ARO:3000656|AcrS	100	220	0	0	1	220	1	220	2.75e-159	436	221	220
ratio2_Esch_coli_MB19_NODE_13_length_56376_cov_96.718027_46	gb|AAC76297.1|ARO:3000499|AcrE	100	385	0	0	1	385	1	385	2.39e-270	731	386	385
ratio2_Esch_coli_MB19_NODE_13_length_56376_cov_96.718027_47	gb|AAC76298.1|ARO:3000502|AcrF	99.9	1034	1	0	1	1034	1	1034	0.0	1934	1035	1034
ratio2_Esch_coli_MB19_NODE_16_length_52749_cov_78.911204_35	gb|AAC73565.1|ARO:3004043|Ecol_acrA	100	397	0	0	1	397	1	397	6.93e-276	746	398	397
ratio2_Esch_coli_MB19_NODE_16_length_52749_cov_78.911204_36	gb|AAC73564.1|ARO:3000216|acrB	100	1049	0	0	1	1049	1	1049	0.0	1980	1050	1049
ratio2_Esch_coli_MB19_NODE_26_length_37599_cov_105.136986_10	gb|ACN32294.1|ARO:3000237|TolC	99.8	493	1	0	1	493	3	495	0.0	914	494	495
ratio2_Esch_coli_MB19_NODE_31_length_33723_cov_94.055364_11	gb|AAC74000.1|ARO:3003950|msbA	100	582	0	0	1	582	1	582	0.0	1092	583	582
ratio2_Esch_coli_MB19_NODE_32_length_32025_cov_79.529027_4	gb|BAA16344.1|ARO:3000491|acrD	99.6	1037	4	0	1	1037	1	1037	0.0	1962	1038	1037
ratio2_Esch_coli_MB19_NODE_37_length_30645_cov_66.331939_1	gb|BAE78083.1|ARO:3003549|mdtO	100	372	0	0	1	372	1	372	5.00e-266	731	372	683
ratio2_Esch_coli_MB19_NODE_37_length_30645_cov_66.331939_2	gb|BAE78084.1|ARO:3003548|mdtN	100	343	0	0	1	343	1	343	8.12e-234	635	344	343
ratio2_Esch_coli_MB19_NODE_39_length_30199_cov_61.553344_1	gb|AAC75429.1|ARO:3000833|evgS	98.6	142	2	0	1	142	1	142	7.43e-91	283	142	1197
ratio2_Esch_coli_MB19_NODE_39_length_30199_cov_61.553344_2	gb|BAB36671.1|ARO:3000832|evgA	100	204	0	0	1	204	1	204	5.82e-144	396	205	204
ratio2_Esch_coli_MB19_NODE_39_length_30199_cov_61.553344_3	gb|BAA11236.1|ARO:3000206|emrK	100	351	0	0	37	387	1	351	4.28e-247	671	388	351
ratio2_Esch_coli_MB19_NODE_39_length_30199_cov_61.553344_4	gb|BAA11237.1|ARO:3000254|emrY	99.4	512	3	0	1	512	1	512	0.0	989	513	512
ratio2_Esch_coli_MB19_NODE_44_length_29090_cov_87.388910_12	gb|AAC74149.2|ARO:3001216|mdtH	100	402	0	0	1	402	1	402	6.85e-290	782	403	402
ratio2_Esch_coli_MB19_NODE_52_length_27887_cov_85.266456_2	gb|BAE78116.1|ARO:3003576|eptA	99.6	547	2	0	1	547	1	547	0.0	1083	548	547
ratio2_Esch_coli_MB19_NODE_61_length_24899_cov_92.445057_3	gb|BAB35162.1|ARO:3000676|H-NS	100	137	0	0	1	137	1	137	3.10e-86	245	138	137
ratio2_Esch_coli_MB19_NODE_66_length_24486_cov_87.995375_19	gb|AAC77110.1|ARO:3004290|Ecol_ampC_BLA	97.9	377	8	0	1	377	1	377	3.89e-281	758	378	377
ratio2_Esch_coli_MB19_NODE_74_length_22109_cov_81.880883_1	gb|AAC75135.2|ARO:3000792|mdtA	99.0	415	4	0	41	455	1	415	1.23e-277	754	456	415
ratio2_Esch_coli_MB19_NODE_74_length_22109_cov_81.880883_2	gb|AAC75136.1|ARO:3000793|mdtB	99.9	1040	1	0	1	1040	1	1040	0.0	1903	1041	1040
ratio2_Esch_coli_MB19_NODE_74_length_22109_cov_81.880883_3	gb|AAC75137.1|ARO:3000794|mdtC	99.7	1025	3	0	1	1025	1	1025	0.0	1904	1026	1025
ratio2_Esch_coli_MB19_NODE_74_length_22109_cov_81.880883_5	gb|BAA15934.1|ARO:3000829|baeS	100	467	0	0	1	467	1	467	0.0	919	468	467
ratio2_Esch_coli_MB19_NODE_74_length_22109_cov_81.880883_6	gb|BAA15935.1|ARO:3000828|baeR	100	240	0	0	1	240	1	240	1.53e-175	479	241	240
ratio2_Esch_coli_MB19_NODE_81_length_20188_cov_75.387871_14	gb|AAC73788.1|ARO:3003841|kdpE	98.7	76	1	0	1	76	150	225	2.51e-52	159	77	225
ratio2_Esch_coli_MB19_NODE_81_length_20188_cov_75.387871_15	gb|AAC73788.1|ARO:3003841|kdpE	99.1	115	1	0	1	115	1	115	7.89e-77	223	116	225
ratio2_Esch_coli_MB19_NODE_103_length_12900_cov_108.946360_3	gb|AAC77293.1|ARO:3001214|mdtM	97.5	403	10	0	17	419	8	410	4.05e-277	751	420	410
ratio2_Esch_coli_MB19_NODE_104_length_12822_cov_73.839195_10	gb|AAC75429.1|ARO:3000833|evgS	100	1046	0	0	1	1046	152	1197	0.0	2076	1047	1197
ratio2_Esch_coli_MB19_NODE_110_length_12530_cov_73.932505_9	gb|BAE77781.1|ARO:3000795|mdtE	100	385	0	0	1	385	1	385	7.65e-267	722	386	385
ratio2_Esch_coli_MB19_NODE_110_length_12530_cov_73.932505_10	gb|AAC76539.1|ARO:3000796|mdtF	100	1037	0	0	1	1037	1	1037	0.0	1932	1038	1037
ratio2_Esch_coli_MB19_NODE_110_length_12530_cov_73.932505_11	gb|ANK04027.1|ARO:3003838|gadW	94.6	242	13	0	1	242	1	242	8.74e-167	457	243	242
ratio2_Esch_coli_MB19_NODE_110_length_12530_cov_73.932505_12	gb|BAE77778.1|ARO:3000508|gadX	99.6	274	1	0	1	274	1	274	1.66e-196	535	275	274
ratio2_Esch_coli_MB19_NODE_131_length_9683_cov_75.654342_4	gb|AAC76093.1|ARO:3002986|bacA	100	273	0	0	1	273	1	273	2.44e-193	527	274	273
ratio2_Esch_coli_MB19_NODE_145_length_8190_cov_70.626060_5	gb|AFH35853.1|ARO:3001328|Ecol_mdfA	96.8	410	13	0	1	410	1	410	2.53e-280	758	411	410
ratio2_Esch_coli_MB19_NODE_153_length_7385_cov_68.066166_6	gb|BAA15221.2|ARO:3000263|marA	100	127	0	0	1	127	1	127	2.36e-92	259	128	127
ratio2_Esch_coli_MB19_NODE_174_length_5615_cov_89.267806_4	gb|BAE78082.1|ARO:3003550|mdtP	100	488	0	0	1	488	1	488	0.0	922	489	488
ratio2_Esch_coli_MB19_NODE_174_length_5615_cov_89.267806_5	gb|BAE78083.1|ARO:3003549|mdtO	100	308	0	0	1	308	376	683	5.53e-214	597	309	683
ratio2_Esch_coli_MB19_NODE_180_length_5088_cov_111.131929_5	gb|BAB38260.1|ARO:3000830|cpxA	100	457	0	0	1	457	1	457	0.0	887	458	457
ratio2_Esch_coli_MB19_NODE_194_length_4322_cov_71.674479_2	gb|AAC75271.1|ARO:3003952|YojI	99.6	547	2	0	1	547	1	547	0.0	1055	548	547
ratio2_Esch_coli_MB19_NODE_328_length_1029_cov_60.789528_1	gb|ABV18113.1|ARO:3001329|mdtG	100	342	0	0	1	342	30	371	5.03e-234	638	342	408
ratio2_Esch_coli_MB19_NODE_385_length_629_cov_10.219512_2	gb|AAC75089.1|ARO:3003577|ugd	100	54	0	0	1	54	1	54	4.95e-30	105	58	388
ratio2_Esch_coli_TUM20902_NODE_1_length_314982_cov_72.415125_8	gb|AAC76298.1|ARO:3000502|AcrF	99.4	1034	6	0	1	1034	1	1034	0.0	1923	1035	1034
ratio2_Esch_coli_TUM20902_NODE_1_length_314982_cov_72.415125_9	gb|AAC76297.1|ARO:3000499|AcrE	99.5	385	2	0	1	385	1	385	7.99e-269	727	386	385
ratio2_Esch_coli_TUM20902_NODE_1_length_314982_cov_72.415125_10	gb|AAC76296.1|ARO:3000656|AcrS	97.7	220	5	0	1	220	1	220	3.09e-156	429	221	220
ratio2_Esch_coli_TUM20902_NODE_1_length_314982_cov_72.415125_203	gb|AAC76093.1|ARO:3002986|bacA	99.6	273	1	0	1	273	1	273	6.98e-193	526	274	273
ratio2_Esch_coli_TUM20902_NODE_1_length_314982_cov_72.415125_222	gb|ACN32294.1|ARO:3000237|TolC	99.8	493	1	0	1	493	3	495	0.0	916	494	495
ratio2_Esch_coli_TUM20902_NODE_2_length_235896_cov_58.257504_27	gb|AAC75135.2|ARO:3000792|mdtA	99.5	415	2	0	41	455	1	415	1.50e-278	756	456	415
ratio2_Esch_coli_TUM20902_NODE_2_length_235896_cov_58.257504_28	gb|AAC75136.1|ARO:3000793|mdtB	99.5	1040	5	0	1	1040	1	1040	0.0	1897	1041	1040
ratio2_Esch_coli_TUM20902_NODE_2_length_235896_cov_58.257504_29	gb|AAC75137.1|ARO:3000794|mdtC	99.7	1025	3	0	1	1025	1	1025	0.0	1907	1026	1025
ratio2_Esch_coli_TUM20902_NODE_2_length_235896_cov_58.257504_31	gb|BAA15934.1|ARO:3000829|baeS	99.4	467	3	0	1	467	1	467	0.0	912	468	467
ratio2_Esch_coli_TUM20902_NODE_2_length_235896_cov_58.257504_32	gb|BAA15935.1|ARO:3000828|baeR	100	240	0	0	1	240	1	240	1.53e-175	479	241	240
ratio2_Esch_coli_TUM20902_NODE_2_length_235896_cov_58.257504_160	gb|AAC75271.1|ARO:3003952|YojI	99.5	547	3	0	1	547	1	547	0.0	1057	548	547
ratio2_Esch_coli_TUM20902_NODE_4_length_189730_cov_59.769110_95	gb|ABV18113.1|ARO:3001329|mdtG	99.8	408	1	0	1	408	1	408	1.74e-286	774	409	408
ratio2_Esch_coli_TUM20902_NODE_4_length_189730_cov_59.769110_107	gb|AAC74149.2|ARO:3001216|mdtH	100	402	0	0	1	402	1	402	6.85e-290	782	403	402
ratio2_Esch_coli_TUM20902_NODE_6_length_169711_cov_60.094279_25	gb|AAC73565.1|ARO:3004043|Ecol_acrA	99.7	397	1	0	1	397	1	397	1.15e-274	743	398	397
ratio2_Esch_coli_TUM20902_NODE_6_length_169711_cov_60.094279_26	gb|AAC73564.1|ARO:3000216|acrB	99.9	1049	1	0	1	1049	1	1049	0.0	1977	1050	1049
ratio2_Esch_coli_TUM20902_NODE_7_length_167016_cov_55.249879_37	gb|BAE77778.1|ARO:3000508|gadX	95.6	274	12	0	1	274	1	274	3.29e-187	511	275	274
ratio2_Esch_coli_TUM20902_NODE_7_length_167016_cov_55.249879_38	gb|ANK04027.1|ARO:3003838|gadW	95.9	242	10	0	1	242	1	242	5.27e-168	460	243	242
ratio2_Esch_coli_TUM20902_NODE_7_length_167016_cov_55.249879_40	gb|AAC76539.1|ARO:3000796|mdtF	99.7	1037	3	0	1	1037	1	1037	0.0	1930	1038	1037
ratio2_Esch_coli_TUM20902_NODE_7_length_167016_cov_55.249879_41	gb|BAE77781.1|ARO:3000795|mdtE	99.7	385	1	0	1	385	1	385	1.09e-266	722	386	385
ratio2_Esch_coli_TUM20902_NODE_8_length_142514_cov_66.845029_82	gb|BAA15221.2|ARO:3000263|marA	100	127	0	0	1	127	1	127	2.36e-92	259	128	127
ratio2_Esch_coli_TUM20902_NODE_9_length_135713_cov_55.723739_99	gb|AFH35853.1|ARO:3001328|Ecol_mdfA	96.1	410	16	0	1	410	1	410	9.85e-278	752	411	410
ratio2_Esch_coli_TUM20902_NODE_10_length_133182_cov_60.061167_72	gb|AAC73788.1|ARO:3003841|kdpE	98.7	225	3	0	1	225	1	225	1.21e-160	440	226	225
ratio2_Esch_coli_TUM20902_NODE_14_length_109460_cov_60.176610_15	gb|AAC75314.1|ARO:3003578|PmrF	99.7	322	1	0	1	322	1	322	7.24e-231	626	323	322
ratio2_Esch_coli_TUM20902_NODE_16_length_100866_cov_61.439783_20	gb|BAE77933.1|ARO:3000518|CRP	99.5	210	1	0	1	210	1	210	1.54e-151	416	211	210
ratio2_Esch_coli_TUM20902_NODE_17_length_97853_cov_56.457699_6	gb|AAC75733.1|ARO:3000074|emrB	100	512	0	0	1	512	1	512	0.0	998	513	512
ratio2_Esch_coli_TUM20902_NODE_17_length_97853_cov_56.457699_7	gb|BAA16547.1|ARO:3000027|emrA	99.7	390	1	0	1	390	1	390	1.03e-262	712	391	390
ratio2_Esch_coli_TUM20902_NODE_17_length_97853_cov_56.457699_8	gb|AAC75731.1|ARO:3000516|emrR	100	176	0	0	1	176	1	176	2.27e-125	347	177	176
ratio2_Esch_coli_TUM20902_NODE_22_length_73395_cov_60.834824_39	gb|BAB38260.1|ARO:3000830|cpxA	99.8	457	1	0	1	457	1	457	0.0	884	458	457
ratio2_Esch_coli_TUM20902_NODE_27_length_65565_cov_60.777133_11	gb|WP_063860454.1|ARO:3006881|EC-8	98.7	377	5	0	12	388	1	377	1.49e-281	759	389	377
ratio2_Esch_coli_TUM20902_NODE_27_length_65565_cov_60.777133_49	gb|BAE78116.1|ARO:3003576|eptA	99.6	547	2	0	1	547	1	547	0.0	1082	548	547
ratio2_Esch_coli_TUM20902_NODE_29_length_62826_cov_60.122811_19	gb|BAA16344.1|ARO:3000491|acrD	99.8	1037	2	0	1	1037	1	1037	0.0	1964	1038	1037
ratio2_Esch_coli_TUM20902_NODE_32_length_56141_cov_61.960079_23	gb|AAC74000.1|ARO:3003950|msbA	99.8	582	1	0	1	582	1	582	0.0	1093	583	582
ratio2_Esch_coli_TUM20902_NODE_34_length_46355_cov_52.280756_27	gb|AAC75429.1|ARO:3000833|evgS	97.6	1197	29	0	1	1197	1	1197	0.0	2318	1198	1197
ratio2_Esch_coli_TUM20902_NODE_34_length_46355_cov_52.280756_28	gb|BAB36671.1|ARO:3000832|evgA	100	204	0	0	1	204	1	204	5.82e-144	396	205	204
ratio2_Esch_coli_TUM20902_NODE_34_length_46355_cov_52.280756_29	gb|BAA11236.1|ARO:3000206|emrK	99.1	351	3	0	37	387	1	351	1.01e-245	667	388	351
ratio2_Esch_coli_TUM20902_NODE_34_length_46355_cov_52.280756_30	gb|BAA11237.1|ARO:3000254|emrY	100	512	0	0	1	512	1	512	0.0	991	513	512
ratio2_Esch_coli_TUM20902_NODE_43_length_31774_cov_60.364040_10	gb|AAC75089.1|ARO:3003577|ugd	100	388	0	0	1	388	1	388	2.63e-280	756	389	388
ratio2_Esch_coli_TUM20902_NODE_50_length_18833_cov_56.948397_20	gb|BAE78084.1|ARO:3003548|mdtN	100	343	0	0	1	343	1	343	8.12e-234	635	344	343
ratio2_Esch_coli_TUM20902_NODE_50_length_18833_cov_56.948397_21	gb|BAE78083.1|ARO:3003549|mdtO	97.8	683	15	0	1	683	1	683	0.0	1311	684	683
ratio2_Esch_coli_TUM20902_NODE_50_length_18833_cov_56.948397_22	gb|BAE78082.1|ARO:3003550|mdtP	98.3	242	4	0	1	242	1	242	1.58e-163	459	258	488
ratio2_Esch_coli_TUM20902_NODE_51_length_17646_cov_61.780001_1	gb|BAE78082.1|ARO:3003550|mdtP	97.9	242	5	0	1	242	247	488	7.20e-158	444	243	488
ratio2_Esch_coli_TUM20902_NODE_53_length_15958_cov_54.231403_10	gb|BAB35162.1|ARO:3000676|H-NS	100	137	0	0	1	137	1	137	3.10e-86	245	138	137
ratio2_unmapped_NODE_23_length_12217_cov_6.273804_2	gb|BAA15935.1|ARO:3000828|baeR	99.6	240	1	0	1	240	1	240	1.26e-174	477	241	240
ratio2_unmapped_NODE_23_length_12217_cov_6.273804_3	gb|BAA15934.1|ARO:3000829|baeS	99.1	467	4	0	1	467	1	467	0.0	910	468	467
ratio2_unmapped_NODE_23_length_12217_cov_6.273804_5	gb|AAC75137.1|ARO:3000794|mdtC	99.4	1025	6	0	1	1025	1	1025	0.0	1901	1026	1025
ratio2_unmapped_NODE_23_length_12217_cov_6.273804_6	gb|AAC75136.1|ARO:3000793|mdtB	99.8	1040	2	0	1	1040	1	1040	0.0	1904	1041	1040
ratio2_unmapped_NODE_23_length_12217_cov_6.273804_7	gb|AAC75135.2|ARO:3000792|mdtA	97.6	415	10	0	41	455	1	415	5.58e-274	744	456	415
ratio2_unmapped_NODE_34_length_10018_cov_9.307839_7	gb|ADG84870.1|ARO:3002858|dfrA12	100	165	0	0	1	165	1	165	3.55e-119	330	166	165
ratio2_unmapped_NODE_34_length_10018_cov_9.307839_8	gb|AAF27727.1|ARO:3002602|aadA2	100	259	0	0	1	259	1	259	5.13e-188	512	260	259
ratio2_unmapped_NODE_34_length_10018_cov_9.307839_9	gb|AAA26057.1|ARO:3002693|cmlA1	99.8	419	1	0	1	419	1	419	1.85e-298	805	420	419
ratio2_unmapped_NODE_59_length_7012_cov_4.730344_6	gb|AAC75271.1|ARO:3003952|YojI	99.7	309	1	0	1	309	1	309	7.90e-211	583	309	547
ratio2_unmapped_NODE_79_length_5903_cov_7.591142_3	gb|AKF16168.1|ARO:3003689|MCR-1.1	100	541	0	0	1	541	1	541	0.0	1063	542	541
ratio2_unmapped_NODE_183_length_4015_cov_5.361111_3	gb|AAC73788.1|ARO:3003841|kdpE	99.6	225	1	0	1	225	1	225	3.09e-163	447	226	225
ratio2_unmapped_NODE_189_length_3981_cov_6.985736_1	gb|ABK33456.1|ARO:3002639|APH(3'')-Ib	99.3	267	2	0	1	267	1	267	1.27e-201	547	268	267
ratio2_unmapped_NODE_189_length_3981_cov_6.985736_2	gb|AAC23556.1|ARO:3002660|APH(6)-Id	99.3	278	2	0	1	278	1	278	5.61e-206	559	279	278
ratio2_unmapped_NODE_189_length_3981_cov_6.985736_3	gb|CAD09800.1|ARO:3000873|TEM-1	100	286	0	0	1	286	1	286	3.79e-208	565	287	286
ratio2_unmapped_NODE_209_length_3793_cov_9.234082_1	gb|BAA03776.1|ARO:3000316|mphA	100	301	0	0	1	301	1	301	8.38e-218	591	305	301
ratio2_unmapped_NODE_264_length_3327_cov_9.959658_3	gb|AAG16656.1|ARO:3002705|floR	99.5	404	2	0	1	404	1	404	2.07e-276	748	405	404
ratio2_unmapped_NODE_284_length_3191_cov_6.486288_2	gb|BAB82500.1|ARO:3000186|tet(M)	96.1	639	25	0	1	639	1	639	0.0	1224	640	639
ratio2_unmapped_NODE_308_length_3063_cov_34.929521_3	gb|AAN06707.1|ARO:3000165|tet(A)	99.7	390	1	0	1	390	26	415	5.32e-278	753	400	424
ratio2_unmapped_NODE_313_length_3029_cov_34.998991_2	gb|AAL02127.1|ARO:3001878|CTX-M-15	100	291	0	0	1	291	1	291	4.22e-203	553	292	291
ratio2_unmapped_NODE_316_length_3013_cov_25.107167_3	gb|AAC75089.1|ARO:3003577|ugd	100	113	0	0	1	113	1	113	7.41e-74	221	113	388
ratio2_unmapped_NODE_319_length_2994_cov_7.243620_1	gb|ACJ63260.1|ARO:3000413|sul3	100	263	0	0	1	263	1	263	1.41e-187	511	264	263
ratio2_unmapped_NODE_319_length_2994_cov_7.243620_6	gb|ACJ63262.1|ARO:3003107|mef(B)	100	84	0	0	1	84	326	409	6.17e-51	161	85	409
ratio2_unmapped_NODE_345_length_2851_cov_3.775751_3	gb|AAC77110.1|ARO:3004290|Ecol_ampC_BLA	99.7	377	1	0	12	388	1	377	9.77e-287	772	389	377
ratio2_unmapped_NODE_408_length_2508_cov_4.181818_1	gb|AAC76296.1|ARO:3000656|AcrS	100	220	0	0	1	220	1	220	2.75e-159	436	221	220
ratio2_unmapped_NODE_431_length_2429_cov_3.598989_2	gb|AAC74149.2|ARO:3001216|mdtH	100	402	0	0	1	402	1	402	6.85e-290	782	403	402
ratio2_unmapped_NODE_443_length_2389_cov_8.147386_3	gb|AAC76093.1|ARO:3002986|bacA	100	210	0	0	1	210	64	273	4.94e-149	412	211	273
ratio2_unmapped_NODE_461_length_2308_cov_24.944962_1	gb|AAC75089.1|ARO:3003577|ugd	99.3	292	2	0	1	292	97	388	1.44e-206	566	293	388
ratio2_unmapped_NODE_471_length_2262_cov_64.244676_5	gb|ABF47469.1|ARO:3002790|QnrS1	100	218	0	0	1	218	1	218	2.87e-112	317	219	218
ratio2_unmapped_NODE_549_length_2037_cov_6.051463_1	gb|BAE78082.1|ARO:3003550|mdtP	100	28	0	0	1	28	1	28	8.72e-12	53.1	28	488
ratio2_unmapped_NODE_549_length_2037_cov_6.051463_2	gb|BAE78083.1|ARO:3003549|mdtO	99.5	650	3	0	1	650	34	683	0.0	1260	651	683
ratio2_unmapped_NODE_630_length_1857_cov_5.229745_2	gb|ABV18113.1|ARO:3001329|mdtG	100	408	0	0	1	408	1	408	7.38e-288	777	409	408
ratio2_unmapped_NODE_655_length_1787_cov_3.278868_1	gb|AAC76298.1|ARO:3000502|AcrF	99.8	587	1	0	1	587	448	1034	0.0	1115	588	1034
ratio2_unmapped_NODE_691_length_1734_cov_2.615247_2	gb|ABS70977.1|ARO:3004623|AAC(3)-IId	99.7	286	1	0	1	286	1	286	1.01e-212	577	287	286
ratio2_unmapped_NODE_724_length_1669_cov_3.467782_2	gb|BAA11237.1|ARO:3000254|emrY	100	293	0	0	1	293	220	512	3.78e-206	570	294	512
ratio2_unmapped_NODE_741_length_1646_cov_5.463859_2	gb|BAB38260.1|ARO:3000830|cpxA	100	222	0	0	1	222	236	457	1.76e-155	436	223	457
ratio2_unmapped_NODE_820_length_1497_cov_6.909154_1	gb|BAA16344.1|ARO:3000491|acrD	100	498	0	0	1	498	394	891	0.0	952	498	1037
ratio2_unmapped_NODE_862_length_1425_cov_18.829197_1	gb|CAA26199.1|ARO:3004089|ANT(3'')-IIa	100	266	0	0	2	267	58	323	1.98e-191	524	268	323
ratio2_unmapped_NODE_862_length_1425_cov_18.829197_2	gb|AAZ42322.1|ARO:3005098|qacL	93.6	110	7	0	1	110	1	110	4.37e-71	204	111	110
ratio2_unmapped_NODE_914_length_1357_cov_5.089862_1	gb|BAA16547.1|ARO:3000027|emrA	100	325	0	0	1	325	66	390	2.29e-226	617	326	390
ratio2_unmapped_NODE_914_length_1357_cov_5.089862_2	gb|AAC75733.1|ARO:3000074|emrB	100	120	0	0	1	120	1	120	1.80e-74	226	120	512
ratio2_unmapped_NODE_984_length_1256_cov_4.832639_1	gb|BAB36671.1|ARO:3000832|evgA	100	57	0	0	1	57	148	204	2.22e-35	115	58	204
ratio2_unmapped_NODE_984_length_1256_cov_4.832639_2	gb|AAC75429.1|ARO:3000833|evgS	99.7	359	1	0	1	359	1	359	3.94e-252	714	359	1197
ratio2_unmapped_NODE_1032_length_1195_cov_28.431579_1	gb|AAC75089.1|ARO:3003577|ugd	99.2	236	2	0	1	236	153	388	2.20e-165	459	237	388
ratio2_unmapped_NODE_1061_length_1163_cov_2.622744_1	gb|AAC75733.1|ARO:3000074|emrB	100	237	0	0	1	237	276	512	2.52e-167	469	238	512
ratio2_unmapped_NODE_1247_length_972_cov_4.057797_1	gb|BAA11237.1|ARO:3000254|emrY	99.5	212	1	0	1	212	1	212	6.58e-143	405	212	512
ratio2_unmapped_NODE_1247_length_972_cov_4.057797_2	gb|BAA11236.1|ARO:3000206|emrK	100	110	0	0	1	110	242	351	1.11e-72	217	111	351
ratio2_unmapped_NODE_1318_length_885_cov_5.295181_1	gb|ACN32294.1|ARO:3000237|TolC	100	295	0	0	1	295	12	306	1.06e-199	553	295	495
ratio2_unmapped_NODE_1335_length_866_cov_19.907522_1	gb|AAL59753.1|ARO:3000412|sul2	100	271	0	0	7	277	1	271	1.35e-186	510	278	271
ratio2_unmapped_NODE_1392_length_821_cov_4.265013_1	gb|AFH35853.1|ARO:3001328|Ecol_mdfA	98.1	213	4	0	1	213	198	410	1.83e-139	393	214	410
ratio2_unmapped_NODE_1575_length_693_cov_2.405956_1	gb|AAF86219.1|ARO:3000375|ErmB	97.1	207	6	0	1	207	39	245	1.64e-145	402	208	248
ratio2_unmapped_NODE_1608_length_670_cov_2.505691_1	gb|BAE78116.1|ARO:3003576|eptA	100	223	0	0	1	223	298	520	2.30e-169	474	223	547
ratio2_unmapped_NODE_1659_length_643_cov_2.282313_1	gb|BAB35162.1|ARO:3000676|H-NS	100	38	0	0	1	38	1	38	1.43e-19	72.0	38	137
ratio2_unmapped_NODE_1670_length_638_cov_2.504288_1	gb|BAE78082.1|ARO:3003550|mdtP	97.6	212	5	0	1	212	190	401	2.31e-140	398	212	488
ratio2_unmapped_NODE_1811_length_562_cov_1.700197_1	gb|BAA16344.1|ARO:3000491|acrD	100	76	0	0	1	76	962	1037	1.32e-45	152	77	1037
ratio2_unmapped_NODE_2042_length_454_cov_2.165414_1	gb|AAC76297.1|ARO:3000499|AcrE	100	132	0	0	1	132	1	132	3.40e-88	258	132	385
ratio2_unmapped_NODE_2275_length_384_cov_1.066869_1	gb|AFH35853.1|ARO:3001328|Ecol_mdfA	94.5	127	7	0	1	127	47	173	1.76e-81	242	127	410
ratio2_unmapped_NODE_2348_length_363_cov_2.535714_1	gb|BAA15221.2|ARO:3000263|marA	100	48	0	0	1	48	80	127	2.82e-33	107	49	127
ratio2_unmapped_NODE_2350_length_363_cov_1.662338_1	gb|BAA15221.2|ARO:3000263|marA	100	76	0	0	1	76	1	76	2.74e-50	151	76	127
ratio2_unmapped_NODE_2366_length_359_cov_0.937500_1	gb|AAC74000.1|ARO:3003950|msbA	95.8	119	5	0	1	119	47	165	2.24e-73	225	119	582
ratio2_unmapped_NODE_2424_length_345_cov_0.993103_1	gb|AAC73564.1|ARO:3000216|acrB	99.1	114	1	0	1	114	598	711	1.12e-70	224	114	1049
ratio2_unmapped_NODE_2529_length_325_cov_1.748148_1	gb|BAA16344.1|ARO:3000491|acrD	100	108	0	0	1	108	243	350	5.26e-65	208	108	1037
ratio2_unmapped_NODE_2652_length_305_cov_1.416000_1	gb|BAE78116.1|ARO:3003576|eptA	100	101	0	0	1	101	129	229	6.40e-63	196	101	547
ratio2_unmapped_NODE_2673_length_303_cov_0.870968_1	gb|AAC75731.1|ARO:3000516|emrR	100	33	0	0	1	33	144	176	1.03e-15	62.8	34	176
ratio2_unmapped_NODE_2673_length_303_cov_0.870968_2	gb|BAA16547.1|ARO:3000027|emrA	100	21	0	0	1	21	1	21	1.18e-07	41.2	24	390
ratio2_unmapped_NODE_2720_length_297_cov_1.190083_1	gb|AAC75314.1|ARO:3003578|PmrF	93.5	31	2	0	1	31	37	67	1.08e-12	55.8	31	322
ratio2_unmapped_NODE_2720_length_297_cov_1.190083_2	gb|AAC75314.1|ARO:3003578|PmrF	100	33	0	0	1	33	1	33	6.26e-17	67.8	34	322
ratio2_unmapped_NODE_2757_length_291_cov_0.881356_1	gb|BAE77933.1|ARO:3000518|CRP	97.9	96	2	0	1	96	114	209	4.84e-62	184	96	210
ratio2_unmapped_NODE_2933_length_272_cov_1.276498_1	gb|AAC76297.1|ARO:3000499|AcrE	98.9	90	1	0	1	90	260	349	1.94e-56	175	90	385
ratio2_unmapped_NODE_3051_length_262_cov_1.565217_1	gb|AAC74000.1|ARO:3003950|msbA	100	33	0	0	1	33	1	33	5.21e-19	73.9	33	582
ratio2_unmapped_NODE_3109_length_257_cov_0.930693_1	gb|ACN32294.1|ARO:3000237|TolC	100	85	0	0	1	85	411	495	1.46e-51	165	85	495
ratio2_unmapped_NODE_3184_length_251_cov_2.938776_1	gb|AAC60781.1|ARO:3003048|rosA	91.6	83	7	0	1	83	294	376	2.25e-46	149	83	410
ratio2_unmapped_NODE_3325_length_241_cov_2.870968_1	gb|AAC76297.1|ARO:3000499|AcrE	100	79	0	0	1	79	136	214	3.85e-44	143	79	385
ratio2_unmapped_NODE_3574_length_223_cov_11.738095_1	gb|AAC75089.1|ARO:3003577|ugd	98.6	73	1	0	1	73	97	169	9.50e-43	139	73	388
ratio2_unmapped_NODE_3662_length_218_cov_1.165644_2	gb|BAE78084.1|ARO:3003548|mdtN	100	28	0	0	1	28	1	28	1.47e-10	49.7	28	343
ratio2_unmapped_NODE_3691_length_216_cov_1.788820_1	gb|ACN32294.1|ARO:3000237|TolC	94.4	72	4	0	1	72	334	405	3.53e-34	118	72	495
ratio2_unmapped_NODE_3741_length_213_cov_0.930380_1	gb|AAC75314.1|ARO:3003578|PmrF	97.1	70	2	0	1	70	160	229	2.77e-44	141	70	322
ratio2_unmapped_NODE_3806_length_208_cov_1.313725_1	gb|AAC76093.1|ARO:3002986|bacA	96.2	52	2	0	1	52	1	52	5.95e-28	97.4	52	273
ratio2_unmapped_NODE_3934_length_120_cov_2.907692_1	gb|AAC75089.1|ARO:3003577|ugd	97.4	39	1	0	1	39	153	191	1.22e-19	75.9	39	388
ratio3_Esch_coli_14EC033_NODE_3_length_49635_cov_146.537717_17	gb|BAA11237.1|ARO:3000254|emrY	99.8	512	1	0	1	512	1	512	0.0	989	513	512
ratio3_Esch_coli_14EC033_NODE_3_length_49635_cov_146.537717_18	gb|BAA11236.1|ARO:3000206|emrK	99.1	351	3	0	37	387	1	351	1.43e-245	667	388	351
ratio3_Esch_coli_14EC033_NODE_3_length_49635_cov_146.537717_19	gb|BAB36671.1|ARO:3000832|evgA	100	204	0	0	1	204	1	204	5.82e-144	396	205	204
ratio3_Esch_coli_14EC033_NODE_3_length_49635_cov_146.537717_20	gb|AAC75429.1|ARO:3000833|evgS	98.2	1197	22	0	1	1197	1	1197	0.0	2330	1198	1197
ratio3_Esch_coli_14EC033_NODE_14_length_28191_cov_233.692849_7	gb|AAC76093.1|ARO:3002986|bacA	98.2	273	5	0	1	273	1	273	2.24e-189	517	274	273
ratio3_Esch_coli_14EC033_NODE_15_length_27915_cov_222.538119_1	gb|BAE78083.1|ARO:3003549|mdtO	98.3	407	7	0	1	407	1	407	6.84e-290	793	407	683
ratio3_Esch_coli_14EC033_NODE_15_length_27915_cov_222.538119_2	gb|BAE78084.1|ARO:3003548|mdtN	99.7	343	1	0	1	343	1	343	9.46e-233	632	344	343
ratio3_Esch_coli_14EC033_NODE_28_length_21336_cov_62.959870_12	gb|ABV18113.1|ARO:3001329|mdtG	100	408	0	0	1	408	1	408	7.38e-288	777	409	408
ratio3_Esch_coli_14EC033_NODE_28_length_21336_cov_62.959870_24	gb|AAC74149.2|ARO:3001216|mdtH	100	402	0	0	2	403	1	402	7.14e-290	782	404	402
ratio3_Esch_coli_14EC033_NODE_53_length_17102_cov_91.266968_18	gb|AAC76296.1|ARO:3000656|AcrS	96.2	78	3	0	1	78	143	220	7.74e-51	155	79	220
ratio3_Esch_coli_14EC033_NODE_59_length_16576_cov_71.618667_1	gb|BAE78082.1|ARO:3003550|mdtP	100	105	0	0	1	105	384	488	2.04e-61	191	106	488
ratio3_Esch_coli_14EC033_NODE_60_length_16336_cov_66.967877_11	gb|AFH35853.1|ARO:3001328|Ecol_mdfA	97.1	410	12	0	1	410	1	410	6.22e-281	760	411	410
ratio3_Esch_coli_14EC033_NODE_67_length_16021_cov_55.056871_2	gb|AAC75314.1|ARO:3003578|PmrF	100	322	0	0	1	322	1	322	8.81e-232	628	323	322
ratio3_Esch_coli_14EC033_NODE_80_length_15096_cov_76.360016_7	gb|AAC75733.1|ARO:3000074|emrB	100	512	0	0	1	512	1	512	0.0	998	513	512
ratio3_Esch_coli_14EC033_NODE_80_length_15096_cov_76.360016_8	gb|BAA16547.1|ARO:3000027|emrA	99.7	390	1	0	1	390	1	390	1.03e-262	712	391	390
ratio3_Esch_coli_14EC033_NODE_80_length_15096_cov_76.360016_9	gb|AAC75731.1|ARO:3000516|emrR	100	176	0	0	1	176	1	176	2.27e-125	347	177	176
ratio3_Esch_coli_14EC033_NODE_95_length_13876_cov_393.044715_1	gb|BAE77778.1|ARO:3000508|gadX	98.2	274	5	0	1	274	1	274	2.63e-193	527	275	274
ratio3_Esch_coli_14EC033_NODE_95_length_13876_cov_393.044715_2	gb|ANK04027.1|ARO:3003838|gadW	94.6	242	13	0	1	242	1	242	8.74e-167	457	243	242
ratio3_Esch_coli_14EC033_NODE_95_length_13876_cov_393.044715_4	gb|AAC76539.1|ARO:3000796|mdtF	99.9	1037	1	0	1	1037	1	1037	0.0	1929	1038	1037
ratio3_Esch_coli_14EC033_NODE_95_length_13876_cov_393.044715_5	gb|BAE77781.1|ARO:3000795|mdtE	100	385	0	0	1	385	1	385	7.65e-267	722	386	385
ratio3_Esch_coli_14EC033_NODE_106_length_12734_cov_65.335910_1	gb|BAA16344.1|ARO:3000491|acrD	99.8	521	1	0	1	521	1	521	0.0	971	528	1037
ratio3_Esch_coli_14EC033_NODE_108_length_12678_cov_80.144023_6	gb|ACN32294.1|ARO:3000237|TolC	100	493	0	0	1	493	3	495	0.0	918	494	495
ratio3_Esch_coli_14EC033_NODE_113_length_11929_cov_57.977682_9	gb|BAE78116.1|ARO:3003576|eptA	99.6	547	2	0	1	547	1	547	0.0	1083	548	547
ratio3_Esch_coli_14EC033_NODE_114_length_11832_cov_93.643458_6	gb|AAC73564.1|ARO:3000216|acrB	100	1049	0	0	1	1049	1	1049	0.0	1980	1050	1049
ratio3_Esch_coli_14EC033_NODE_114_length_11832_cov_93.643458_7	gb|AAC73565.1|ARO:3004043|Ecol_acrA	100	397	0	0	1	397	1	397	6.93e-276	746	398	397
ratio3_Esch_coli_14EC033_NODE_129_length_10180_cov_76.344099_7	gb|AAC77110.1|ARO:3004290|Ecol_ampC_BLA	98.4	377	6	0	12	388	1	377	1.81e-282	761	389	377
ratio3_Esch_coli_14EC033_NODE_142_length_9743_cov_71.840421_9	gb|BAE77933.1|ARO:3000518|CRP	99.5	210	1	0	1	210	1	210	1.54e-151	416	211	210
ratio3_Esch_coli_14EC033_NODE_144_length_9539_cov_52.150253_6	gb|AAC73788.1|ARO:3003841|kdpE	99.5	191	1	0	1	191	1	191	5.03e-135	374	192	225
ratio3_Esch_coli_14EC033_NODE_157_length_8920_cov_65.106599_1	gb|AAC76296.1|ARO:3000656|AcrS	100	141	0	0	1	141	1	141	1.12e-98	280	141	220
ratio3_Esch_coli_14EC033_NODE_157_length_8920_cov_65.106599_2	gb|AAC76297.1|ARO:3000499|AcrE	99.7	385	1	0	1	385	1	385	9.73e-270	729	386	385
ratio3_Esch_coli_14EC033_NODE_157_length_8920_cov_65.106599_3	gb|AAC76298.1|ARO:3000502|AcrF	99.6	1034	4	0	1	1034	1	1034	0.0	1926	1035	1034
ratio3_Esch_coli_14EC033_NODE_185_length_7695_cov_48.131283_10	gb|BAB35162.1|ARO:3000676|H-NS	100	137	0	0	1	137	1	137	3.10e-86	245	138	137
ratio3_Esch_coli_14EC033_NODE_190_length_7503_cov_50.030075_5	gb|AAC75271.1|ARO:3003952|YojI	100	547	0	0	1	547	1	547	0.0	1058	548	547
ratio3_Esch_coli_14EC033_NODE_213_length_6550_cov_66.913318_1	gb|AAC77293.1|ARO:3001214|mdtM	97.3	409	11	0	1	409	1	409	1.86e-282	764	411	410
ratio3_Esch_coli_14EC033_NODE_222_length_6360_cov_85.129738_5	gb|BAB38260.1|ARO:3000830|cpxA	99.8	457	1	0	1	457	1	457	0.0	886	458	457
ratio3_Esch_coli_14EC033_NODE_257_length_5229_cov_56.410514_5	gb|BAA15221.2|ARO:3000263|marA	100	127	0	0	1	127	1	127	2.36e-92	259	128	127
ratio3_Esch_coli_14EC033_NODE_298_length_4115_cov_77.389901_3	gb|AAC74000.1|ARO:3003950|msbA	100	582	0	0	1	582	1	582	0.0	1092	583	582
ratio3_Esch_coli_14EC033_NODE_394_length_2385_cov_49.523176_1	gb|AAC75137.1|ARO:3000794|mdtC	99.5	794	4	0	1	794	168	961	0.0	1476	794	1025
ratio3_Esch_coli_14EC033_NODE_419_length_2055_cov_54.213000_1	gb|BAE78083.1|ARO:3003549|mdtO	93.8	289	16	1	1	287	395	683	6.84e-184	519	288	683
ratio3_Esch_coli_14EC033_NODE_419_length_2055_cov_54.213000_2	gb|BAE78082.1|ARO:3003550|mdtP	97.0	361	11	0	1	361	1	361	4.69e-246	673	365	488
ratio3_Esch_coli_14EC033_NODE_428_length_1965_cov_45.345550_1	gb|BAA16344.1|ARO:3000491|acrD	99.6	511	2	0	1	511	527	1037	0.0	989	512	1037
ratio3_Esch_coli_14EC033_NODE_433_length_1921_cov_59.480707_1	gb|BAA15934.1|ARO:3000829|baeS	99.1	226	2	0	1	226	242	467	3.54e-156	438	227	467
ratio3_Esch_coli_14EC033_NODE_433_length_1921_cov_59.480707_2	gb|BAA15935.1|ARO:3000828|baeR	97.9	240	5	0	1	240	1	240	1.41e-171	469	241	240
ratio3_Esch_coli_14EC033_NODE_508_length_1170_cov_16.530045_1	gb|AAC75135.2|ARO:3000792|mdtA	100	187	0	0	1	187	229	415	6.96e-126	358	188	415
ratio3_Esch_coli_14EC033_NODE_508_length_1170_cov_16.530045_2	gb|AAC75136.1|ARO:3000793|mdtB	99.5	187	1	0	1	187	1	187	1.68e-113	344	200	1040
ratio3_Esch_coli_14EC033_NODE_570_length_816_cov_4.406045_1	gb|AAC75136.1|ARO:3000793|mdtB	98.9	92	1	0	2	93	639	730	1.10e-53	176	93	1040
ratio3_Esch_coli_14EC033_NODE_570_length_816_cov_4.406045_2	gb|AAC75136.1|ARO:3000793|mdtB	98.9	182	2	0	1	182	453	634	3.70e-110	335	191	1040
ratio3_Esch_coli_14EC033_NODE_691_length_394_cov_12.085546_1	gb|AAC75137.1|ARO:3000794|mdtC	95.5	22	1	0	1	22	1004	1025	4.79e-09	45.1	23	1025
ratio3_Esch_coli_14EC033_NODE_756_length_291_cov_3.122881_1	gb|AAC75136.1|ARO:3000793|mdtB	91.7	96	8	0	1	96	842	937	8.02e-48	159	96	1040
ratio3_Esch_coli_14EC033_NODE_763_length_276_cov_3.633484_1	gb|AAC75136.1|ARO:3000793|mdtB	100	91	0	0	1	91	285	375	2.13e-49	163	91	1040
ratio3_Esch_coli_2011C-3911_NODE_1_length_225591_cov_80.802324_35	gb|AAC75271.1|ARO:3003952|YojI	99.8	547	1	0	1	547	1	547	0.0	1057	548	547
ratio3_Esch_coli_2011C-3911_NODE_1_length_225591_cov_80.802324_68	gb|AAC75314.1|ARO:3003578|PmrF	100	322	0	0	1	322	1	322	8.81e-232	628	323	322
ratio3_Esch_coli_2011C-3911_NODE_1_length_225591_cov_80.802324_164	gb|BAA11237.1|ARO:3000254|emrY	99.8	512	1	0	1	512	1	512	0.0	991	513	512
ratio3_Esch_coli_2011C-3911_NODE_1_length_225591_cov_80.802324_165	gb|BAA11236.1|ARO:3000206|emrK	99.7	351	1	0	37	387	1	351	6.08e-247	671	388	351
ratio3_Esch_coli_2011C-3911_NODE_1_length_225591_cov_80.802324_166	gb|BAB36671.1|ARO:3000832|evgA	100	204	0	0	1	204	1	204	5.82e-144	396	205	204
ratio3_Esch_coli_2011C-3911_NODE_1_length_225591_cov_80.802324_167	gb|AAC75429.1|ARO:3000833|evgS	99.0	1197	12	0	1	1197	1	1197	0.0	2345	1198	1197
ratio3_Esch_coli_2011C-3911_NODE_4_length_119247_cov_84.345904_11	gb|AAC74000.1|ARO:3003950|msbA	100	582	0	0	1	582	1	582	0.0	1092	583	582
ratio3_Esch_coli_2011C-3911_NODE_4_length_119247_cov_84.345904_82	gb|AFH35853.1|ARO:3001328|Ecol_mdfA	96.1	410	16	0	1	410	1	410	5.95e-279	755	411	410
ratio3_Esch_coli_2011C-3911_NODE_5_length_115986_cov_78.088535_1	gb|AAC75135.2|ARO:3000792|mdtA	99.3	415	3	0	1	415	1	415	1.30e-280	759	416	415
ratio3_Esch_coli_2011C-3911_NODE_5_length_115986_cov_78.088535_2	gb|AAC75136.1|ARO:3000793|mdtB	99.4	1040	6	0	1	1040	1	1040	0.0	1897	1041	1040
ratio3_Esch_coli_2011C-3911_NODE_5_length_115986_cov_78.088535_3	gb|AAC75137.1|ARO:3000794|mdtC	99.8	1025	2	0	1	1025	1	1025	0.0	1908	1026	1025
ratio3_Esch_coli_2011C-3911_NODE_5_length_115986_cov_78.088535_5	gb|BAA15934.1|ARO:3000829|baeS	100	467	0	0	1	467	1	467	0.0	919	468	467
ratio3_Esch_coli_2011C-3911_NODE_5_length_115986_cov_78.088535_6	gb|BAA15935.1|ARO:3000828|baeR	99.6	240	1	0	1	240	1	240	1.26e-174	477	241	240
ratio3_Esch_coli_2011C-3911_NODE_6_length_108445_cov_84.560162_54	gb|BAA16344.1|ARO:3000491|acrD	99.9	1037	1	0	1	1037	1	1037	0.0	1966	1038	1037
ratio3_Esch_coli_2011C-3911_NODE_8_length_106393_cov_81.768531_89	gb|AAC74149.2|ARO:3001216|mdtH	100	402	0	0	1	402	1	402	6.85e-290	782	403	402
ratio3_Esch_coli_2011C-3911_NODE_8_length_106393_cov_81.768531_101	gb|ABV18113.1|ARO:3001329|mdtG	100	408	0	0	1	408	1	408	7.38e-288	777	409	408
ratio3_Esch_coli_2011C-3911_NODE_9_length_106318_cov_76.484185_5	gb|AAC76093.1|ARO:3002986|bacA	99.6	273	1	0	1	273	1	273	6.98e-193	526	274	273
ratio3_Esch_coli_2011C-3911_NODE_9_length_106318_cov_76.484185_25	gb|ACN32294.1|ARO:3000237|TolC	100	493	0	0	1	493	3	495	0.0	918	494	495
ratio3_Esch_coli_2011C-3911_NODE_11_length_104458_cov_72.928249_65	gb|BAE78082.1|ARO:3003550|mdtP	98.2	488	9	0	1	488	1	488	0.0	904	489	488
ratio3_Esch_coli_2011C-3911_NODE_11_length_104458_cov_72.928249_66	gb|BAE78083.1|ARO:3003549|mdtO	99.4	683	4	0	1	683	1	683	0.0	1324	684	683
ratio3_Esch_coli_2011C-3911_NODE_11_length_104458_cov_72.928249_67	gb|BAE78084.1|ARO:3003548|mdtN	99.7	343	1	0	1	343	1	343	1.15e-233	635	344	343
ratio3_Esch_coli_2011C-3911_NODE_11_length_104458_cov_72.928249_94	gb|BAE78116.1|ARO:3003576|eptA	99.6	547	2	0	1	547	1	547	0.0	1083	548	547
ratio3_Esch_coli_2011C-3911_NODE_13_length_93872_cov_76.034770_74	gb|AAC73565.1|ARO:3004043|Ecol_acrA	100	397	0	0	1	397	1	397	6.93e-276	746	398	397
ratio3_Esch_coli_2011C-3911_NODE_13_length_93872_cov_76.034770_75	gb|AAC73564.1|ARO:3000216|acrB	100	1049	0	0	1	1049	1	1049	0.0	1980	1050	1049
ratio3_Esch_coli_2011C-3911_NODE_18_length_72545_cov_75.578080_26	gb|AAC75731.1|ARO:3000516|emrR	100	176	0	0	1	176	1	176	2.27e-125	347	177	176
ratio3_Esch_coli_2011C-3911_NODE_18_length_72545_cov_75.578080_27	gb|BAA16547.1|ARO:3000027|emrA	99.7	390	1	0	1	390	1	390	1.03e-262	712	391	390
ratio3_Esch_coli_2011C-3911_NODE_18_length_72545_cov_75.578080_28	gb|AAC75733.1|ARO:3000074|emrB	100	512	0	0	1	512	1	512	0.0	998	513	512
ratio3_Esch_coli_2011C-3911_NODE_19_length_69642_cov_74.733240_37	gb|BAE77781.1|ARO:3000795|mdtE	100	385	0	0	1	385	1	385	7.65e-267	722	386	385
ratio3_Esch_coli_2011C-3911_NODE_19_length_69642_cov_74.733240_38	gb|AAC76539.1|ARO:3000796|mdtF	99.8	1037	2	0	1	1037	1	1037	0.0	1930	1038	1037
ratio3_Esch_coli_2011C-3911_NODE_19_length_69642_cov_74.733240_40	gb|ANK04027.1|ARO:3003838|gadW	93.8	242	15	0	1	242	1	242	1.45e-165	454	243	242
ratio3_Esch_coli_2011C-3911_NODE_19_length_69642_cov_74.733240_41	gb|BAE77778.1|ARO:3000508|gadX	98.5	274	4	0	1	274	1	274	1.30e-193	528	275	274
ratio3_Esch_coli_2011C-3911_NODE_25_length_61399_cov_71.698944_27	gb|AAC77293.1|ARO:3001214|mdtM	98.3	409	7	0	1	409	1	409	7.91e-284	767	411	410
ratio3_Esch_coli_2011C-3911_NODE_26_length_60597_cov_122.086122_18	gb|BAE77933.1|ARO:3000518|CRP	99.5	210	1	0	1	210	1	210	1.54e-151	416	211	210
ratio3_Esch_coli_2011C-3911_NODE_33_length_48385_cov_64.336747_20	gb|BAA15221.2|ARO:3000263|marA	100	127	0	0	1	127	1	127	2.36e-92	259	128	127
ratio3_Esch_coli_2011C-3911_NODE_49_length_30606_cov_72.302903_20	gb|AAC73788.1|ARO:3003841|kdpE	98.7	224	3	0	1	224	1	224	2.97e-161	442	226	225
ratio3_Esch_coli_2011C-3911_NODE_50_length_29386_cov_87.046981_7	gb|AAC76298.1|ARO:3000502|AcrF	99.5	1034	5	0	1	1034	1	1034	0.0	1924	1035	1034
ratio3_Esch_coli_2011C-3911_NODE_50_length_29386_cov_87.046981_8	gb|AAC76297.1|ARO:3000499|AcrE	100	385	0	0	1	385	1	385	2.39e-270	731	386	385
ratio3_Esch_coli_2011C-3911_NODE_50_length_29386_cov_87.046981_9	gb|AAC76296.1|ARO:3000656|AcrS	99.1	220	2	0	1	220	1	220	4.57e-158	433	221	220
ratio3_Esch_coli_2011C-3911_NODE_67_length_18690_cov_90.237134_11	gb|WP_063860228.1|ARO:3006874|EC-13	98.7	377	5	0	12	388	1	377	3.82e-284	766	389	377
ratio3_Esch_coli_2011C-3911_NODE_68_length_16041_cov_92.902227_1	gb|BAB38260.1|ARO:3000830|cpxA	100	457	0	0	1	457	1	457	0.0	887	458	457
ratio3_Esch_coli_2011C-3911_NODE_71_length_14407_cov_93.713977_3	gb|BAB35162.1|ARO:3000676|H-NS	100	137	0	0	1	137	1	137	3.10e-86	245	138	137
ratio3_Esch_coli_2011C-3911_NODE_360_length_310_cov_3.945098_1	gb|AAC75089.1|ARO:3003577|ugd	99.0	103	1	0	1	103	205	307	1.14e-69	210	103	388
ratio3_Esch_coli_MB19_NODE_3_length_82532_cov_104.199401_10	gb|ACN32294.1|ARO:3000237|TolC	99.8	493	1	0	1	493	3	495	0.0	914	494	495
ratio3_Esch_coli_MB19_NODE_6_length_74905_cov_84.632144_65	gb|AAC75733.1|ARO:3000074|emrB	100	512	0	0	1	512	1	512	0.0	998	513	512
ratio3_Esch_coli_MB19_NODE_6_length_74905_cov_84.632144_66	gb|BAA16547.1|ARO:3000027|emrA	99.7	390	1	0	1	390	1	390	1.03e-262	712	391	390
ratio3_Esch_coli_MB19_NODE_6_length_74905_cov_84.632144_67	gb|AAC75731.1|ARO:3000516|emrR	100	176	0	0	1	176	1	176	2.27e-125	347	177	176
ratio3_Esch_coli_MB19_NODE_11_length_56917_cov_76.327442_15	gb|AAC75314.1|ARO:3003578|PmrF	100	322	0	0	1	322	1	322	8.81e-232	628	323	322
ratio3_Esch_coli_MB19_NODE_12_length_56353_cov_95.560606_9	gb|AAC76298.1|ARO:3000502|AcrF	99.9	1034	1	0	1	1034	1	1034	0.0	1934	1035	1034
ratio3_Esch_coli_MB19_NODE_12_length_56353_cov_95.560606_10	gb|AAC76297.1|ARO:3000499|AcrE	100	385	0	0	1	385	1	385	2.39e-270	731	386	385
ratio3_Esch_coli_MB19_NODE_12_length_56353_cov_95.560606_11	gb|AAC76296.1|ARO:3000656|AcrS	100	220	0	0	1	220	1	220	2.75e-159	436	221	220
ratio3_Esch_coli_MB19_NODE_16_length_52850_cov_76.775149_35	gb|AAC73565.1|ARO:3004043|Ecol_acrA	100	397	0	0	1	397	1	397	6.93e-276	746	398	397
ratio3_Esch_coli_MB19_NODE_16_length_52850_cov_76.775149_36	gb|AAC73564.1|ARO:3000216|acrB	100	1049	0	0	1	1049	1	1049	0.0	1980	1050	1049
ratio3_Esch_coli_MB19_NODE_28_length_34257_cov_89.567481_33	gb|BAB38260.1|ARO:3000830|cpxA	100	457	0	0	1	457	1	457	0.0	887	458	457
ratio3_Esch_coli_MB19_NODE_29_length_33723_cov_92.405934_17	gb|AAC74000.1|ARO:3003950|msbA	100	582	0	0	1	582	1	582	0.0	1092	583	582
ratio3_Esch_coli_MB19_NODE_30_length_32025_cov_77.600125_4	gb|BAA16344.1|ARO:3000491|acrD	99.6	1037	4	0	1	1037	1	1037	0.0	1962	1038	1037
ratio3_Esch_coli_MB19_NODE_37_length_30340_cov_64.849067_34	gb|BAE78084.1|ARO:3003548|mdtN	100	343	0	0	1	343	1	343	8.12e-234	635	344	343
ratio3_Esch_coli_MB19_NODE_37_length_30340_cov_64.849067_35	gb|BAE78083.1|ARO:3003549|mdtO	100	304	0	0	1	304	1	304	8.52e-212	591	304	683
ratio3_Esch_coli_MB19_NODE_38_length_30215_cov_60.065782_1	gb|AAC75429.1|ARO:3000833|evgS	98.0	147	3	0	1	147	1	147	1.01e-93	291	147	1197
ratio3_Esch_coli_MB19_NODE_38_length_30215_cov_60.065782_2	gb|BAB36671.1|ARO:3000832|evgA	100	204	0	0	1	204	1	204	5.82e-144	396	205	204
ratio3_Esch_coli_MB19_NODE_38_length_30215_cov_60.065782_3	gb|BAA11236.1|ARO:3000206|emrK	100	351	0	0	37	387	1	351	4.28e-247	671	388	351
ratio3_Esch_coli_MB19_NODE_38_length_30215_cov_60.065782_4	gb|BAA11237.1|ARO:3000254|emrY	99.4	512	3	0	1	512	1	512	0.0	989	513	512
ratio3_Esch_coli_MB19_NODE_42_length_29090_cov_85.525469_12	gb|AAC74149.2|ARO:3001216|mdtH	100	402	0	0	1	402	1	402	6.85e-290	782	403	402
ratio3_Esch_coli_MB19_NODE_49_length_27924_cov_94.716029_12	gb|BAE77933.1|ARO:3000518|CRP	99.5	210	1	0	1	210	1	210	1.54e-151	416	211	210
ratio3_Esch_coli_MB19_NODE_50_length_27887_cov_85.215938_21	gb|BAE78116.1|ARO:3003576|eptA	99.6	547	2	0	1	547	1	547	0.0	1083	548	547
ratio3_Esch_coli_MB19_NODE_71_length_22109_cov_82.475832_1	gb|AAC75135.2|ARO:3000792|mdtA	99.0	415	4	0	1	415	1	415	1.77e-278	754	416	415
ratio3_Esch_coli_MB19_NODE_71_length_22109_cov_82.475832_2	gb|AAC75136.1|ARO:3000793|mdtB	99.9	1040	1	0	1	1040	1	1040	0.0	1903	1041	1040
ratio3_Esch_coli_MB19_NODE_71_length_22109_cov_82.475832_3	gb|AAC75137.1|ARO:3000794|mdtC	99.7	1025	3	0	1	1025	1	1025	0.0	1904	1026	1025
ratio3_Esch_coli_MB19_NODE_71_length_22109_cov_82.475832_5	gb|BAA15934.1|ARO:3000829|baeS	100	467	0	0	1	467	1	467	0.0	919	468	467
ratio3_Esch_coli_MB19_NODE_71_length_22109_cov_82.475832_6	gb|BAA15935.1|ARO:3000828|baeR	100	240	0	0	1	240	1	240	1.53e-175	479	241	240
ratio3_Esch_coli_MB19_NODE_79_length_20188_cov_74.904038_14	gb|AAC73788.1|ARO:3003841|kdpE	98.7	76	1	0	1	76	150	225	2.51e-52	159	77	225
ratio3_Esch_coli_MB19_NODE_79_length_20188_cov_74.904038_15	gb|AAC73788.1|ARO:3003841|kdpE	99.1	115	1	0	1	115	1	115	7.89e-77	223	116	225
ratio3_Esch_coli_MB19_NODE_90_length_16514_cov_84.327237_1	gb|BAE78083.1|ARO:3003549|mdtO	100	308	0	0	1	308	376	683	5.53e-214	597	309	683
ratio3_Esch_coli_MB19_NODE_90_length_16514_cov_84.327237_2	gb|BAE78082.1|ARO:3003550|mdtP	100	488	0	0	1	488	1	488	0.0	922	489	488
ratio3_Esch_coli_MB19_NODE_104_length_12900_cov_108.595874_3	gb|AAC77293.1|ARO:3001214|mdtM	97.5	403	10	0	17	419	8	410	4.05e-277	751	420	410
ratio3_Esch_coli_MB19_NODE_105_length_12822_cov_71.678781_10	gb|AAC75429.1|ARO:3000833|evgS	100	1046	0	0	1	1046	152	1197	0.0	2076	1047	1197
ratio3_Esch_coli_MB19_NODE_109_length_12530_cov_71.760641_9	gb|BAE77781.1|ARO:3000795|mdtE	100	385	0	0	1	385	1	385	7.65e-267	722	386	385
ratio3_Esch_coli_MB19_NODE_109_length_12530_cov_71.760641_10	gb|AAC76539.1|ARO:3000796|mdtF	100	1037	0	0	1	1037	1	1037	0.0	1932	1038	1037
ratio3_Esch_coli_MB19_NODE_109_length_12530_cov_71.760641_11	gb|ANK04027.1|ARO:3003838|gadW	94.6	242	13	0	1	242	1	242	8.74e-167	457	243	242
ratio3_Esch_coli_MB19_NODE_109_length_12530_cov_71.760641_12	gb|BAE77778.1|ARO:3000508|gadX	99.6	274	1	0	1	274	1	274	1.66e-196	535	275	274
ratio3_Esch_coli_MB19_NODE_122_length_10683_cov_89.465092_8	gb|AAC77110.1|ARO:3004290|Ecol_ampC_BLA	97.9	377	8	0	1	377	1	377	3.89e-281	758	378	377
ratio3_Esch_coli_MB19_NODE_144_length_8202_cov_69.116853_5	gb|AFH35853.1|ARO:3001328|Ecol_mdfA	96.8	410	13	0	1	410	1	410	2.53e-280	758	411	410
ratio3_Esch_coli_MB19_NODE_147_length_8027_cov_94.665454_3	gb|BAB35162.1|ARO:3000676|H-NS	100	137	0	0	1	137	1	137	3.10e-86	245	138	137
ratio3_Esch_coli_MB19_NODE_156_length_7385_cov_65.700273_6	gb|BAA15221.2|ARO:3000263|marA	100	127	0	0	1	127	1	127	2.36e-92	259	128	127
ratio3_Esch_coli_MB19_NODE_193_length_4322_cov_72.067729_2	gb|AAC75271.1|ARO:3003952|YojI	99.6	547	2	0	1	547	1	547	0.0	1055	548	547
ratio3_Esch_coli_MB19_NODE_218_length_3232_cov_65.708530_4	gb|AAC76093.1|ARO:3002986|bacA	100	273	0	0	1	273	1	273	2.44e-193	527	274	273
ratio3_Esch_coli_MB19_NODE_330_length_1029_cov_59.239220_1	gb|ABV18113.1|ARO:3001329|mdtG	100	342	0	0	1	342	30	371	5.03e-234	638	342	408
ratio3_Esch_coli_MB19_NODE_392_length_629_cov_10.550523_2	gb|AAC75089.1|ARO:3003577|ugd	100	54	0	0	1	54	1	54	4.95e-30	105	58	388
ratio3_Esch_coli_TUM20902_NODE_1_length_314982_cov_72.745643_8	gb|AAC76298.1|ARO:3000502|AcrF	99.4	1034	6	0	1	1034	1	1034	0.0	1923	1035	1034
ratio3_Esch_coli_TUM20902_NODE_1_length_314982_cov_72.745643_9	gb|AAC76297.1|ARO:3000499|AcrE	99.5	385	2	0	1	385	1	385	7.99e-269	727	386	385
ratio3_Esch_coli_TUM20902_NODE_1_length_314982_cov_72.745643_10	gb|AAC76296.1|ARO:3000656|AcrS	97.7	220	5	0	1	220	1	220	3.09e-156	429	221	220
ratio3_Esch_coli_TUM20902_NODE_1_length_314982_cov_72.745643_203	gb|AAC76093.1|ARO:3002986|bacA	99.6	273	1	0	1	273	1	273	6.98e-193	526	274	273
ratio3_Esch_coli_TUM20902_NODE_1_length_314982_cov_72.745643_222	gb|ACN32294.1|ARO:3000237|TolC	99.8	493	1	0	1	493	3	495	0.0	916	494	495
ratio3_Esch_coli_TUM20902_NODE_2_length_235896_cov_59.144568_27	gb|AAC75135.2|ARO:3000792|mdtA	99.5	415	2	0	41	455	1	415	1.50e-278	756	456	415
ratio3_Esch_coli_TUM20902_NODE_2_length_235896_cov_59.144568_28	gb|AAC75136.1|ARO:3000793|mdtB	99.5	1040	5	0	1	1040	1	1040	0.0	1897	1041	1040
ratio3_Esch_coli_TUM20902_NODE_2_length_235896_cov_59.144568_29	gb|AAC75137.1|ARO:3000794|mdtC	99.7	1025	3	0	1	1025	1	1025	0.0	1907	1026	1025
ratio3_Esch_coli_TUM20902_NODE_2_length_235896_cov_59.144568_31	gb|BAA15934.1|ARO:3000829|baeS	99.4	467	3	0	1	467	1	467	0.0	912	468	467
ratio3_Esch_coli_TUM20902_NODE_2_length_235896_cov_59.144568_32	gb|BAA15935.1|ARO:3000828|baeR	100	240	0	0	1	240	1	240	1.53e-175	479	241	240
ratio3_Esch_coli_TUM20902_NODE_2_length_235896_cov_59.144568_160	gb|AAC75271.1|ARO:3003952|YojI	99.5	547	3	0	1	547	1	547	0.0	1057	548	547
ratio3_Esch_coli_TUM20902_NODE_4_length_189730_cov_60.708918_95	gb|ABV18113.1|ARO:3001329|mdtG	99.8	408	1	0	1	408	1	408	1.74e-286	774	409	408
ratio3_Esch_coli_TUM20902_NODE_4_length_189730_cov_60.708918_107	gb|AAC74149.2|ARO:3001216|mdtH	100	402	0	0	1	402	1	402	6.85e-290	782	403	402
ratio3_Esch_coli_TUM20902_NODE_6_length_169711_cov_61.025057_25	gb|AAC73565.1|ARO:3004043|Ecol_acrA	99.7	397	1	0	1	397	1	397	1.15e-274	743	398	397
ratio3_Esch_coli_TUM20902_NODE_6_length_169711_cov_61.025057_26	gb|AAC73564.1|ARO:3000216|acrB	99.9	1049	1	0	1	1049	1	1049	0.0	1977	1050	1049
ratio3_Esch_coli_TUM20902_NODE_7_length_167016_cov_56.199526_37	gb|BAE77778.1|ARO:3000508|gadX	95.6	274	12	0	1	274	1	274	3.29e-187	511	275	274
ratio3_Esch_coli_TUM20902_NODE_7_length_167016_cov_56.199526_38	gb|ANK04027.1|ARO:3003838|gadW	95.9	242	10	0	1	242	1	242	5.27e-168	460	243	242
ratio3_Esch_coli_TUM20902_NODE_7_length_167016_cov_56.199526_40	gb|AAC76539.1|ARO:3000796|mdtF	99.7	1037	3	0	1	1037	1	1037	0.0	1930	1038	1037
ratio3_Esch_coli_TUM20902_NODE_7_length_167016_cov_56.199526_41	gb|BAE77781.1|ARO:3000795|mdtE	99.7	385	1	0	1	385	1	385	1.09e-266	722	386	385
ratio3_Esch_coli_TUM20902_NODE_8_length_142514_cov_67.125138_83	gb|BAA15221.2|ARO:3000263|marA	100	127	0	0	1	127	1	127	2.36e-92	259	128	127
ratio3_Esch_coli_TUM20902_NODE_9_length_135337_cov_56.540294_99	gb|AFH35853.1|ARO:3001328|Ecol_mdfA	96.1	410	16	0	1	410	1	410	9.85e-278	752	411	410
ratio3_Esch_coli_TUM20902_NODE_10_length_133182_cov_60.984999_72	gb|AAC73788.1|ARO:3003841|kdpE	98.7	225	3	0	1	225	1	225	1.21e-160	440	226	225
ratio3_Esch_coli_TUM20902_NODE_14_length_109460_cov_61.189872_15	gb|AAC75314.1|ARO:3003578|PmrF	99.7	322	1	0	1	322	1	322	7.24e-231	626	323	322
ratio3_Esch_coli_TUM20902_NODE_16_length_100866_cov_62.385057_20	gb|BAE77933.1|ARO:3000518|CRP	99.5	210	1	0	1	210	1	210	1.54e-151	416	211	210
ratio3_Esch_coli_TUM20902_NODE_17_length_98091_cov_62.727121_55	gb|BAA16344.1|ARO:3000491|acrD	99.8	1037	2	0	1	1037	1	1037	0.0	1964	1038	1037
ratio3_Esch_coli_TUM20902_NODE_18_length_97853_cov_57.338054_6	gb|AAC75733.1|ARO:3000074|emrB	100	512	0	0	1	512	1	512	0.0	998	513	512
ratio3_Esch_coli_TUM20902_NODE_18_length_97853_cov_57.338054_7	gb|BAA16547.1|ARO:3000027|emrA	99.7	390	1	0	1	390	1	390	1.03e-262	712	391	390
ratio3_Esch_coli_TUM20902_NODE_18_length_97853_cov_57.338054_8	gb|AAC75731.1|ARO:3000516|emrR	100	176	0	0	1	176	1	176	2.27e-125	347	177	176
ratio3_Esch_coli_TUM20902_NODE_24_length_73395_cov_61.688574_39	gb|BAB38260.1|ARO:3000830|cpxA	99.8	457	1	0	1	457	1	457	0.0	884	458	457
ratio3_Esch_coli_TUM20902_NODE_28_length_65565_cov_61.636742_11	gb|WP_063860454.1|ARO:3006881|EC-8	98.7	377	5	0	12	388	1	377	1.49e-281	759	389	377
ratio3_Esch_coli_TUM20902_NODE_28_length_65565_cov_61.636742_49	gb|BAE78116.1|ARO:3003576|eptA	99.6	547	2	0	1	547	1	547	0.0	1082	548	547
ratio3_Esch_coli_TUM20902_NODE_32_length_56141_cov_62.937792_23	gb|AAC74000.1|ARO:3003950|msbA	99.8	582	1	0	1	582	1	582	0.0	1093	583	582
ratio3_Esch_coli_TUM20902_NODE_34_length_46355_cov_53.418618_27	gb|AAC75429.1|ARO:3000833|evgS	97.6	1197	29	0	1	1197	1	1197	0.0	2318	1198	1197
ratio3_Esch_coli_TUM20902_NODE_34_length_46355_cov_53.418618_28	gb|BAB36671.1|ARO:3000832|evgA	100	204	0	0	1	204	1	204	5.82e-144	396	205	204
ratio3_Esch_coli_TUM20902_NODE_34_length_46355_cov_53.418618_29	gb|BAA11236.1|ARO:3000206|emrK	99.1	351	3	0	37	387	1	351	1.01e-245	667	388	351
ratio3_Esch_coli_TUM20902_NODE_34_length_46355_cov_53.418618_30	gb|BAA11237.1|ARO:3000254|emrY	100	512	0	0	1	512	1	512	0.0	991	513	512
ratio3_Esch_coli_TUM20902_NODE_42_length_31774_cov_61.454270_10	gb|AAC75089.1|ARO:3003577|ugd	100	388	0	0	1	388	1	388	2.63e-280	756	389	388
ratio3_Esch_coli_TUM20902_NODE_49_length_18833_cov_58.097667_20	gb|BAE78084.1|ARO:3003548|mdtN	100	343	0	0	1	343	1	343	8.12e-234	635	344	343
ratio3_Esch_coli_TUM20902_NODE_49_length_18833_cov_58.097667_21	gb|BAE78083.1|ARO:3003549|mdtO	97.8	683	15	0	1	683	1	683	0.0	1311	684	683
ratio3_Esch_coli_TUM20902_NODE_49_length_18833_cov_58.097667_22	gb|BAE78082.1|ARO:3003550|mdtP	98.3	242	4	0	1	242	1	242	1.58e-163	459	258	488
ratio3_Esch_coli_TUM20902_NODE_51_length_15958_cov_54.838835_10	gb|BAB35162.1|ARO:3000676|H-NS	100	137	0	0	1	137	1	137	3.10e-86	245	138	137
ratio3_Esch_coli_TUM20902_NODE_53_length_14560_cov_64.549121_1	gb|BAE78082.1|ARO:3003550|mdtP	97.9	242	5	0	1	242	247	488	7.20e-158	444	243	488
ratio3_unmapped_NODE_26_length_10176_cov_33.975793_12	gb|AAC75089.1|ARO:3003577|ugd	99.3	292	2	0	1	292	97	388	1.44e-206	566	293	388
ratio3_unmapped_NODE_28_length_10018_cov_9.281843_7	gb|ADG84870.1|ARO:3002858|dfrA12	100	165	0	0	1	165	1	165	3.55e-119	330	166	165
ratio3_unmapped_NODE_28_length_10018_cov_9.281843_8	gb|AAF27727.1|ARO:3002602|aadA2	100	259	0	0	1	259	1	259	5.13e-188	512	260	259
ratio3_unmapped_NODE_28_length_10018_cov_9.281843_9	gb|AAA26057.1|ARO:3002693|cmlA1	99.8	419	1	0	1	419	1	419	1.85e-298	805	420	419
ratio3_unmapped_NODE_69_length_5903_cov_7.409884_3	gb|AKF16168.1|ARO:3003689|MCR-1.1	100	541	0	0	1	541	1	541	0.0	1063	542	541
ratio3_unmapped_NODE_71_length_5867_cov_5.255162_1	gb|AAC75136.1|ARO:3000793|mdtB	99.4	955	6	0	1	955	86	1040	0.0	1737	956	1040
ratio3_unmapped_NODE_71_length_5867_cov_5.255162_2	gb|AAC75137.1|ARO:3000794|mdtC	99.3	999	7	0	1	999	1	999	0.0	1847	999	1025
ratio3_unmapped_NODE_92_length_5037_cov_57.118226_5	gb|ABF47469.1|ARO:3002790|QnrS1	100	218	0	0	1	218	1	218	2.87e-112	317	219	218
ratio3_unmapped_NODE_127_length_3981_cov_6.802089_1	gb|ABK33456.1|ARO:3002639|APH(3'')-Ib	99.3	267	2	0	1	267	1	267	1.27e-201	547	268	267
ratio3_unmapped_NODE_127_length_3981_cov_6.802089_2	gb|AAC23556.1|ARO:3002660|APH(6)-Id	99.3	278	2	0	1	278	1	278	5.61e-206	559	279	278
ratio3_unmapped_NODE_127_length_3981_cov_6.802089_3	gb|CAD09800.1|ARO:3000873|TEM-1	100	286	0	0	1	286	1	286	3.79e-208	565	287	286
ratio3_unmapped_NODE_132_length_3933_cov_25.095410_2	gb|AAL02127.1|ARO:3001878|CTX-M-15	100	291	0	0	1	291	1	291	4.22e-203	553	292	291
ratio3_unmapped_NODE_166_length_3327_cov_10.121333_3	gb|AAG16656.1|ARO:3002705|floR	99.5	404	2	0	1	404	1	404	2.07e-276	748	405	404
ratio3_unmapped_NODE_178_length_3191_cov_6.276467_2	gb|BAB82500.1|ARO:3000186|tet(M)	96.1	639	25	0	1	639	1	639	0.0	1224	640	639
ratio3_unmapped_NODE_185_length_3063_cov_34.845745_2	gb|AAN06707.1|ARO:3000165|tet(A)	99.7	390	1	0	1	390	26	415	5.32e-278	753	400	424
ratio3_unmapped_NODE_195_length_2994_cov_7.308949_1	gb|ACJ63260.1|ARO:3000413|sul3	100	263	0	0	1	263	1	263	1.41e-187	511	264	263
ratio3_unmapped_NODE_195_length_2994_cov_7.308949_6	gb|ACJ63262.1|ARO:3003107|mef(B)	100	84	0	0	1	84	326	409	6.17e-51	161	85	409
ratio3_unmapped_NODE_283_length_2280_cov_7.148764_3	gb|AAC76093.1|ARO:3002986|bacA	100	174	0	0	1	174	100	273	6.62e-119	334	175	273
ratio3_unmapped_NODE_384_length_1857_cov_4.910100_2	gb|ABV18113.1|ARO:3001329|mdtG	100	408	0	0	1	408	1	408	7.38e-288	777	409	408
ratio3_unmapped_NODE_389_length_1837_cov_2.452301_2	gb|ABS70977.1|ARO:3004623|AAC(3)-IId	99.7	286	1	0	1	286	1	286	1.01e-212	577	287	286
ratio3_unmapped_NODE_390_length_1832_cov_4.038267_1	gb|BAA03776.1|ARO:3000316|mphA	100	301	0	0	1	301	1	301	8.38e-218	591	305	301
ratio3_unmapped_NODE_393_length_1817_cov_25.185585_2	gb|AAC75089.1|ARO:3003577|ugd	100	113	0	0	1	113	1	113	7.41e-74	221	113	388
ratio3_unmapped_NODE_395_length_1814_cov_5.908471_1	gb|BAE78083.1|ARO:3003549|mdtO	99.5	575	3	0	1	575	34	608	0.0	1117	582	683
ratio3_unmapped_NODE_400_length_1799_cov_3.271216_4	gb|AAC76296.1|ARO:3000656|AcrS	100	113	0	0	1	113	108	220	1.13e-79	230	114	220
ratio3_unmapped_NODE_444_length_1702_cov_3.147541_1	gb|AAC73788.1|ARO:3003841|kdpE	99.6	224	1	0	1	224	1	224	4.73e-162	444	224	225
ratio3_unmapped_NODE_505_length_1563_cov_4.814324_1	gb|BAA16344.1|ARO:3000491|acrD	100	520	0	0	1	520	394	913	0.0	990	520	1037
ratio3_unmapped_NODE_535_length_1485_cov_3.245455_3	gb|AAC75271.1|ARO:3003952|YojI	94.8	58	3	0	1	58	1	58	1.21e-27	99.8	58	547
ratio3_unmapped_NODE_563_length_1425_cov_18.302920_1	gb|CAA26199.1|ARO:3004089|ANT(3'')-IIa	100	266	0	0	2	267	58	323	1.98e-191	524	268	323
ratio3_unmapped_NODE_563_length_1425_cov_18.302920_2	gb|AAZ42322.1|ARO:3005098|qacL	93.6	110	7	0	1	110	1	110	4.37e-71	204	111	110
ratio3_unmapped_NODE_736_length_1174_cov_2.484361_2	gb|BAA15935.1|ARO:3000828|baeR	98.8	168	2	0	1	168	73	240	6.73e-119	333	169	240
ratio3_unmapped_NODE_737_length_1174_cov_2.287757_1	gb|AAC74149.2|ARO:3001216|mdtH	100	358	0	0	1	358	45	402	3.36e-258	700	359	402
ratio3_unmapped_NODE_752_length_1151_cov_6.355839_2	gb|BAB38260.1|ARO:3000830|cpxA	100	222	0	0	1	222	236	457	1.76e-155	436	223	457
ratio3_unmapped_NODE_876_length_1032_cov_20.516888_1	gb|AAC75089.1|ARO:3003577|ugd	99.0	292	3	0	1	292	97	388	2.39e-205	563	293	388
ratio3_unmapped_NODE_1001_length_914_cov_5.461001_1	gb|AAC75429.1|ARO:3000833|evgS	99.3	304	2	0	1	304	56	359	6.76e-208	598	304	1197
ratio3_unmapped_NODE_1035_length_887_cov_2.858173_1	gb|AAC75135.2|ARO:3000792|mdtA	99.0	295	3	0	1	295	69	363	6.24e-201	553	295	415
ratio3_unmapped_NODE_1057_length_866_cov_19.879162_1	gb|AAL59753.1|ARO:3000412|sul2	100	271	0	0	7	277	1	271	1.35e-186	510	278	271
ratio3_unmapped_NODE_1086_length_848_cov_1.815889_1	gb|BAA16547.1|ARO:3000027|emrA	100	282	0	0	1	282	66	347	4.54e-196	539	282	390
ratio3_unmapped_NODE_1215_length_764_cov_2.430183_1	gb|AAC76298.1|ARO:3000502|AcrF	99.2	254	2	0	1	254	571	824	9.59e-173	500	254	1034
ratio3_unmapped_NODE_1257_length_740_cov_1.740146_1	gb|ACN32294.1|ARO:3000237|TolC	100	246	0	0	1	246	61	306	4.59e-166	465	246	495
ratio3_unmapped_NODE_1443_length_643_cov_2.282313_1	gb|BAB35162.1|ARO:3000676|H-NS	100	38	0	0	1	38	1	38	1.43e-19	72.0	38	137
ratio3_unmapped_NODE_1460_length_638_cov_2.504288_1	gb|BAE78082.1|ARO:3003550|mdtP	97.6	212	5	0	1	212	190	401	2.31e-140	398	212	488
ratio3_unmapped_NODE_1502_length_621_cov_1.563604_1	gb|AFH35853.1|ARO:3001328|Ecol_mdfA	98.1	206	4	0	1	206	198	403	1.81e-132	375	206	410
ratio3_unmapped_NODE_1537_length_609_cov_1.613718_1	gb|BAA15934.1|ARO:3000829|baeS	98.0	202	4	0	1	202	253	454	5.58e-136	386	202	467
ratio3_unmapped_NODE_1700_length_541_cov_2.370370_1	gb|AAC75136.1|ARO:3000793|mdtB	100	134	0	0	1	134	1	134	1.03e-79	250	134	1040
ratio3_unmapped_NODE_1700_length_541_cov_2.370370_2	gb|AAC75135.2|ARO:3000792|mdtA	93.3	45	3	0	1	45	371	415	5.02e-20	77.4	46	415
ratio3_unmapped_NODE_1716_length_535_cov_2.597917_2	gb|AAC74149.2|ARO:3001216|mdtH	100	42	0	0	1	42	1	42	1.67e-21	81.3	42	402
ratio3_unmapped_NODE_1797_length_500_cov_0.853933_1	gb|BAA15934.1|ARO:3000829|baeS	100	28	0	0	1	28	1	28	3.15e-14	60.1	28	467
ratio3_unmapped_NODE_1886_length_469_cov_1.285024_1	gb|BAA11236.1|ARO:3000206|emrK	100	110	0	0	1	110	242	351	1.11e-72	217	111	351
ratio3_unmapped_NODE_2066_length_425_cov_2.329730_1	gb|BAA15221.2|ARO:3000263|marA	100	48	0	0	1	48	80	127	2.82e-33	107	49	127
ratio3_unmapped_NODE_2076_length_423_cov_1.559783_1	gb|BAA16344.1|ARO:3000491|acrD	100	29	0	0	1	29	1009	1037	4.65e-14	59.7	30	1037
ratio3_unmapped_NODE_2400_length_363_cov_1.350649_1	gb|BAA15221.2|ARO:3000263|marA	100	76	0	0	1	76	1	76	2.74e-50	151	76	127
ratio3_unmapped_NODE_2420_length_359_cov_0.937500_1	gb|AAC74000.1|ARO:3003950|msbA	95.8	119	5	0	1	119	47	165	2.24e-73	225	119	582
ratio3_unmapped_NODE_2499_length_346_cov_1.649485_1	gb|AAC77110.1|ARO:3004290|Ecol_ampC_BLA	100	92	0	0	23	114	1	92	3.47e-61	188	114	377
ratio3_unmapped_NODE_2700_length_319_cov_0.875000_1	gb|BAA11237.1|ARO:3000254|emrY	100	106	0	0	1	106	355	460	1.29e-68	211	106	512
ratio3_unmapped_NODE_2875_length_297_cov_1.190083_2	gb|AAC75314.1|ARO:3003578|PmrF	100	33	0	0	1	33	1	33	6.26e-17	67.8	34	322
ratio3_unmapped_NODE_2875_length_297_cov_1.190083_3	gb|AAC75314.1|ARO:3003578|PmrF	93.5	31	2	0	1	31	37	67	1.08e-12	55.8	31	322
ratio3_unmapped_NODE_2945_length_289_cov_1.448718_1	gb|AAC75733.1|ARO:3000074|emrB	100	51	0	0	1	51	1	51	4.62e-25	92.0	51	512
ratio3_unmapped_NODE_2945_length_289_cov_1.448718_2	gb|BAA16547.1|ARO:3000027|emrA	100	38	0	0	1	38	353	390	2.15e-18	72.4	39	390
ratio3_unmapped_NODE_3063_length_278_cov_1.811659_1	gb|AAC77110.1|ARO:3004290|Ecol_ampC_BLA	100	92	0	0	1	92	198	289	4.93e-65	197	92	377
ratio3_unmapped_NODE_3186_length_270_cov_0.893023_1	gb|BAA11236.1|ARO:3000206|emrK	100	90	0	0	1	90	145	234	2.68e-58	179	90	351
ratio3_unmapped_NODE_3237_length_267_cov_0.905660_1	gb|BAA11237.1|ARO:3000254|emrY	100	54	0	0	1	54	459	512	5.91e-30	105	55	512
ratio3_unmapped_NODE_3271_length_264_cov_1.708134_1	gb|BAB36671.1|ARO:3000832|evgA	100	57	0	0	1	57	148	204	2.22e-35	115	58	204
ratio3_unmapped_NODE_3298_length_262_cov_1.565217_1	gb|AAC74000.1|ARO:3003950|msbA	100	33	0	0	1	33	1	33	5.21e-19	73.9	33	582
ratio3_unmapped_NODE_3477_length_251_cov_1.918367_1	gb|AAC60781.1|ARO:3003048|rosA	90.4	83	8	0	1	83	294	376	4.79e-45	146	83	410
ratio3_unmapped_NODE_3561_length_246_cov_1.973822_1	gb|BAE78082.1|ARO:3003550|mdtP	100	28	0	0	1	28	1	28	8.72e-12	53.1	28	488
ratio3_unmapped_NODE_3561_length_246_cov_1.973822_2	gb|BAE78083.1|ARO:3003549|mdtO	100	53	0	0	1	53	631	683	6.37e-31	108	54	683
ratio3_unmapped_NODE_3565_length_246_cov_1.345550_1	gb|AAC75733.1|ARO:3000074|emrB	100	81	0	0	1	81	332	412	5.98e-52	166	81	512
ratio3_unmapped_NODE_3783_length_233_cov_2.157303_1	gb|AAC76297.1|ARO:3000499|AcrE	100	77	0	0	1	77	38	114	1.78e-48	154	77	385
ratio3_unmapped_NODE_3833_length_230_cov_2.194286_1	gb|BAA11237.1|ARO:3000254|emrY	100	59	0	0	1	59	295	353	4.66e-36	122	59	512
ratio3_unmapped_NODE_4059_length_218_cov_1.177914_1	gb|AAC75733.1|ARO:3000074|emrB	100	72	0	0	1	72	49	120	2.91e-44	145	72	512
ratio3_unmapped_NODE_4066_length_218_cov_1.165644_2	gb|BAE78084.1|ARO:3003548|mdtN	100	28	0	0	1	28	1	28	1.47e-10	49.7	28	343
ratio3_unmapped_NODE_4080_length_217_cov_1.185185_1	gb|AAC75733.1|ARO:3000074|emrB	100	67	0	0	1	67	446	512	2.60e-41	137	68	512
ratio3_unmapped_NODE_4096_length_216_cov_1.739130_1	gb|BAE78116.1|ARO:3003576|eptA	100	71	0	0	1	71	299	369	1.01e-49	160	71	547
ratio3_unmapped_NODE_4152_length_213_cov_0.930380_1	gb|AAC75314.1|ARO:3003578|PmrF	97.1	70	2	0	1	70	160	229	2.77e-44	141	70	322
ratio3_unmapped_NODE_4229_length_208_cov_1.797386_1	gb|BAE78116.1|ARO:3003576|eptA	100	69	0	0	1	69	129	197	2.69e-38	129	69	547
ratio3_unmapped_NODE_4234_length_208_cov_1.313725_1	gb|AAC76093.1|ARO:3002986|bacA	96.2	52	2	0	1	52	1	52	5.95e-28	97.4	52	273
ratio3_unmapped_NODE_4251_length_207_cov_1.263158_1	gb|AAC75271.1|ARO:3003952|YojI	97.1	68	2	0	1	68	103	170	3.07e-34	118	68	547
ratio4_Esch_coli_14EC033_NODE_12_length_21323_cov_31.578710_1	gb|AAC74149.2|ARO:3001216|mdtH	100	402	0	0	2	403	1	402	7.14e-290	782	404	402
ratio4_Esch_coli_14EC033_NODE_12_length_21323_cov_31.578710_13	gb|ABV18113.1|ARO:3001329|mdtG	100	408	0	0	1	408	1	408	7.38e-288	777	409	408
ratio4_Esch_coli_14EC033_NODE_32_length_16502_cov_117.884964_1	gb|BAE78083.1|ARO:3003549|mdtO	98.3	407	7	0	1	407	1	407	6.84e-290	793	407	683
ratio4_Esch_coli_14EC033_NODE_32_length_16502_cov_117.884964_2	gb|BAE78084.1|ARO:3003548|mdtN	99.7	343	1	0	1	343	1	343	9.46e-233	632	344	343
ratio4_Esch_coli_14EC033_NODE_33_length_16458_cov_47.782723_12	gb|AFH35853.1|ARO:3001328|Ecol_mdfA	97.1	410	12	0	1	410	1	410	6.22e-281	760	411	410
ratio4_Esch_coli_14EC033_NODE_36_length_16294_cov_37.571033_8	gb|AAC75731.1|ARO:3000516|emrR	100	176	0	0	1	176	1	176	2.27e-125	347	177	176
ratio4_Esch_coli_14EC033_NODE_36_length_16294_cov_37.571033_9	gb|BAA16547.1|ARO:3000027|emrA	99.7	390	1	0	1	390	1	390	1.03e-262	712	391	390
ratio4_Esch_coli_14EC033_NODE_36_length_16294_cov_37.571033_10	gb|AAC75733.1|ARO:3000074|emrB	100	512	0	0	1	512	1	512	0.0	998	513	512
ratio4_Esch_coli_14EC033_NODE_45_length_14490_cov_14.012123_6	gb|AAC75429.1|ARO:3000833|evgS	97.9	1197	25	0	1	1197	1	1197	0.0	2324	1198	1197
ratio4_Esch_coli_14EC033_NODE_45_length_14490_cov_14.012123_7	gb|BAB36671.1|ARO:3000832|evgA	100	204	0	0	1	204	1	204	5.82e-144	396	205	204
ratio4_Esch_coli_14EC033_NODE_45_length_14490_cov_14.012123_8	gb|BAA11236.1|ARO:3000206|emrK	99.1	351	3	0	37	387	1	351	1.43e-245	667	388	351
ratio4_Esch_coli_14EC033_NODE_45_length_14490_cov_14.012123_9	gb|BAA11237.1|ARO:3000254|emrY	99.8	512	1	0	1	512	1	512	0.0	989	513	512
ratio4_Esch_coli_14EC033_NODE_49_length_14002_cov_37.788485_5	gb|BAE77933.1|ARO:3000518|CRP	99.5	210	1	0	1	210	1	210	1.54e-151	416	211	210
ratio4_Esch_coli_14EC033_NODE_85_length_11127_cov_59.815932_9	gb|ACN32294.1|ARO:3000237|TolC	100	493	0	0	1	493	3	495	0.0	918	494	495
ratio4_Esch_coli_14EC033_NODE_100_length_10114_cov_34.089572_1	gb|AAC76296.1|ARO:3000656|AcrS	100	141	0	0	1	141	1	141	1.12e-98	280	141	220
ratio4_Esch_coli_14EC033_NODE_100_length_10114_cov_34.089572_2	gb|AAC76297.1|ARO:3000499|AcrE	99.7	385	1	0	1	385	1	385	9.73e-270	729	386	385
ratio4_Esch_coli_14EC033_NODE_100_length_10114_cov_34.089572_3	gb|AAC76298.1|ARO:3000502|AcrF	99.6	1034	4	0	1	1034	1	1034	0.0	1926	1035	1034
ratio4_Esch_coli_14EC033_NODE_132_length_9119_cov_46.002317_7	gb|AAC77110.1|ARO:3004290|Ecol_ampC_BLA	98.4	377	6	0	12	388	1	377	1.81e-282	761	389	377
ratio4_Esch_coli_14EC033_NODE_135_length_8932_cov_35.755999_9	gb|BAE78082.1|ARO:3003550|mdtP	100	106	0	0	1	106	383	488	3.86e-62	193	107	488
ratio4_Esch_coli_14EC033_NODE_139_length_8775_cov_76.527294_3	gb|AAC73565.1|ARO:3004043|Ecol_acrA	100	397	0	0	1	397	1	397	6.93e-276	746	398	397
ratio4_Esch_coli_14EC033_NODE_139_length_8775_cov_76.527294_4	gb|AAC73564.1|ARO:3000216|acrB	100	1049	0	0	1	1049	1	1049	0.0	1980	1050	1049
ratio4_Esch_coli_14EC033_NODE_141_length_8724_cov_18.177529_2	gb|AAC73788.1|ARO:3003841|kdpE	99.5	191	1	0	1	191	1	191	5.03e-135	374	192	225
ratio4_Esch_coli_14EC033_NODE_142_length_8710_cov_31.450029_1	gb|AAC76093.1|ARO:3002986|bacA	100	44	0	0	1	44	230	273	2.56e-20	77.0	45	273
ratio4_Esch_coli_14EC033_NODE_160_length_7947_cov_40.700583_4	gb|BAE77781.1|ARO:3000795|mdtE	100	385	0	0	1	385	1	385	7.65e-267	722	386	385
ratio4_Esch_coli_14EC033_NODE_160_length_7947_cov_40.700583_5	gb|AAC76539.1|ARO:3000796|mdtF	99.9	1037	1	0	1	1037	1	1037	0.0	1929	1038	1037
ratio4_Esch_coli_14EC033_NODE_160_length_7947_cov_40.700583_7	gb|ANK04027.1|ARO:3003838|gadW	94.6	242	13	0	1	242	1	242	8.74e-167	457	243	242
ratio4_Esch_coli_14EC033_NODE_160_length_7947_cov_40.700583_8	gb|BAE77778.1|ARO:3000508|gadX	98.2	274	5	0	1	274	1	274	2.63e-193	527	275	274
ratio4_Esch_coli_14EC033_NODE_185_length_7409_cov_35.971716_1	gb|AAC75314.1|ARO:3003578|PmrF	100	322	0	0	1	322	1	322	8.81e-232	628	323	322
ratio4_Esch_coli_14EC033_NODE_219_length_6485_cov_20.348367_2	gb|AAC75271.1|ARO:3003952|YojI	100	547	0	0	1	547	1	547	0.0	1058	548	547
ratio4_Esch_coli_14EC033_NODE_226_length_6334_cov_56.106227_3	gb|BAB38260.1|ARO:3000830|cpxA	99.8	457	1	0	1	457	1	457	0.0	886	458	457
ratio4_Esch_coli_14EC033_NODE_242_length_6154_cov_30.513855_1	gb|BAA16344.1|ARO:3000491|acrD	100	524	0	0	1	524	1	524	0.0	978	524	1037
ratio4_Esch_coli_14EC033_NODE_266_length_5414_cov_79.669155_7	gb|AAC76296.1|ARO:3000656|AcrS	96.2	78	3	0	1	78	143	220	7.74e-51	155	79	220
ratio4_Esch_coli_14EC033_NODE_287_length_4926_cov_34.337508_2	gb|BAE78116.1|ARO:3003576|eptA	99.6	547	2	0	1	547	1	547	0.0	1083	548	547
ratio4_Esch_coli_14EC033_NODE_290_length_4887_cov_19.057947_4	gb|BAA15221.2|ARO:3000263|marA	100	127	0	0	1	127	1	127	2.36e-92	259	128	127
ratio4_Esch_coli_14EC033_NODE_334_length_4235_cov_13.793780_1	gb|AAC77293.1|ARO:3001214|mdtM	97.3	409	11	0	1	409	1	409	1.86e-282	764	411	410
ratio4_Esch_coli_14EC033_NODE_348_length_4052_cov_49.269452_2	gb|AAC74000.1|ARO:3003950|msbA	100	582	0	0	1	582	1	582	0.0	1092	583	582
ratio4_Esch_coli_14EC033_NODE_431_length_2977_cov_40.782341_4	gb|AAC76093.1|ARO:3002986|bacA	99.6	223	1	0	1	223	1	223	3.66e-161	443	223	273
ratio4_Esch_coli_14EC033_NODE_506_length_2292_cov_79.402325_1	gb|AAC75137.1|ARO:3000794|mdtC	99.6	763	3	0	1	763	201	963	0.0	1419	763	1025
ratio4_Esch_coli_14EC033_NODE_512_length_2245_cov_15.838813_1	gb|BAB35162.1|ARO:3000676|H-NS	100	137	0	0	10	146	1	137	3.15e-86	245	147	137
ratio4_Esch_coli_14EC033_NODE_541_length_1998_cov_18.193515_1	gb|BAA16344.1|ARO:3000491|acrD	99.4	506	3	0	1	506	532	1037	0.0	975	507	1037
ratio4_Esch_coli_14EC033_NODE_563_length_1860_cov_26.962327_1	gb|BAE78082.1|ARO:3003550|mdtP	97.7	346	8	0	1	346	1	346	2.43e-236	647	346	488
ratio4_Esch_coli_14EC033_NODE_563_length_1860_cov_26.962327_2	gb|BAE78083.1|ARO:3003549|mdtO	98.9	274	3	0	1	274	410	683	8.13e-184	518	275	683
ratio4_Esch_coli_14EC033_NODE_567_length_1828_cov_73.336153_1	gb|BAA15934.1|ARO:3000829|baeS	100	218	0	0	1	218	250	467	1.85e-151	426	219	467
ratio4_Esch_coli_14EC033_NODE_567_length_1828_cov_73.336153_2	gb|BAA15935.1|ARO:3000828|baeR	97.9	240	5	0	1	240	1	240	1.41e-171	469	241	240
ratio4_Esch_coli_14EC033_NODE_690_length_1156_cov_46.761126_1	gb|AAC75135.2|ARO:3000792|mdtA	100	187	0	0	1	187	229	415	6.96e-126	358	188	415
ratio4_Esch_coli_14EC033_NODE_690_length_1156_cov_46.761126_2	gb|AAC75136.1|ARO:3000793|mdtB	100	197	0	0	1	197	1	197	1.31e-121	365	197	1040
ratio4_Esch_coli_14EC033_NODE_724_length_1026_cov_5.755922_1	gb|AAC75136.1|ARO:3000793|mdtB	99.7	341	1	0	1	341	284	624	1.42e-215	614	341	1040
ratio4_Esch_coli_14EC033_NODE_1027_length_281_cov_3.743363_1	gb|AAC75136.1|ARO:3000793|mdtB	97.8	93	2	0	1	93	735	827	1.02e-55	181	93	1040
ratio4_Esch_coli_2011C-3911_NODE_1_length_340844_cov_196.635220_1	gb|AAC75135.2|ARO:3000792|mdtA	99.3	415	3	0	41	455	1	415	1.29e-279	759	456	415
ratio4_Esch_coli_2011C-3911_NODE_1_length_340844_cov_196.635220_2	gb|AAC75136.1|ARO:3000793|mdtB	99.4	1040	6	0	1	1040	1	1040	0.0	1897	1041	1040
ratio4_Esch_coli_2011C-3911_NODE_1_length_340844_cov_196.635220_3	gb|AAC75137.1|ARO:3000794|mdtC	99.8	1025	2	0	1	1025	1	1025	0.0	1908	1026	1025
ratio4_Esch_coli_2011C-3911_NODE_1_length_340844_cov_196.635220_5	gb|BAA15934.1|ARO:3000829|baeS	100	467	0	0	1	467	1	467	0.0	919	468	467
ratio4_Esch_coli_2011C-3911_NODE_1_length_340844_cov_196.635220_6	gb|BAA15935.1|ARO:3000828|baeR	99.6	240	1	0	1	240	1	240	1.26e-174	477	241	240
ratio4_Esch_coli_2011C-3911_NODE_1_length_340844_cov_196.635220_133	gb|AAC75271.1|ARO:3003952|YojI	99.8	547	1	0	1	547	1	547	0.0	1057	548	547
ratio4_Esch_coli_2011C-3911_NODE_1_length_340844_cov_196.635220_166	gb|AAC75314.1|ARO:3003578|PmrF	100	322	0	0	1	322	1	322	8.81e-232	628	323	322
ratio4_Esch_coli_2011C-3911_NODE_1_length_340844_cov_196.635220_262	gb|BAA11237.1|ARO:3000254|emrY	99.8	512	1	0	1	512	1	512	0.0	991	513	512
ratio4_Esch_coli_2011C-3911_NODE_1_length_340844_cov_196.635220_263	gb|BAA11236.1|ARO:3000206|emrK	99.7	351	1	0	37	387	1	351	6.08e-247	671	388	351
ratio4_Esch_coli_2011C-3911_NODE_1_length_340844_cov_196.635220_264	gb|BAB36671.1|ARO:3000832|evgA	100	204	0	0	1	204	1	204	5.82e-144	396	205	204
ratio4_Esch_coli_2011C-3911_NODE_1_length_340844_cov_196.635220_265	gb|AAC75429.1|ARO:3000833|evgS	99.0	1197	12	0	1	1197	1	1197	0.0	2345	1198	1197
ratio4_Esch_coli_2011C-3911_NODE_2_length_214458_cov_197.254176_193	gb|AAC76296.1|ARO:3000656|AcrS	99.1	220	2	0	1	220	1	220	4.57e-158	433	221	220
ratio4_Esch_coli_2011C-3911_NODE_2_length_214458_cov_197.254176_194	gb|AAC76297.1|ARO:3000499|AcrE	100	385	0	0	1	385	1	385	2.39e-270	731	386	385
ratio4_Esch_coli_2011C-3911_NODE_2_length_214458_cov_197.254176_195	gb|AAC76298.1|ARO:3000502|AcrF	99.5	1034	5	0	1	1034	1	1034	0.0	1924	1035	1034
ratio4_Esch_coli_2011C-3911_NODE_3_length_213892_cov_192.811426_5	gb|AAC76093.1|ARO:3002986|bacA	99.6	273	1	0	1	273	1	273	6.98e-193	526	274	273
ratio4_Esch_coli_2011C-3911_NODE_3_length_213892_cov_192.811426_25	gb|ACN32294.1|ARO:3000237|TolC	100	493	0	0	1	493	3	495	0.0	918	494	495
ratio4_Esch_coli_2011C-3911_NODE_4_length_206377_cov_198.698428_86	gb|AAC74000.1|ARO:3003950|msbA	100	582	0	0	1	582	1	582	0.0	1092	583	582
ratio4_Esch_coli_2011C-3911_NODE_4_length_206377_cov_198.698428_157	gb|AFH35853.1|ARO:3001328|Ecol_mdfA	96.1	410	16	0	1	410	1	410	5.95e-279	755	411	410
ratio4_Esch_coli_2011C-3911_NODE_5_length_192437_cov_199.880665_54	gb|BAA16344.1|ARO:3000491|acrD	99.9	1037	1	0	1	1037	1	1037	0.0	1966	1038	1037
ratio4_Esch_coli_2011C-3911_NODE_7_length_170594_cov_190.732859_130	gb|AAC74149.2|ARO:3001216|mdtH	100	402	0	0	1	402	1	402	6.85e-290	782	403	402
ratio4_Esch_coli_2011C-3911_NODE_7_length_170594_cov_190.732859_142	gb|ABV18113.1|ARO:3001329|mdtG	100	408	0	0	1	408	1	408	7.38e-288	777	409	408
ratio4_Esch_coli_2011C-3911_NODE_9_length_145031_cov_212.625214_91	gb|BAE77933.1|ARO:3000518|CRP	99.5	210	1	0	1	210	1	210	1.54e-151	416	211	210
ratio4_Esch_coli_2011C-3911_NODE_10_length_123598_cov_187.627571_80	gb|BAE78082.1|ARO:3003550|mdtP	98.2	488	9	0	1	488	1	488	0.0	904	489	488
ratio4_Esch_coli_2011C-3911_NODE_10_length_123598_cov_187.627571_81	gb|BAE78083.1|ARO:3003549|mdtO	99.4	683	4	0	1	683	1	683	0.0	1324	684	683
ratio4_Esch_coli_2011C-3911_NODE_10_length_123598_cov_187.627571_82	gb|BAE78084.1|ARO:3003548|mdtN	99.7	343	1	0	1	343	1	343	1.15e-233	635	344	343
ratio4_Esch_coli_2011C-3911_NODE_10_length_123598_cov_187.627571_109	gb|BAE78116.1|ARO:3003576|eptA	99.6	547	2	0	1	547	1	547	0.0	1083	548	547
ratio4_Esch_coli_2011C-3911_NODE_12_length_92546_cov_199.806122_35	gb|AAC73565.1|ARO:3004043|Ecol_acrA	100	397	0	0	1	397	1	397	6.93e-276	746	398	397
ratio4_Esch_coli_2011C-3911_NODE_12_length_92546_cov_199.806122_36	gb|AAC73564.1|ARO:3000216|acrB	100	1049	0	0	1	1049	1	1049	0.0	1980	1050	1049
ratio4_Esch_coli_2011C-3911_NODE_16_length_77636_cov_180.397971_24	gb|BAE77778.1|ARO:3000508|gadX	98.5	274	4	0	1	274	1	274	1.30e-193	528	275	274
ratio4_Esch_coli_2011C-3911_NODE_16_length_77636_cov_180.397971_25	gb|ANK04027.1|ARO:3003838|gadW	93.8	242	15	0	1	242	1	242	1.45e-165	454	243	242
ratio4_Esch_coli_2011C-3911_NODE_16_length_77636_cov_180.397971_27	gb|AAC76539.1|ARO:3000796|mdtF	99.8	1037	2	0	1	1037	1	1037	0.0	1930	1038	1037
ratio4_Esch_coli_2011C-3911_NODE_16_length_77636_cov_180.397971_28	gb|BAE77781.1|ARO:3000795|mdtE	100	385	0	0	1	385	1	385	7.65e-267	722	386	385
ratio4_Esch_coli_2011C-3911_NODE_17_length_76499_cov_190.523050_31	gb|AAC75731.1|ARO:3000516|emrR	100	176	0	0	1	176	1	176	2.27e-125	347	177	176
ratio4_Esch_coli_2011C-3911_NODE_17_length_76499_cov_190.523050_32	gb|BAA16547.1|ARO:3000027|emrA	99.7	390	1	0	1	390	1	390	1.03e-262	712	391	390
ratio4_Esch_coli_2011C-3911_NODE_17_length_76499_cov_190.523050_33	gb|AAC75733.1|ARO:3000074|emrB	100	512	0	0	1	512	1	512	0.0	998	513	512
ratio4_Esch_coli_2011C-3911_NODE_19_length_71868_cov_199.964157_17	gb|AAC75135.2|ARO:3000792|mdtA	99.3	415	3	0	41	455	1	415	1.29e-279	759	456	415
ratio4_Esch_coli_2011C-3911_NODE_19_length_71868_cov_199.964157_18	gb|AAC75136.1|ARO:3000793|mdtB	99.4	1040	6	0	1	1040	1	1040	0.0	1897	1041	1040
ratio4_Esch_coli_2011C-3911_NODE_19_length_71868_cov_199.964157_19	gb|AAC75137.1|ARO:3000794|mdtC	99.8	1025	2	0	1	1025	1	1025	0.0	1908	1026	1025
ratio4_Esch_coli_2011C-3911_NODE_19_length_71868_cov_199.964157_21	gb|BAA15934.1|ARO:3000829|baeS	100	467	0	0	1	467	1	467	0.0	919	468	467
ratio4_Esch_coli_2011C-3911_NODE_19_length_71868_cov_199.964157_22	gb|BAA15935.1|ARO:3000828|baeR	99.6	240	1	0	1	240	1	240	1.26e-174	477	241	240
ratio4_Esch_coli_2011C-3911_NODE_25_length_61872_cov_195.669395_26	gb|AAC77293.1|ARO:3001214|mdtM	98.3	409	7	0	1	409	1	409	7.91e-284	767	411	410
ratio4_Esch_coli_2011C-3911_NODE_31_length_48393_cov_191.184451_28	gb|BAB35162.1|ARO:3000676|H-NS	100	137	0	0	1	137	1	137	3.10e-86	245	138	137
ratio4_Esch_coli_2011C-3911_NODE_32_length_48384_cov_176.599454_26	gb|BAA15221.2|ARO:3000263|marA	100	127	0	0	1	127	1	127	2.36e-92	259	128	127
ratio4_Esch_coli_2011C-3911_NODE_38_length_36533_cov_236.874774_20	gb|AAC73788.1|ARO:3003841|kdpE	98.7	224	3	0	1	224	1	224	2.97e-161	442	226	225
ratio4_Esch_coli_2011C-3911_NODE_52_length_21192_cov_190.948290_24	gb|BAB38260.1|ARO:3000830|cpxA	100	457	0	0	1	457	1	457	0.0	887	458	457
ratio4_Esch_coli_2011C-3911_NODE_54_length_18690_cov_210.527770_8	gb|WP_063860228.1|ARO:3006874|EC-13	98.7	377	5	0	12	388	1	377	3.82e-284	766	389	377
ratio4_Esch_coli_2011C-3911_NODE_117_length_2030_cov_7.700253_1	gb|CAA77936.1|ARO:3004039|Ecol_emrE	98.2	110	2	0	1	110	1	110	2.08e-78	223	111	110
ratio4_Esch_coli_2011C-3911_NODE_272_length_455_cov_4.952500_1	gb|AAC75089.1|ARO:3003577|ugd	99.3	136	1	0	1	136	200	335	5.83e-93	271	151	388
ratio4_Esch_coli_MB19_NODE_1_length_104625_cov_59.118849_14	gb|AAC76093.1|ARO:3002986|bacA	100	273	0	0	1	273	1	273	2.44e-193	527	274	273
ratio4_Esch_coli_MB19_NODE_1_length_104625_cov_59.118849_34	gb|ACN32294.1|ARO:3000237|TolC	99.8	493	1	0	1	493	3	495	0.0	914	494	495
ratio4_Esch_coli_MB19_NODE_3_length_86106_cov_74.954573_74	gb|AAC74149.2|ARO:3001216|mdtH	100	402	0	0	1	402	1	402	6.85e-290	782	403	402
ratio4_Esch_coli_MB19_NODE_3_length_86106_cov_74.954573_86	gb|ABV18113.1|ARO:3001329|mdtG	99.5	374	2	0	1	374	1	374	1.39e-260	707	374	408
ratio4_Esch_coli_MB19_NODE_12_length_54436_cov_88.375370_43	gb|AAC76296.1|ARO:3000656|AcrS	100	220	0	0	1	220	1	220	2.75e-159	436	221	220
ratio4_Esch_coli_MB19_NODE_12_length_54436_cov_88.375370_44	gb|AAC76297.1|ARO:3000499|AcrE	100	385	0	0	1	385	1	385	2.39e-270	731	386	385
ratio4_Esch_coli_MB19_NODE_12_length_54436_cov_88.375370_45	gb|AAC76298.1|ARO:3000502|AcrF	99.9	1034	1	0	1	1034	1	1034	0.0	1934	1035	1034
ratio4_Esch_coli_MB19_NODE_16_length_47409_cov_62.961946_35	gb|AAC73565.1|ARO:3004043|Ecol_acrA	100	397	0	0	1	397	1	397	6.93e-276	746	398	397
ratio4_Esch_coli_MB19_NODE_16_length_47409_cov_62.961946_36	gb|AAC73564.1|ARO:3000216|acrB	100	1049	0	0	1	1049	1	1049	0.0	1980	1050	1049
ratio4_Esch_coli_MB19_NODE_21_length_38957_cov_69.249884_23	gb|BAA16344.1|ARO:3000491|acrD	99.9	1037	1	0	1	1037	1	1037	0.0	1967	1038	1037
ratio4_Esch_coli_MB19_NODE_25_length_35843_cov_67.601626_10	gb|BAE78116.1|ARO:3003576|eptA	99.6	547	2	0	1	547	1	547	0.0	1083	548	547
ratio4_Esch_coli_MB19_NODE_27_length_34398_cov_68.764988_15	gb|AAC75314.1|ARO:3003578|PmrF	100	322	0	0	1	322	1	322	8.81e-232	628	323	322
ratio4_Esch_coli_MB19_NODE_39_length_29041_cov_59.324260_12	gb|BAA11237.1|ARO:3000254|emrY	99.4	512	3	0	1	512	1	512	0.0	989	513	512
ratio4_Esch_coli_MB19_NODE_39_length_29041_cov_59.324260_13	gb|BAA11236.1|ARO:3000206|emrK	100	351	0	0	37	387	1	351	4.28e-247	671	388	351
ratio4_Esch_coli_MB19_NODE_39_length_29041_cov_59.324260_14	gb|BAB36671.1|ARO:3000832|evgA	100	204	0	0	1	204	1	204	5.82e-144	396	205	204
ratio4_Esch_coli_MB19_NODE_39_length_29041_cov_59.324260_15	gb|AAC75429.1|ARO:3000833|evgS	99.7	1197	3	0	1	1197	1	1197	0.0	2368	1198	1197
ratio4_Esch_coli_MB19_NODE_42_length_27945_cov_77.924812_12	gb|BAE77933.1|ARO:3000518|CRP	99.5	210	1	0	1	210	1	210	1.54e-151	416	211	210
ratio4_Esch_coli_MB19_NODE_44_length_26160_cov_108.272860_6	gb|BAB35162.1|ARO:3000676|H-NS	100	137	0	0	1	137	1	137	3.10e-86	245	138	137
ratio4_Esch_coli_MB19_NODE_46_length_25530_cov_91.775348_17	gb|AAC74000.1|ARO:3003950|msbA	100	582	0	0	1	582	1	582	0.0	1092	583	582
ratio4_Esch_coli_MB19_NODE_71_length_19671_cov_73.982412_8	gb|AAC77110.1|ARO:3004290|Ecol_ampC_BLA	97.9	377	8	0	12	388	1	377	1.05e-281	759	389	377
ratio4_Esch_coli_MB19_NODE_78_length_17788_cov_65.519653_13	gb|BAA15935.1|ARO:3000828|baeR	100	240	0	0	1	240	1	240	1.53e-175	479	241	240
ratio4_Esch_coli_MB19_NODE_78_length_17788_cov_65.519653_14	gb|BAA15934.1|ARO:3000829|baeS	100	467	0	0	1	467	1	467	0.0	919	468	467
ratio4_Esch_coli_MB19_NODE_78_length_17788_cov_65.519653_16	gb|AAC75137.1|ARO:3000794|mdtC	99.9	1025	1	0	1	1025	1	1025	0.0	1908	1026	1025
ratio4_Esch_coli_MB19_NODE_78_length_17788_cov_65.519653_17	gb|AAC75136.1|ARO:3000793|mdtB	99.6	263	1	0	1	263	778	1040	2.47e-165	482	264	1040
ratio4_Esch_coli_MB19_NODE_92_length_15404_cov_31.001238_1	gb|BAE78083.1|ARO:3003549|mdtO	99.7	372	1	0	1	372	1	372	1.43e-265	730	372	683
ratio4_Esch_coli_MB19_NODE_92_length_15404_cov_31.001238_2	gb|BAE78084.1|ARO:3003548|mdtN	100	343	0	0	1	343	1	343	8.12e-234	635	344	343
ratio4_Esch_coli_MB19_NODE_102_length_14137_cov_67.479974_8	gb|AAC75731.1|ARO:3000516|emrR	100	176	0	0	1	176	1	176	2.27e-125	347	177	176
ratio4_Esch_coli_MB19_NODE_102_length_14137_cov_67.479974_9	gb|BAA16547.1|ARO:3000027|emrA	99.7	390	1	0	1	390	1	390	1.03e-262	712	391	390
ratio4_Esch_coli_MB19_NODE_102_length_14137_cov_67.479974_10	gb|AAC75733.1|ARO:3000074|emrB	100	512	0	0	1	512	1	512	0.0	998	513	512
ratio4_Esch_coli_MB19_NODE_107_length_12899_cov_44.419184_13	gb|AAC77293.1|ARO:3001214|mdtM	97.5	403	10	0	17	419	8	410	4.05e-277	751	420	410
ratio4_Esch_coli_MB19_NODE_114_length_12313_cov_61.516071_1	gb|BAE77778.1|ARO:3000508|gadX	99.6	274	1	0	1	274	1	274	1.66e-196	535	275	274
ratio4_Esch_coli_MB19_NODE_114_length_12313_cov_61.516071_2	gb|ANK04027.1|ARO:3003838|gadW	94.6	242	13	0	1	242	1	242	8.74e-167	457	243	242
ratio4_Esch_coli_MB19_NODE_114_length_12313_cov_61.516071_3	gb|AAC76539.1|ARO:3000796|mdtF	100	1037	0	0	1	1037	1	1037	0.0	1932	1038	1037
ratio4_Esch_coli_MB19_NODE_114_length_12313_cov_61.516071_4	gb|BAE77781.1|ARO:3000795|mdtE	100	385	0	0	1	385	1	385	7.65e-267	722	386	385
ratio4_Esch_coli_MB19_NODE_150_length_8905_cov_56.875932_6	gb|AFH35853.1|ARO:3001328|Ecol_mdfA	97.1	410	12	0	1	410	1	410	6.22e-281	760	411	410
ratio4_Esch_coli_MB19_NODE_153_length_8589_cov_46.546637_6	gb|AAC73788.1|ARO:3003841|kdpE	99.6	225	1	0	1	225	1	225	3.09e-163	447	226	225
ratio4_Esch_coli_MB19_NODE_166_length_7385_cov_53.885130_5	gb|BAA15221.2|ARO:3000263|marA	100	127	0	0	1	127	1	127	2.36e-92	259	128	127
ratio4_Esch_coli_MB19_NODE_191_length_5568_cov_70.231453_4	gb|BAE78082.1|ARO:3003550|mdtP	100	488	0	0	1	488	1	488	0.0	922	489	488
ratio4_Esch_coli_MB19_NODE_191_length_5568_cov_70.231453_5	gb|BAE78083.1|ARO:3003549|mdtO	100	309	0	0	1	309	375	683	5.00e-215	599	310	683
ratio4_Esch_coli_MB19_NODE_200_length_5080_cov_112.821692_5	gb|BAB38260.1|ARO:3000830|cpxA	100	457	0	0	1	457	1	457	0.0	887	458	457
ratio4_Esch_coli_MB19_NODE_218_length_4312_cov_42.586563_1	gb|AAC75136.1|ARO:3000793|mdtB	99.9	778	1	0	1	778	1	778	0.0	1428	778	1040
ratio4_Esch_coli_MB19_NODE_218_length_4312_cov_42.586563_2	gb|AAC75135.2|ARO:3000792|mdtA	99.0	415	4	0	41	455	1	415	1.23e-277	754	456	415
ratio4_Esch_coli_MB19_NODE_221_length_4237_cov_56.076279_2	gb|AAC75271.1|ARO:3003952|YojI	99.8	547	1	0	1	547	1	547	0.0	1057	548	547
ratio4_Esch_coli_MB19_NODE_424_length_629_cov_14.393728_1	gb|AAC75089.1|ARO:3003577|ugd	100	54	0	0	1	54	1	54	4.95e-30	105	58	388
ratio4_Esch_coli_TUM20902_NODE_11_length_9361_cov_7.853643_4	gb|ABV18113.1|ARO:3001329|mdtG	99.8	408	1	0	1	408	1	408	1.74e-286	774	409	408
ratio4_Esch_coli_TUM20902_NODE_55_length_4822_cov_36.022026_1	gb|AAC73564.1|ARO:3000216|acrB	100	199	0	0	1	199	1	199	3.82e-124	372	199	1049
ratio4_Esch_coli_TUM20902_NODE_55_length_4822_cov_36.022026_2	gb|AAC73565.1|ARO:3004043|Ecol_acrA	99.7	397	1	0	1	397	1	397	1.15e-274	743	398	397
ratio4_Esch_coli_TUM20902_NODE_68_length_4596_cov_5.920943_3	gb|BAA16344.1|ARO:3000491|acrD	100	291	0	0	1	291	1	291	1.23e-193	556	291	1037
ratio4_Esch_coli_TUM20902_NODE_92_length_4058_cov_40.200350_1	gb|BAB38260.1|ARO:3000830|cpxA	98.1	106	2	0	1	106	1	106	1.41e-65	201	106	457
ratio4_Esch_coli_TUM20902_NODE_171_length_3360_cov_6.487141_1	gb|AAC75136.1|ARO:3000793|mdtB	100	137	0	0	1	137	1	137	8.89e-82	256	137	1040
ratio4_Esch_coli_TUM20902_NODE_171_length_3360_cov_6.487141_2	gb|AAC75135.2|ARO:3000792|mdtA	99.5	415	2	0	1	415	1	415	1.52e-279	757	416	415
ratio4_Esch_coli_TUM20902_NODE_176_length_3329_cov_3.636225_3	gb|BAA15935.1|ARO:3000828|baeR	100	240	0	0	1	240	1	240	1.53e-175	479	241	240
ratio4_Esch_coli_TUM20902_NODE_176_length_3329_cov_3.636225_4	gb|BAA15934.1|ARO:3000829|baeS	99.4	467	3	0	1	467	1	467	0.0	912	468	467
ratio4_Esch_coli_TUM20902_NODE_218_length_2987_cov_9.441337_1	gb|BAA16344.1|ARO:3000491|acrD	99.7	744	2	0	1	744	294	1037	0.0	1410	745	1037
ratio4_Esch_coli_TUM20902_NODE_220_length_2960_cov_4.444062_1	gb|AAC75137.1|ARO:3000794|mdtC	100	71	0	0	1	71	955	1025	3.04e-41	139	72	1025
ratio4_Esch_coli_TUM20902_NODE_220_length_2960_cov_4.444062_2	gb|AAC75137.1|ARO:3000794|mdtC	99.1	893	8	0	1	893	21	913	0.0	1653	894	1025
ratio4_Esch_coli_TUM20902_NODE_221_length_2954_cov_18.570887_1	gb|BAE78116.1|ARO:3003576|eptA	99.4	320	2	0	1	320	228	547	8.56e-242	662	321	547
ratio4_Esch_coli_TUM20902_NODE_228_length_2897_cov_3.954961_2	gb|BAA15221.2|ARO:3000263|marA	100	127	0	0	1	127	1	127	2.36e-92	259	128	127
ratio4_Esch_coli_TUM20902_NODE_336_length_2471_cov_36.769454_1	gb|ACN32294.1|ARO:3000237|TolC	100	231	0	0	1	231	3	233	1.06e-155	438	231	495
ratio4_Esch_coli_TUM20902_NODE_475_length_2101_cov_23.578690_5	gb|WP_063860228.1|ARO:3006874|EC-13	99.3	137	1	0	12	148	1	137	6.97e-96	278	148	377
ratio4_Esch_coli_TUM20902_NODE_476_length_2096_cov_2.554630_1	gb|BAE78082.1|ARO:3003550|mdtP	98.3	229	4	0	1	229	1	229	5.12e-154	434	229	488
ratio4_Esch_coli_TUM20902_NODE_476_length_2096_cov_2.554630_2	gb|BAE78083.1|ARO:3003549|mdtO	97.4	470	11	1	1	469	214	683	0.0	908	470	683
ratio4_Esch_coli_TUM20902_NODE_511_length_2011_cov_3.355317_2	gb|AAC74000.1|ARO:3003950|msbA	99.7	307	1	0	1	307	276	582	1.55e-211	587	308	582
ratio4_Esch_coli_TUM20902_NODE_515_length_2009_cov_16.965200_1	gb|AAC76539.1|ARO:3000796|mdtF	99.7	669	2	0	1	669	213	881	0.0	1259	669	1037
ratio4_Esch_coli_TUM20902_NODE_525_length_1998_cov_10.501287_1	gb|AAC74149.2|ARO:3001216|mdtH	96.2	106	4	0	1	106	297	402	4.89e-67	204	107	402
ratio4_Esch_coli_TUM20902_NODE_576_length_1906_cov_60.638033_3	gb|BAE78082.1|ARO:3003550|mdtP	99.2	125	1	0	1	125	364	488	9.26e-75	227	126	488
ratio4_Esch_coli_TUM20902_NODE_632_length_1815_cov_30.813068_2	gb|BAE77933.1|ARO:3000518|CRP	99.5	210	1	0	1	210	1	210	1.54e-151	416	211	210
ratio4_Esch_coli_TUM20902_NODE_679_length_1729_cov_11.248507_3	gb|BAE77781.1|ARO:3000795|mdtE	100	48	0	0	1	48	1	48	2.77e-26	95.1	60	385
ratio4_Esch_coli_TUM20902_NODE_741_length_1634_cov_6.716276_3	gb|WP_063860454.1|ARO:3006881|EC-8	98.3	176	3	0	1	176	202	377	1.28e-126	358	177	377
ratio4_Esch_coli_TUM20902_NODE_785_length_1571_cov_8.976913_1	gb|AAC75733.1|ARO:3000074|emrB	100	72	0	0	1	72	441	512	8.02e-45	147	73	512
ratio4_Esch_coli_TUM20902_NODE_806_length_1541_cov_5.531629_1	gb|AAC76298.1|ARO:3000502|AcrF	98.9	273	3	0	1	273	1	273	9.32e-174	504	273	1034
ratio4_Esch_coli_TUM20902_NODE_806_length_1541_cov_5.531629_2	gb|AAC76297.1|ARO:3000499|AcrE	99.6	236	1	0	1	236	150	385	6.90e-159	442	237	385
ratio4_Esch_coli_TUM20902_NODE_827_length_1520_cov_2.225939_1	gb|AAC75271.1|ARO:3003952|YojI	99.6	280	1	0	1	280	1	280	3.96e-191	532	280	547
ratio4_Esch_coli_TUM20902_NODE_867_length_1471_cov_14.164548_1	gb|AAC75731.1|ARO:3000516|emrR	100	105	0	0	1	105	72	176	1.58e-72	210	106	176
ratio4_Esch_coli_TUM20902_NODE_867_length_1471_cov_14.164548_2	gb|BAA16547.1|ARO:3000027|emrA	99.7	341	1	0	1	341	1	341	2.17e-228	623	341	390
ratio4_Esch_coli_TUM20902_NODE_871_length_1469_cov_16.383310_1	gb|AAC73564.1|ARO:3000216|acrB	99.8	430	1	0	4	433	620	1049	1.79e-299	833	434	1049
ratio4_Esch_coli_TUM20902_NODE_932_length_1400_cov_4.975465_2	gb|AAC75271.1|ARO:3003952|YojI	100	52	0	0	1	52	496	547	6.17e-30	105	53	547
ratio4_Esch_coli_TUM20902_NODE_952_length_1382_cov_2.226827_2	gb|AAC75429.1|ARO:3000833|evgS	95.5	67	3	0	1	67	1131	1197	3.70e-39	133	68	1197
ratio4_Esch_coli_TUM20902_NODE_961_length_1375_cov_2.206818_1	gb|AAC75429.1|ARO:3000833|evgS	98.0	203	4	0	1	203	1	203	2.15e-130	392	203	1197
ratio4_Esch_coli_TUM20902_NODE_961_length_1375_cov_2.206818_2	gb|BAB36671.1|ARO:3000832|evgA	100	53	0	0	1	53	152	204	1.37e-32	107	54	204
ratio4_Esch_coli_TUM20902_NODE_961_length_1375_cov_2.206818_3	gb|BAB36671.1|ARO:3000832|evgA	98.5	130	2	0	1	130	1	130	1.49e-87	251	146	204
ratio4_Esch_coli_TUM20902_NODE_1036_length_1292_cov_2.645109_1	gb|AAC76298.1|ARO:3000502|AcrF	98.3	298	5	0	1	298	737	1034	5.56e-194	557	299	1034
ratio4_Esch_coli_TUM20902_NODE_1115_length_1209_cov_2.729636_1	gb|AAC75136.1|ARO:3000793|mdtB	99.0	402	4	0	1	402	380	781	7.64e-264	740	402	1040
ratio4_Esch_coli_TUM20902_NODE_1147_length_1180_cov_12.384889_2	gb|BAB35162.1|ARO:3000676|H-NS	100	137	0	0	1	137	1	137	3.10e-86	245	138	137
ratio4_Esch_coli_TUM20902_NODE_1187_length_1148_cov_7.534309_1	gb|AFH35853.1|ARO:3001328|Ecol_mdfA	95.5	221	10	0	1	221	1	221	1.52e-147	414	221	410
ratio4_Esch_coli_TUM20902_NODE_1244_length_1106_cov_14.212179_2	gb|ACN32294.1|ARO:3000237|TolC	100	111	0	0	1	111	385	495	9.30e-71	216	112	495
ratio4_Esch_coli_TUM20902_NODE_1268_length_1082_cov_1.839338_2	gb|AAC73788.1|ARO:3003841|kdpE	98.7	225	3	0	1	225	1	225	1.21e-160	440	226	225
ratio4_Esch_coli_TUM20902_NODE_1299_length_1057_cov_1.923154_1	gb|ANK04027.1|ARO:3003838|gadW	93.3	135	9	0	1	135	1	135	3.36e-87	251	135	242
ratio4_Esch_coli_TUM20902_NODE_1332_length_1035_cov_9.659184_1	gb|AAC74000.1|ARO:3003950|msbA	100	215	0	0	1	215	1	215	6.60e-142	405	215	582
ratio4_Esch_coli_TUM20902_NODE_1377_length_1009_cov_2.129979_1	gb|BAE78084.1|ARO:3003548|mdtN	97.4	116	3	0	1	116	51	166	2.09e-67	203	116	343
ratio4_Esch_coli_TUM20902_NODE_1403_length_993_cov_5.117271_1	gb|AAC73564.1|ARO:3000216|acrB	100	331	0	0	1	331	261	591	1.97e-214	611	331	1049
ratio4_Esch_coli_TUM20902_NODE_1550_length_888_cov_2.174070_1	gb|BAE78084.1|ARO:3003548|mdtN	100	214	0	0	1	214	130	343	1.77e-143	401	215	343
ratio4_Esch_coli_TUM20902_NODE_1550_length_888_cov_2.174070_2	gb|BAE78083.1|ARO:3003549|mdtO	98.8	81	1	0	1	81	1	81	3.05e-46	153	81	683
ratio4_Esch_coli_TUM20902_NODE_1675_length_808_cov_4.123506_1	gb|AAC75314.1|ARO:3003578|PmrF	100	199	0	0	1	199	124	322	1.47e-140	392	200	322
ratio4_Esch_coli_TUM20902_NODE_1679_length_802_cov_9.384203_1	gb|AAC75089.1|ARO:3003577|ugd	99.5	209	1	0	1	209	1	209	6.51e-143	401	209	388
ratio4_Esch_coli_TUM20902_NODE_1694_length_795_cov_2.383784_1	gb|BAE77781.1|ARO:3000795|mdtE	100	124	0	0	1	124	262	385	9.14e-81	239	125	385
ratio4_Esch_coli_TUM20902_NODE_1694_length_795_cov_2.383784_2	gb|AAC76539.1|ARO:3000796|mdtF	99.2	131	1	0	1	131	1	131	1.15e-77	244	131	1037
ratio4_Esch_coli_TUM20902_NODE_1707_length_785_cov_1.141096_1	gb|AAC75429.1|ARO:3000833|evgS	98.1	261	5	0	1	261	277	537	4.50e-182	529	261	1197
ratio4_Esch_coli_TUM20902_NODE_1805_length_734_cov_12.986745_1	gb|BAB38260.1|ARO:3000830|cpxA	100	244	0	0	1	244	118	361	2.03e-167	467	244	457
ratio4_Esch_coli_TUM20902_NODE_1847_length_713_cov_4.837386_1	gb|AAC76297.1|ARO:3000499|AcrE	100	42	0	0	1	42	1	42	1.72e-24	89.4	42	385
ratio4_Esch_coli_TUM20902_NODE_1847_length_713_cov_4.837386_2	gb|AAC76296.1|ARO:3000656|AcrS	98.4	62	1	0	1	62	1	62	2.46e-36	118	62	220
ratio4_Esch_coli_TUM20902_NODE_2022_length_641_cov_1.813993_1	gb|AAC75136.1|ARO:3000793|mdtB	99.1	213	2	0	1	213	169	381	1.11e-128	384	213	1040
ratio4_Esch_coli_TUM20902_NODE_2092_length_617_cov_7.834520_2	gb|ANK04027.1|ARO:3003838|gadW	98.9	89	1	0	1	89	154	242	9.36e-60	179	90	242
ratio4_Esch_coli_TUM20902_NODE_2127_length_606_cov_1.524501_1	gb|AAC75429.1|ARO:3000833|evgS	94.5	200	11	0	1	200	596	795	1.78e-126	381	202	1197
ratio4_Esch_coli_TUM20902_NODE_2141_length_598_cov_3.200737_2	gb|BAE78116.1|ARO:3003576|eptA	100	116	0	0	1	116	1	116	2.90e-68	211	116	547
ratio4_Esch_coli_TUM20902_NODE_2314_length_543_cov_1.555328_1	gb|AAC76093.1|ARO:3002986|bacA	99.4	180	1	0	1	180	54	233	6.23e-130	362	180	273
ratio4_Esch_coli_TUM20902_NODE_2320_length_540_cov_2.329897_2	gb|BAB38260.1|ARO:3000830|cpxA	100	89	0	0	1	89	369	457	9.21e-60	186	90	457
ratio4_Esch_coli_TUM20902_NODE_2413_length_512_cov_5.750547_1	gb|AAC75733.1|ARO:3000074|emrB	98.2	170	3	0	1	170	230	399	5.36e-114	330	170	512
ratio4_Esch_coli_TUM20902_NODE_2428_length_508_cov_2.518764_1	gb|AAC76296.1|ARO:3000656|AcrS	97.3	150	4	0	1	150	71	220	4.10e-106	299	151	220
ratio4_Esch_coli_TUM20902_NODE_2462_length_497_cov_9.721719_1	gb|AAC76539.1|ARO:3000796|mdtF	100	158	0	0	1	158	880	1037	1.65e-91	283	159	1037
ratio4_Esch_coli_TUM20902_NODE_2471_length_494_cov_3.029613_1	gb|BAA11237.1|ARO:3000254|emrY	100	164	0	0	1	164	142	305	3.09e-111	323	164	512
ratio4_Esch_coli_TUM20902_NODE_2566_length_473_cov_1.222488_2	gb|AFH35853.1|ARO:3001328|Ecol_mdfA	95.8	118	5	0	1	118	293	410	1.09e-71	216	119	410
ratio4_Esch_coli_TUM20902_NODE_2699_length_428_cov_3.718499_1	gb|BAE77781.1|ARO:3000795|mdtE	100	142	0	0	1	142	112	253	1.03e-87	258	142	385
ratio4_Esch_coli_TUM20902_NODE_2724_length_423_cov_1.809783_1	gb|AAC75136.1|ARO:3000793|mdtB	99.3	141	1	0	1	141	830	970	7.17e-80	251	141	1040
ratio4_Esch_coli_TUM20902_NODE_2822_length_398_cov_1.431487_1	gb|AAC76298.1|ARO:3000502|AcrF	97.1	69	2	0	1	69	553	621	1.34e-38	131	69	1034
ratio4_Esch_coli_TUM20902_NODE_2822_length_398_cov_1.431487_2	gb|AAC76298.1|ARO:3000502|AcrF	96.3	54	2	0	1	54	490	543	4.67e-33	115	55	1034
ratio4_Esch_coli_TUM20902_NODE_2849_length_393_cov_17.843195_1	gb|BAA16547.1|ARO:3000027|emrA	100	38	0	0	1	38	353	390	2.15e-18	72.4	39	390
ratio4_Esch_coli_TUM20902_NODE_2849_length_393_cov_17.843195_2	gb|AAC75733.1|ARO:3000074|emrB	100	86	0	0	1	86	1	86	5.55e-51	164	86	512
ratio4_Esch_coli_TUM20902_NODE_2859_length_391_cov_2.252976_1	gb|ACN32294.1|ARO:3000237|TolC	100	130	0	0	1	130	237	366	1.18e-78	237	130	495
ratio4_Esch_coli_TUM20902_NODE_2883_length_386_cov_5.788520_2	gb|AAC76093.1|ARO:3002986|bacA	100	53	0	0	1	53	1	53	1.89e-30	103	53	273
ratio4_Esch_coli_TUM20902_NODE_2914_length_379_cov_7.108025_1	gb|AAC76298.1|ARO:3000502|AcrF	98.2	112	2	0	15	126	360	471	4.42e-62	201	126	1034
ratio4_Esch_coli_TUM20902_NODE_2999_length_363_cov_2.948052_1	gb|AAC75429.1|ARO:3000833|evgS	98.3	120	2	0	1	120	793	912	9.02e-71	226	120	1197
ratio4_Esch_coli_TUM20902_NODE_3046_length_353_cov_0.956376_1	gb|BAE77778.1|ARO:3000508|gadX	95.7	117	5	0	1	117	57	173	1.04e-73	217	117	274
ratio4_Esch_coli_TUM20902_NODE_3140_length_336_cov_3.864769_1	gb|AAC76298.1|ARO:3000502|AcrF	99.1	111	1	0	1	111	628	738	2.09e-68	218	111	1034
ratio4_Esch_coli_TUM20902_NODE_3151_length_334_cov_2.426523_1	gb|BAE78083.1|ARO:3003549|mdtO	96.4	111	4	0	1	111	85	195	1.02e-66	209	111	683
ratio4_Esch_coli_TUM20902_NODE_3159_length_333_cov_3.625899_1	gb|AAC75089.1|ARO:3003577|ugd	100	110	0	0	1	110	227	336	2.04e-75	225	110	388
ratio4_Esch_coli_TUM20902_NODE_3207_length_323_cov_4.996269_1	gb|AAC76297.1|ARO:3000499|AcrE	99.1	107	1	0	1	107	46	152	1.12e-67	205	107	385
ratio4_Esch_coli_TUM20902_NODE_3210_length_323_cov_1.772388_1	gb|BAA11237.1|ARO:3000254|emrY	100	107	0	0	1	107	310	416	2.42e-69	213	107	512
ratio4_Esch_coli_TUM20902_NODE_3558_length_270_cov_1.767442_1	gb|BAE78116.1|ARO:3003576|eptA	100	89	0	0	1	89	117	205	7.36e-52	167	89	547
ratio4_Esch_coli_TUM20902_NODE_3573_length_268_cov_0.943662_1	gb|AAC74149.2|ARO:3001216|mdtH	96.6	88	3	0	1	88	105	192	1.15e-54	171	88	402
ratio4_Esch_coli_TUM20902_NODE_3660_length_259_cov_0.931373_1	gb|BAA11237.1|ARO:3000254|emrY	100	85	0	0	1	85	416	500	7.46e-51	163	85	512
ratio4_Esch_coli_TUM20902_NODE_3731_length_251_cov_1.938776_1	gb|BAE78082.1|ARO:3003550|mdtP	96.4	83	3	0	1	83	248	330	1.02e-48	157	83	488
ratio4_Esch_coli_TUM20902_NODE_3738_length_250_cov_2.441026_1	gb|AAC75429.1|ARO:3000833|evgS	98.8	83	1	0	1	83	947	1029	2.39e-50	166	83	1197
ratio4_Esch_coli_TUM20902_NODE_3778_length_246_cov_2.759162_1	gb|BAE77781.1|ARO:3000795|mdtE	98.8	81	1	0	1	81	32	112	4.86e-50	158	81	385
ratio4_Esch_coli_TUM20902_NODE_3798_length_244_cov_1.005291_1	gb|BAA11236.1|ARO:3000206|emrK	100	81	0	0	1	81	85	165	4.38e-47	150	81	351
ratio4_Esch_coli_TUM20902_NODE_3804_length_243_cov_2.021277_1	gb|BAA11236.1|ARO:3000206|emrK	100	80	0	0	2	81	170	249	4.07e-51	160	81	351
ratio4_Esch_coli_TUM20902_NODE_3863_length_237_cov_1.318681_1	gb|AAC75429.1|ARO:3000833|evgS	90.0	70	7	0	10	79	1016	1085	2.05e-38	131	79	1197
ratio4_Esch_coli_TUM20902_NODE_3874_length_235_cov_2.122222_1	gb|AAC75089.1|ARO:3003577|ugd	100	78	0	0	1	78	175	252	5.85e-51	160	78	388
ratio4_Esch_coli_TUM20902_NODE_3889_length_234_cov_1.592179_1	gb|AAC75429.1|ARO:3000833|evgS	96.1	77	3	0	1	77	203	279	7.15e-46	152	77	1197
ratio4_Esch_coli_TUM20902_NODE_3933_length_230_cov_1.240000_1	gb|AAC75733.1|ARO:3000074|emrB	100	76	0	0	1	76	102	177	1.05e-49	160	76	512
ratio4_Esch_coli_TUM20902_NODE_4040_length_220_cov_1.618182_1	gb|AAC75089.1|ARO:3003577|ugd	98.6	73	1	0	1	73	309	381	3.70e-42	137	73	388
ratio4_Esch_coli_TUM20902_NODE_4079_length_215_cov_6.625000_1	gb|AAC76298.1|ARO:3000502|AcrF	100	71	0	0	1	71	278	348	2.56e-40	136	71	1034
ratio4_unmapped_NODE_6_length_22846_cov_20.428722_1	gb|BAA03776.1|ARO:3000316|mphA	100	301	0	0	1	301	1	301	8.38e-218	591	305	301
ratio4_unmapped_NODE_40_length_9829_cov_38.654901_1	gb|AAL02127.1|ARO:3001878|CTX-M-15	100	291	0	0	1	291	1	291	4.22e-203	553	292	291
ratio4_unmapped_NODE_40_length_9829_cov_38.654901_7	gb|ABF47469.1|ARO:3002790|QnrS1	100	218	0	0	1	218	1	218	2.87e-112	317	219	218
ratio4_unmapped_NODE_47_length_8827_cov_9.434907_6	gb|AAC73788.1|ARO:3003841|kdpE	100	225	0	0	1	225	1	225	1.53e-163	447	226	225
ratio4_unmapped_NODE_63_length_8198_cov_8.884809_6	gb|AAC75271.1|ARO:3003952|YojI	100	327	0	0	1	327	1	327	6.21e-227	625	327	547
ratio4_unmapped_NODE_104_length_6581_cov_12.610941_2	gb|BAA15935.1|ARO:3000828|baeR	99.6	240	1	0	1	240	1	240	1.26e-174	477	241	240
ratio4_unmapped_NODE_104_length_6581_cov_12.610941_3	gb|BAA15934.1|ARO:3000829|baeS	99.1	467	4	0	1	467	1	467	0.0	910	468	467
ratio4_unmapped_NODE_104_length_6581_cov_12.610941_5	gb|AAC75137.1|ARO:3000794|mdtC	99.6	749	3	0	1	749	277	1025	0.0	1381	750	1025
ratio4_unmapped_NODE_133_length_5688_cov_7.666963_1	gb|BAE78082.1|ARO:3003550|mdtP	94.7	169	9	0	1	169	193	361	1.86e-107	313	173	488
ratio4_unmapped_NODE_148_length_5430_cov_7.554977_1	gb|ACN32294.1|ARO:3000237|TolC	100	493	0	0	1	493	3	495	0.0	916	493	495
ratio4_unmapped_NODE_152_length_5388_cov_7.916932_4	gb|AAN06707.1|ARO:3000165|tet(A)	99.7	390	1	0	1	390	26	415	5.32e-278	753	400	424
ratio4_unmapped_NODE_182_length_4833_cov_21.935747_1	gb|AAC75137.1|ARO:3000794|mdtC	98.5	67	1	0	1	67	1	67	2.13e-35	122	67	1025
ratio4_unmapped_NODE_182_length_4833_cov_21.935747_2	gb|AAC75136.1|ARO:3000793|mdtB	99.8	1040	2	0	1	1040	1	1040	0.0	1904	1041	1040
ratio4_unmapped_NODE_182_length_4833_cov_21.935747_3	gb|AAC75135.2|ARO:3000792|mdtA	98.1	415	8	0	41	455	1	415	2.04e-276	751	456	415
ratio4_unmapped_NODE_198_length_4664_cov_9.447603_6	gb|AAC77110.1|ARO:3004290|Ecol_ampC_BLA	99.7	377	1	0	12	388	1	377	9.77e-287	772	389	377
ratio4_unmapped_NODE_281_length_3631_cov_5.982662_4	gb|ABS70977.1|ARO:3004623|AAC(3)-IId	100	286	0	0	1	286	1	286	1.23e-213	579	287	286
ratio4_unmapped_NODE_288_length_3580_cov_7.308369_1	gb|AAC76297.1|ARO:3000499|AcrE	100	261	0	0	1	261	1	261	1.05e-178	494	261	385
ratio4_unmapped_NODE_288_length_3580_cov_7.308369_2	gb|AAC76296.1|ARO:3000656|AcrS	100	220	0	0	1	220	1	220	2.75e-159	436	221	220
ratio4_unmapped_NODE_334_length_3246_cov_7.316515_2	gb|BAA11237.1|ARO:3000254|emrY	99.8	512	1	0	1	512	1	512	0.0	984	513	512
ratio4_unmapped_NODE_334_length_3246_cov_7.316515_3	gb|BAA11236.1|ARO:3000206|emrK	100	272	0	0	1	272	80	351	1.11e-189	521	273	351
ratio4_unmapped_NODE_345_length_3209_cov_5.149968_2	gb|BAE78116.1|ARO:3003576|eptA	100	547	0	0	1	547	1	547	0.0	1087	548	547
ratio4_unmapped_NODE_350_length_3182_cov_7.129837_1	gb|BAB38260.1|ARO:3000830|cpxA	100	234	0	0	1	234	224	457	2.54e-163	456	235	457
ratio4_unmapped_NODE_358_length_3137_cov_3.833550_5	gb|AAL59753.1|ARO:3000412|sul2	100	271	0	0	1	271	1	271	1.06e-186	510	272	271
ratio4_unmapped_NODE_359_length_3117_cov_7.419660_2	gb|AAC75733.1|ARO:3000074|emrB	100	512	0	0	1	512	1	512	0.0	998	513	512
ratio4_unmapped_NODE_359_length_3117_cov_7.419660_3	gb|BAA16547.1|ARO:3000027|emrA	100	325	0	0	1	325	66	390	2.29e-226	617	326	390
ratio4_unmapped_NODE_425_length_2723_cov_9.854573_3	gb|AAC74149.2|ARO:3001216|mdtH	100	402	0	0	1	402	1	402	6.85e-290	782	403	402
ratio4_unmapped_NODE_506_length_2352_cov_9.377013_3	gb|BAA16344.1|ARO:3000491|acrD	100	91	0	0	1	91	947	1037	2.79e-56	183	92	1037
ratio4_unmapped_NODE_529_length_2249_cov_4.053327_1	gb|AAK52606.1|ARO:3002696|cmlA6	100	247	0	0	1	247	173	419	1.52e-173	481	248	419
ratio4_unmapped_NODE_529_length_2249_cov_4.053327_2	gb|AAO49597.1|ARO:3002601|aadA	99.6	259	1	0	1	259	5	263	3.43e-187	510	260	263
ratio4_unmapped_NODE_529_length_2249_cov_4.053327_3	gb|AAZ42322.1|ARO:3005098|qacL	93.6	110	7	0	1	110	1	110	4.37e-71	204	111	110
ratio4_unmapped_NODE_534_length_2233_cov_10.080808_3	gb|AAC76093.1|ARO:3002986|bacA	100	210	0	0	1	210	64	273	4.94e-149	412	211	273
ratio4_unmapped_NODE_568_length_2117_cov_9.785645_1	gb|BAE78084.1|ARO:3003548|mdtN	100	22	0	0	1	22	322	343	2.15e-10	48.9	23	343
ratio4_unmapped_NODE_568_length_2117_cov_9.785645_2	gb|BAE78083.1|ARO:3003549|mdtO	99.6	683	3	0	1	683	1	683	0.0	1325	683	683
ratio4_unmapped_NODE_605_length_2007_cov_13.658811_4	gb|CAA77936.1|ARO:3004039|Ecol_emrE	98.2	110	2	0	1	110	1	110	2.08e-78	223	111	110
ratio4_unmapped_NODE_606_length_2004_cov_8.340688_1	gb|BAA16344.1|ARO:3000491|acrD	100	667	0	0	1	667	221	887	0.0	1264	667	1037
ratio4_unmapped_NODE_609_length_1996_cov_6.310149_3	gb|AFH35853.1|ARO:3001328|Ecol_mdfA	97.0	396	12	0	1	396	15	410	1.65e-270	733	397	410
ratio4_unmapped_NODE_714_length_1745_cov_7.486982_1	gb|AAC76298.1|ARO:3000502|AcrF	99.8	541	1	0	1	541	494	1034	0.0	1037	542	1034
ratio4_unmapped_NODE_734_length_1702_cov_6.533698_2	gb|ABV18113.1|ARO:3001329|mdtG	100	408	0	0	1	408	1	408	7.38e-288	777	409	408
ratio4_unmapped_NODE_744_length_1674_cov_3.014206_2	gb|AAG16656.1|ARO:3002705|floR	99.2	241	2	0	1	241	1	241	1.23e-162	453	241	404
ratio4_unmapped_NODE_745_length_1674_cov_2.609636_1	gb|BAB82500.1|ARO:3000186|tet(M)	95.8	332	14	0	1	332	308	639	5.22e-235	649	333	639
ratio4_unmapped_NODE_759_length_1653_cov_3.634543_3	gb|AAG16656.1|ARO:3002705|floR	100	166	0	0	1	166	239	404	1.23e-105	305	167	404
ratio4_unmapped_NODE_799_length_1567_cov_4.214286_1	gb|AAF86219.1|ARO:3000375|ErmB	98.0	245	5	0	1	245	1	245	5.91e-174	476	246	248
ratio4_unmapped_NODE_929_length_1356_cov_5.132975_1	gb|AAC75429.1|ARO:3000833|evgS	99.7	366	1	0	1	366	1	366	6.99e-258	729	366	1197
ratio4_unmapped_NODE_929_length_1356_cov_5.132975_2	gb|BAB36671.1|ARO:3000832|evgA	100	83	0	0	1	83	122	204	2.74e-54	164	84	204
ratio4_unmapped_NODE_1058_length_1178_cov_2.011576_2	gb|BAL68178.1|ARO:3001057|TEM-198	99.6	249	1	0	1	249	1	249	3.03e-179	491	249	286
ratio4_unmapped_NODE_1106_length_1105_cov_14.753333_1	gb|AAC75089.1|ARO:3003577|ugd	100	22	0	0	1	22	367	388	4.02e-10	48.1	23	388
ratio4_unmapped_NODE_1138_length_1065_cov_2.221782_1	gb|AAA26057.1|ARO:3002693|cmlA1	100	123	0	0	1	123	1	123	3.15e-77	231	123	419
ratio4_unmapped_NODE_1138_length_1065_cov_2.221782_2	gb|AAF27727.1|ARO:3002602|aadA2	100	144	0	0	1	144	116	259	3.84e-102	290	145	259
ratio4_unmapped_NODE_1171_length_1030_cov_15.483077_1	gb|AAC75089.1|ARO:3003577|ugd	99.1	332	3	0	1	332	1	332	6.84e-236	642	332	388
ratio4_unmapped_NODE_1253_length_936_cov_1.936436_1	gb|BAB82500.1|ARO:3000186|tet(M)	100	31	0	0	1	31	1	31	7.54e-15	62.0	31	639
ratio4_unmapped_NODE_1451_length_753_cov_1.495702_2	gb|ACJ63260.1|ARO:3000413|sul3	100	117	0	0	1	117	1	117	3.10e-80	233	117	263
ratio4_unmapped_NODE_1474_length_735_cov_15.080882_1	gb|AAC75137.1|ARO:3000794|mdtC	99.6	244	1	0	1	244	51	294	1.99e-159	465	244	1025
ratio4_unmapped_NODE_1475_length_735_cov_9.126471_1	gb|AAC75137.1|ARO:3000794|mdtC	98.8	244	3	0	1	244	51	294	1.22e-157	461	244	1025
ratio4_unmapped_NODE_1527_length_699_cov_1.687888_1	gb|AAC23556.1|ARO:3002660|APH(6)-Id	98.6	147	2	0	1	147	1	147	3.36e-103	293	147	278
ratio4_unmapped_NODE_1527_length_699_cov_1.687888_2	gb|ABK33456.1|ARO:3002639|APH(3'')-Ib	100	85	0	0	1	85	183	267	1.16e-59	180	86	267
ratio4_unmapped_NODE_1534_length_694_cov_3.810642_1	gb|AAC74000.1|ARO:3003950|msbA	100	152	0	0	1	152	1	152	4.98e-99	293	152	582
ratio4_unmapped_NODE_1655_length_623_cov_3.420775_2	gb|BAA15221.2|ARO:3000263|marA	100	127	0	0	1	127	1	127	2.36e-92	259	128	127
ratio4_unmapped_NODE_1667_length_619_cov_3.292553_1	gb|ABK33456.1|ARO:3002639|APH(3'')-Ib	98.9	178	2	0	1	178	1	178	2.69e-129	360	178	267
ratio4_unmapped_NODE_1725_length_586_cov_1.613936_1	gb|APM84488.1|ARO:3004685|MCR-1.5	100	195	0	0	1	195	10	204	1.65e-124	359	195	541
ratio4_unmapped_NODE_1764_length_559_cov_1.696429_1	gb|APM84488.1|ARO:3004685|MCR-1.5	100	185	0	0	1	185	220	404	3.28e-134	383	185	541
ratio4_unmapped_NODE_1830_length_513_cov_1.462882_1	gb|BAB82500.1|ARO:3000186|tet(M)	95.3	170	8	0	1	170	113	282	1.83e-109	322	170	639
ratio4_unmapped_NODE_1960_length_458_cov_1.486352_1	gb|BAA16547.1|ARO:3000027|emrA	100	47	0	0	1	47	1	47	8.20e-15	62.8	47	390
ratio4_unmapped_NODE_1960_length_458_cov_1.486352_2	gb|AAC75731.1|ARO:3000516|emrR	100	62	0	0	1	62	115	176	7.47e-40	125	63	176
ratio4_unmapped_NODE_2139_length_396_cov_1.950147_1	gb|AAC23556.1|ARO:3002660|APH(6)-Id	99.1	115	1	0	1	115	164	278	2.91e-81	236	116	278
ratio4_unmapped_NODE_2219_length_372_cov_10.615142_1	gb|AAC75089.1|ARO:3003577|ugd	100	73	0	0	1	73	316	388	3.30e-44	143	74	388
ratio4_unmapped_NODE_2225_length_370_cov_3.660317_1	gb|AAT45742.1|ARO:3000988|TEM-126	100	55	0	0	1	55	232	286	2.11e-33	112	56	286
ratio4_unmapped_NODE_2277_length_359_cov_1.263158_1	gb|AAC73564.1|ARO:3000216|acrB	100	54	0	0	1	54	996	1049	1.52e-29	105	55	1049
ratio4_unmapped_NODE_2280_length_359_cov_0.858553_1	gb|AAC77293.1|ARO:3001214|mdtM	94.1	118	7	0	1	118	5	122	1.95e-69	211	119	410
ratio4_unmapped_NODE_2302_length_352_cov_0.969697_1	gb|AAC75314.1|ARO:3003578|PmrF	93.5	31	2	0	1	31	37	67	1.08e-12	55.8	31	322
ratio4_unmapped_NODE_2302_length_352_cov_0.969697_2	gb|AAC75314.1|ARO:3003578|PmrF	100	33	0	0	1	33	1	33	6.26e-17	67.8	34	322
ratio4_unmapped_NODE_2313_length_350_cov_2.603390_1	gb|AAC76297.1|ARO:3000499|AcrE	100	116	0	0	1	116	260	375	8.49e-76	226	116	385
ratio4_unmapped_NODE_2338_length_345_cov_0.993103_1	gb|AAC73564.1|ARO:3000216|acrB	99.1	114	1	0	1	114	598	711	1.12e-70	224	114	1049
ratio4_unmapped_NODE_2340_length_344_cov_1.934256_1	gb|BAE78082.1|ARO:3003550|mdtP	99.1	114	1	0	1	114	25	138	3.16e-74	225	114	488
ratio4_unmapped_NODE_2533_length_306_cov_2.310757_1	gb|BAB82500.1|ARO:3000186|tet(M)	100	84	0	0	1	84	32	115	2.09e-50	165	102	639
ratio4_unmapped_NODE_2581_length_297_cov_1.983471_1	gb|AAC75271.1|ARO:3003952|YojI	100	98	0	0	1	98	323	420	1.35e-64	201	98	547
ratio4_unmapped_NODE_2740_length_277_cov_1.283784_1	gb|AET15272.1|ARO:3003197|aadA25	100	84	0	0	8	91	1	84	1.86e-51	159	91	263
ratio4_unmapped_NODE_2779_length_273_cov_0.862385_1	gb|BAB35162.1|ARO:3000676|H-NS	100	40	0	0	1	40	98	137	1.02e-25	87.8	41	137
ratio4_unmapped_NODE_2784_length_272_cov_2.691244_1	gb|AAC75271.1|ARO:3003952|YojI	100	87	0	0	1	87	461	547	3.13e-55	176	88	547
ratio4_unmapped_NODE_2923_length_260_cov_1.590244_1	gb|BAB38260.1|ARO:3000830|cpxA	100	86	0	0	1	86	139	224	2.79e-52	166	86	457
ratio4_unmapped_NODE_2945_length_258_cov_2.837438_1	gb|BAE77933.1|ARO:3000518|CRP	100	86	0	0	1	86	113	198	1.25e-54	165	86	210
ratio4_unmapped_NODE_3132_length_243_cov_2.521277_1	gb|APM84488.1|ARO:3004685|MCR-1.5	100	81	0	0	1	81	455	535	3.44e-52	167	81	541
ratio4_unmapped_NODE_3189_length_239_cov_0.902174_1	gb|AAC75429.1|ARO:3000833|evgS	100	79	0	0	1	79	754	832	4.51e-49	162	79	1197
ratio4_unmapped_NODE_3222_length_236_cov_1.060773_1	gb|AAC76298.1|ARO:3000502|AcrF	98.7	78	1	0	1	78	134	211	5.44e-46	153	78	1034
ratio4_unmapped_NODE_3238_length_235_cov_1.066667_1	gb|AAC76298.1|ARO:3000502|AcrF	100	78	0	0	1	78	420	497	1.85e-40	137	78	1034
ratio4_unmapped_NODE_3408_length_221_cov_1.349398_1	gb|BAE78084.1|ARO:3003548|mdtN	94.5	73	4	0	1	73	262	334	8.99e-45	143	73	343
ratio4_unmapped_NODE_3535_length_211_cov_1.179487_1	gb|AAC73564.1|ARO:3000216|acrB	94.2	69	4	0	1	69	922	990	8.07e-35	120	69	1049
ratio4_unmapped_NODE_3539_length_210_cov_5.135484_1	gb|AAC75089.1|ARO:3003577|ugd	98.6	69	1	0	1	69	316	384	5.05e-40	132	69	388
ratio4_unmapped_NODE_3585_length_208_cov_1.000000_1	gb|AAC76093.1|ARO:3002986|bacA	93.9	33	2	0	1	33	1	33	2.15e-14	60.5	33	273
ratio5_Esch_coli_14EC033_NODE_14_length_21323_cov_31.363692_1	gb|AAC74149.2|ARO:3001216|mdtH	100	402	0	0	2	403	1	402	7.14e-290	782	404	402
ratio5_Esch_coli_14EC033_NODE_14_length_21323_cov_31.363692_13	gb|ABV18113.1|ARO:3001329|mdtG	100	408	0	0	1	408	1	408	7.38e-288	777	409	408
ratio5_Esch_coli_14EC033_NODE_19_length_20432_cov_97.888551_1	gb|BAE78083.1|ARO:3003549|mdtO	98.3	407	7	0	1	407	1	407	6.84e-290	793	407	683
ratio5_Esch_coli_14EC033_NODE_19_length_20432_cov_97.888551_2	gb|BAE78084.1|ARO:3003548|mdtN	99.7	343	1	0	1	343	1	343	9.46e-233	632	344	343
ratio5_Esch_coli_14EC033_NODE_36_length_16470_cov_37.822236_8	gb|AAC75731.1|ARO:3000516|emrR	100	176	0	0	1	176	1	176	2.27e-125	347	177	176
ratio5_Esch_coli_14EC033_NODE_36_length_16470_cov_37.822236_9	gb|BAA16547.1|ARO:3000027|emrA	99.7	390	1	0	1	390	1	390	1.03e-262	712	391	390
ratio5_Esch_coli_14EC033_NODE_36_length_16470_cov_37.822236_10	gb|AAC75733.1|ARO:3000074|emrB	100	512	0	0	1	512	1	512	0.0	998	513	512
ratio5_Esch_coli_14EC033_NODE_38_length_16431_cov_48.336651_12	gb|AFH35853.1|ARO:3001328|Ecol_mdfA	97.1	410	12	0	1	410	1	410	6.22e-281	760	411	410
ratio5_Esch_coli_14EC033_NODE_47_length_14490_cov_14.630066_6	gb|AAC75429.1|ARO:3000833|evgS	97.9	1197	25	0	1	1197	1	1197	0.0	2324	1198	1197
ratio5_Esch_coli_14EC033_NODE_47_length_14490_cov_14.630066_7	gb|BAB36671.1|ARO:3000832|evgA	100	204	0	0	1	204	1	204	5.82e-144	396	205	204
ratio5_Esch_coli_14EC033_NODE_47_length_14490_cov_14.630066_8	gb|BAA11236.1|ARO:3000206|emrK	99.1	351	3	0	37	387	1	351	1.43e-245	667	388	351
ratio5_Esch_coli_14EC033_NODE_47_length_14490_cov_14.630066_9	gb|BAA11237.1|ARO:3000254|emrY	99.8	512	1	0	1	512	1	512	0.0	989	513	512
ratio5_Esch_coli_14EC033_NODE_49_length_14375_cov_38.835405_13	gb|BAE77933.1|ARO:3000518|CRP	99.5	210	1	0	1	210	1	210	1.54e-151	416	211	210
ratio5_Esch_coli_14EC033_NODE_70_length_12598_cov_55.418241_10	gb|ACN32294.1|ARO:3000237|TolC	100	493	0	0	1	493	3	495	0.0	918	494	495
ratio5_Esch_coli_14EC033_NODE_80_length_11786_cov_67.025403_3	gb|AAC73565.1|ARO:3004043|Ecol_acrA	100	397	0	0	1	397	1	397	6.93e-276	746	398	397
ratio5_Esch_coli_14EC033_NODE_80_length_11786_cov_67.025403_4	gb|AAC73564.1|ARO:3000216|acrB	100	1049	0	0	1	1049	1	1049	0.0	1980	1050	1049
ratio5_Esch_coli_14EC033_NODE_98_length_10114_cov_34.267820_1	gb|AAC76296.1|ARO:3000656|AcrS	100	141	0	0	1	141	1	141	1.12e-98	280	141	220
ratio5_Esch_coli_14EC033_NODE_98_length_10114_cov_34.267820_2	gb|AAC76297.1|ARO:3000499|AcrE	99.7	385	1	0	1	385	1	385	9.73e-270	729	386	385
ratio5_Esch_coli_14EC033_NODE_98_length_10114_cov_34.267820_3	gb|AAC76298.1|ARO:3000502|AcrF	99.6	1034	4	0	1	1034	1	1034	0.0	1926	1035	1034
ratio5_Esch_coli_14EC033_NODE_119_length_9530_cov_27.456148_1	gb|AAC76093.1|ARO:3002986|bacA	100	44	0	0	1	44	230	273	2.56e-20	77.0	45	273
ratio5_Esch_coli_14EC033_NODE_133_length_9119_cov_46.696271_7	gb|AAC77110.1|ARO:3004290|Ecol_ampC_BLA	98.4	377	6	0	12	388	1	377	1.81e-282	761	389	377
ratio5_Esch_coli_14EC033_NODE_138_length_8932_cov_36.787653_9	gb|BAE78082.1|ARO:3003550|mdtP	100	106	0	0	1	106	383	488	3.86e-62	193	107	488
ratio5_Esch_coli_14EC033_NODE_139_length_8922_cov_209.533100_4	gb|BAA16344.1|ARO:3000491|acrD	99.3	461	3	0	1	461	577	1037	0.0	894	462	1037
ratio5_Esch_coli_14EC033_NODE_139_length_8922_cov_209.533100_5	gb|BAA16344.1|ARO:3000491|acrD	99.8	524	1	0	1	524	1	524	0.0	976	583	1037
ratio5_Esch_coli_14EC033_NODE_159_length_7953_cov_41.972778_4	gb|BAE77781.1|ARO:3000795|mdtE	100	385	0	0	1	385	1	385	7.65e-267	722	386	385
ratio5_Esch_coli_14EC033_NODE_159_length_7953_cov_41.972778_5	gb|AAC76539.1|ARO:3000796|mdtF	99.9	1037	1	0	1	1037	1	1037	0.0	1929	1038	1037
ratio5_Esch_coli_14EC033_NODE_159_length_7953_cov_41.972778_7	gb|ANK04027.1|ARO:3003838|gadW	94.6	242	13	0	1	242	1	242	8.74e-167	457	243	242
ratio5_Esch_coli_14EC033_NODE_159_length_7953_cov_41.972778_8	gb|BAE77778.1|ARO:3000508|gadX	98.2	274	5	0	1	274	1	274	2.63e-193	527	275	274
ratio5_Esch_coli_14EC033_NODE_182_length_7409_cov_37.206962_1	gb|AAC75314.1|ARO:3003578|PmrF	100	322	0	0	1	322	1	322	8.81e-232	628	323	322
ratio5_Esch_coli_14EC033_NODE_221_length_6485_cov_18.908243_2	gb|AAC75271.1|ARO:3003952|YojI	100	547	0	0	1	547	1	547	0.0	1058	548	547
ratio5_Esch_coli_14EC033_NODE_226_length_6332_cov_56.418990_3	gb|BAB38260.1|ARO:3000830|cpxA	99.8	457	1	0	1	457	1	457	0.0	886	458	457
ratio5_Esch_coli_14EC033_NODE_255_length_5580_cov_19.510769_5	gb|BAA15221.2|ARO:3000263|marA	100	127	0	0	1	127	1	127	2.36e-92	259	128	127
ratio5_Esch_coli_14EC033_NODE_263_length_5414_cov_80.498600_7	gb|AAC76296.1|ARO:3000656|AcrS	96.2	78	3	0	1	78	143	220	7.74e-51	155	79	220
ratio5_Esch_coli_14EC033_NODE_283_length_5050_cov_15.322723_3	gb|AAC73788.1|ARO:3003841|kdpE	99.5	191	1	0	1	191	1	191	5.03e-135	374	192	225
ratio5_Esch_coli_14EC033_NODE_288_length_4926_cov_33.100801_2	gb|BAE78116.1|ARO:3003576|eptA	99.6	547	2	0	1	547	1	547	0.0	1083	548	547
ratio5_Esch_coli_14EC033_NODE_338_length_4235_cov_14.541866_1	gb|AAC77293.1|ARO:3001214|mdtM	97.3	409	11	0	1	409	1	409	1.86e-282	764	411	410
ratio5_Esch_coli_14EC033_NODE_352_length_4052_cov_50.707280_2	gb|AAC74000.1|ARO:3003950|msbA	100	582	0	0	1	582	1	582	0.0	1092	583	582
ratio5_Esch_coli_14EC033_NODE_429_length_2975_cov_42.112671_4	gb|AAC76093.1|ARO:3002986|bacA	99.6	223	1	0	1	223	1	223	3.66e-161	443	223	273
ratio5_Esch_coli_14EC033_NODE_492_length_2292_cov_79.738936_1	gb|AAC75137.1|ARO:3000794|mdtC	99.6	763	3	0	1	763	201	963	0.0	1419	763	1025
ratio5_Esch_coli_14EC033_NODE_498_length_2250_cov_16.787244_1	gb|BAB35162.1|ARO:3000676|H-NS	100	137	0	0	10	146	1	137	3.15e-86	245	147	137
ratio5_Esch_coli_14EC033_NODE_551_length_1860_cov_29.597784_1	gb|BAE78082.1|ARO:3003550|mdtP	97.7	346	8	0	1	346	1	346	2.43e-236	647	346	488
ratio5_Esch_coli_14EC033_NODE_551_length_1860_cov_29.597784_2	gb|BAE78083.1|ARO:3003549|mdtO	98.9	274	3	0	1	274	410	683	8.13e-184	518	275	683
ratio5_Esch_coli_14EC033_NODE_556_length_1828_cov_75.979695_1	gb|BAA15934.1|ARO:3000829|baeS	100	218	0	0	1	218	250	467	1.85e-151	426	219	467
ratio5_Esch_coli_14EC033_NODE_556_length_1828_cov_75.979695_2	gb|BAA15935.1|ARO:3000828|baeR	97.9	240	5	0	1	240	1	240	1.41e-171	469	241	240
ratio5_Esch_coli_14EC033_NODE_669_length_1141_cov_45.984346_1	gb|AAC75135.2|ARO:3000792|mdtA	100	187	0	0	1	187	229	415	6.96e-126	358	188	415
ratio5_Esch_coli_14EC033_NODE_669_length_1141_cov_45.984346_2	gb|AAC75136.1|ARO:3000793|mdtB	100	192	0	0	1	192	1	192	1.80e-118	357	192	1040
ratio5_Esch_coli_14EC033_NODE_798_length_660_cov_2.411570_1	gb|AAC75136.1|ARO:3000793|mdtB	100	89	0	0	1	89	285	373	9.66e-49	162	105	1040
ratio5_Esch_coli_14EC033_NODE_798_length_660_cov_2.411570_2	gb|AAC75136.1|ARO:3000793|mdtB	100	127	0	0	1	127	399	525	5.10e-71	226	127	1040
ratio5_Esch_coli_2011C-3911_NODE_1_length_362601_cov_207.244038_17	gb|AAC75135.2|ARO:3000792|mdtA	99.3	415	3	0	41	455	1	415	1.29e-279	759	456	415
ratio5_Esch_coli_2011C-3911_NODE_1_length_362601_cov_207.244038_18	gb|AAC75136.1|ARO:3000793|mdtB	99.4	1040	6	0	1	1040	1	1040	0.0	1897	1041	1040
ratio5_Esch_coli_2011C-3911_NODE_1_length_362601_cov_207.244038_19	gb|AAC75137.1|ARO:3000794|mdtC	99.8	1025	2	0	1	1025	1	1025	0.0	1908	1026	1025
ratio5_Esch_coli_2011C-3911_NODE_1_length_362601_cov_207.244038_21	gb|BAA15934.1|ARO:3000829|baeS	100	467	0	0	1	467	1	467	0.0	919	468	467
ratio5_Esch_coli_2011C-3911_NODE_1_length_362601_cov_207.244038_22	gb|BAA15935.1|ARO:3000828|baeR	99.6	240	1	0	1	240	1	240	1.26e-174	477	241	240
ratio5_Esch_coli_2011C-3911_NODE_1_length_362601_cov_207.244038_150	gb|AAC75271.1|ARO:3003952|YojI	99.8	547	1	0	1	547	1	547	0.0	1057	548	547
ratio5_Esch_coli_2011C-3911_NODE_1_length_362601_cov_207.244038_183	gb|AAC75314.1|ARO:3003578|PmrF	100	322	0	0	1	322	1	322	8.81e-232	628	323	322
ratio5_Esch_coli_2011C-3911_NODE_1_length_362601_cov_207.244038_279	gb|BAA11237.1|ARO:3000254|emrY	99.8	512	1	0	1	512	1	512	0.0	991	513	512
ratio5_Esch_coli_2011C-3911_NODE_1_length_362601_cov_207.244038_280	gb|BAA11236.1|ARO:3000206|emrK	99.7	351	1	0	37	387	1	351	6.08e-247	671	388	351
ratio5_Esch_coli_2011C-3911_NODE_1_length_362601_cov_207.244038_281	gb|BAB36671.1|ARO:3000832|evgA	100	204	0	0	1	204	1	204	5.82e-144	396	205	204
ratio5_Esch_coli_2011C-3911_NODE_1_length_362601_cov_207.244038_282	gb|AAC75429.1|ARO:3000833|evgS	99.0	1197	12	0	1	1197	1	1197	0.0	2345	1198	1197
ratio5_Esch_coli_2011C-3911_NODE_3_length_214023_cov_204.031561_5	gb|AAC76093.1|ARO:3002986|bacA	99.6	273	1	0	1	273	1	273	6.98e-193	526	274	273
ratio5_Esch_coli_2011C-3911_NODE_3_length_214023_cov_204.031561_25	gb|ACN32294.1|ARO:3000237|TolC	100	493	0	0	1	493	3	495	0.0	918	494	495
ratio5_Esch_coli_2011C-3911_NODE_4_length_206377_cov_208.106702_86	gb|AAC74000.1|ARO:3003950|msbA	100	582	0	0	1	582	1	582	0.0	1092	583	582
ratio5_Esch_coli_2011C-3911_NODE_4_length_206377_cov_208.106702_157	gb|AFH35853.1|ARO:3001328|Ecol_mdfA	96.1	410	16	0	1	410	1	410	5.95e-279	755	411	410
ratio5_Esch_coli_2011C-3911_NODE_5_length_192480_cov_210.199101_54	gb|BAA16344.1|ARO:3000491|acrD	99.9	1037	1	0	1	1037	1	1037	0.0	1966	1038	1037
ratio5_Esch_coli_2011C-3911_NODE_6_length_170594_cov_199.513103_130	gb|AAC74149.2|ARO:3001216|mdtH	100	402	0	0	1	402	1	402	6.85e-290	782	403	402
ratio5_Esch_coli_2011C-3911_NODE_6_length_170594_cov_199.513103_142	gb|ABV18113.1|ARO:3001329|mdtG	100	408	0	0	1	408	1	408	7.38e-288	777	409	408
ratio5_Esch_coli_2011C-3911_NODE_9_length_145031_cov_222.022831_66	gb|BAE77933.1|ARO:3000518|CRP	99.5	210	1	0	1	210	1	210	1.54e-151	416	211	210
ratio5_Esch_coli_2011C-3911_NODE_10_length_123598_cov_198.439596_80	gb|BAE78082.1|ARO:3003550|mdtP	98.2	488	9	0	1	488	1	488	0.0	904	489	488
ratio5_Esch_coli_2011C-3911_NODE_10_length_123598_cov_198.439596_81	gb|BAE78083.1|ARO:3003549|mdtO	99.4	683	4	0	1	683	1	683	0.0	1324	684	683
ratio5_Esch_coli_2011C-3911_NODE_10_length_123598_cov_198.439596_82	gb|BAE78084.1|ARO:3003548|mdtN	99.7	343	1	0	1	343	1	343	1.15e-233	635	344	343
ratio5_Esch_coli_2011C-3911_NODE_10_length_123598_cov_198.439596_109	gb|BAE78116.1|ARO:3003576|eptA	99.6	547	2	0	1	547	1	547	0.0	1083	548	547
ratio5_Esch_coli_2011C-3911_NODE_12_length_92546_cov_211.159507_35	gb|AAC73565.1|ARO:3004043|Ecol_acrA	100	397	0	0	1	397	1	397	6.93e-276	746	398	397
ratio5_Esch_coli_2011C-3911_NODE_12_length_92546_cov_211.159507_36	gb|AAC73564.1|ARO:3000216|acrB	100	1049	0	0	1	1049	1	1049	0.0	1980	1050	1049
ratio5_Esch_coli_2011C-3911_NODE_16_length_77753_cov_200.585897_44	gb|AAC75733.1|ARO:3000074|emrB	100	512	0	0	1	512	1	512	0.0	998	513	512
ratio5_Esch_coli_2011C-3911_NODE_16_length_77753_cov_200.585897_45	gb|BAA16547.1|ARO:3000027|emrA	99.7	390	1	0	1	390	1	390	1.03e-262	712	391	390
ratio5_Esch_coli_2011C-3911_NODE_16_length_77753_cov_200.585897_46	gb|AAC75731.1|ARO:3000516|emrR	100	176	0	0	1	176	1	176	2.27e-125	347	177	176
ratio5_Esch_coli_2011C-3911_NODE_18_length_69648_cov_189.497521_17	gb|BAE77778.1|ARO:3000508|gadX	98.5	274	4	0	1	274	1	274	1.30e-193	528	275	274
ratio5_Esch_coli_2011C-3911_NODE_18_length_69648_cov_189.497521_18	gb|ANK04027.1|ARO:3003838|gadW	93.8	242	15	0	1	242	1	242	1.45e-165	454	243	242
ratio5_Esch_coli_2011C-3911_NODE_18_length_69648_cov_189.497521_20	gb|AAC76539.1|ARO:3000796|mdtF	99.8	1037	2	0	1	1037	1	1037	0.0	1930	1038	1037
ratio5_Esch_coli_2011C-3911_NODE_18_length_69648_cov_189.497521_21	gb|BAE77781.1|ARO:3000795|mdtE	100	385	0	0	1	385	1	385	7.65e-267	722	386	385
ratio5_Esch_coli_2011C-3911_NODE_23_length_61871_cov_209.364566_27	gb|AAC77293.1|ARO:3001214|mdtM	98.3	409	7	0	1	409	1	409	7.91e-284	767	411	410
ratio5_Esch_coli_2011C-3911_NODE_24_length_61798_cov_213.879258_46	gb|AAC76296.1|ARO:3000656|AcrS	99.1	220	2	0	1	220	1	220	4.57e-158	433	221	220
ratio5_Esch_coli_2011C-3911_NODE_24_length_61798_cov_213.879258_47	gb|AAC76297.1|ARO:3000499|AcrE	100	385	0	0	1	385	1	385	2.39e-270	731	386	385
ratio5_Esch_coli_2011C-3911_NODE_24_length_61798_cov_213.879258_48	gb|AAC76298.1|ARO:3000502|AcrF	99.5	1034	5	0	1	1034	1	1034	0.0	1924	1035	1034
ratio5_Esch_coli_2011C-3911_NODE_31_length_48384_cov_187.432535_26	gb|BAA15221.2|ARO:3000263|marA	100	127	0	0	1	127	1	127	2.36e-92	259	128	127
ratio5_Esch_coli_2011C-3911_NODE_40_length_30998_cov_207.871473_6	gb|AAC73788.1|ARO:3003841|kdpE	98.7	224	3	0	1	224	1	224	2.97e-161	442	226	225
ratio5_Esch_coli_2011C-3911_NODE_42_length_30751_cov_185.089165_28	gb|BAB35162.1|ARO:3000676|H-NS	100	137	0	0	1	137	1	137	3.10e-86	245	138	137
ratio5_Esch_coli_2011C-3911_NODE_51_length_21192_cov_198.579032_24	gb|BAB38260.1|ARO:3000830|cpxA	100	457	0	0	1	457	1	457	0.0	887	458	457
ratio5_Esch_coli_2011C-3911_NODE_54_length_18690_cov_220.322619_8	gb|WP_063860228.1|ARO:3006874|EC-13	98.7	377	5	0	12	388	1	377	3.82e-284	766	389	377
ratio5_Esch_coli_2011C-3911_NODE_324_length_275_cov_7.695455_1	gb|AAC75089.1|ARO:3003577|ugd	98.9	91	1	0	1	91	200	290	1.25e-61	189	91	388
ratio5_Esch_coli_MB19_NODE_1_length_86106_cov_67.946206_74	gb|AAC74149.2|ARO:3001216|mdtH	100	402	0	0	1	402	1	402	6.85e-290	782	403	402
ratio5_Esch_coli_MB19_NODE_1_length_86106_cov_67.946206_86	gb|ABV18113.1|ARO:3001329|mdtG	99.7	374	1	0	1	374	1	374	2.41e-261	709	374	408
ratio5_Esch_coli_MB19_NODE_5_length_58211_cov_48.994790_1	gb|BAE78083.1|ARO:3003549|mdtO	100	304	0	0	1	304	1	304	8.52e-212	591	304	683
ratio5_Esch_coli_MB19_NODE_5_length_58211_cov_48.994790_2	gb|BAE78084.1|ARO:3003548|mdtN	100	343	0	0	1	343	1	343	8.12e-234	635	344	343
ratio5_Esch_coli_MB19_NODE_5_length_58211_cov_48.994790_37	gb|BAE78116.1|ARO:3003576|eptA	99.6	547	2	0	1	547	1	547	0.0	1083	548	547
ratio5_Esch_coli_MB19_NODE_7_length_55083_cov_84.733808_8	gb|AAC76298.1|ARO:3000502|AcrF	99.9	1034	1	0	1	1034	1	1034	0.0	1934	1035	1034
ratio5_Esch_coli_MB19_NODE_7_length_55083_cov_84.733808_9	gb|AAC76297.1|ARO:3000499|AcrE	100	385	0	0	1	385	1	385	2.39e-270	731	386	385
ratio5_Esch_coli_MB19_NODE_7_length_55083_cov_84.733808_10	gb|AAC76296.1|ARO:3000656|AcrS	100	220	0	0	1	220	1	220	2.75e-159	436	221	220
ratio5_Esch_coli_MB19_NODE_12_length_48145_cov_53.213371_35	gb|AAC73565.1|ARO:3004043|Ecol_acrA	100	397	0	0	1	397	1	397	6.93e-276	746	398	397
ratio5_Esch_coli_MB19_NODE_12_length_48145_cov_53.213371_36	gb|AAC73564.1|ARO:3000216|acrB	100	1049	0	0	1	1049	1	1049	0.0	1980	1050	1049
ratio5_Esch_coli_MB19_NODE_16_length_43443_cov_91.999700_23	gb|BAB35162.1|ARO:3000676|H-NS	100	137	0	0	1	137	1	137	3.10e-86	245	138	137
ratio5_Esch_coli_MB19_NODE_21_length_38957_cov_62.320189_11	gb|BAA16344.1|ARO:3000491|acrD	99.9	1037	1	0	1	1037	1	1037	0.0	1967	1038	1037
ratio5_Esch_coli_MB19_NODE_22_length_37640_cov_58.440495_29	gb|ACN32294.1|ARO:3000237|TolC	99.8	493	1	0	1	493	3	495	0.0	914	494	495
ratio5_Esch_coli_MB19_NODE_28_length_34392_cov_58.799953_15	gb|AAC75314.1|ARO:3003578|PmrF	100	322	0	0	1	322	1	322	8.81e-232	628	323	322
ratio5_Esch_coli_MB19_NODE_44_length_27901_cov_66.244954_20	gb|BAE77933.1|ARO:3000518|CRP	99.5	210	1	0	1	210	1	210	1.54e-151	416	211	210
ratio5_Esch_coli_MB19_NODE_47_length_25530_cov_83.598391_17	gb|AAC74000.1|ARO:3003950|msbA	100	582	0	0	1	582	1	582	0.0	1092	583	582
ratio5_Esch_coli_MB19_NODE_67_length_21203_cov_60.452005_15	gb|AAC76093.1|ARO:3002986|bacA	100	273	0	0	1	273	1	273	2.44e-193	527	274	273
ratio5_Esch_coli_MB19_NODE_73_length_19416_cov_48.558236_17	gb|BAE78082.1|ARO:3003550|mdtP	100	488	0	0	1	488	1	488	0.0	922	489	488
ratio5_Esch_coli_MB19_NODE_73_length_19416_cov_48.558236_18	gb|BAE78083.1|ARO:3003549|mdtO	100	309	0	0	1	309	375	683	5.00e-215	599	310	683
ratio5_Esch_coli_MB19_NODE_79_length_17788_cov_68.178312_1	gb|AAC75136.1|ARO:3000793|mdtB	99.6	263	1	0	1	263	778	1040	2.47e-165	482	264	1040
ratio5_Esch_coli_MB19_NODE_79_length_17788_cov_68.178312_2	gb|AAC75137.1|ARO:3000794|mdtC	99.9	1025	1	0	1	1025	1	1025	0.0	1908	1026	1025
ratio5_Esch_coli_MB19_NODE_79_length_17788_cov_68.178312_4	gb|BAA15934.1|ARO:3000829|baeS	100	467	0	0	1	467	1	467	0.0	919	468	467
ratio5_Esch_coli_MB19_NODE_79_length_17788_cov_68.178312_5	gb|BAA15935.1|ARO:3000828|baeR	100	240	0	0	1	240	1	240	1.53e-175	479	241	240
ratio5_Esch_coli_MB19_NODE_98_length_14413_cov_63.370107_8	gb|AAC75731.1|ARO:3000516|emrR	100	176	0	0	1	176	1	176	2.27e-125	347	177	176
ratio5_Esch_coli_MB19_NODE_98_length_14413_cov_63.370107_9	gb|BAA16547.1|ARO:3000027|emrA	99.7	390	1	0	1	390	1	390	1.03e-262	712	391	390
ratio5_Esch_coli_MB19_NODE_98_length_14413_cov_63.370107_10	gb|AAC75733.1|ARO:3000074|emrB	100	512	0	0	1	512	1	512	0.0	998	513	512
ratio5_Esch_coli_MB19_NODE_106_length_12898_cov_35.552130_3	gb|AAC77293.1|ARO:3001214|mdtM	97.5	403	10	0	17	419	8	410	4.05e-277	751	420	410
ratio5_Esch_coli_MB19_NODE_113_length_12318_cov_51.803637_9	gb|BAE77781.1|ARO:3000795|mdtE	100	385	0	0	1	385	1	385	7.65e-267	722	386	385
ratio5_Esch_coli_MB19_NODE_113_length_12318_cov_51.803637_10	gb|AAC76539.1|ARO:3000796|mdtF	100	1037	0	0	1	1037	1	1037	0.0	1932	1038	1037
ratio5_Esch_coli_MB19_NODE_113_length_12318_cov_51.803637_11	gb|ANK04027.1|ARO:3003838|gadW	94.6	242	13	0	1	242	1	242	8.74e-167	457	243	242
ratio5_Esch_coli_MB19_NODE_113_length_12318_cov_51.803637_12	gb|BAE77778.1|ARO:3000508|gadX	99.6	274	1	0	1	274	1	274	1.66e-196	535	275	274
ratio5_Esch_coli_MB19_NODE_117_length_12030_cov_65.458288_8	gb|AAC77110.1|ARO:3004290|Ecol_ampC_BLA	97.9	377	8	0	12	388	1	377	1.05e-281	759	389	377
ratio5_Esch_coli_MB19_NODE_135_length_10244_cov_82.076357_7	gb|AAC75429.1|ARO:3000833|evgS	100	1042	0	0	1	1042	156	1197	0.0	2068	1043	1197
ratio5_Esch_coli_MB19_NODE_151_length_8905_cov_50.062712_6	gb|AFH35853.1|ARO:3001328|Ecol_mdfA	97.1	410	12	0	1	410	1	410	6.22e-281	760	411	410
ratio5_Esch_coli_MB19_NODE_154_length_8516_cov_45.024702_6	gb|AAC73788.1|ARO:3003841|kdpE	99.1	225	2	0	1	225	1	225	2.54e-162	444	226	225
ratio5_Esch_coli_MB19_NODE_168_length_7670_cov_46.605647_1	gb|AAC75429.1|ARO:3000833|evgS	98.5	135	2	0	1	135	1	135	3.21e-86	270	135	1197
ratio5_Esch_coli_MB19_NODE_168_length_7670_cov_46.605647_2	gb|BAB36671.1|ARO:3000832|evgA	100	204	0	0	1	204	1	204	5.82e-144	396	205	204
ratio5_Esch_coli_MB19_NODE_168_length_7670_cov_46.605647_3	gb|BAA11236.1|ARO:3000206|emrK	100	351	0	0	37	387	1	351	4.28e-247	671	388	351
ratio5_Esch_coli_MB19_NODE_168_length_7670_cov_46.605647_4	gb|BAA11237.1|ARO:3000254|emrY	99.4	512	3	0	1	512	1	512	0.0	989	513	512
ratio5_Esch_coli_MB19_NODE_174_length_7385_cov_44.598363_6	gb|BAA15221.2|ARO:3000263|marA	100	127	0	0	1	127	1	127	2.36e-92	259	128	127
ratio5_Esch_coli_MB19_NODE_182_length_6922_cov_46.976991_4	gb|AAC75135.2|ARO:3000792|mdtA	99.0	415	4	0	41	455	1	415	1.23e-277	754	456	415
ratio5_Esch_coli_MB19_NODE_182_length_6922_cov_46.976991_5	gb|AAC75136.1|ARO:3000793|mdtB	99.9	778	1	0	1	778	1	778	0.0	1428	778	1040
ratio5_Esch_coli_MB19_NODE_213_length_5080_cov_109.413333_5	gb|BAB38260.1|ARO:3000830|cpxA	100	457	0	0	1	457	1	457	0.0	887	458	457
ratio5_Esch_coli_MB19_NODE_226_length_4350_cov_56.987660_2	gb|AAC75271.1|ARO:3003952|YojI	99.8	547	1	0	1	547	1	547	0.0	1057	548	547
ratio5_Esch_coli_MB19_NODE_456_length_629_cov_14.952962_2	gb|AAC75089.1|ARO:3003577|ugd	100	54	0	0	1	54	1	54	4.95e-30	105	58	388
ratio5_Esch_coli_TUM20902_NODE_12_length_9361_cov_7.986245_10	gb|ABV18113.1|ARO:3001329|mdtG	99.8	408	1	0	1	408	1	408	1.74e-286	774	409	408
ratio5_Esch_coli_TUM20902_NODE_18_length_7587_cov_6.868428_3	gb|BAA16344.1|ARO:3000491|acrD	99.8	1037	2	0	1	1037	1	1037	0.0	1964	1038	1037
ratio5_Esch_coli_TUM20902_NODE_22_length_7085_cov_26.648080_1	gb|BAB38260.1|ARO:3000830|cpxA	98.1	106	2	0	1	106	1	106	1.41e-65	201	106	457
ratio5_Esch_coli_TUM20902_NODE_67_length_4822_cov_35.437802_1	gb|AAC73564.1|ARO:3000216|acrB	100	199	0	0	1	199	1	199	3.82e-124	372	199	1049
ratio5_Esch_coli_TUM20902_NODE_67_length_4822_cov_35.437802_2	gb|AAC73565.1|ARO:3004043|Ecol_acrA	99.7	397	1	0	1	397	1	397	1.15e-274	743	398	397
ratio5_Esch_coli_TUM20902_NODE_99_length_4176_cov_4.216695_2	gb|AAC75137.1|ARO:3000794|mdtC	99.4	1005	6	0	1	1005	21	1025	0.0	1867	1006	1025
ratio5_Esch_coli_TUM20902_NODE_104_length_4053_cov_3.512006_3	gb|BAA15935.1|ARO:3000828|baeR	100	240	0	0	1	240	1	240	1.53e-175	479	241	240
ratio5_Esch_coli_TUM20902_NODE_104_length_4053_cov_3.512006_4	gb|BAA15934.1|ARO:3000829|baeS	99.4	467	3	0	1	467	1	467	0.0	912	468	467
ratio5_Esch_coli_TUM20902_NODE_109_length_4023_cov_22.946573_2	gb|ACN32294.1|ARO:3000237|TolC	99.7	394	1	0	1	394	102	495	1.78e-269	734	395	495
ratio5_Esch_coli_TUM20902_NODE_109_length_4023_cov_22.946573_3	gb|ACN32294.1|ARO:3000237|TolC	98.9	91	1	0	1	91	3	93	4.18e-53	169	97	495
ratio5_Esch_coli_TUM20902_NODE_253_length_2989_cov_17.662236_7	gb|WP_063860454.1|ARO:3006881|EC-8	98.3	176	3	0	1	176	202	377	1.28e-126	358	177	377
ratio5_Esch_coli_TUM20902_NODE_254_length_2954_cov_18.061056_1	gb|BAE78116.1|ARO:3003576|eptA	99.1	320	3	0	1	320	228	547	2.45e-241	661	321	547
ratio5_Esch_coli_TUM20902_NODE_306_length_2681_cov_8.419269_3	gb|BAE77781.1|ARO:3000795|mdtE	98.9	364	4	0	1	364	1	364	4.37e-250	679	377	385
ratio5_Esch_coli_TUM20902_NODE_466_length_2243_cov_7.452925_1	gb|AAC75136.1|ARO:3000793|mdtB	100	137	0	0	1	137	1	137	8.89e-82	256	137	1040
ratio5_Esch_coli_TUM20902_NODE_466_length_2243_cov_7.452925_2	gb|AAC75135.2|ARO:3000792|mdtA	99.5	415	2	0	1	415	1	415	1.52e-279	757	416	415
ratio5_Esch_coli_TUM20902_NODE_506_length_2125_cov_2.433333_2	gb|BAE78084.1|ARO:3003548|mdtN	99.7	343	1	0	1	343	1	343	9.46e-233	632	344	343
ratio5_Esch_coli_TUM20902_NODE_506_length_2125_cov_2.433333_3	gb|BAE78083.1|ARO:3003549|mdtO	97.4	195	5	0	1	195	1	195	4.03e-124	362	195	683
ratio5_Esch_coli_TUM20902_NODE_518_length_2101_cov_23.401760_5	gb|WP_063860228.1|ARO:3006874|EC-13	99.3	137	1	0	12	148	1	137	6.97e-96	278	148	377
ratio5_Esch_coli_TUM20902_NODE_521_length_2096_cov_2.540911_1	gb|BAE78082.1|ARO:3003550|mdtP	98.3	229	4	0	1	229	1	229	5.12e-154	434	229	488
ratio5_Esch_coli_TUM20902_NODE_521_length_2096_cov_2.540911_2	gb|BAE78083.1|ARO:3003549|mdtO	97.4	470	11	1	1	469	214	683	0.0	908	470	683
ratio5_Esch_coli_TUM20902_NODE_523_length_2092_cov_28.072656_2	gb|BAE77933.1|ARO:3000518|CRP	99.5	210	1	0	1	210	1	210	1.54e-151	416	211	210
ratio5_Esch_coli_TUM20902_NODE_565_length_2009_cov_18.003071_1	gb|AAC76539.1|ARO:3000796|mdtF	99.7	669	2	0	1	669	213	881	0.0	1259	669	1037
ratio5_Esch_coli_TUM20902_NODE_585_length_1981_cov_60.684320_3	gb|BAE78082.1|ARO:3003550|mdtP	99.3	145	1	0	1	145	344	488	2.66e-90	268	146	488
ratio5_Esch_coli_TUM20902_NODE_593_length_1969_cov_3.432602_2	gb|AAC74000.1|ARO:3003950|msbA	99.7	318	1	0	1	318	265	582	4.30e-219	606	319	582
ratio5_Esch_coli_TUM20902_NODE_679_length_1806_cov_9.347801_1	gb|AAC74149.2|ARO:3001216|mdtH	100	42	0	0	1	42	361	402	3.98e-25	91.3	43	402
ratio5_Esch_coli_TUM20902_NODE_802_length_1619_cov_2.903453_1	gb|AAC76298.1|ARO:3000502|AcrF	99.0	407	4	0	1	407	628	1034	4.53e-276	771	408	1034
ratio5_Esch_coli_TUM20902_NODE_835_length_1572_cov_4.048121_1	gb|AAC76296.1|ARO:3000656|AcrS	97.7	220	5	0	1	220	1	220	3.09e-156	429	221	220
ratio5_Esch_coli_TUM20902_NODE_835_length_1572_cov_4.048121_2	gb|AAC76297.1|ARO:3000499|AcrE	99.3	152	1	0	1	152	1	152	4.57e-102	295	152	385
ratio5_Esch_coli_TUM20902_NODE_836_length_1571_cov_8.201847_1	gb|AAC75733.1|ARO:3000074|emrB	100	72	0	0	1	72	441	512	8.02e-45	147	73	512
ratio5_Esch_coli_TUM20902_NODE_875_length_1520_cov_2.486689_1	gb|AAC75271.1|ARO:3003952|YojI	99.6	280	1	0	1	280	1	280	3.96e-191	532	280	547
ratio5_Esch_coli_TUM20902_NODE_917_length_1471_cov_13.739407_1	gb|AAC75731.1|ARO:3000516|emrR	100	105	0	0	1	105	72	176	1.58e-72	210	106	176
ratio5_Esch_coli_TUM20902_NODE_917_length_1471_cov_13.739407_2	gb|BAA16547.1|ARO:3000027|emrA	99.7	341	1	0	1	341	1	341	2.17e-228	623	341	390
ratio5_Esch_coli_TUM20902_NODE_921_length_1469_cov_16.450495_1	gb|AAC73564.1|ARO:3000216|acrB	99.8	430	1	0	4	433	620	1049	1.79e-299	833	434	1049
ratio5_Esch_coli_TUM20902_NODE_933_length_1456_cov_2.423269_2	gb|AAC75429.1|ARO:3000833|evgS	95.7	92	4	0	1	92	1106	1197	2.74e-55	180	93	1197
ratio5_Esch_coli_TUM20902_NODE_953_length_1433_cov_1.743106_1	gb|ANK04027.1|ARO:3003838|gadW	93.3	135	9	0	1	135	1	135	3.36e-87	251	135	242
ratio5_Esch_coli_TUM20902_NODE_953_length_1433_cov_1.743106_2	gb|BAE77778.1|ARO:3000508|gadX	96.3	218	8	0	1	218	57	274	3.91e-146	405	219	274
ratio5_Esch_coli_TUM20902_NODE_976_length_1399_cov_5.378720_1	gb|AAC75271.1|ARO:3003952|YojI	100	52	0	0	1	52	496	547	6.17e-30	105	53	547
ratio5_Esch_coli_TUM20902_NODE_998_length_1378_cov_6.430839_2	gb|AFH35853.1|ARO:3001328|Ecol_mdfA	95.6	298	13	0	1	298	1	298	4.59e-198	545	298	410
ratio5_Esch_coli_TUM20902_NODE_1158_length_1209_cov_2.812825_1	gb|AAC75136.1|ARO:3000793|mdtB	99.0	402	4	0	1	402	380	781	7.64e-264	740	402	1040
ratio5_Esch_coli_TUM20902_NODE_1162_length_1207_cov_11.339410_1	gb|BAB35162.1|ARO:3000676|H-NS	100	137	0	0	1	137	1	137	3.10e-86	245	138	137
ratio5_Esch_coli_TUM20902_NODE_1192_length_1179_cov_4.297153_2	gb|BAA15221.2|ARO:3000263|marA	100	127	0	0	1	127	1	127	2.36e-92	259	128	127
ratio5_Esch_coli_TUM20902_NODE_1294_length_1087_cov_9.833333_1	gb|AAC74000.1|ARO:3003950|msbA	100	215	0	0	1	215	1	215	6.60e-142	405	215	582
ratio5_Esch_coli_TUM20902_NODE_1295_length_1087_cov_5.539729_1	gb|AAC76297.1|ARO:3000499|AcrE	99.6	236	1	0	1	236	150	385	6.90e-159	442	237	385
ratio5_Esch_coli_TUM20902_NODE_1295_length_1087_cov_5.539729_2	gb|AAC76298.1|ARO:3000502|AcrF	100	121	0	0	1	121	1	121	3.39e-69	221	121	1034
ratio5_Esch_coli_TUM20902_NODE_1298_length_1082_cov_1.931840_2	gb|AAC73788.1|ARO:3003841|kdpE	98.7	225	3	0	1	225	1	225	1.21e-160	440	226	225
ratio5_Esch_coli_TUM20902_NODE_1418_length_993_cov_5.146055_1	gb|AAC73564.1|ARO:3000216|acrB	100	331	0	0	1	331	261	591	1.97e-214	611	331	1049
ratio5_Esch_coli_TUM20902_NODE_1473_length_948_cov_2.428891_1	gb|AAC75429.1|ARO:3000833|evgS	98.0	203	4	0	1	203	1	203	2.15e-130	392	203	1197
ratio5_Esch_coli_TUM20902_NODE_1473_length_948_cov_2.428891_2	gb|BAB36671.1|ARO:3000832|evgA	100	53	0	0	1	53	152	204	1.37e-32	107	54	204
ratio5_Esch_coli_TUM20902_NODE_1584_length_880_cov_2.488485_1	gb|AAC75429.1|ARO:3000833|evgS	98.0	293	6	0	1	293	793	1085	3.48e-194	562	293	1197
ratio5_Esch_coli_TUM20902_NODE_1689_length_808_cov_3.993360_1	gb|AAC75314.1|ARO:3003578|PmrF	100	199	0	0	1	199	124	322	1.47e-140	392	200	322
ratio5_Esch_coli_TUM20902_NODE_1695_length_802_cov_10.239625_1	gb|AAC75089.1|ARO:3003577|ugd	99.5	209	1	0	1	209	1	209	6.51e-143	401	209	388
ratio5_Esch_coli_TUM20902_NODE_1711_length_785_cov_1.141096_1	gb|AAC75429.1|ARO:3000833|evgS	98.1	261	5	0	1	261	277	537	4.50e-182	529	261	1197
ratio5_Esch_coli_TUM20902_NODE_1792_length_734_cov_14.055965_1	gb|BAB38260.1|ARO:3000830|cpxA	100	244	0	0	1	244	118	361	2.03e-167	467	244	457
ratio5_Esch_coli_TUM20902_NODE_1962_length_660_cov_1.914050_1	gb|AAC75136.1|ARO:3000793|mdtB	99.1	219	2	0	1	219	163	381	1.05e-132	395	219	1040
ratio5_Esch_coli_TUM20902_NODE_2045_length_627_cov_1.986014_1	gb|AAC75429.1|ARO:3000833|evgS	95.2	207	10	0	1	207	589	795	4.61e-133	399	209	1197
ratio5_Esch_coli_TUM20902_NODE_2074_length_617_cov_7.834520_2	gb|ANK04027.1|ARO:3003838|gadW	98.9	89	1	0	1	89	154	242	9.36e-60	179	90	242
ratio5_Esch_coli_TUM20902_NODE_2112_length_598_cov_3.283610_2	gb|BAE78116.1|ARO:3003576|eptA	100	116	0	0	1	116	1	116	2.90e-68	211	116	547
ratio5_Esch_coli_TUM20902_NODE_2245_length_553_cov_2.040161_1	gb|BAE77781.1|ARO:3000795|mdtE	100	44	0	0	1	44	342	385	6.98e-23	85.1	45	385
ratio5_Esch_coli_TUM20902_NODE_2245_length_553_cov_2.040161_2	gb|AAC76539.1|ARO:3000796|mdtF	99.2	131	1	0	1	131	1	131	1.15e-77	244	131	1037
ratio5_Esch_coli_TUM20902_NODE_2266_length_543_cov_1.750000_1	gb|AAC76093.1|ARO:3002986|bacA	99.4	180	1	0	1	180	54	233	6.23e-130	362	180	273
ratio5_Esch_coli_TUM20902_NODE_2276_length_540_cov_2.156701_2	gb|BAB38260.1|ARO:3000830|cpxA	100	89	0	0	1	89	369	457	9.21e-60	186	90	457
ratio5_Esch_coli_TUM20902_NODE_2286_length_535_cov_4.704167_1	gb|AAC76298.1|ARO:3000502|AcrF	96.6	178	6	0	1	178	96	273	8.30e-108	328	178	1034
ratio5_Esch_coli_TUM20902_NODE_2351_length_512_cov_5.761488_1	gb|AAC75733.1|ARO:3000074|emrB	98.2	170	3	0	1	170	230	399	5.36e-114	330	170	512
ratio5_Esch_coli_TUM20902_NODE_2397_length_497_cov_9.072398_1	gb|AAC76539.1|ARO:3000796|mdtF	100	158	0	0	1	158	880	1037	1.65e-91	283	159	1037
ratio5_Esch_coli_TUM20902_NODE_2409_length_494_cov_3.029613_1	gb|BAA11237.1|ARO:3000254|emrY	100	164	0	0	1	164	142	305	3.09e-111	323	164	512
ratio5_Esch_coli_TUM20902_NODE_2489_length_473_cov_1.177033_2	gb|AFH35853.1|ARO:3001328|Ecol_mdfA	95.8	118	5	0	1	118	293	410	1.09e-71	216	119	410
ratio5_Esch_coli_TUM20902_NODE_2603_length_425_cov_1.808108_1	gb|AAC75136.1|ARO:3000793|mdtB	99.3	141	1	0	1	141	830	970	7.17e-80	251	141	1040
ratio5_Esch_coli_TUM20902_NODE_2727_length_393_cov_18.310651_1	gb|BAA16547.1|ARO:3000027|emrA	100	38	0	0	1	38	353	390	2.15e-18	72.4	39	390
ratio5_Esch_coli_TUM20902_NODE_2727_length_393_cov_18.310651_2	gb|AAC75733.1|ARO:3000074|emrB	100	86	0	0	1	86	1	86	5.55e-51	164	86	512
ratio5_Esch_coli_TUM20902_NODE_2753_length_386_cov_6.172205_2	gb|AAC76093.1|ARO:3002986|bacA	100	53	0	0	1	53	1	53	1.89e-30	103	53	273
ratio5_Esch_coli_TUM20902_NODE_2786_length_379_cov_7.793210_1	gb|AAC76298.1|ARO:3000502|AcrF	98.2	112	2	0	15	126	360	471	4.42e-62	201	126	1034
ratio5_Esch_coli_TUM20902_NODE_2988_length_333_cov_3.625899_1	gb|AAC75089.1|ARO:3003577|ugd	100	110	0	0	1	110	227	336	2.04e-75	225	110	388
ratio5_Esch_coli_TUM20902_NODE_3027_length_323_cov_2.123134_1	gb|BAA11237.1|ARO:3000254|emrY	100	107	0	0	1	107	310	416	2.42e-69	213	107	512
ratio5_Esch_coli_TUM20902_NODE_3057_length_318_cov_1.083650_1	gb|BAA11237.1|ARO:3000254|emrY	100	97	0	0	1	97	416	512	8.59e-62	192	98	512
ratio5_Esch_coli_TUM20902_NODE_3335_length_270_cov_1.767442_1	gb|BAE78116.1|ARO:3003576|eptA	100	89	0	0	1	89	117	205	7.36e-52	167	89	547
ratio5_Esch_coli_TUM20902_NODE_3364_length_265_cov_2.261905_1	gb|BAE78082.1|ARO:3003550|mdtP	96.6	87	3	0	1	87	248	334	2.78e-51	164	87	488
ratio5_Esch_coli_TUM20902_NODE_3536_length_244_cov_1.005291_1	gb|BAA11236.1|ARO:3000206|emrK	100	81	0	0	1	81	85	165	4.38e-47	150	81	351
ratio5_Esch_coli_TUM20902_NODE_3542_length_243_cov_2.021277_1	gb|BAA11236.1|ARO:3000206|emrK	100	80	0	0	2	81	170	249	4.07e-51	160	81	351
ratio5_Esch_coli_TUM20902_NODE_3606_length_235_cov_2.122222_1	gb|AAC75089.1|ARO:3003577|ugd	100	78	0	0	1	78	175	252	5.85e-51	160	78	388
ratio5_Esch_coli_TUM20902_NODE_3620_length_234_cov_1.592179_1	gb|AAC75429.1|ARO:3000833|evgS	96.1	77	3	0	1	77	203	279	7.15e-46	152	77	1197
ratio5_Esch_coli_TUM20902_NODE_3628_length_233_cov_1.803371_1	gb|AAC74149.2|ARO:3001216|mdtH	100	77	0	0	1	77	139	215	1.27e-48	155	77	402
ratio5_Esch_coli_TUM20902_NODE_3659_length_230_cov_1.240000_1	gb|AAC75733.1|ARO:3000074|emrB	100	76	0	0	1	76	102	177	1.05e-49	160	76	512
ratio5_Esch_coli_TUM20902_NODE_3678_length_227_cov_2.151163_1	gb|AAC76298.1|ARO:3000502|AcrF	98.7	75	1	0	1	75	547	621	2.87e-42	142	75	1034
ratio5_Esch_coli_TUM20902_NODE_3743_length_220_cov_1.618182_1	gb|AAC75089.1|ARO:3003577|ugd	98.6	73	1	0	1	73	309	381	3.70e-42	137	73	388
ratio5_Esch_coli_TUM20902_NODE_3782_length_215_cov_6.625000_1	gb|AAC76298.1|ARO:3000502|AcrF	100	71	0	0	1	71	278	348	2.56e-40	136	71	1034
ratio5_Esch_coli_TUM20902_NODE_3857_length_207_cov_64.177632_1	gb|AAC76539.1|ARO:3000796|mdtF	100	69	0	0	1	69	143	211	4.98e-41	138	69	1037
ratio5_unmapped_NODE_12_length_15966_cov_8.518572_1	gb|BAA15934.1|ARO:3000829|baeS	100	49	0	0	1	49	1	49	4.90e-30	105	49	467
ratio5_unmapped_NODE_12_length_15966_cov_8.518572_3	gb|AAC75137.1|ARO:3000794|mdtC	99.3	1025	7	0	1	1025	1	1025	0.0	1899	1026	1025
ratio5_unmapped_NODE_12_length_15966_cov_8.518572_4	gb|AAC75136.1|ARO:3000793|mdtB	99.5	1040	5	0	1	1040	1	1040	0.0	1897	1041	1040
ratio5_unmapped_NODE_12_length_15966_cov_8.518572_5	gb|AAC75135.2|ARO:3000792|mdtA	98.3	415	7	0	1	415	1	415	2.93e-277	751	416	415
ratio5_unmapped_NODE_25_length_9828_cov_25.457383_1	gb|AAL02127.1|ARO:3001878|CTX-M-15	100	291	0	0	1	291	1	291	4.22e-203	553	292	291
ratio5_unmapped_NODE_25_length_9828_cov_25.457383_7	gb|ABF47469.1|ARO:3002790|QnrS1	100	218	0	0	1	218	1	218	2.87e-112	317	219	218
ratio5_unmapped_NODE_30_length_9108_cov_7.155197_1	gb|BAE78082.1|ARO:3003550|mdtP	94.7	169	9	0	1	169	193	361	1.86e-107	313	173	488
ratio5_unmapped_NODE_67_length_5250_cov_8.059865_4	gb|AAN06707.1|ARO:3000165|tet(A)	99.7	390	1	0	1	390	26	415	5.32e-278	753	400	424
ratio5_unmapped_NODE_86_length_4463_cov_5.478675_4	gb|ABS70977.1|ARO:3004623|AAC(3)-IId	100	286	0	0	1	286	1	286	1.23e-213	579	287	286
ratio5_unmapped_NODE_126_length_3351_cov_7.822512_1	gb|BAA03776.1|ARO:3000316|mphA	100	301	0	0	1	301	1	301	8.38e-218	591	305	301
ratio5_unmapped_NODE_129_length_3324_cov_2.631692_1	gb|AAC73788.1|ARO:3003841|kdpE	99.6	224	1	0	1	224	1	224	4.73e-162	444	224	225
ratio5_unmapped_NODE_138_length_3137_cov_3.699870_5	gb|AAL59753.1|ARO:3000412|sul2	100	271	0	0	1	271	1	271	1.06e-186	510	272	271
ratio5_unmapped_NODE_183_length_2671_cov_6.311162_1	gb|BAE78084.1|ARO:3003548|mdtN	100	22	0	0	1	22	322	343	2.15e-10	48.9	23	343
ratio5_unmapped_NODE_183_length_2671_cov_6.311162_2	gb|BAE78083.1|ARO:3003549|mdtO	99.6	683	3	0	1	683	1	683	0.0	1327	684	683
ratio5_unmapped_NODE_183_length_2671_cov_6.311162_3	gb|BAE78082.1|ARO:3003550|mdtP	99.5	185	1	0	1	185	1	185	5.78e-123	353	185	488
ratio5_unmapped_NODE_250_length_2249_cov_4.356427_1	gb|AAK52606.1|ARO:3002696|cmlA6	100	247	0	0	1	247	173	419	1.52e-173	481	248	419
ratio5_unmapped_NODE_250_length_2249_cov_4.356427_2	gb|AAO49597.1|ARO:3002601|aadA	99.6	259	1	0	1	259	5	263	3.43e-187	510	260	263
ratio5_unmapped_NODE_250_length_2249_cov_4.356427_3	gb|AAZ42322.1|ARO:3005098|qacL	93.6	110	7	0	1	110	1	110	4.37e-71	204	111	110
ratio5_unmapped_NODE_266_length_2183_cov_5.991071_3	gb|AAC76093.1|ARO:3002986|bacA	99.5	194	1	0	1	194	80	273	1.26e-133	372	195	273
ratio5_unmapped_NODE_268_length_2178_cov_5.943947_4	gb|AAC75089.1|ARO:3003577|ugd	99.3	287	2	0	1	287	102	388	9.23e-204	558	288	388
ratio5_unmapped_NODE_402_length_1799_cov_2.851491_1	gb|AAC76296.1|ARO:3000656|AcrS	98.2	113	2	0	1	113	108	220	4.58e-79	229	114	220
ratio5_unmapped_NODE_416_length_1756_cov_4.361552_2	gb|AAC74149.2|ARO:3001216|mdtH	100	402	0	0	1	402	1	402	6.85e-290	782	403	402
ratio5_unmapped_NODE_437_length_1681_cov_5.343173_2	gb|BAB38260.1|ARO:3000830|cpxA	99.6	234	1	0	1	234	224	457	5.11e-163	456	235	457
ratio5_unmapped_NODE_443_length_1674_cov_3.131563_2	gb|AAG16656.1|ARO:3002705|floR	99.2	241	2	0	1	241	1	241	1.23e-162	453	241	404
ratio5_unmapped_NODE_444_length_1674_cov_2.785670_1	gb|BAB82500.1|ARO:3000186|tet(M)	95.8	332	14	0	1	332	308	639	5.22e-235	649	333	639
ratio5_unmapped_NODE_453_length_1653_cov_3.812891_3	gb|AAG16656.1|ARO:3002705|floR	100	166	0	0	1	166	239	404	1.23e-105	305	167	404
ratio5_unmapped_NODE_487_length_1567_cov_4.215608_1	gb|ABV18113.1|ARO:3001329|mdtG	100	408	0	0	1	408	1	408	7.38e-288	777	409	408
ratio5_unmapped_NODE_535_length_1496_cov_6.511450_1	gb|BAA16344.1|ARO:3000491|acrD	99.8	498	1	0	1	498	390	887	0.0	951	498	1037
ratio5_unmapped_NODE_785_length_1183_cov_2.440603_2	gb|BAA15935.1|ARO:3000828|baeR	99.4	168	1	0	1	168	73	240	8.20e-120	335	169	240
ratio5_unmapped_NODE_791_length_1178_cov_2.096171_2	gb|BAL68178.1|ARO:3001057|TEM-198	99.6	249	1	0	1	249	1	249	3.03e-179	491	249	286
ratio5_unmapped_NODE_821_length_1143_cov_2.211397_2	gb|AAC75314.1|ARO:3003578|PmrF	100	33	0	0	1	33	1	33	6.26e-17	67.8	34	322
ratio5_unmapped_NODE_821_length_1143_cov_2.211397_3	gb|AAC75314.1|ARO:3003578|PmrF	93.5	31	2	0	1	31	37	67	1.08e-12	55.8	31	322
ratio5_unmapped_NODE_823_length_1140_cov_2.188940_1	gb|ABK33456.1|ARO:3002639|APH(3'')-Ib	100	85	0	0	1	85	183	267	1.16e-59	180	86	267
ratio5_unmapped_NODE_823_length_1140_cov_2.188940_2	gb|AAC23556.1|ARO:3002660|APH(6)-Id	99.3	278	2	0	1	278	1	278	5.61e-206	559	279	278
ratio5_unmapped_NODE_826_length_1136_cov_2.892692_1	gb|AAC76298.1|ARO:3000502|AcrF	99.7	378	1	0	1	378	470	847	5.11e-261	732	378	1034
ratio5_unmapped_NODE_863_length_1097_cov_1.634357_1	gb|BAA15934.1|ARO:3000829|baeS	98.6	365	5	0	1	365	90	454	1.37e-256	699	365	467
ratio5_unmapped_NODE_871_length_1089_cov_2.442940_1	gb|APM84488.1|ARO:3004685|MCR-1.5	100	87	0	0	1	87	455	541	2.69e-56	178	88	541
ratio5_unmapped_NODE_890_length_1073_cov_2.667976_1	gb|AAA26057.1|ARO:3002693|cmlA1	100	125	0	0	1	125	1	125	1.51e-78	234	125	419
ratio5_unmapped_NODE_890_length_1073_cov_2.667976_2	gb|AAF27727.1|ARO:3002602|aadA2	100	144	0	0	1	144	116	259	3.84e-102	290	145	259
ratio5_unmapped_NODE_940_length_1013_cov_11.029228_1	gb|AAC75089.1|ARO:3003577|ugd	99.0	287	3	0	1	287	102	388	7.57e-203	556	288	388
ratio5_unmapped_NODE_1015_length_951_cov_4.400670_1	gb|AAC75429.1|ARO:3000833|evgS	99.4	316	2	0	1	316	37	352	1.13e-216	621	316	1197
ratio5_unmapped_NODE_1038_length_936_cov_1.936436_1	gb|BAB82500.1|ARO:3000186|tet(M)	100	31	0	0	1	31	1	31	7.54e-15	62.0	31	639
ratio5_unmapped_NODE_1171_length_848_cov_2.443884_1	gb|BAA16547.1|ARO:3000027|emrA	100	282	0	0	1	282	66	347	4.54e-196	539	282	390
ratio5_unmapped_NODE_1286_length_783_cov_1.909341_1	gb|BAA11237.1|ARO:3000254|emrY	100	149	0	0	1	149	1	149	3.13e-95	281	149	512
ratio5_unmapped_NODE_1286_length_783_cov_1.909341_2	gb|BAA11236.1|ARO:3000206|emrK	100	110	0	0	1	110	242	351	1.11e-72	217	111	351
ratio5_unmapped_NODE_1309_length_768_cov_4.199158_1	gb|BAA11237.1|ARO:3000254|emrY	100	54	0	0	1	54	459	512	5.91e-30	105	55	512
ratio5_unmapped_NODE_1338_length_753_cov_1.495702_2	gb|ACJ63260.1|ARO:3000413|sul3	100	117	0	0	1	117	1	117	3.10e-80	233	117	263
ratio5_unmapped_NODE_1541_length_661_cov_1.567657_1	gb|APM84488.1|ARO:3004685|MCR-1.5	100	219	0	0	1	219	220	438	3.54e-161	453	219	541
ratio5_unmapped_NODE_1562_length_652_cov_2.340034_1	gb|AFH35853.1|ARO:3001328|Ecol_mdfA	98.5	206	3	0	1	206	205	410	4.96e-135	382	207	410
ratio5_unmapped_NODE_1569_length_650_cov_1.613445_1	gb|AAC77110.1|ARO:3004290|Ecol_ampC_BLA	100	92	0	0	12	103	1	92	2.21e-61	188	103	377
ratio5_unmapped_NODE_1592_length_637_cov_4.001718_2	gb|AAC74000.1|ARO:3003950|msbA	100	152	0	0	1	152	1	152	4.98e-99	293	152	582
ratio5_unmapped_NODE_1629_length_619_cov_4.106383_1	gb|ABK33456.1|ARO:3002639|APH(3'')-Ib	98.9	178	2	0	1	178	1	178	2.69e-129	360	178	267
ratio5_unmapped_NODE_1657_length_610_cov_2.926126_1	gb|BAA16344.1|ARO:3000491|acrD	100	91	0	0	1	91	947	1037	2.79e-56	183	92	1037
ratio5_unmapped_NODE_1728_length_586_cov_1.613936_1	gb|APM84488.1|ARO:3004685|MCR-1.5	100	195	0	0	1	195	10	204	1.65e-124	359	195	541
ratio5_unmapped_NODE_1933_length_513_cov_1.462882_1	gb|BAB82500.1|ARO:3000186|tet(M)	95.3	170	8	0	1	170	113	282	1.83e-109	322	170	639
ratio5_unmapped_NODE_1963_length_503_cov_1.696429_1	gb|AAF27727.1|ARO:3002602|aadA2	100	80	0	0	1	80	1	80	5.51e-49	152	80	259
ratio5_unmapped_NODE_2272_length_417_cov_2.165746_1	gb|ACN32294.1|ARO:3000237|TolC	100	138	0	0	1	138	61	198	1.84e-89	265	138	495
ratio5_unmapped_NODE_2328_length_404_cov_2.564470_1	gb|BAE78116.1|ARO:3003576|eptA	100	134	0	0	1	134	15	148	5.74e-83	250	134	547
ratio5_unmapped_NODE_2393_length_389_cov_5.179641_1	gb|AAC75089.1|ARO:3003577|ugd	100	119	0	0	1	119	1	119	4.59e-77	229	119	388
ratio5_unmapped_NODE_2402_length_388_cov_0.915916_1	gb|AAC75429.1|ARO:3000833|evgS	97.7	43	1	0	1	43	1	43	1.90e-25	92.8	43	1197
ratio5_unmapped_NODE_2402_length_388_cov_0.915916_2	gb|BAB36671.1|ARO:3000832|evgA	97.6	83	2	0	1	83	122	204	2.58e-52	159	84	204
ratio5_unmapped_NODE_2422_length_384_cov_1.458967_1	gb|AAC73564.1|ARO:3000216|acrB	100	54	0	0	1	54	996	1049	1.52e-29	105	55	1049
ratio5_unmapped_NODE_2499_length_370_cov_3.933333_1	gb|AAT45742.1|ARO:3000988|TEM-126	100	55	0	0	1	55	232	286	2.11e-33	112	56	286
ratio5_unmapped_NODE_2712_length_339_cov_0.929577_1	gb|AAC76298.1|ARO:3000502|AcrF	100	113	0	0	1	113	912	1024	7.35e-63	202	113	1034
ratio5_unmapped_NODE_2850_length_321_cov_1.375940_1	gb|AAC77110.1|ARO:3004290|Ecol_ampC_BLA	100	84	0	0	1	84	294	377	2.89e-55	172	85	377
ratio5_unmapped_NODE_2979_length_306_cov_2.310757_1	gb|BAB82500.1|ARO:3000186|tet(M)	100	84	0	0	1	84	32	115	2.09e-50	165	102	639
ratio5_unmapped_NODE_3043_length_299_cov_1.500000_1	gb|BAE78116.1|ARO:3003576|eptA	99.0	99	1	0	1	99	180	278	2.57e-65	202	99	547
ratio5_unmapped_NODE_3141_length_289_cov_1.854701_1	gb|AAC75733.1|ARO:3000074|emrB	100	51	0	0	1	51	1	51	4.62e-25	92.0	51	512
ratio5_unmapped_NODE_3141_length_289_cov_1.854701_2	gb|BAA16547.1|ARO:3000027|emrA	100	38	0	0	1	38	353	390	2.15e-18	72.4	39	390
ratio5_unmapped_NODE_3220_length_281_cov_1.194690_1	gb|BAE78116.1|ARO:3003576|eptA	98.8	81	1	0	1	81	289	369	2.09e-57	181	81	547
ratio5_unmapped_NODE_3330_length_273_cov_0.862385_1	gb|BAB35162.1|ARO:3000676|H-NS	100	40	0	0	1	40	98	137	1.02e-25	87.8	41	137
ratio5_unmapped_NODE_3481_length_263_cov_2.307692_1	gb|AAC76297.1|ARO:3000499|AcrE	100	87	0	0	1	87	38	124	8.35e-54	168	87	385
ratio5_unmapped_NODE_3638_length_255_cov_1.920000_1	gb|AAC77110.1|ARO:3004290|Ecol_ampC_BLA	100	84	0	0	1	84	206	289	2.23e-57	177	84	377
ratio5_unmapped_NODE_3943_length_240_cov_0.848649_1	gb|AAC77110.1|ARO:3004290|Ecol_ampC_BLA	98.7	79	1	0	1	79	123	201	1.22e-51	162	79	377
ratio5_unmapped_NODE_4009_length_236_cov_1.060773_1	gb|AAC76298.1|ARO:3000502|AcrF	98.7	78	1	0	1	78	134	211	5.44e-46	153	78	1034
ratio5_unmapped_NODE_4122_length_230_cov_2.771429_1	gb|BAA11237.1|ARO:3000254|emrY	100	59	0	0	1	59	295	353	4.66e-36	122	59	512
ratio5_unmapped_NODE_4299_length_221_cov_1.349398_1	gb|BAE78084.1|ARO:3003548|mdtN	94.5	73	4	0	1	73	262	334	8.99e-45	143	73	343
ratio5_unmapped_NODE_4353_length_218_cov_1.177914_1	gb|AAC75733.1|ARO:3000074|emrB	100	72	0	0	1	72	49	120	2.91e-44	145	72	512
ratio5_unmapped_NODE_4363_length_217_cov_1.185185_1	gb|AAC75733.1|ARO:3000074|emrB	100	67	0	0	1	67	446	512	2.60e-41	137	68	512
ratio5_unmapped_NODE_4500_length_210_cov_2.470968_1	gb|ACN32294.1|ARO:3000237|TolC	100	70	0	0	1	70	205	274	8.73e-41	135	70	495
ratio5_unmapped_NODE_4560_length_208_cov_1.000000_1	gb|AAC76093.1|ARO:3002986|bacA	93.9	33	2	0	1	33	1	33	2.15e-14	60.5	33	273
ratio5_unmapped_NODE_4574_length_207_cov_1.263158_1	gb|AAC75271.1|ARO:3003952|YojI	97.1	68	2	0	1	68	103	170	3.07e-34	118	68	547
ratio5_unmapped_NODE_4619_length_154_cov_2.151515_1	gb|AAC75089.1|ARO:3003577|ugd	96.0	50	2	0	1	50	182	231	9.63e-27	95.9	50	388
ratio6_Esch_coli_14EC033_NODE_14_length_21323_cov_31.346295_1	gb|AAC74149.2|ARO:3001216|mdtH	100	402	0	0	2	403	1	402	7.14e-290	782	404	402
ratio6_Esch_coli_14EC033_NODE_14_length_21323_cov_31.346295_13	gb|ABV18113.1|ARO:3001329|mdtG	100	408	0	0	1	408	1	408	7.38e-288	777	409	408
ratio6_Esch_coli_14EC033_NODE_19_length_20432_cov_97.946999_1	gb|BAE78083.1|ARO:3003549|mdtO	98.3	407	7	0	1	407	1	407	6.84e-290	793	407	683
ratio6_Esch_coli_14EC033_NODE_19_length_20432_cov_97.946999_2	gb|BAE78084.1|ARO:3003548|mdtN	99.7	343	1	0	1	343	1	343	9.46e-233	632	344	343
ratio6_Esch_coli_14EC033_NODE_36_length_16470_cov_37.991837_8	gb|AAC75731.1|ARO:3000516|emrR	100	176	0	0	1	176	1	176	2.27e-125	347	177	176
ratio6_Esch_coli_14EC033_NODE_36_length_16470_cov_37.991837_9	gb|BAA16547.1|ARO:3000027|emrA	99.7	390	1	0	1	390	1	390	1.03e-262	712	391	390
ratio6_Esch_coli_14EC033_NODE_36_length_16470_cov_37.991837_10	gb|AAC75733.1|ARO:3000074|emrB	100	512	0	0	1	512	1	512	0.0	998	513	512
ratio6_Esch_coli_14EC033_NODE_38_length_16431_cov_48.395884_12	gb|AFH35853.1|ARO:3001328|Ecol_mdfA	97.1	410	12	0	1	410	1	410	6.22e-281	760	411	410
ratio6_Esch_coli_14EC033_NODE_48_length_14490_cov_14.643367_6	gb|AAC75429.1|ARO:3000833|evgS	97.9	1197	25	0	1	1197	1	1197	0.0	2324	1198	1197
ratio6_Esch_coli_14EC033_NODE_48_length_14490_cov_14.643367_7	gb|BAB36671.1|ARO:3000832|evgA	100	204	0	0	1	204	1	204	5.82e-144	396	205	204
ratio6_Esch_coli_14EC033_NODE_48_length_14490_cov_14.643367_8	gb|BAA11236.1|ARO:3000206|emrK	99.1	351	3	0	37	387	1	351	1.43e-245	667	388	351
ratio6_Esch_coli_14EC033_NODE_48_length_14490_cov_14.643367_9	gb|BAA11237.1|ARO:3000254|emrY	99.8	512	1	0	1	512	1	512	0.0	989	513	512
ratio6_Esch_coli_14EC033_NODE_50_length_14375_cov_38.918017_13	gb|BAE77933.1|ARO:3000518|CRP	99.5	210	1	0	1	210	1	210	1.54e-151	416	211	210
ratio6_Esch_coli_14EC033_NODE_71_length_12598_cov_55.673762_10	gb|ACN32294.1|ARO:3000237|TolC	100	493	0	0	1	493	3	495	0.0	918	494	495
ratio6_Esch_coli_14EC033_NODE_97_length_10114_cov_34.116413_1	gb|AAC76296.1|ARO:3000656|AcrS	99.3	141	1	0	1	141	1	141	1.31e-97	277	141	220
ratio6_Esch_coli_14EC033_NODE_97_length_10114_cov_34.116413_2	gb|AAC76297.1|ARO:3000499|AcrE	99.7	385	1	0	1	385	1	385	9.73e-270	729	386	385
ratio6_Esch_coli_14EC033_NODE_97_length_10114_cov_34.116413_3	gb|AAC76298.1|ARO:3000502|AcrF	99.6	1034	4	0	1	1034	1	1034	0.0	1926	1035	1034
ratio6_Esch_coli_14EC033_NODE_117_length_9530_cov_27.319894_1	gb|AAC76093.1|ARO:3002986|bacA	100	44	0	0	1	44	230	273	2.56e-20	77.0	45	273
ratio6_Esch_coli_14EC033_NODE_132_length_9119_cov_46.672992_7	gb|AAC77110.1|ARO:3004290|Ecol_ampC_BLA	98.4	377	6	0	12	388	1	377	1.81e-282	761	389	377
ratio6_Esch_coli_14EC033_NODE_137_length_8932_cov_36.873944_9	gb|BAE78082.1|ARO:3003550|mdtP	100	106	0	0	1	106	383	488	3.86e-62	193	107	488
ratio6_Esch_coli_14EC033_NODE_143_length_8835_cov_74.540661_3	gb|AAC73565.1|ARO:3004043|Ecol_acrA	100	397	0	0	1	397	1	397	6.93e-276	746	398	397
ratio6_Esch_coli_14EC033_NODE_143_length_8835_cov_74.540661_4	gb|AAC73564.1|ARO:3000216|acrB	100	1049	0	0	1	1049	1	1049	0.0	1980	1050	1049
ratio6_Esch_coli_14EC033_NODE_154_length_8149_cov_28.260069_1	gb|BAA16344.1|ARO:3000491|acrD	99.3	461	3	0	1	461	577	1037	0.0	894	462	1037
ratio6_Esch_coli_14EC033_NODE_154_length_8149_cov_28.260069_2	gb|BAA16344.1|ARO:3000491|acrD	99.8	524	1	0	1	524	1	524	0.0	976	583	1037
ratio6_Esch_coli_14EC033_NODE_159_length_7953_cov_42.188276_4	gb|BAE77781.1|ARO:3000795|mdtE	100	385	0	0	1	385	1	385	7.65e-267	722	386	385
ratio6_Esch_coli_14EC033_NODE_159_length_7953_cov_42.188276_5	gb|AAC76539.1|ARO:3000796|mdtF	99.9	1037	1	0	1	1037	1	1037	0.0	1929	1038	1037
ratio6_Esch_coli_14EC033_NODE_159_length_7953_cov_42.188276_7	gb|ANK04027.1|ARO:3003838|gadW	94.6	242	13	0	1	242	1	242	8.74e-167	457	243	242
ratio6_Esch_coli_14EC033_NODE_159_length_7953_cov_42.188276_8	gb|BAE77778.1|ARO:3000508|gadX	98.2	274	5	0	1	274	1	274	2.63e-193	527	275	274
ratio6_Esch_coli_14EC033_NODE_182_length_7409_cov_37.392168_1	gb|AAC75314.1|ARO:3003578|PmrF	100	322	0	0	1	322	1	322	8.81e-232	628	323	322
ratio6_Esch_coli_14EC033_NODE_215_length_6523_cov_18.732066_5	gb|AAC75271.1|ARO:3003952|YojI	100	547	0	0	1	547	1	547	0.0	1058	548	547
ratio6_Esch_coli_14EC033_NODE_223_length_6332_cov_56.247570_3	gb|BAB38260.1|ARO:3000830|cpxA	99.8	457	1	0	1	457	1	457	0.0	886	458	457
ratio6_Esch_coli_14EC033_NODE_254_length_5580_cov_19.695928_5	gb|BAA15221.2|ARO:3000263|marA	100	127	0	0	1	127	1	127	2.36e-92	259	128	127
ratio6_Esch_coli_14EC033_NODE_261_length_5414_cov_80.697891_7	gb|AAC76296.1|ARO:3000656|AcrS	96.2	78	3	0	1	78	143	220	7.74e-51	155	79	220
ratio6_Esch_coli_14EC033_NODE_281_length_5050_cov_15.412613_3	gb|AAC73788.1|ARO:3003841|kdpE	99.5	191	1	0	1	191	1	191	5.03e-135	374	192	225
ratio6_Esch_coli_14EC033_NODE_285_length_4926_cov_32.943133_2	gb|BAE78116.1|ARO:3003576|eptA	99.6	547	2	0	1	547	1	547	0.0	1083	548	547
ratio6_Esch_coli_14EC033_NODE_336_length_4235_cov_14.587799_1	gb|AAC77293.1|ARO:3001214|mdtM	97.3	409	11	0	1	409	1	409	1.86e-282	764	411	410
ratio6_Esch_coli_14EC033_NODE_350_length_4052_cov_50.731549_2	gb|AAC74000.1|ARO:3003950|msbA	100	582	0	0	1	582	1	582	0.0	1092	583	582
ratio6_Esch_coli_14EC033_NODE_428_length_2975_cov_42.185274_4	gb|AAC76093.1|ARO:3002986|bacA	99.6	223	1	0	1	223	1	223	3.66e-161	443	223	273
ratio6_Esch_coli_14EC033_NODE_493_length_2292_cov_79.677693_1	gb|AAC75137.1|ARO:3000794|mdtC	99.6	763	3	0	1	763	201	963	0.0	1419	763	1025
ratio6_Esch_coli_14EC033_NODE_498_length_2250_cov_16.830979_1	gb|BAB35162.1|ARO:3000676|H-NS	100	137	0	0	10	146	1	137	3.15e-86	245	147	137
ratio6_Esch_coli_14EC033_NODE_547_length_1860_cov_29.650970_1	gb|BAE78082.1|ARO:3003550|mdtP	97.7	346	8	0	1	346	1	346	2.43e-236	647	346	488
ratio6_Esch_coli_14EC033_NODE_547_length_1860_cov_29.650970_2	gb|BAE78083.1|ARO:3003549|mdtO	98.9	274	3	0	1	274	410	683	8.13e-184	518	275	683
ratio6_Esch_coli_14EC033_NODE_552_length_1828_cov_76.413424_1	gb|BAA15934.1|ARO:3000829|baeS	100	218	0	0	1	218	250	467	1.85e-151	426	219	467
ratio6_Esch_coli_14EC033_NODE_552_length_1828_cov_76.413424_2	gb|BAA15935.1|ARO:3000828|baeR	97.9	240	5	0	1	240	1	240	1.41e-171	469	241	240
ratio6_Esch_coli_14EC033_NODE_670_length_1141_cov_45.824125_1	gb|AAC75135.2|ARO:3000792|mdtA	100	187	0	0	1	187	229	415	6.96e-126	358	188	415
ratio6_Esch_coli_14EC033_NODE_670_length_1141_cov_45.824125_2	gb|AAC75136.1|ARO:3000793|mdtB	100	192	0	0	1	192	1	192	1.80e-118	357	192	1040
ratio6_Esch_coli_14EC033_NODE_999_length_273_cov_1.761468_1	gb|AAC75136.1|ARO:3000793|mdtB	100	90	0	0	1	90	285	374	5.20e-49	162	90	1040
ratio6_Esch_coli_14EC033_NODE_1069_length_221_cov_3.283133_1	gb|AAC75136.1|ARO:3000793|mdtB	100	73	0	0	1	73	453	525	1.59e-38	131	73	1040
ratio6_Esch_coli_2011C-3911_NODE_1_length_341262_cov_207.719610_1	gb|AAC75135.2|ARO:3000792|mdtA	99.3	415	3	0	41	455	1	415	1.29e-279	759	456	415
ratio6_Esch_coli_2011C-3911_NODE_1_length_341262_cov_207.719610_2	gb|AAC75136.1|ARO:3000793|mdtB	99.4	1040	6	0	1	1040	1	1040	0.0	1897	1041	1040
ratio6_Esch_coli_2011C-3911_NODE_1_length_341262_cov_207.719610_3	gb|AAC75137.1|ARO:3000794|mdtC	99.8	1025	2	0	1	1025	1	1025	0.0	1908	1026	1025
ratio6_Esch_coli_2011C-3911_NODE_1_length_341262_cov_207.719610_5	gb|BAA15934.1|ARO:3000829|baeS	100	467	0	0	1	467	1	467	0.0	919	468	467
ratio6_Esch_coli_2011C-3911_NODE_1_length_341262_cov_207.719610_6	gb|BAA15935.1|ARO:3000828|baeR	99.6	240	1	0	1	240	1	240	1.26e-174	477	241	240
ratio6_Esch_coli_2011C-3911_NODE_1_length_341262_cov_207.719610_134	gb|AAC75271.1|ARO:3003952|YojI	99.8	547	1	0	1	547	1	547	0.0	1057	548	547
ratio6_Esch_coli_2011C-3911_NODE_1_length_341262_cov_207.719610_167	gb|AAC75314.1|ARO:3003578|PmrF	100	322	0	0	1	322	1	322	8.81e-232	628	323	322
ratio6_Esch_coli_2011C-3911_NODE_1_length_341262_cov_207.719610_263	gb|BAA11237.1|ARO:3000254|emrY	99.8	512	1	0	1	512	1	512	0.0	991	513	512
ratio6_Esch_coli_2011C-3911_NODE_1_length_341262_cov_207.719610_264	gb|BAA11236.1|ARO:3000206|emrK	99.7	351	1	0	37	387	1	351	6.08e-247	671	388	351
ratio6_Esch_coli_2011C-3911_NODE_1_length_341262_cov_207.719610_265	gb|BAB36671.1|ARO:3000832|evgA	100	204	0	0	1	204	1	204	5.82e-144	396	205	204
ratio6_Esch_coli_2011C-3911_NODE_1_length_341262_cov_207.719610_266	gb|AAC75429.1|ARO:3000833|evgS	99.0	1197	12	0	1	1197	1	1197	0.0	2345	1198	1197
ratio6_Esch_coli_2011C-3911_NODE_3_length_214023_cov_205.083054_5	gb|AAC76093.1|ARO:3002986|bacA	99.6	273	1	0	1	273	1	273	6.98e-193	526	274	273
ratio6_Esch_coli_2011C-3911_NODE_3_length_214023_cov_205.083054_25	gb|ACN32294.1|ARO:3000237|TolC	100	493	0	0	1	493	3	495	0.0	918	494	495
ratio6_Esch_coli_2011C-3911_NODE_4_length_206377_cov_208.869025_86	gb|AAC74000.1|ARO:3003950|msbA	100	582	0	0	1	582	1	582	0.0	1092	583	582
ratio6_Esch_coli_2011C-3911_NODE_4_length_206377_cov_208.869025_157	gb|AFH35853.1|ARO:3001328|Ecol_mdfA	96.1	410	16	0	1	410	1	410	5.95e-279	755	411	410
ratio6_Esch_coli_2011C-3911_NODE_5_length_192480_cov_211.076461_54	gb|BAA16344.1|ARO:3000491|acrD	99.9	1037	1	0	1	1037	1	1037	0.0	1966	1038	1037
ratio6_Esch_coli_2011C-3911_NODE_6_length_170594_cov_200.323539_130	gb|AAC74149.2|ARO:3001216|mdtH	100	402	0	0	1	402	1	402	6.85e-290	782	403	402
ratio6_Esch_coli_2011C-3911_NODE_6_length_170594_cov_200.323539_142	gb|ABV18113.1|ARO:3001329|mdtG	100	408	0	0	1	408	1	408	7.38e-288	777	409	408
ratio6_Esch_coli_2011C-3911_NODE_8_length_145031_cov_222.891023_66	gb|BAE77933.1|ARO:3000518|CRP	99.5	210	1	0	1	210	1	210	1.54e-151	416	211	210
ratio6_Esch_coli_2011C-3911_NODE_9_length_123598_cov_199.341023_80	gb|BAE78082.1|ARO:3003550|mdtP	98.2	488	9	0	1	488	1	488	0.0	904	489	488
ratio6_Esch_coli_2011C-3911_NODE_9_length_123598_cov_199.341023_81	gb|BAE78083.1|ARO:3003549|mdtO	99.4	683	4	0	1	683	1	683	0.0	1324	684	683
ratio6_Esch_coli_2011C-3911_NODE_9_length_123598_cov_199.341023_82	gb|BAE78084.1|ARO:3003548|mdtN	99.7	343	1	0	1	343	1	343	1.15e-233	635	344	343
ratio6_Esch_coli_2011C-3911_NODE_9_length_123598_cov_199.341023_109	gb|BAE78116.1|ARO:3003576|eptA	99.6	547	2	0	1	547	1	547	0.0	1083	548	547
ratio6_Esch_coli_2011C-3911_NODE_12_length_92546_cov_212.232736_35	gb|AAC73565.1|ARO:3004043|Ecol_acrA	100	397	0	0	1	397	1	397	6.93e-276	746	398	397
ratio6_Esch_coli_2011C-3911_NODE_12_length_92546_cov_212.232736_36	gb|AAC73564.1|ARO:3000216|acrB	100	1049	0	0	1	1049	1	1049	0.0	1980	1050	1049
ratio6_Esch_coli_2011C-3911_NODE_16_length_77753_cov_201.633324_44	gb|AAC75733.1|ARO:3000074|emrB	100	512	0	0	1	512	1	512	0.0	998	513	512
ratio6_Esch_coli_2011C-3911_NODE_16_length_77753_cov_201.633324_45	gb|BAA16547.1|ARO:3000027|emrA	99.7	390	1	0	1	390	1	390	1.03e-262	712	391	390
ratio6_Esch_coli_2011C-3911_NODE_16_length_77753_cov_201.633324_46	gb|AAC75731.1|ARO:3000516|emrR	100	176	0	0	1	176	1	176	2.27e-125	347	177	176
ratio6_Esch_coli_2011C-3911_NODE_18_length_69648_cov_190.358642_17	gb|BAE77778.1|ARO:3000508|gadX	98.5	274	4	0	1	274	1	274	1.30e-193	528	275	274
ratio6_Esch_coli_2011C-3911_NODE_18_length_69648_cov_190.358642_18	gb|ANK04027.1|ARO:3003838|gadW	93.8	242	15	0	1	242	1	242	1.45e-165	454	243	242
ratio6_Esch_coli_2011C-3911_NODE_18_length_69648_cov_190.358642_20	gb|AAC76539.1|ARO:3000796|mdtF	99.8	1037	2	0	1	1037	1	1037	0.0	1930	1038	1037
ratio6_Esch_coli_2011C-3911_NODE_18_length_69648_cov_190.358642_21	gb|BAE77781.1|ARO:3000795|mdtE	100	385	0	0	1	385	1	385	7.65e-267	722	386	385
ratio6_Esch_coli_2011C-3911_NODE_23_length_61871_cov_210.617429_26	gb|AAC77293.1|ARO:3001214|mdtM	98.3	409	7	0	1	409	1	409	7.91e-284	767	411	410
ratio6_Esch_coli_2011C-3911_NODE_24_length_61525_cov_213.061754_46	gb|AAC76296.1|ARO:3000656|AcrS	99.1	220	2	0	1	220	1	220	4.57e-158	433	221	220
ratio6_Esch_coli_2011C-3911_NODE_24_length_61525_cov_213.061754_47	gb|AAC76297.1|ARO:3000499|AcrE	100	385	0	0	1	385	1	385	2.39e-270	731	386	385
ratio6_Esch_coli_2011C-3911_NODE_24_length_61525_cov_213.061754_48	gb|AAC76298.1|ARO:3000502|AcrF	99.5	1034	5	0	1	1034	1	1034	0.0	1924	1035	1034
ratio6_Esch_coli_2011C-3911_NODE_31_length_48384_cov_188.339113_26	gb|BAA15221.2|ARO:3000263|marA	100	127	0	0	1	127	1	127	2.36e-92	259	128	127
ratio6_Esch_coli_2011C-3911_NODE_41_length_30998_cov_208.793297_6	gb|AAC73788.1|ARO:3003841|kdpE	98.7	224	3	0	1	224	1	224	2.97e-161	442	226	225
ratio6_Esch_coli_2011C-3911_NODE_43_length_30751_cov_185.424062_28	gb|BAB35162.1|ARO:3000676|H-NS	100	137	0	0	1	137	1	137	3.10e-86	245	138	137
ratio6_Esch_coli_2011C-3911_NODE_55_length_18690_cov_221.178589_8	gb|WP_063860228.1|ARO:3006874|EC-13	98.7	377	5	0	12	388	1	377	3.82e-284	766	389	377
ratio6_Esch_coli_2011C-3911_NODE_75_length_5089_cov_230.955105_5	gb|BAB38260.1|ARO:3000830|cpxA	100	457	0	0	1	457	1	457	0.0	887	458	457
ratio6_Esch_coli_2011C-3911_NODE_311_length_275_cov_7.263636_1	gb|AAC75089.1|ARO:3003577|ugd	98.9	91	1	0	1	91	200	290	1.25e-61	189	91	388
ratio6_Esch_coli_MB19_NODE_1_length_86106_cov_67.336382_74	gb|AAC74149.2|ARO:3001216|mdtH	100	402	0	0	1	402	1	402	6.85e-290	782	403	402
ratio6_Esch_coli_MB19_NODE_1_length_86106_cov_67.336382_86	gb|ABV18113.1|ARO:3001329|mdtG	99.7	374	1	0	1	374	1	374	2.41e-261	709	374	408
ratio6_Esch_coli_MB19_NODE_7_length_55083_cov_84.126408_8	gb|AAC76298.1|ARO:3000502|AcrF	99.9	1034	1	0	1	1034	1	1034	0.0	1934	1035	1034
ratio6_Esch_coli_MB19_NODE_7_length_55083_cov_84.126408_9	gb|AAC76297.1|ARO:3000499|AcrE	100	385	0	0	1	385	1	385	2.39e-270	731	386	385
ratio6_Esch_coli_MB19_NODE_7_length_55083_cov_84.126408_10	gb|AAC76296.1|ARO:3000656|AcrS	100	220	0	0	1	220	1	220	2.75e-159	436	221	220
ratio6_Esch_coli_MB19_NODE_12_length_46752_cov_52.692507_6	gb|AAC73564.1|ARO:3000216|acrB	100	1049	0	0	1	1049	1	1049	0.0	1980	1050	1049
ratio6_Esch_coli_MB19_NODE_12_length_46752_cov_52.692507_7	gb|AAC73565.1|ARO:3004043|Ecol_acrA	100	397	0	0	1	397	1	397	6.93e-276	746	398	397
ratio6_Esch_coli_MB19_NODE_19_length_38957_cov_61.714950_11	gb|BAA16344.1|ARO:3000491|acrD	99.9	1037	1	0	1	1037	1	1037	0.0	1967	1038	1037
ratio6_Esch_coli_MB19_NODE_20_length_37640_cov_57.912891_29	gb|ACN32294.1|ARO:3000237|TolC	99.8	493	1	0	1	493	3	495	0.0	914	494	495
ratio6_Esch_coli_MB19_NODE_26_length_34392_cov_58.100300_15	gb|AAC75314.1|ARO:3003578|PmrF	100	322	0	0	1	322	1	322	8.81e-232	628	323	322
ratio6_Esch_coli_MB19_NODE_27_length_34087_cov_66.937559_7	gb|BAE78116.1|ARO:3003576|eptA	99.6	547	2	0	1	547	1	547	0.0	1083	548	547
ratio6_Esch_coli_MB19_NODE_43_length_27888_cov_65.285668_20	gb|BAE77933.1|ARO:3000518|CRP	99.5	210	1	0	1	210	1	210	1.54e-151	416	211	210
ratio6_Esch_coli_MB19_NODE_47_length_25973_cov_100.520835_23	gb|BAB35162.1|ARO:3000676|H-NS	100	137	0	0	1	137	1	137	3.10e-86	245	138	137
ratio6_Esch_coli_MB19_NODE_49_length_25530_cov_82.693817_17	gb|AAC74000.1|ARO:3003950|msbA	100	582	0	0	1	582	1	582	0.0	1092	583	582
ratio6_Esch_coli_MB19_NODE_56_length_24089_cov_22.196056_1	gb|BAE78083.1|ARO:3003549|mdtO	100	304	0	0	1	304	1	304	8.52e-212	591	304	683
ratio6_Esch_coli_MB19_NODE_56_length_24089_cov_22.196056_2	gb|BAE78084.1|ARO:3003548|mdtN	100	343	0	0	1	343	1	343	8.12e-234	635	344	343
ratio6_Esch_coli_MB19_NODE_66_length_21203_cov_59.644127_15	gb|AAC76093.1|ARO:3002986|bacA	100	273	0	0	1	273	1	273	2.44e-193	527	274	273
ratio6_Esch_coli_MB19_NODE_73_length_19416_cov_48.169464_17	gb|BAE78082.1|ARO:3003550|mdtP	100	488	0	0	1	488	1	488	0.0	922	489	488
ratio6_Esch_coli_MB19_NODE_73_length_19416_cov_48.169464_18	gb|BAE78083.1|ARO:3003549|mdtO	100	309	0	0	1	309	375	683	5.00e-215	599	310	683
ratio6_Esch_coli_MB19_NODE_80_length_17788_cov_68.342864_1	gb|AAC75136.1|ARO:3000793|mdtB	99.6	263	1	0	1	263	778	1040	2.47e-165	482	264	1040
ratio6_Esch_coli_MB19_NODE_80_length_17788_cov_68.342864_2	gb|AAC75137.1|ARO:3000794|mdtC	99.9	1025	1	0	1	1025	1	1025	0.0	1908	1026	1025
ratio6_Esch_coli_MB19_NODE_80_length_17788_cov_68.342864_4	gb|BAA15934.1|ARO:3000829|baeS	100	467	0	0	1	467	1	467	0.0	919	468	467
ratio6_Esch_coli_MB19_NODE_80_length_17788_cov_68.342864_5	gb|BAA15935.1|ARO:3000828|baeR	100	240	0	0	1	240	1	240	1.53e-175	479	241	240
ratio6_Esch_coli_MB19_NODE_97_length_14413_cov_63.272601_8	gb|AAC75731.1|ARO:3000516|emrR	100	176	0	0	1	176	1	176	2.27e-125	347	177	176
ratio6_Esch_coli_MB19_NODE_97_length_14413_cov_63.272601_9	gb|BAA16547.1|ARO:3000027|emrA	99.7	390	1	0	1	390	1	390	1.03e-262	712	391	390
ratio6_Esch_coli_MB19_NODE_97_length_14413_cov_63.272601_10	gb|AAC75733.1|ARO:3000074|emrB	100	512	0	0	1	512	1	512	0.0	998	513	512
ratio6_Esch_coli_MB19_NODE_105_length_12898_cov_34.750448_3	gb|AAC77293.1|ARO:3001214|mdtM	97.5	403	10	0	17	419	8	410	4.05e-277	751	420	410
ratio6_Esch_coli_MB19_NODE_112_length_12318_cov_51.159015_9	gb|BAE77781.1|ARO:3000795|mdtE	100	385	0	0	1	385	1	385	7.65e-267	722	386	385
ratio6_Esch_coli_MB19_NODE_112_length_12318_cov_51.159015_10	gb|AAC76539.1|ARO:3000796|mdtF	100	1037	0	0	1	1037	1	1037	0.0	1932	1038	1037
ratio6_Esch_coli_MB19_NODE_112_length_12318_cov_51.159015_11	gb|ANK04027.1|ARO:3003838|gadW	94.6	242	13	0	1	242	1	242	8.74e-167	457	243	242
ratio6_Esch_coli_MB19_NODE_112_length_12318_cov_51.159015_12	gb|BAE77778.1|ARO:3000508|gadX	99.6	274	1	0	1	274	1	274	1.66e-196	535	275	274
ratio6_Esch_coli_MB19_NODE_116_length_12030_cov_65.145303_8	gb|AAC77110.1|ARO:3004290|Ecol_ampC_BLA	97.9	377	8	0	12	388	1	377	1.05e-281	759	389	377
ratio6_Esch_coli_MB19_NODE_136_length_10221_cov_81.830022_7	gb|AAC75429.1|ARO:3000833|evgS	100	1034	0	0	1	1034	164	1197	0.0	2053	1035	1197
ratio6_Esch_coli_MB19_NODE_151_length_8905_cov_49.291073_6	gb|AFH35853.1|ARO:3001328|Ecol_mdfA	97.1	410	12	0	1	410	1	410	6.22e-281	760	411	410
ratio6_Esch_coli_MB19_NODE_154_length_8516_cov_44.769767_6	gb|AAC73788.1|ARO:3003841|kdpE	99.1	225	2	0	1	225	1	225	2.54e-162	444	226	225
ratio6_Esch_coli_MB19_NODE_174_length_7665_cov_46.163469_1	gb|AAC75429.1|ARO:3000833|evgS	98.5	135	2	0	1	135	1	135	3.21e-86	270	135	1197
ratio6_Esch_coli_MB19_NODE_174_length_7665_cov_46.163469_2	gb|BAB36671.1|ARO:3000832|evgA	100	204	0	0	1	204	1	204	5.82e-144	396	205	204
ratio6_Esch_coli_MB19_NODE_174_length_7665_cov_46.163469_3	gb|BAA11236.1|ARO:3000206|emrK	100	351	0	0	37	387	1	351	4.28e-247	671	388	351
ratio6_Esch_coli_MB19_NODE_174_length_7665_cov_46.163469_4	gb|BAA11237.1|ARO:3000254|emrY	99.4	512	3	0	1	512	1	512	0.0	989	513	512
ratio6_Esch_coli_MB19_NODE_180_length_7385_cov_44.151432_6	gb|BAA15221.2|ARO:3000263|marA	100	127	0	0	1	127	1	127	2.36e-92	259	128	127
ratio6_Esch_coli_MB19_NODE_189_length_6922_cov_46.937236_4	gb|AAC75135.2|ARO:3000792|mdtA	99.0	415	4	0	41	455	1	415	1.23e-277	754	456	415
ratio6_Esch_coli_MB19_NODE_189_length_6922_cov_46.937236_5	gb|AAC75136.1|ARO:3000793|mdtB	99.9	778	1	0	1	778	1	778	0.0	1428	778	1040
ratio6_Esch_coli_MB19_NODE_217_length_5080_cov_109.040000_5	gb|BAB38260.1|ARO:3000830|cpxA	100	457	0	0	1	457	1	457	0.0	887	458	457
ratio6_Esch_coli_MB19_NODE_228_length_4350_cov_57.246100_2	gb|AAC75271.1|ARO:3003952|YojI	99.8	547	1	0	1	547	1	547	0.0	1057	548	547
ratio6_Esch_coli_MB19_NODE_433_length_629_cov_14.952962_2	gb|AAC75089.1|ARO:3003577|ugd	100	54	0	0	1	54	1	54	4.95e-30	105	58	388
ratio6_Esch_coli_TUM20902_NODE_10_length_9361_cov_7.996776_10	gb|ABV18113.1|ARO:3001329|mdtG	99.8	408	1	0	1	408	1	408	1.74e-286	774	409	408
ratio6_Esch_coli_TUM20902_NODE_15_length_7587_cov_6.852098_3	gb|BAA16344.1|ARO:3000491|acrD	99.8	1037	2	0	1	1037	1	1037	0.0	1964	1038	1037
ratio6_Esch_coli_TUM20902_NODE_20_length_7085_cov_26.555192_1	gb|BAB38260.1|ARO:3000830|cpxA	98.1	106	2	0	1	106	1	106	1.41e-65	201	106	457
ratio6_Esch_coli_TUM20902_NODE_68_length_4822_cov_35.517306_1	gb|AAC73564.1|ARO:3000216|acrB	100	199	0	0	1	199	1	199	3.82e-124	372	199	1049
ratio6_Esch_coli_TUM20902_NODE_68_length_4822_cov_35.517306_2	gb|AAC73565.1|ARO:3004043|Ecol_acrA	99.7	397	1	0	1	397	1	397	1.15e-274	743	398	397
ratio6_Esch_coli_TUM20902_NODE_98_length_4176_cov_4.216695_2	gb|AAC75137.1|ARO:3000794|mdtC	99.4	1005	6	0	1	1005	21	1025	0.0	1867	1006	1025
ratio6_Esch_coli_TUM20902_NODE_104_length_4053_cov_3.537269_3	gb|BAA15935.1|ARO:3000828|baeR	100	240	0	0	1	240	1	240	1.53e-175	479	241	240
ratio6_Esch_coli_TUM20902_NODE_104_length_4053_cov_3.537269_4	gb|BAA15934.1|ARO:3000829|baeS	99.4	467	3	0	1	467	1	467	0.0	912	468	467
ratio6_Esch_coli_TUM20902_NODE_109_length_4023_cov_22.717994_2	gb|ACN32294.1|ARO:3000237|TolC	99.7	394	1	0	1	394	102	495	1.78e-269	734	395	495
ratio6_Esch_coli_TUM20902_NODE_109_length_4023_cov_22.717994_3	gb|ACN32294.1|ARO:3000237|TolC	98.9	91	1	0	1	91	3	93	4.18e-53	169	97	495
ratio6_Esch_coli_TUM20902_NODE_256_length_2989_cov_17.242672_7	gb|WP_063860454.1|ARO:3006881|EC-8	98.3	176	3	0	1	176	202	377	1.28e-126	358	177	377
ratio6_Esch_coli_TUM20902_NODE_257_length_2954_cov_18.193515_1	gb|BAE78116.1|ARO:3003576|eptA	99.1	320	3	0	1	320	228	547	2.45e-241	661	321	547
ratio6_Esch_coli_TUM20902_NODE_309_length_2681_cov_8.492384_3	gb|BAE77781.1|ARO:3000795|mdtE	98.9	364	4	0	1	364	1	364	4.37e-250	679	377	385
ratio6_Esch_coli_TUM20902_NODE_467_length_2243_cov_7.540676_1	gb|AAC75136.1|ARO:3000793|mdtB	100	137	0	0	1	137	1	137	8.89e-82	256	137	1040
ratio6_Esch_coli_TUM20902_NODE_467_length_2243_cov_7.540676_2	gb|AAC75135.2|ARO:3000792|mdtA	99.5	415	2	0	1	415	1	415	1.52e-279	757	416	415
ratio6_Esch_coli_TUM20902_NODE_509_length_2125_cov_2.433333_2	gb|BAE78084.1|ARO:3003548|mdtN	99.7	343	1	0	1	343	1	343	9.46e-233	632	344	343
ratio6_Esch_coli_TUM20902_NODE_509_length_2125_cov_2.433333_3	gb|BAE78083.1|ARO:3003549|mdtO	97.4	195	5	0	1	195	1	195	4.03e-124	362	195	683
ratio6_Esch_coli_TUM20902_NODE_521_length_2101_cov_23.421799_5	gb|WP_063860228.1|ARO:3006874|EC-13	99.3	137	1	0	12	148	1	137	6.97e-96	278	148	377
ratio6_Esch_coli_TUM20902_NODE_525_length_2096_cov_2.540911_1	gb|BAE78082.1|ARO:3003550|mdtP	98.3	229	4	0	1	229	1	229	5.12e-154	434	229	488
ratio6_Esch_coli_TUM20902_NODE_525_length_2096_cov_2.540911_2	gb|BAE78083.1|ARO:3003549|mdtO	97.4	470	11	1	1	469	214	683	0.0	908	470	683
ratio6_Esch_coli_TUM20902_NODE_527_length_2092_cov_28.038783_2	gb|BAE77933.1|ARO:3000518|CRP	99.5	210	1	0	1	210	1	210	1.54e-151	416	211	210
ratio6_Esch_coli_TUM20902_NODE_570_length_2009_cov_17.991812_1	gb|AAC76539.1|ARO:3000796|mdtF	99.7	669	2	0	1	669	213	881	0.0	1259	669	1037
ratio6_Esch_coli_TUM20902_NODE_589_length_1981_cov_60.833333_3	gb|BAE78082.1|ARO:3003550|mdtP	99.3	145	1	0	1	145	344	488	2.66e-90	268	146	488
ratio6_Esch_coli_TUM20902_NODE_596_length_1969_cov_3.432602_2	gb|AAC74000.1|ARO:3003950|msbA	99.7	318	1	0	1	318	265	582	4.30e-219	606	319	582
ratio6_Esch_coli_TUM20902_NODE_685_length_1806_cov_9.173615_1	gb|AAC74149.2|ARO:3001216|mdtH	100	42	0	0	1	42	361	402	3.98e-25	91.3	43	402
ratio6_Esch_coli_TUM20902_NODE_810_length_1619_cov_2.903453_1	gb|AAC76298.1|ARO:3000502|AcrF	99.0	407	4	0	1	407	628	1034	4.53e-276	771	408	1034
ratio6_Esch_coli_TUM20902_NODE_844_length_1572_cov_4.048121_1	gb|AAC76296.1|ARO:3000656|AcrS	97.7	220	5	0	1	220	1	220	3.09e-156	429	221	220
ratio6_Esch_coli_TUM20902_NODE_844_length_1572_cov_4.048121_2	gb|AAC76297.1|ARO:3000499|AcrE	99.3	152	1	0	1	152	1	152	4.57e-102	295	152	385
ratio6_Esch_coli_TUM20902_NODE_845_length_1571_cov_8.201847_1	gb|AAC75733.1|ARO:3000074|emrB	100	72	0	0	1	72	441	512	8.02e-45	147	73	512
ratio6_Esch_coli_TUM20902_NODE_885_length_1520_cov_2.486689_1	gb|AAC75271.1|ARO:3003952|YojI	99.6	280	1	0	1	280	1	280	3.96e-191	532	280	547
ratio6_Esch_coli_TUM20902_NODE_929_length_1471_cov_13.739407_1	gb|AAC75731.1|ARO:3000516|emrR	100	105	0	0	1	105	72	176	1.58e-72	210	106	176
ratio6_Esch_coli_TUM20902_NODE_929_length_1471_cov_13.739407_2	gb|BAA16547.1|ARO:3000027|emrA	99.7	341	1	0	1	341	1	341	2.17e-228	623	341	390
ratio6_Esch_coli_TUM20902_NODE_933_length_1469_cov_16.586280_1	gb|AAC73564.1|ARO:3000216|acrB	99.8	430	1	0	4	433	620	1049	1.79e-299	833	434	1049
ratio6_Esch_coli_TUM20902_NODE_945_length_1456_cov_2.491078_2	gb|AAC75429.1|ARO:3000833|evgS	95.7	92	4	0	1	92	1106	1197	2.74e-55	180	93	1197
ratio6_Esch_coli_TUM20902_NODE_966_length_1433_cov_1.743106_1	gb|ANK04027.1|ARO:3003838|gadW	93.3	135	9	0	1	135	1	135	3.36e-87	251	135	242
ratio6_Esch_coli_TUM20902_NODE_966_length_1433_cov_1.743106_2	gb|BAE77778.1|ARO:3000508|gadX	96.3	218	8	0	1	218	57	274	3.91e-146	405	219	274
ratio6_Esch_coli_TUM20902_NODE_988_length_1399_cov_5.378720_1	gb|AAC75271.1|ARO:3003952|YojI	100	52	0	0	1	52	496	547	6.17e-30	105	53	547
ratio6_Esch_coli_TUM20902_NODE_1014_length_1378_cov_6.430839_2	gb|AFH35853.1|ARO:3001328|Ecol_mdfA	95.6	298	13	0	1	298	1	298	4.59e-198	545	298	410
ratio6_Esch_coli_TUM20902_NODE_1163_length_1209_cov_2.812825_1	gb|AAC75136.1|ARO:3000793|mdtB	99.0	402	4	0	1	402	380	781	7.64e-264	740	402	1040
ratio6_Esch_coli_TUM20902_NODE_1166_length_1207_cov_11.422743_1	gb|BAB35162.1|ARO:3000676|H-NS	100	137	0	0	1	137	1	137	3.10e-86	245	138	137
ratio6_Esch_coli_TUM20902_NODE_1198_length_1179_cov_4.297153_2	gb|BAA15221.2|ARO:3000263|marA	100	127	0	0	1	127	1	127	2.36e-92	259	128	127
ratio6_Esch_coli_TUM20902_NODE_1302_length_1087_cov_9.554264_1	gb|AAC74000.1|ARO:3003950|msbA	100	215	0	0	1	215	1	215	6.60e-142	405	215	582
ratio6_Esch_coli_TUM20902_NODE_1303_length_1087_cov_5.539729_1	gb|AAC76297.1|ARO:3000499|AcrE	99.6	236	1	0	1	236	150	385	6.90e-159	442	237	385
ratio6_Esch_coli_TUM20902_NODE_1303_length_1087_cov_5.539729_2	gb|AAC76298.1|ARO:3000502|AcrF	100	121	0	0	1	121	1	121	3.39e-69	221	121	1034
ratio6_Esch_coli_TUM20902_NODE_1305_length_1082_cov_1.931840_2	gb|AAC73788.1|ARO:3003841|kdpE	98.7	225	3	0	1	225	1	225	1.21e-160	440	226	225
ratio6_Esch_coli_TUM20902_NODE_1425_length_993_cov_5.146055_1	gb|AAC73564.1|ARO:3000216|acrB	100	331	0	0	1	331	261	591	1.97e-214	611	331	1049
ratio6_Esch_coli_TUM20902_NODE_1481_length_948_cov_2.428891_1	gb|AAC75429.1|ARO:3000833|evgS	98.0	203	4	0	1	203	1	203	2.15e-130	392	203	1197
ratio6_Esch_coli_TUM20902_NODE_1481_length_948_cov_2.428891_2	gb|BAB36671.1|ARO:3000832|evgA	100	53	0	0	1	53	152	204	1.37e-32	107	54	204
ratio6_Esch_coli_TUM20902_NODE_1593_length_880_cov_2.488485_1	gb|AAC75429.1|ARO:3000833|evgS	98.0	293	6	0	1	293	793	1085	3.48e-194	562	293	1197
ratio6_Esch_coli_TUM20902_NODE_1701_length_808_cov_3.993360_1	gb|AAC75314.1|ARO:3003578|PmrF	100	199	0	0	1	199	124	322	1.47e-140	392	200	322
ratio6_Esch_coli_TUM20902_NODE_1706_length_802_cov_10.239625_1	gb|AAC75089.1|ARO:3003577|ugd	99.5	209	1	0	1	209	1	209	6.51e-143	401	209	388
ratio6_Esch_coli_TUM20902_NODE_1723_length_785_cov_1.141096_1	gb|AAC75429.1|ARO:3000833|evgS	98.1	261	5	0	1	261	277	537	4.50e-182	529	261	1197
ratio6_Esch_coli_TUM20902_NODE_1804_length_734_cov_14.055965_1	gb|BAB38260.1|ARO:3000830|cpxA	100	244	0	0	1	244	118	361	2.03e-167	467	244	457
ratio6_Esch_coli_TUM20902_NODE_1976_length_660_cov_1.914050_1	gb|AAC75136.1|ARO:3000793|mdtB	99.1	219	2	0	1	219	163	381	1.05e-132	395	219	1040
ratio6_Esch_coli_TUM20902_NODE_2061_length_627_cov_1.986014_1	gb|AAC75429.1|ARO:3000833|evgS	95.2	207	10	0	1	207	589	795	4.61e-133	399	209	1197
ratio6_Esch_coli_TUM20902_NODE_2089_length_617_cov_7.834520_2	gb|ANK04027.1|ARO:3003838|gadW	98.9	89	1	0	1	89	154	242	9.36e-60	179	90	242
ratio6_Esch_coli_TUM20902_NODE_2125_length_598_cov_3.283610_2	gb|BAE78116.1|ARO:3003576|eptA	100	116	0	0	1	116	1	116	2.90e-68	211	116	547
ratio6_Esch_coli_TUM20902_NODE_2261_length_553_cov_2.040161_1	gb|BAE77781.1|ARO:3000795|mdtE	100	44	0	0	1	44	342	385	6.98e-23	85.1	45	385
ratio6_Esch_coli_TUM20902_NODE_2261_length_553_cov_2.040161_2	gb|AAC76539.1|ARO:3000796|mdtF	99.2	131	1	0	1	131	1	131	1.15e-77	244	131	1037
ratio6_Esch_coli_TUM20902_NODE_2280_length_543_cov_1.750000_1	gb|AAC76093.1|ARO:3002986|bacA	99.4	180	1	0	1	180	54	233	6.23e-130	362	180	273
ratio6_Esch_coli_TUM20902_NODE_2290_length_540_cov_2.156701_2	gb|BAB38260.1|ARO:3000830|cpxA	100	89	0	0	1	89	369	457	9.21e-60	186	90	457
ratio6_Esch_coli_TUM20902_NODE_2299_length_535_cov_4.704167_1	gb|AAC76298.1|ARO:3000502|AcrF	96.6	178	6	0	1	178	96	273	8.30e-108	328	178	1034
ratio6_Esch_coli_TUM20902_NODE_2365_length_512_cov_5.761488_1	gb|AAC75733.1|ARO:3000074|emrB	98.2	170	3	0	1	170	230	399	5.36e-114	330	170	512
ratio6_Esch_coli_TUM20902_NODE_2414_length_497_cov_9.072398_1	gb|AAC76539.1|ARO:3000796|mdtF	100	158	0	0	1	158	880	1037	1.65e-91	283	159	1037
ratio6_Esch_coli_TUM20902_NODE_2426_length_494_cov_3.029613_1	gb|BAA11237.1|ARO:3000254|emrY	100	164	0	0	1	164	142	305	3.09e-111	323	164	512
ratio6_Esch_coli_TUM20902_NODE_2506_length_473_cov_1.177033_2	gb|AFH35853.1|ARO:3001328|Ecol_mdfA	95.8	118	5	0	1	118	293	410	1.09e-71	216	119	410
ratio6_Esch_coli_TUM20902_NODE_2625_length_425_cov_1.808108_1	gb|AAC75136.1|ARO:3000793|mdtB	99.3	141	1	0	1	141	830	970	7.17e-80	251	141	1040
ratio6_Esch_coli_TUM20902_NODE_2744_length_393_cov_18.310651_1	gb|BAA16547.1|ARO:3000027|emrA	100	38	0	0	1	38	353	390	2.15e-18	72.4	39	390
ratio6_Esch_coli_TUM20902_NODE_2744_length_393_cov_18.310651_2	gb|AAC75733.1|ARO:3000074|emrB	100	86	0	0	1	86	1	86	5.55e-51	164	86	512
ratio6_Esch_coli_TUM20902_NODE_2769_length_386_cov_6.172205_2	gb|AAC76093.1|ARO:3002986|bacA	100	53	0	0	1	53	1	53	1.89e-30	103	53	273
ratio6_Esch_coli_TUM20902_NODE_2801_length_379_cov_7.793210_1	gb|AAC76298.1|ARO:3000502|AcrF	98.2	112	2	0	15	126	360	471	4.42e-62	201	126	1034
ratio6_Esch_coli_TUM20902_NODE_2994_length_333_cov_3.625899_1	gb|AAC75089.1|ARO:3003577|ugd	100	110	0	0	1	110	227	336	2.04e-75	225	110	388
ratio6_Esch_coli_TUM20902_NODE_3033_length_323_cov_2.123134_1	gb|BAA11237.1|ARO:3000254|emrY	100	107	0	0	1	107	310	416	2.42e-69	213	107	512
ratio6_Esch_coli_TUM20902_NODE_3059_length_318_cov_1.083650_1	gb|BAA11237.1|ARO:3000254|emrY	100	97	0	0	1	97	416	512	8.59e-62	192	98	512
ratio6_Esch_coli_TUM20902_NODE_3336_length_270_cov_1.767442_1	gb|BAE78116.1|ARO:3003576|eptA	100	89	0	0	1	89	117	205	7.36e-52	167	89	547
ratio6_Esch_coli_TUM20902_NODE_3366_length_265_cov_2.261905_1	gb|BAE78082.1|ARO:3003550|mdtP	96.6	87	3	0	1	87	248	334	2.78e-51	164	87	488
ratio6_Esch_coli_TUM20902_NODE_3545_length_244_cov_1.005291_1	gb|BAA11236.1|ARO:3000206|emrK	100	81	0	0	1	81	85	165	4.38e-47	150	81	351
ratio6_Esch_coli_TUM20902_NODE_3548_length_243_cov_2.021277_1	gb|BAA11236.1|ARO:3000206|emrK	100	80	0	0	2	81	170	249	4.07e-51	160	81	351
ratio6_Esch_coli_TUM20902_NODE_3610_length_235_cov_2.122222_1	gb|AAC75089.1|ARO:3003577|ugd	100	78	0	0	1	78	175	252	5.85e-51	160	78	388
ratio6_Esch_coli_TUM20902_NODE_3623_length_234_cov_1.592179_1	gb|AAC75429.1|ARO:3000833|evgS	96.1	77	3	0	1	77	203	279	7.15e-46	152	77	1197
ratio6_Esch_coli_TUM20902_NODE_3631_length_233_cov_1.803371_1	gb|AAC74149.2|ARO:3001216|mdtH	100	77	0	0	1	77	139	215	1.27e-48	155	77	402
ratio6_Esch_coli_TUM20902_NODE_3662_length_230_cov_1.240000_1	gb|AAC75733.1|ARO:3000074|emrB	100	76	0	0	1	76	102	177	1.05e-49	160	76	512
ratio6_Esch_coli_TUM20902_NODE_3679_length_227_cov_2.151163_1	gb|AAC76298.1|ARO:3000502|AcrF	98.7	75	1	0	1	75	547	621	2.87e-42	142	75	1034
ratio6_Esch_coli_TUM20902_NODE_3740_length_220_cov_1.618182_1	gb|AAC75089.1|ARO:3003577|ugd	98.6	73	1	0	1	73	309	381	3.70e-42	137	73	388
ratio6_Esch_coli_TUM20902_NODE_3779_length_215_cov_6.625000_1	gb|AAC76298.1|ARO:3000502|AcrF	100	71	0	0	1	71	278	348	2.56e-40	136	71	1034
ratio6_Esch_coli_TUM20902_NODE_3855_length_207_cov_65.440789_1	gb|AAC76539.1|ARO:3000796|mdtF	100	69	0	0	1	69	143	211	4.98e-41	138	69	1037
ratio6_unmapped_NODE_14_length_15966_cov_7.995726_1	gb|BAA15934.1|ARO:3000829|baeS	98.0	49	1	0	1	49	1	49	1.72e-28	101	49	467
ratio6_unmapped_NODE_14_length_15966_cov_7.995726_3	gb|AAC75137.1|ARO:3000794|mdtC	99.3	1025	7	0	1	1025	1	1025	0.0	1899	1026	1025
ratio6_unmapped_NODE_14_length_15966_cov_7.995726_4	gb|AAC75136.1|ARO:3000793|mdtB	99.5	1040	5	0	1	1040	1	1040	0.0	1897	1041	1040
ratio6_unmapped_NODE_14_length_15966_cov_7.995726_5	gb|AAC75135.2|ARO:3000792|mdtA	98.3	415	7	0	1	415	1	415	2.93e-277	751	416	415
ratio6_unmapped_NODE_25_length_9828_cov_23.897780_1	gb|AAL02127.1|ARO:3001878|CTX-M-15	100	291	0	0	1	291	1	291	4.22e-203	553	292	291
ratio6_unmapped_NODE_25_length_9828_cov_23.897780_7	gb|ABF47469.1|ARO:3002790|QnrS1	100	218	0	0	1	218	1	218	2.87e-112	317	219	218
ratio6_unmapped_NODE_29_length_9108_cov_7.130233_13	gb|BAE78082.1|ARO:3003550|mdtP	94.7	169	9	0	1	169	193	361	1.86e-107	313	173	488
ratio6_unmapped_NODE_73_length_5250_cov_8.078345_4	gb|AAN06707.1|ARO:3000165|tet(A)	99.7	390	1	0	1	390	26	415	5.32e-278	753	400	424
ratio6_unmapped_NODE_86_length_4463_cov_5.478675_4	gb|ABS70977.1|ARO:3004623|AAC(3)-IId	100	286	0	0	1	286	1	286	1.23e-213	579	287	286
ratio6_unmapped_NODE_116_length_3351_cov_5.836772_1	gb|BAA03776.1|ARO:3000316|mphA	100	301	0	0	1	301	1	301	8.38e-218	591	305	301
ratio6_unmapped_NODE_125_length_3137_cov_3.668722_5	gb|AAL59753.1|ARO:3000412|sul2	100	271	0	0	1	271	1	271	1.06e-186	510	272	271
ratio6_unmapped_NODE_155_length_2671_cov_6.115826_1	gb|BAE78082.1|ARO:3003550|mdtP	99.5	185	1	0	1	185	1	185	5.78e-123	353	185	488
ratio6_unmapped_NODE_155_length_2671_cov_6.115826_2	gb|BAE78083.1|ARO:3003549|mdtO	99.6	683	3	0	1	683	1	683	0.0	1327	684	683
ratio6_unmapped_NODE_155_length_2671_cov_6.115826_3	gb|BAE78084.1|ARO:3003548|mdtN	100	22	0	0	1	22	322	343	2.15e-10	48.9	23	343
ratio6_unmapped_NODE_199_length_2249_cov_4.443026_1	gb|AAK52606.1|ARO:3002696|cmlA6	100	247	0	0	1	247	173	419	1.52e-173	481	248	419
ratio6_unmapped_NODE_199_length_2249_cov_4.443026_2	gb|AAO49597.1|ARO:3002601|aadA	99.6	259	1	0	1	259	5	263	3.43e-187	510	260	263
ratio6_unmapped_NODE_199_length_2249_cov_4.443026_3	gb|AAZ42322.1|ARO:3005098|qacL	93.6	110	7	0	1	110	1	110	4.37e-71	204	111	110
ratio6_unmapped_NODE_214_length_2183_cov_5.744361_1	gb|AAC76093.1|ARO:3002986|bacA	99.5	194	1	0	1	194	80	273	1.26e-133	372	195	273
ratio6_unmapped_NODE_301_length_1723_cov_5.646283_4	gb|AAC75089.1|ARO:3003577|ugd	99.3	135	1	0	1	135	254	388	3.09e-88	259	136	388
ratio6_unmapped_NODE_307_length_1681_cov_5.107011_2	gb|BAB38260.1|ARO:3000830|cpxA	99.6	234	1	0	1	234	224	457	5.11e-163	456	235	457
ratio6_unmapped_NODE_313_length_1674_cov_3.131563_2	gb|AAG16656.1|ARO:3002705|floR	99.2	241	2	0	1	241	1	241	1.23e-162	453	241	404
ratio6_unmapped_NODE_314_length_1674_cov_2.785670_1	gb|BAB82500.1|ARO:3000186|tet(M)	95.8	332	14	0	1	332	308	639	5.22e-235	649	333	639
ratio6_unmapped_NODE_324_length_1653_cov_4.050688_3	gb|AAG16656.1|ARO:3002705|floR	100	166	0	0	1	166	239	404	1.23e-105	305	167	404
ratio6_unmapped_NODE_385_length_1496_cov_5.930604_1	gb|BAA16344.1|ARO:3000491|acrD	99.6	498	2	0	1	498	390	887	0.0	949	498	1037
ratio6_unmapped_NODE_497_length_1280_cov_2.814694_1	gb|AAC76296.1|ARO:3000656|AcrS	98.2	113	2	0	1	113	108	220	4.58e-79	229	114	220
ratio6_unmapped_NODE_517_length_1250_cov_4.049372_1	gb|ABV18113.1|ARO:3001329|mdtG	100	313	0	0	1	313	1	313	1.26e-217	595	313	408
ratio6_unmapped_NODE_577_length_1178_cov_2.096171_2	gb|BAL68178.1|ARO:3001057|TEM-198	99.6	249	1	0	1	249	1	249	3.03e-179	491	249	286
ratio6_unmapped_NODE_594_length_1143_cov_2.211397_2	gb|AAC75314.1|ARO:3003578|PmrF	100	33	0	0	1	33	1	33	6.26e-17	67.8	34	322
ratio6_unmapped_NODE_594_length_1143_cov_2.211397_3	gb|AAC75314.1|ARO:3003578|PmrF	93.5	31	2	0	1	31	37	67	1.08e-12	55.8	31	322
ratio6_unmapped_NODE_597_length_1140_cov_2.188940_1	gb|ABK33456.1|ARO:3002639|APH(3'')-Ib	100	85	0	0	1	85	183	267	1.16e-59	180	86	267
ratio6_unmapped_NODE_597_length_1140_cov_2.188940_2	gb|AAC23556.1|ARO:3002660|APH(6)-Id	99.3	278	2	0	1	278	1	278	5.61e-206	559	279	278
ratio6_unmapped_NODE_618_length_1115_cov_4.407547_1	gb|AAC74149.2|ARO:3001216|mdtH	100	221	0	0	1	221	1	221	1.24e-156	437	221	402
ratio6_unmapped_NODE_642_length_1089_cov_2.442940_1	gb|APM84488.1|ARO:3004685|MCR-1.5	100	87	0	0	1	87	455	541	2.69e-56	178	88	541
ratio6_unmapped_NODE_657_length_1073_cov_2.667976_1	gb|AAA26057.1|ARO:3002693|cmlA1	100	125	0	0	1	125	1	125	1.51e-78	234	125	419
ratio6_unmapped_NODE_657_length_1073_cov_2.667976_2	gb|AAF27727.1|ARO:3002602|aadA2	100	144	0	0	1	144	116	259	3.84e-102	290	145	259
ratio6_unmapped_NODE_768_length_951_cov_4.400670_1	gb|AAC75429.1|ARO:3000833|evgS	99.4	316	2	0	1	316	37	352	1.13e-216	621	316	1197
ratio6_unmapped_NODE_792_length_936_cov_1.936436_1	gb|BAB82500.1|ARO:3000186|tet(M)	100	31	0	0	1	31	1	31	7.54e-15	62.0	31	639
ratio6_unmapped_NODE_890_length_847_cov_4.724747_1	gb|AAC73788.1|ARO:3003841|kdpE	99.6	224	1	0	1	224	1	224	4.73e-162	444	224	225
ratio6_unmapped_NODE_895_length_844_cov_10.889734_1	gb|AAC75089.1|ARO:3003577|ugd	98.9	270	3	0	1	270	1	270	3.36e-192	528	270	388
ratio6_unmapped_NODE_1008_length_753_cov_1.495702_2	gb|ACJ63260.1|ARO:3000413|sul3	100	117	0	0	1	117	1	117	3.10e-80	233	117	263
ratio6_unmapped_NODE_1166_length_661_cov_1.567657_1	gb|APM84488.1|ARO:3004685|MCR-1.5	100	219	0	0	1	219	220	438	3.54e-161	453	219	541
ratio6_unmapped_NODE_1210_length_637_cov_4.001718_2	gb|AAC74000.1|ARO:3003950|msbA	100	152	0	0	1	152	1	152	4.98e-99	293	152	582
ratio6_unmapped_NODE_1234_length_619_cov_4.106383_1	gb|ABK33456.1|ARO:3002639|APH(3'')-Ib	98.9	178	2	0	1	178	1	178	2.69e-129	360	178	267
ratio6_unmapped_NODE_1253_length_610_cov_2.926126_1	gb|BAA16344.1|ARO:3000491|acrD	100	91	0	0	1	91	947	1037	2.79e-56	183	92	1037
ratio6_unmapped_NODE_1267_length_603_cov_1.750000_1	gb|BAA11236.1|ARO:3000206|emrK	100	50	0	0	1	50	302	351	1.31e-27	97.8	51	351
ratio6_unmapped_NODE_1267_length_603_cov_1.750000_2	gb|BAA11237.1|ARO:3000254|emrY	100	149	0	0	1	149	1	149	3.13e-95	281	149	512
ratio6_unmapped_NODE_1306_length_586_cov_1.613936_1	gb|APM84488.1|ARO:3004685|MCR-1.5	100	195	0	0	1	195	10	204	1.65e-124	359	195	541
ratio6_unmapped_NODE_1356_length_564_cov_10.960707_1	gb|AAC75089.1|ARO:3003577|ugd	100	135	0	0	1	135	254	388	3.83e-89	261	136	388
ratio6_unmapped_NODE_1419_length_538_cov_3.695652_1	gb|AAC76298.1|ARO:3000502|AcrF	99.4	179	1	0	1	179	470	648	1.27e-113	343	179	1034
ratio6_unmapped_NODE_1481_length_513_cov_1.462882_1	gb|BAB82500.1|ARO:3000186|tet(M)	95.3	170	8	0	1	170	113	282	1.83e-109	322	170	639
ratio6_unmapped_NODE_1509_length_503_cov_1.696429_1	gb|AAF27727.1|ARO:3002602|aadA2	100	80	0	0	1	80	1	80	5.51e-49	152	80	259
ratio6_unmapped_NODE_1809_length_417_cov_1.060773_1	gb|ACN32294.1|ARO:3000237|TolC	100	138	0	0	1	138	61	198	1.84e-89	265	138	495
ratio6_unmapped_NODE_1865_length_404_cov_2.564470_1	gb|BAE78116.1|ARO:3003576|eptA	100	134	0	0	1	134	15	148	5.74e-83	250	134	547
ratio6_unmapped_NODE_1943_length_388_cov_0.915916_1	gb|AAC75429.1|ARO:3000833|evgS	97.7	43	1	0	1	43	1	43	1.90e-25	92.8	43	1197
ratio6_unmapped_NODE_1943_length_388_cov_0.915916_2	gb|BAB36671.1|ARO:3000832|evgA	97.6	83	2	0	1	83	122	204	2.58e-52	159	84	204
ratio6_unmapped_NODE_1964_length_384_cov_1.458967_1	gb|AAC73564.1|ARO:3000216|acrB	100	54	0	0	1	54	996	1049	1.52e-29	105	55	1049
ratio6_unmapped_NODE_2030_length_370_cov_3.933333_1	gb|AAT45742.1|ARO:3000988|TEM-126	100	55	0	0	1	55	232	286	2.11e-33	112	56	286
ratio6_unmapped_NODE_2145_length_350_cov_1.301695_1	gb|BAA15935.1|ARO:3000828|baeR	98.9	91	1	0	1	91	150	240	3.59e-62	186	92	240
ratio6_unmapped_NODE_2455_length_306_cov_2.310757_1	gb|BAB82500.1|ARO:3000186|tet(M)	100	84	0	0	1	84	32	115	2.09e-50	165	102	639
ratio6_unmapped_NODE_2469_length_304_cov_1.542169_1	gb|AAC76298.1|ARO:3000502|AcrF	100	101	0	0	1	101	646	746	5.58e-62	199	101	1034
ratio6_unmapped_NODE_2572_length_293_cov_1.214286_1	gb|BAA15934.1|ARO:3000829|baeS	96.9	97	3	0	1	97	349	445	9.90e-61	189	97	467
ratio6_unmapped_NODE_2577_length_293_cov_1.205882_1	gb|BAA15934.1|ARO:3000829|baeS	100	97	0	0	1	97	90	186	4.14e-63	195	97	467
ratio6_unmapped_NODE_2813_length_273_cov_0.862385_1	gb|BAB35162.1|ARO:3000676|H-NS	100	40	0	0	1	40	98	137	1.02e-25	87.8	41	137
ratio6_unmapped_NODE_2913_length_266_cov_4.549763_1	gb|ABV18113.1|ARO:3001329|mdtG	100	77	0	0	1	77	332	408	2.96e-48	154	78	408
ratio6_unmapped_NODE_3293_length_245_cov_0.900000_1	gb|AAC74149.2|ARO:3001216|mdtH	98.8	81	1	0	1	81	303	383	6.35e-51	161	81	402
ratio6_unmapped_NODE_3423_length_237_cov_1.576923_1	gb|ACN32294.1|ARO:3000237|TolC	100	79	0	0	1	79	196	274	1.48e-46	151	79	495
ratio6_unmapped_NODE_3441_length_236_cov_1.685083_1	gb|WP_063860454.1|ARO:3006881|EC-8	98.7	78	1	0	1	78	294	371	5.08e-50	158	78	377
ratio6_unmapped_NODE_3451_length_236_cov_1.060773_1	gb|AAC76298.1|ARO:3000502|AcrF	98.7	78	1	0	1	78	134	211	5.44e-46	153	78	1034
ratio6_unmapped_NODE_3515_length_233_cov_1.078652_1	gb|BAA16344.1|ARO:3000491|acrD	100	77	0	0	1	77	265	341	1.32e-45	152	77	1037
ratio6_unmapped_NODE_3618_length_227_cov_1.116279_1	gb|BAA16547.1|ARO:3000027|emrA	100	75	0	0	1	75	178	252	6.53e-45	145	75	390
ratio6_unmapped_NODE_3724_length_221_cov_1.349398_1	gb|BAE78084.1|ARO:3003548|mdtN	94.5	73	4	0	1	73	262	334	8.99e-45	143	73	343
ratio6_unmapped_NODE_3767_length_219_cov_1.097561_1	gb|AAC76298.1|ARO:3000502|AcrF	100	72	0	0	1	72	776	847	4.45e-44	147	72	1034
ratio6_unmapped_NODE_3777_length_218_cov_1.177914_1	gb|AAC75733.1|ARO:3000074|emrB	100	51	0	0	1	51	1	51	4.62e-25	92.0	51	512
ratio6_unmapped_NODE_3879_length_212_cov_1.834395_1	gb|BAA15935.1|ARO:3000828|baeR	100	70	0	0	1	70	73	142	1.04e-44	140	70	240
ratio6_unmapped_NODE_3980_length_208_cov_1.000000_1	gb|AAC76093.1|ARO:3002986|bacA	93.9	33	2	0	1	33	1	33	2.15e-14	60.5	33	273
Esch_coli_GTEN_247_scaffold00001_205	gb|BAE77778.1|ARO:3000508|gadX	95.6	274	12	0	1	274	1	274	3.29e-187	511	275	274
Esch_coli_GTEN_247_scaffold00001_206	gb|ANK04027.1|ARO:3003838|gadW	95.9	242	10	0	1	242	1	242	5.27e-168	460	243	242
Esch_coli_GTEN_247_scaffold00001_208	gb|AAC76539.1|ARO:3000796|mdtF	99.7	1037	3	0	1	1037	1	1037	0.0	1930	1038	1037
Esch_coli_GTEN_247_scaffold00001_209	gb|BAE77781.1|ARO:3000795|mdtE	99.7	385	1	0	1	385	1	385	1.09e-266	722	386	385
Esch_coli_GTEN_247_scaffold00001_397	gb|BAE77933.1|ARO:3000518|CRP	99.5	210	1	0	1	210	1	210	1.54e-151	416	211	210
Esch_coli_GTEN_247_scaffold00001_471	gb|AAC76298.1|ARO:3000502|AcrF	99.4	1034	6	0	1	1034	1	1034	0.0	1923	1035	1034
Esch_coli_GTEN_247_scaffold00001_472	gb|AAC76297.1|ARO:3000499|AcrE	99.5	385	2	0	1	385	1	385	7.99e-269	727	386	385
Esch_coli_GTEN_247_scaffold00001_473	gb|AAC76296.1|ARO:3000656|AcrS	97.7	220	5	0	1	220	1	220	3.09e-156	429	221	220
Esch_coli_GTEN_247_scaffold00001_666	gb|AAC76093.1|ARO:3002986|bacA	99.6	273	1	0	1	273	1	273	6.98e-193	526	274	273
Esch_coli_GTEN_247_scaffold00001_685	gb|ACN32294.1|ARO:3000237|TolC	99.8	493	1	0	1	493	3	495	0.0	916	494	495
Esch_coli_GTEN_247_scaffold00001_1072	gb|AAC75733.1|ARO:3000074|emrB	100	512	0	0	1	512	1	512	0.0	998	513	512
Esch_coli_GTEN_247_scaffold00001_1073	gb|BAA16547.1|ARO:3000027|emrA	99.7	390	1	0	1	390	1	390	1.03e-262	712	391	390
Esch_coli_GTEN_247_scaffold00001_1074	gb|AAC75731.1|ARO:3000516|emrR	100	176	0	0	1	176	1	176	2.27e-125	347	177	176
Esch_coli_GTEN_247_scaffold00001_1287	gb|BAA16344.1|ARO:3000491|acrD	99.8	1037	2	0	1	1037	1	1037	0.0	1964	1038	1037
Esch_coli_GTEN_247_scaffold00001_1367	gb|AAC75429.1|ARO:3000833|evgS	97.6	1197	29	0	1	1197	1	1197	0.0	2318	1198	1197
Esch_coli_GTEN_247_scaffold00001_1368	gb|BAB36671.1|ARO:3000832|evgA	100	204	0	0	1	204	1	204	5.82e-144	396	205	204
Esch_coli_GTEN_247_scaffold00001_1369	gb|BAA11236.1|ARO:3000206|emrK	99.1	351	3	0	37	387	1	351	1.01e-245	667	388	351
Esch_coli_GTEN_247_scaffold00001_1370	gb|BAA11237.1|ARO:3000254|emrY	100	512	0	0	1	512	1	512	0.0	991	513	512
Esch_coli_GTEN_247_scaffold00001_1530	gb|AAC75314.1|ARO:3003578|PmrF	99.7	322	1	0	1	322	1	322	7.24e-231	626	323	322
Esch_coli_GTEN_247_scaffold00001_1576	gb|AAC75271.1|ARO:3003952|YojI	99.5	547	3	0	1	547	1	547	0.0	1057	548	547
Esch_coli_GTEN_247_scaffold00001_1703	gb|BAA15935.1|ARO:3000828|baeR	100	240	0	0	1	240	1	240	1.53e-175	479	241	240
Esch_coli_GTEN_247_scaffold00001_1704	gb|BAA15934.1|ARO:3000829|baeS	99.4	467	3	0	1	467	1	467	0.0	912	468	467
Esch_coli_GTEN_247_scaffold00001_1706	gb|AAC75137.1|ARO:3000794|mdtC	99.7	1025	3	0	1	1025	1	1025	0.0	1907	1026	1025
Esch_coli_GTEN_247_scaffold00001_1707	gb|AAC75136.1|ARO:3000793|mdtB	99.5	1040	5	0	1	1040	1	1040	0.0	1897	1041	1040
Esch_coli_GTEN_247_scaffold00001_1708	gb|AAC75135.2|ARO:3000792|mdtA	99.5	415	2	0	41	455	1	415	1.50e-278	756	456	415
Esch_coli_GTEN_247_scaffold00001_1752	gb|AAC75089.1|ARO:3003577|ugd	100	388	0	0	1	388	1	388	2.63e-280	756	389	388
Esch_coli_GTEN_247_scaffold00001_2274	gb|BAA15221.2|ARO:3000263|marA	100	127	0	0	1	127	1	127	2.36e-92	259	128	127
Esch_coli_GTEN_247_scaffold00001_2527	gb|BAB35162.1|ARO:3000676|H-NS	100	137	0	0	1	137	1	137	3.10e-86	245	138	137
Esch_coli_GTEN_247_scaffold00001_2753	gb|AAC74149.2|ARO:3001216|mdtH	100	402	0	0	1	402	1	402	6.85e-290	782	403	402
Esch_coli_GTEN_247_scaffold00001_2765	gb|ABV18113.1|ARO:3001329|mdtG	99.8	408	1	0	1	408	1	408	1.74e-286	774	409	408
Esch_coli_GTEN_247_scaffold00001_2880	gb|AAC74000.1|ARO:3003950|msbA	99.8	582	1	0	1	582	1	582	0.0	1093	583	582
Esch_coli_GTEN_247_scaffold00001_2953	gb|AFH35853.1|ARO:3001328|Ecol_mdfA	96.1	410	16	0	1	410	1	410	9.85e-278	752	411	410
Esch_coli_GTEN_247_scaffold00001_3106	gb|AAC73788.1|ARO:3003841|kdpE	98.7	225	3	0	1	225	1	225	1.21e-160	440	226	225
Esch_coli_GTEN_247_scaffold00001_3378	gb|AAC73565.1|ARO:3004043|Ecol_acrA	99.7	397	1	0	1	397	1	397	1.15e-274	743	398	397
Esch_coli_GTEN_247_scaffold00001_3379	gb|AAC73564.1|ARO:3000216|acrB	99.9	1049	1	0	1	1049	1	1049	0.0	1977	1050	1049
Esch_coli_GTEN_247_scaffold00001_4117	gb|WP_063860454.1|ARO:3006881|EC-8	98.7	377	5	0	1	377	1	377	2.74e-281	758	378	377
Esch_coli_GTEN_247_scaffold00001_4155	gb|BAE78116.1|ARO:3003576|eptA	99.6	547	2	0	1	547	1	547	0.0	1082	548	547
Esch_coli_GTEN_247_scaffold00001_4182	gb|BAE78084.1|ARO:3003548|mdtN	100	343	0	0	1	343	1	343	8.12e-234	635	344	343
Esch_coli_GTEN_247_scaffold00001_4183	gb|BAE78083.1|ARO:3003549|mdtO	97.8	683	15	0	1	683	1	683	0.0	1311	684	683
Esch_coli_GTEN_247_scaffold00001_4184	gb|BAE78082.1|ARO:3003550|mdtP	98.2	488	9	0	1	488	1	488	0.0	905	489	488
Esch_coli_GTEN_247_scaffold00001_4351	gb|BAB38260.1|ARO:3000830|cpxA	99.8	457	1	0	1	457	1	457	0.0	884	458	457
Esch_coli_GTEN_247_scaffold00002_65	gb|ABF47469.1|ARO:3002790|QnrS1	100	218	0	0	1	218	1	218	2.87e-112	317	219	218
Esch_coli_GTEN_247_scaffold00002_71	gb|CAD09800.1|ARO:3000873|TEM-1	100	286	0	0	1	286	1	286	3.79e-208	565	287	286
Esch_coli_GTEN_247_scaffold00002_72	gb|AAC23556.1|ARO:3002660|APH(6)-Id	99.3	278	2	0	1	278	1	278	5.61e-206	559	279	278
Esch_coli_GTEN_247_scaffold00002_73	gb|ABK33456.1|ARO:3002639|APH(3'')-Ib	99.3	267	2	0	1	267	1	267	1.27e-201	547	268	267
Esch_coli_GTEN_247_scaffold00002_74	gb|AAL59753.1|ARO:3000412|sul2	100	271	0	0	1	271	1	271	1.06e-186	510	272	271
Esch_coli_GTEN_247_scaffold00002_85	gb|ABF47469.1|ARO:3002790|QnrS1	100	218	0	0	1	218	1	218	2.87e-112	317	219	218
Esch_coli_GTEN_247_scaffold00002_94	gb|AAN06707.1|ARO:3000165|tet(A)	99.5	390	2	0	1	390	26	415	7.55e-278	752	400	424
Esch_coli_GTEN_247_scaffold00002_255	gb|AAZ42322.1|ARO:3005098|qacL	93.6	110	7	0	1	110	1	110	4.37e-71	204	111	110
Esch_coli_GTEN_247_scaffold00002_256	gb|AAO49597.1|ARO:3002601|aadA	99.6	259	1	0	1	259	5	263	3.43e-187	510	260	263
Esch_coli_GTEN_247_scaffold00002_257	gb|AAA26057.1|ARO:3002693|cmlA1	99.8	419	1	0	1	419	1	419	1.85e-298	805	420	419
Esch_coli_GTEN_247_scaffold00002_258	gb|AAF27727.1|ARO:3002602|aadA2	100	259	0	0	1	259	1	259	5.13e-188	512	260	259
Esch_coli_GTEN_247_scaffold00002_259	gb|ADG84870.1|ARO:3002858|dfrA12	100	165	0	0	1	165	1	165	3.55e-119	330	166	165
Esch_coli_GTEN_247_scaffold00002_268	gb|AAG16656.1|ARO:3002705|floR	99.5	404	2	0	1	404	1	404	2.07e-276	748	405	404
Esch_coli_GTEN_247_scaffold00002_272	gb|AAL59753.1|ARO:3000412|sul2	100	271	0	0	12	282	1	271	1.66e-186	510	283	271
Esch_coli_GTEN_247_scaffold00002_286	gb|BAB82500.1|ARO:3000186|tet(M)	96.1	639	25	0	1	639	1	639	0.0	1224	640	639
Esch_coli_GTEN_247_scaffold00002_303	gb|AKF16168.1|ARO:3003689|MCR-1.1	100	541	0	0	1	541	1	541	0.0	1063	542	541
Esch_coli_GTEN_247_scaffold00002_370	gb|AAO49597.1|ARO:3002601|aadA	99.6	259	1	0	1	259	5	263	3.43e-187	510	260	263
Esch_coli_GTEN_247_scaffold00002_371	gb|AAZ42322.1|ARO:3005098|qacL	93.6	110	7	0	1	110	1	110	4.37e-71	204	111	110
Esch_coli_GTEN_247_scaffold00002_373	gb|ACJ63260.1|ARO:3000413|sul3	100	263	0	0	1	263	1	263	1.41e-187	511	264	263
Esch_coli_GTEN_247_scaffold00002_378	gb|ACJ63262.1|ARO:3003107|mef(B)	100	84	0	0	1	84	326	409	6.17e-51	161	85	409
Esch_coli_GTEN_291_scaffold00001_193	gb|BAE77778.1|ARO:3000508|gadX	100	274	0	0	1	274	1	274	2.86e-197	537	275	274
Esch_coli_GTEN_291_scaffold00001_194	gb|ANK04027.1|ARO:3003838|gadW	94.6	242	13	0	1	242	1	242	8.74e-167	457	243	242
Esch_coli_GTEN_291_scaffold00001_195	gb|AAC76539.1|ARO:3000796|mdtF	100	1037	0	0	1	1037	1	1037	0.0	1932	1038	1037
Esch_coli_GTEN_291_scaffold00001_196	gb|BAE77781.1|ARO:3000795|mdtE	100	385	0	0	1	385	1	385	7.65e-267	722	386	385
Esch_coli_GTEN_291_scaffold00001_349	gb|BAE77933.1|ARO:3000518|CRP	99.5	210	1	0	1	210	1	210	1.54e-151	416	211	210
Esch_coli_GTEN_291_scaffold00001_437	gb|AAC76298.1|ARO:3000502|AcrF	100	1034	0	0	1	1034	1	1034	0.0	1935	1035	1034
Esch_coli_GTEN_291_scaffold00001_438	gb|AAC76297.1|ARO:3000499|AcrE	100	385	0	0	1	385	1	385	2.39e-270	731	386	385
Esch_coli_GTEN_291_scaffold00001_439	gb|AAC76296.1|ARO:3000656|AcrS	100	220	0	0	1	220	1	220	2.75e-159	436	221	220
Esch_coli_GTEN_291_scaffold00001_639	gb|AAC76093.1|ARO:3002986|bacA	100	273	0	0	1	273	1	273	2.44e-193	527	274	273
Esch_coli_GTEN_291_scaffold00001_659	gb|ACN32294.1|ARO:3000237|TolC	100	493	0	0	1	493	3	495	0.0	918	494	495
Esch_coli_GTEN_291_scaffold00001_1001	gb|AAC75733.1|ARO:3000074|emrB	100	512	0	0	1	512	1	512	0.0	998	513	512
Esch_coli_GTEN_291_scaffold00001_1002	gb|BAA16547.1|ARO:3000027|emrA	100	390	0	0	1	390	1	390	7.27e-263	712	391	390
Esch_coli_GTEN_291_scaffold00001_1003	gb|AAC75731.1|ARO:3000516|emrR	100	176	0	0	1	176	1	176	2.27e-125	347	177	176
Esch_coli_GTEN_291_scaffold00001_1235	gb|BAA16344.1|ARO:3000491|acrD	99.9	1037	1	0	1	1037	1	1037	0.0	1967	1038	1037
Esch_coli_GTEN_291_scaffold00001_1321	gb|AAC75429.1|ARO:3000833|evgS	100	1197	0	0	1	1197	1	1197	0.0	2373	1198	1197
Esch_coli_GTEN_291_scaffold00001_1322	gb|BAB36671.1|ARO:3000832|evgA	100	204	0	0	1	204	1	204	5.82e-144	396	205	204
Esch_coli_GTEN_291_scaffold00001_1323	gb|BAA11236.1|ARO:3000206|emrK	100	351	0	0	37	387	1	351	4.28e-247	671	388	351
Esch_coli_GTEN_291_scaffold00001_1324	gb|BAA11237.1|ARO:3000254|emrY	99.8	512	1	0	1	512	1	512	0.0	984	513	512
Esch_coli_GTEN_291_scaffold00001_1424	gb|AAC75314.1|ARO:3003578|PmrF	100	322	0	0	1	322	1	322	8.81e-232	628	323	322
Esch_coli_GTEN_291_scaffold00001_1467	gb|AAC75271.1|ARO:3003952|YojI	100	547	0	0	1	547	1	547	0.0	1058	548	547
Esch_coli_GTEN_291_scaffold00001_1611	gb|BAA15935.1|ARO:3000828|baeR	99.6	240	1	0	1	240	1	240	1.26e-174	477	241	240
Esch_coli_GTEN_291_scaffold00001_1612	gb|BAA15934.1|ARO:3000829|baeS	99.1	467	4	0	1	467	1	467	0.0	910	468	467
Esch_coli_GTEN_291_scaffold00001_1614	gb|AAC75137.1|ARO:3000794|mdtC	99.6	1025	4	0	1	1025	1	1025	0.0	1903	1026	1025
Esch_coli_GTEN_291_scaffold00001_1615	gb|AAC75136.1|ARO:3000793|mdtB	99.6	1040	4	0	1	1040	1	1040	0.0	1900	1041	1040
Esch_coli_GTEN_291_scaffold00001_1616	gb|AAC75135.2|ARO:3000792|mdtA	98.1	415	8	0	41	455	1	415	2.04e-276	751	456	415
Esch_coli_GTEN_291_scaffold00001_2245	gb|BAA15221.2|ARO:3000263|marA	100	127	0	0	1	127	1	127	2.36e-92	259	128	127
Esch_coli_GTEN_291_scaffold00001_2616	gb|BAB35162.1|ARO:3000676|H-NS	100	137	0	0	1	137	1	137	3.10e-86	245	138	137
Esch_coli_GTEN_291_scaffold00001_2786	gb|AAC74149.2|ARO:3001216|mdtH	100	402	0	0	1	402	1	402	6.85e-290	782	403	402
Esch_coli_GTEN_291_scaffold00001_2798	gb|ABV18113.1|ARO:3001329|mdtG	100	408	0	0	1	408	1	408	7.38e-288	777	409	408
Esch_coli_GTEN_291_scaffold00001_2823	gb|ABF47469.1|ARO:3002790|QnrS1	100	218	0	0	1	218	1	218	2.87e-112	317	219	218
Esch_coli_GTEN_291_scaffold00001_2830	gb|AAL02127.1|ARO:3001878|CTX-M-15	100	291	0	0	1	291	1	291	4.22e-203	553	292	291
Esch_coli_GTEN_291_scaffold00001_2946	gb|AAC74000.1|ARO:3003950|msbA	100	582	0	0	1	582	1	582	0.0	1092	583	582
Esch_coli_GTEN_291_scaffold00001_3067	gb|AFH35853.1|ARO:3001328|Ecol_mdfA	97.1	410	12	0	1	410	1	410	6.22e-281	760	411	410
Esch_coli_GTEN_291_scaffold00001_3180	gb|CAA77936.1|ARO:3004039|Ecol_emrE	98.2	110	2	0	1	110	1	110	2.08e-78	223	111	110
Esch_coli_GTEN_291_scaffold00001_3273	gb|AAC73788.1|ARO:3003841|kdpE	100	225	0	0	1	225	1	225	1.53e-163	447	226	225
Esch_coli_GTEN_291_scaffold00001_3464	gb|AAC73565.1|ARO:3004043|Ecol_acrA	100	397	0	0	1	397	1	397	6.93e-276	746	398	397
Esch_coli_GTEN_291_scaffold00001_3465	gb|AAC73564.1|ARO:3000216|acrB	100	1049	0	0	1	1049	1	1049	0.0	1980	1050	1049
Esch_coli_GTEN_291_scaffold00001_3976	gb|AAC77293.1|ARO:3001214|mdtM	97.5	403	10	0	17	419	8	410	4.05e-277	751	420	410
Esch_coli_GTEN_291_scaffold00001_4133	gb|AAC77110.1|ARO:3004290|Ecol_ampC_BLA	99.7	377	1	0	1	377	1	377	2.55e-286	771	378	377
Esch_coli_GTEN_291_scaffold00001_4167	gb|BAE78116.1|ARO:3003576|eptA	100	547	0	0	1	547	1	547	0.0	1087	548	547
Esch_coli_GTEN_291_scaffold00001_4200	gb|BAE78084.1|ARO:3003548|mdtN	100	343	0	0	1	343	1	343	8.12e-234	635	344	343
Esch_coli_GTEN_291_scaffold00001_4201	gb|BAE78083.1|ARO:3003549|mdtO	100	683	0	0	1	683	1	683	0.0	1332	684	683
Esch_coli_GTEN_291_scaffold00001_4202	gb|BAE78082.1|ARO:3003550|mdtP	100	488	0	0	1	488	1	488	0.0	922	489	488
Esch_coli_GTEN_291_scaffold00001_4365	gb|BAB38260.1|ARO:3000830|cpxA	100	457	0	0	1	457	1	457	0.0	887	458	457
Esch_coli_GTEN_291_scaffold00002_56	gb|BAA03776.1|ARO:3000316|mphA	100	301	0	0	1	301	1	301	8.38e-218	591	305	301
Esch_coli_GTEN_291_scaffold00002_59	gb|AAF86219.1|ARO:3000375|ErmB	98.0	245	5	0	1	245	1	245	5.91e-174	476	246	248
Esch_coli_GTEN_293_scaffold00001_210	gb|BAE77778.1|ARO:3000508|gadX	99.6	274	1	0	1	274	1	274	1.66e-196	535	275	274
Esch_coli_GTEN_293_scaffold00001_211	gb|ANK04027.1|ARO:3003838|gadW	94.6	242	13	0	1	242	1	242	8.74e-167	457	243	242
Esch_coli_GTEN_293_scaffold00001_212	gb|AAC76539.1|ARO:3000796|mdtF	100	1037	0	0	1	1037	1	1037	0.0	1932	1038	1037
Esch_coli_GTEN_293_scaffold00001_213	gb|BAE77781.1|ARO:3000795|mdtE	100	385	0	0	1	385	1	385	7.65e-267	722	386	385
Esch_coli_GTEN_293_scaffold00001_371	gb|BAE77933.1|ARO:3000518|CRP	99.5	210	1	0	1	210	1	210	1.54e-151	416	211	210
Esch_coli_GTEN_293_scaffold00001_462	gb|AAC76298.1|ARO:3000502|AcrF	99.9	1034	1	0	1	1034	1	1034	0.0	1934	1035	1034
Esch_coli_GTEN_293_scaffold00001_463	gb|AAC76297.1|ARO:3000499|AcrE	100	385	0	0	1	385	1	385	2.39e-270	731	386	385
Esch_coli_GTEN_293_scaffold00001_464	gb|AAC76296.1|ARO:3000656|AcrS	100	220	0	0	1	220	1	220	2.75e-159	436	221	220
Esch_coli_GTEN_293_scaffold00001_666	gb|AAC76093.1|ARO:3002986|bacA	100	273	0	0	1	273	1	273	2.44e-193	527	274	273
Esch_coli_GTEN_293_scaffold00001_688	gb|ACN32294.1|ARO:3000237|TolC	99.8	493	1	0	1	493	3	495	0.0	914	494	495
Esch_coli_GTEN_293_scaffold00001_1028	gb|AAC75733.1|ARO:3000074|emrB	100	512	0	0	1	512	1	512	0.0	998	513	512
Esch_coli_GTEN_293_scaffold00001_1029	gb|BAA16547.1|ARO:3000027|emrA	99.7	390	1	0	1	390	1	390	1.03e-262	712	391	390
Esch_coli_GTEN_293_scaffold00001_1030	gb|AAC75731.1|ARO:3000516|emrR	100	176	0	0	1	176	1	176	2.27e-125	347	177	176
Esch_coli_GTEN_293_scaffold00001_1214	gb|BAA16344.1|ARO:3000491|acrD	99.9	1037	1	0	1	1037	1	1037	0.0	1967	1038	1037
Esch_coli_GTEN_293_scaffold00001_1299	gb|AAC75429.1|ARO:3000833|evgS	99.8	1197	2	0	1	1197	1	1197	0.0	2370	1198	1197
Esch_coli_GTEN_293_scaffold00001_1300	gb|BAB36671.1|ARO:3000832|evgA	100	204	0	0	1	204	1	204	5.82e-144	396	205	204
Esch_coli_GTEN_293_scaffold00001_1301	gb|BAA11236.1|ARO:3000206|emrK	100	351	0	0	37	387	1	351	4.28e-247	671	388	351
Esch_coli_GTEN_293_scaffold00001_1302	gb|BAA11237.1|ARO:3000254|emrY	99.4	512	3	0	1	512	1	512	0.0	989	513	512
Esch_coli_GTEN_293_scaffold00001_1396	gb|AAC75314.1|ARO:3003578|PmrF	100	322	0	0	1	322	1	322	8.81e-232	628	323	322
Esch_coli_GTEN_293_scaffold00001_1439	gb|AAC75271.1|ARO:3003952|YojI	99.6	547	2	0	1	547	1	547	0.0	1055	548	547
Esch_coli_GTEN_293_scaffold00001_1566	gb|BAA15935.1|ARO:3000828|baeR	100	240	0	0	1	240	1	240	1.53e-175	479	241	240
Esch_coli_GTEN_293_scaffold00001_1567	gb|BAA15934.1|ARO:3000829|baeS	100	467	0	0	1	467	1	467	0.0	919	468	467
Esch_coli_GTEN_293_scaffold00001_1569	gb|AAC75137.1|ARO:3000794|mdtC	99.7	1025	3	0	1	1025	1	1025	0.0	1904	1026	1025
Esch_coli_GTEN_293_scaffold00001_1570	gb|AAC75136.1|ARO:3000793|mdtB	99.9	1040	1	0	1	1040	1	1040	0.0	1903	1041	1040
Esch_coli_GTEN_293_scaffold00001_1571	gb|AAC75135.2|ARO:3000792|mdtA	99.0	415	4	0	1	415	1	415	1.77e-278	754	416	415
Esch_coli_GTEN_293_scaffold00001_1619	gb|AAC75089.1|ARO:3003577|ugd	99.0	388	4	0	1	388	1	388	8.44e-277	748	389	388
Esch_coli_GTEN_293_scaffold00001_2166	gb|BAA15221.2|ARO:3000263|marA	100	127	0	0	1	127	1	127	2.36e-92	259	128	127
Esch_coli_GTEN_293_scaffold00001_2302	gb|ABF47469.1|ARO:3002790|QnrS1	100	218	0	0	1	218	1	218	2.87e-112	317	219	218
Esch_coli_GTEN_293_scaffold00001_2308	gb|AAL02127.1|ARO:3001878|CTX-M-15	100	291	0	0	1	291	1	291	4.22e-203	553	292	291
Esch_coli_GTEN_293_scaffold00001_2497	gb|BAB35162.1|ARO:3000676|H-NS	100	137	0	0	1	137	1	137	3.10e-86	245	138	137
Esch_coli_GTEN_293_scaffold00001_2648	gb|AAC74149.2|ARO:3001216|mdtH	100	402	0	0	1	402	1	402	6.85e-290	782	403	402
Esch_coli_GTEN_293_scaffold00001_2660	gb|ABV18113.1|ARO:3001329|mdtG	100	408	0	0	1	408	1	408	7.38e-288	777	409	408
Esch_coli_GTEN_293_scaffold00001_2790	gb|AAC74000.1|ARO:3003950|msbA	100	582	0	0	1	582	1	582	0.0	1092	583	582
Esch_coli_GTEN_293_scaffold00001_2892	gb|AFH35853.1|ARO:3001328|Ecol_mdfA	96.8	410	13	0	1	410	1	410	2.53e-280	758	411	410
Esch_coli_GTEN_293_scaffold00001_3082	gb|AAC73788.1|ARO:3003841|kdpE	99.6	225	1	0	1	225	1	225	3.09e-163	447	226	225
Esch_coli_GTEN_293_scaffold00001_3285	gb|AAC73565.1|ARO:3004043|Ecol_acrA	100	397	0	0	1	397	1	397	6.93e-276	746	398	397
Esch_coli_GTEN_293_scaffold00001_3286	gb|AAC73564.1|ARO:3000216|acrB	100	1049	0	0	1	1049	1	1049	0.0	1980	1050	1049
Esch_coli_GTEN_293_scaffold00001_3814	gb|AAC77293.1|ARO:3001214|mdtM	97.5	403	10	0	17	419	8	410	4.05e-277	751	420	410
Esch_coli_GTEN_293_scaffold00001_3965	gb|AAC77110.1|ARO:3004290|Ecol_ampC_BLA	97.9	377	8	0	1	377	1	377	3.89e-281	758	378	377
Esch_coli_GTEN_293_scaffold00001_4071	gb|BAE78116.1|ARO:3003576|eptA	99.6	547	2	0	1	547	1	547	0.0	1083	548	547
Esch_coli_GTEN_293_scaffold00001_4106	gb|BAE78084.1|ARO:3003548|mdtN	100	343	0	0	1	343	1	343	8.12e-234	635	344	343
Esch_coli_GTEN_293_scaffold00001_4107	gb|BAE78083.1|ARO:3003549|mdtO	100	683	0	0	1	683	1	683	0.0	1332	684	683
Esch_coli_GTEN_293_scaffold00001_4108	gb|BAE78082.1|ARO:3003550|mdtP	100	488	0	0	1	488	1	488	0.0	922	489	488
Esch_coli_GTEN_293_scaffold00001_4272	gb|BAB38260.1|ARO:3000830|cpxA	100	457	0	0	1	457	1	457	0.0	887	458	457
Esch_coli_GTEN_306_scaffold00001_35	gb|BAA15221.2|ARO:3000263|marA	100	127	0	0	1	127	1	127	2.36e-92	259	128	127
Esch_coli_GTEN_306_scaffold00001_612	gb|AAC75089.1|ARO:3003577|ugd	99.5	388	2	0	1	388	1	388	1.78e-278	752	389	388
Esch_coli_GTEN_306_scaffold00001_663	gb|AAC75135.2|ARO:3000792|mdtA	98.3	415	7	0	1	415	1	415	2.93e-277	751	416	415
Esch_coli_GTEN_306_scaffold00001_664	gb|AAC75136.1|ARO:3000793|mdtB	99.5	1040	5	0	1	1040	1	1040	0.0	1897	1041	1040
Esch_coli_GTEN_306_scaffold00001_665	gb|AAC75137.1|ARO:3000794|mdtC	99.3	1025	7	0	1	1025	1	1025	0.0	1899	1026	1025
Esch_coli_GTEN_306_scaffold00001_667	gb|BAA15934.1|ARO:3000829|baeS	99.4	467	3	0	1	467	1	467	0.0	913	468	467
Esch_coli_GTEN_306_scaffold00001_668	gb|BAA15935.1|ARO:3000828|baeR	99.6	240	1	0	1	240	1	240	1.26e-174	477	241	240
Esch_coli_GTEN_306_scaffold00001_792	gb|AAC75271.1|ARO:3003952|YojI	100	547	0	0	1	547	1	547	0.0	1058	548	547
Esch_coli_GTEN_306_scaffold00001_827	gb|AAC75314.1|ARO:3003578|PmrF	100	322	0	0	1	322	1	322	8.81e-232	628	323	322
Esch_coli_GTEN_306_scaffold00001_937	gb|BAA11237.1|ARO:3000254|emrY	99.8	512	1	0	1	512	1	512	0.0	989	513	512
Esch_coli_GTEN_306_scaffold00001_938	gb|BAA11236.1|ARO:3000206|emrK	99.1	351	3	0	37	387	1	351	1.43e-245	667	388	351
Esch_coli_GTEN_306_scaffold00001_939	gb|BAB36671.1|ARO:3000832|evgA	100	204	0	0	1	204	1	204	5.82e-144	396	205	204
Esch_coli_GTEN_306_scaffold00001_940	gb|AAC75429.1|ARO:3000833|evgS	98.2	1197	22	0	1	1197	1	1197	0.0	2330	1198	1197
Esch_coli_GTEN_306_scaffold00001_1036	gb|BAA16344.1|ARO:3000491|acrD	99.7	1037	3	0	1	1037	1	1037	0.0	1964	1038	1037
Esch_coli_GTEN_306_scaffold00001_1277	gb|AAC75731.1|ARO:3000516|emrR	100	176	0	0	1	176	1	176	2.27e-125	347	177	176
Esch_coli_GTEN_306_scaffold00001_1278	gb|BAA16547.1|ARO:3000027|emrA	99.7	390	1	0	1	390	1	390	1.03e-262	712	391	390
Esch_coli_GTEN_306_scaffold00001_1279	gb|AAC75733.1|ARO:3000074|emrB	100	512	0	0	1	512	1	512	0.0	998	513	512
Esch_coli_GTEN_306_scaffold00001_1754	gb|AAC77293.1|ARO:3001214|mdtM	97.3	409	11	0	1	409	1	409	1.86e-282	764	411	410
Esch_coli_GTEN_306_scaffold00001_1901	gb|AAC77110.1|ARO:3004290|Ecol_ampC_BLA	98.4	377	6	0	1	377	1	377	6.72e-282	759	378	377
Esch_coli_GTEN_306_scaffold00001_1939	gb|BAE78116.1|ARO:3003576|eptA	99.6	547	2	0	1	547	1	547	0.0	1083	548	547
Esch_coli_GTEN_306_scaffold00001_1978	gb|BAE78084.1|ARO:3003548|mdtN	99.7	343	1	0	1	343	1	343	9.46e-233	632	344	343
Esch_coli_GTEN_306_scaffold00001_1979	gb|BAE78083.1|ARO:3003549|mdtO	98.5	683	10	0	1	683	1	683	0.0	1313	684	683
Esch_coli_GTEN_306_scaffold00001_1980	gb|BAE78082.1|ARO:3003550|mdtP	97.0	361	11	0	1	361	1	361	4.69e-246	673	365	488
Esch_coli_GTEN_306_scaffold00001_2201	gb|BAB38260.1|ARO:3000830|cpxA	99.8	457	1	0	1	457	1	457	0.0	886	458	457
Esch_coli_GTEN_306_scaffold00001_2585	gb|BAE77778.1|ARO:3000508|gadX	98.2	274	5	0	1	274	1	274	2.63e-193	527	275	274
Esch_coli_GTEN_306_scaffold00001_2586	gb|ANK04027.1|ARO:3003838|gadW	94.6	242	13	0	1	242	1	242	8.74e-167	457	243	242
Esch_coli_GTEN_306_scaffold00001_2588	gb|AAC76539.1|ARO:3000796|mdtF	99.9	1037	1	0	1	1037	1	1037	0.0	1929	1038	1037
Esch_coli_GTEN_306_scaffold00001_2589	gb|BAE77781.1|ARO:3000795|mdtE	100	385	0	0	1	385	1	385	7.65e-267	722	386	385
Esch_coli_GTEN_306_scaffold00001_2778	gb|BAE77933.1|ARO:3000518|CRP	99.5	210	1	0	1	210	1	210	1.54e-151	416	211	210
Esch_coli_GTEN_306_scaffold00001_2853	gb|AAC76298.1|ARO:3000502|AcrF	99.6	1034	4	0	1	1034	1	1034	0.0	1926	1035	1034
Esch_coli_GTEN_306_scaffold00001_2854	gb|AAC76297.1|ARO:3000499|AcrE	99.7	385	1	0	1	385	1	385	9.73e-270	729	386	385
Esch_coli_GTEN_306_scaffold00001_2855	gb|AAC76296.1|ARO:3000656|AcrS	98.6	220	3	0	1	220	1	220	4.57e-158	433	221	220
Esch_coli_GTEN_306_scaffold00001_3053	gb|AAC76093.1|ARO:3002986|bacA	98.9	273	3	0	1	273	1	273	3.32e-191	521	274	273
Esch_coli_GTEN_306_scaffold00001_3069	gb|ACN32294.1|ARO:3000237|TolC	100	493	0	0	1	493	3	495	0.0	918	494	495
Esch_coli_GTEN_306_scaffold00001_3532	gb|AAC73564.1|ARO:3000216|acrB	100	1049	0	0	1	1049	1	1049	0.0	1980	1050	1049
Esch_coli_GTEN_306_scaffold00001_3533	gb|AAC73565.1|ARO:3004043|Ecol_acrA	100	397	0	0	1	397	1	397	6.93e-276	746	398	397
Esch_coli_GTEN_306_scaffold00001_3746	gb|AAC73788.1|ARO:3003841|kdpE	99.5	191	1	0	1	191	1	191	5.03e-135	374	192	225
Esch_coli_GTEN_306_scaffold00001_3952	gb|AFH35853.1|ARO:3001328|Ecol_mdfA	97.1	410	12	0	1	410	1	410	6.22e-281	760	411	410
Esch_coli_GTEN_306_scaffold00001_4069	gb|AAC74000.1|ARO:3003950|msbA	100	582	0	0	1	582	1	582	0.0	1092	583	582
Esch_coli_GTEN_306_scaffold00001_4269	gb|ABV18113.1|ARO:3001329|mdtG	100	408	0	0	1	408	1	408	7.38e-288	777	409	408
Esch_coli_GTEN_306_scaffold00001_4281	gb|AAC74149.2|ARO:3001216|mdtH	100	402	0	0	1	402	1	402	6.85e-290	782	403	402
Esch_coli_GTEN_306_scaffold00001_4446	gb|BAB35162.1|ARO:3000676|H-NS	100	137	0	0	1	137	1	137	3.10e-86	245	138	137
Esch_coli_GTEN_306_scaffold00002_90	gb|ABS70977.1|ARO:3004623|AAC(3)-IId	100	286	0	0	1	286	1	286	1.23e-213	579	287	286
Esch_coli_GTEN_306_scaffold00002_95	gb|BAA03776.1|ARO:3000316|mphA	100	301	0	0	1	301	1	301	8.38e-218	591	305	301
Esch_coli_GTEN_306_scaffold00003_20	gb|ABF47469.1|ARO:3002790|QnrS1	100	218	0	0	1	218	1	218	2.87e-112	317	219	218
Esch_coli_GTEN_306_scaffold00003_26	gb|AAL02127.1|ARO:3001878|CTX-M-15	100	291	0	0	1	291	1	291	4.22e-203	553	292	291
Esch_coli_GTEN_306_scaffold00005_56	gb|AAN06707.1|ARO:3000165|tet(A)	99.7	390	1	0	1	390	26	415	5.32e-278	753	400	424
Esch_coli_GTEN_378_scaffold00001_198	gb|BAE77778.1|ARO:3000508|gadX	98.5	274	4	0	1	274	1	274	1.30e-193	528	275	274
Esch_coli_GTEN_378_scaffold00001_199	gb|ANK04027.1|ARO:3003838|gadW	93.8	242	15	0	1	242	1	242	1.45e-165	454	243	242
Esch_coli_GTEN_378_scaffold00001_201	gb|AAC76539.1|ARO:3000796|mdtF	99.8	1037	2	0	1	1037	1	1037	0.0	1930	1038	1037
Esch_coli_GTEN_378_scaffold00001_202	gb|BAE77781.1|ARO:3000795|mdtE	100	385	0	0	1	385	1	385	7.65e-267	722	386	385
Esch_coli_GTEN_378_scaffold00001_363	gb|BAE77933.1|ARO:3000518|CRP	99.5	210	1	0	1	210	1	210	1.54e-151	416	211	210
Esch_coli_GTEN_378_scaffold00001_436	gb|AAC76298.1|ARO:3000502|AcrF	99.5	1034	5	0	1	1034	1	1034	0.0	1924	1035	1034
Esch_coli_GTEN_378_scaffold00001_437	gb|AAC76297.1|ARO:3000499|AcrE	100	385	0	0	1	385	1	385	2.39e-270	731	386	385
Esch_coli_GTEN_378_scaffold00001_438	gb|AAC76296.1|ARO:3000656|AcrS	99.1	220	2	0	1	220	1	220	4.57e-158	433	221	220
Esch_coli_GTEN_378_scaffold00001_635	gb|AAC76093.1|ARO:3002986|bacA	99.6	273	1	0	1	273	1	273	6.98e-193	526	274	273
Esch_coli_GTEN_378_scaffold00001_655	gb|ACN32294.1|ARO:3000237|TolC	100	493	0	0	1	493	3	495	0.0	918	494	495
Esch_coli_GTEN_378_scaffold00001_1025	gb|AAC75733.1|ARO:3000074|emrB	100	512	0	0	1	512	1	512	0.0	998	513	512
Esch_coli_GTEN_378_scaffold00001_1026	gb|BAA16547.1|ARO:3000027|emrA	99.7	390	1	0	1	390	1	390	1.03e-262	712	391	390
Esch_coli_GTEN_378_scaffold00001_1027	gb|AAC75731.1|ARO:3000516|emrR	100	176	0	0	1	176	1	176	2.27e-125	347	177	176
Esch_coli_GTEN_378_scaffold00001_1058	gb|AAN06707.1|ARO:3000165|tet(A)	99.7	390	1	0	1	390	26	415	5.32e-278	753	400	424
Esch_coli_GTEN_378_scaffold00001_1074	gb|ABF47469.1|ARO:3002790|QnrS1	100	218	0	0	1	218	1	218	2.87e-112	317	219	218
Esch_coli_GTEN_378_scaffold00001_1080	gb|AAL02127.1|ARO:3001878|CTX-M-15	100	291	0	0	1	291	1	291	4.22e-203	553	292	291
Esch_coli_GTEN_378_scaffold00001_1236	gb|BAA16344.1|ARO:3000491|acrD	99.9	1037	1	0	1	1037	1	1037	0.0	1966	1038	1037
Esch_coli_GTEN_378_scaffold00001_1317	gb|AAC75429.1|ARO:3000833|evgS	99.0	1197	12	0	1	1197	1	1197	0.0	2345	1198	1197
Esch_coli_GTEN_378_scaffold00001_1318	gb|BAB36671.1|ARO:3000832|evgA	100	204	0	0	1	204	1	204	5.82e-144	396	205	204
Esch_coli_GTEN_378_scaffold00001_1319	gb|BAA11236.1|ARO:3000206|emrK	99.7	351	1	0	37	387	1	351	6.08e-247	671	388	351
Esch_coli_GTEN_378_scaffold00001_1320	gb|BAA11237.1|ARO:3000254|emrY	99.8	512	1	0	1	512	1	512	0.0	991	513	512
Esch_coli_GTEN_378_scaffold00001_1416	gb|AAC75314.1|ARO:3003578|PmrF	100	322	0	0	1	322	1	322	8.81e-232	628	323	322
Esch_coli_GTEN_378_scaffold00001_1449	gb|AAC75271.1|ARO:3003952|YojI	99.8	547	1	0	1	547	1	547	0.0	1057	548	547
Esch_coli_GTEN_378_scaffold00001_1576	gb|BAA15935.1|ARO:3000828|baeR	99.6	240	1	0	1	240	1	240	1.26e-174	477	241	240
Esch_coli_GTEN_378_scaffold00001_1577	gb|BAA15934.1|ARO:3000829|baeS	100	467	0	0	1	467	1	467	0.0	919	468	467
Esch_coli_GTEN_378_scaffold00001_1579	gb|AAC75137.1|ARO:3000794|mdtC	99.8	1025	2	0	1	1025	1	1025	0.0	1908	1026	1025
Esch_coli_GTEN_378_scaffold00001_1580	gb|AAC75136.1|ARO:3000793|mdtB	99.4	1040	6	0	1	1040	1	1040	0.0	1897	1041	1040
Esch_coli_GTEN_378_scaffold00001_1581	gb|AAC75135.2|ARO:3000792|mdtA	99.3	415	3	0	1	415	1	415	1.30e-280	759	416	415
Esch_coli_GTEN_378_scaffold00001_1624	gb|AAC75089.1|ARO:3003577|ugd	99.5	388	2	0	1	388	1	388	6.20e-279	753	389	388
Esch_coli_GTEN_378_scaffold00001_2170	gb|BAA15221.2|ARO:3000263|marA	100	127	0	0	1	127	1	127	2.36e-92	259	128	127
Esch_coli_GTEN_378_scaffold00001_2468	gb|BAB35162.1|ARO:3000676|H-NS	100	137	0	0	1	137	1	137	3.10e-86	245	138	137
Esch_coli_GTEN_378_scaffold00001_2617	gb|AAC74149.2|ARO:3001216|mdtH	100	402	0	0	1	402	1	402	6.85e-290	782	403	402
Esch_coli_GTEN_378_scaffold00001_2629	gb|ABV18113.1|ARO:3001329|mdtG	100	408	0	0	1	408	1	408	7.38e-288	777	409	408
Esch_coli_GTEN_378_scaffold00001_2761	gb|AAC74000.1|ARO:3003950|msbA	100	582	0	0	1	582	1	582	0.0	1092	583	582
Esch_coli_GTEN_378_scaffold00001_2832	gb|AFH35853.1|ARO:3001328|Ecol_mdfA	96.1	410	16	0	1	410	1	410	5.95e-279	755	411	410
Esch_coli_GTEN_378_scaffold00001_3036	gb|AAC73788.1|ARO:3003841|kdpE	98.7	224	3	0	1	224	1	224	2.97e-161	442	226	225
Esch_coli_GTEN_378_scaffold00001_3231	gb|AAC73565.1|ARO:3004043|Ecol_acrA	100	397	0	0	1	397	1	397	6.93e-276	746	398	397
Esch_coli_GTEN_378_scaffold00001_3232	gb|AAC73564.1|ARO:3000216|acrB	100	1049	0	0	1	1049	1	1049	0.0	1980	1050	1049
Esch_coli_GTEN_378_scaffold00001_3726	gb|AAC77293.1|ARO:3001214|mdtM	98.3	409	7	0	1	409	1	409	7.91e-284	767	411	410
Esch_coli_GTEN_378_scaffold00001_3904	gb|WP_063860228.1|ARO:3006874|EC-13	98.7	377	5	0	1	377	1	377	9.96e-284	764	378	377
Esch_coli_GTEN_378_scaffold00001_3943	gb|BAE78116.1|ARO:3003576|eptA	99.6	547	2	0	1	547	1	547	0.0	1083	548	547
Esch_coli_GTEN_378_scaffold00001_3970	gb|BAE78084.1|ARO:3003548|mdtN	99.7	343	1	0	1	343	1	343	1.15e-233	635	344	343
Esch_coli_GTEN_378_scaffold00001_3971	gb|BAE78083.1|ARO:3003549|mdtO	99.4	683	4	0	1	683	1	683	0.0	1324	684	683
Esch_coli_GTEN_378_scaffold00001_3972	gb|BAE78082.1|ARO:3003550|mdtP	98.2	488	9	0	1	488	1	488	0.0	904	489	488
Esch_coli_GTEN_378_scaffold00001_4145	gb|BAB38260.1|ARO:3000830|cpxA	100	457	0	0	1	457	1	457	0.0	887	458	457
ratio1_NODE_16_length_37803_cov_249.097012_7	gb|AAC77110.1|ARO:3004290|Ecol_ampC_BLA	99.2	377	3	0	12	388	1	377	3.82e-284	766	389	377
ratio1_NODE_17_length_36961_cov_226.906411_13	gb|AAC74149.2|ARO:3001216|mdtH	100	402	0	0	1	402	1	402	6.85e-290	782	403	402
ratio1_NODE_17_length_36961_cov_226.906411_25	gb|ABV18113.1|ARO:3001329|mdtG	100	408	0	0	1	408	1	408	7.38e-288	777	409	408
ratio1_NODE_27_length_31145_cov_237.122419_29	gb|ACN32294.1|ARO:3000237|TolC	100	493	0	0	1	493	3	495	0.0	918	494	495
ratio1_NODE_29_length_30976_cov_184.508942_7	gb|BAA11237.1|ARO:3000254|emrY	100	512	0	0	1	512	1	512	0.0	991	513	512
ratio1_NODE_29_length_30976_cov_184.508942_8	gb|BAA11236.1|ARO:3000206|emrK	100	351	0	0	37	387	1	351	4.28e-247	671	388	351
ratio1_NODE_29_length_30976_cov_184.508942_9	gb|BAB36671.1|ARO:3000832|evgA	100	204	0	0	1	204	1	204	5.82e-144	396	205	204
ratio1_NODE_29_length_30976_cov_184.508942_10	gb|AAC75429.1|ARO:3000833|evgS	99.7	1197	4	0	1	1197	1	1197	0.0	2362	1198	1197
ratio1_NODE_37_length_27999_cov_255.363584_20	gb|BAE77933.1|ARO:3000518|CRP	99.5	210	1	0	1	210	1	210	1.54e-151	416	211	210
ratio1_NODE_66_length_21716_cov_99.882092_21	gb|BAA03776.1|ARO:3000316|mphA	100	301	0	0	1	301	1	301	8.38e-218	591	305	301
ratio1_NODE_73_length_20444_cov_63.911668_7	gb|AKF16168.1|ARO:3003689|MCR-1.1	100	541	0	0	1	541	1	541	0.0	1063	542	541
ratio1_NODE_74_length_20198_cov_227.693045_17	gb|AAC75314.1|ARO:3003578|PmrF	100	322	0	0	1	322	1	322	8.81e-232	628	323	322
ratio1_NODE_80_length_18764_cov_244.662729_3	gb|AAC74000.1|ARO:3003950|msbA	100	582	0	0	1	582	1	582	0.0	1092	583	582
ratio1_NODE_81_length_18390_cov_241.367930_12	gb|AAC76296.1|ARO:3000656|AcrS	100	220	0	0	1	220	1	220	2.75e-159	436	221	220
ratio1_NODE_81_length_18390_cov_241.367930_13	gb|AAC76297.1|ARO:3000499|AcrE	100	385	0	0	1	385	1	385	2.39e-270	731	386	385
ratio1_NODE_81_length_18390_cov_241.367930_14	gb|AAC76298.1|ARO:3000502|AcrF	99.7	1034	3	0	1	1034	1	1034	0.0	1927	1035	1034
ratio1_NODE_115_length_14029_cov_209.141978_8	gb|BAA15221.2|ARO:3000263|marA	100	127	0	0	1	127	1	127	2.36e-92	259	128	127
ratio1_NODE_127_length_13272_cov_212.747900_15	gb|AAC77293.1|ARO:3001214|mdtM	97.5	403	10	0	17	419	8	410	4.05e-277	751	420	410
ratio1_NODE_137_length_12828_cov_171.701167_1	gb|AAC77293.1|ARO:3001214|mdtM	97.8	92	2	0	1	92	1	92	6.71e-57	177	92	410
ratio1_NODE_152_length_12350_cov_240.120537_1	gb|BAB38260.1|ARO:3000830|cpxA	100	457	0	0	1	457	1	457	0.0	887	458	457
ratio1_NODE_164_length_11803_cov_253.576353_6	gb|AAC73564.1|ARO:3000216|acrB	100	1049	0	0	1	1049	1	1049	0.0	1980	1050	1049
ratio1_NODE_164_length_11803_cov_253.576353_7	gb|AAC73565.1|ARO:3004043|Ecol_acrA	100	397	0	0	1	397	1	397	6.93e-276	746	398	397
ratio1_NODE_166_length_11712_cov_234.716565_3	gb|BAE78116.1|ARO:3003576|eptA	99.8	547	1	0	1	547	1	547	0.0	1084	548	547
ratio1_NODE_172_length_11455_cov_215.178246_9	gb|AFH35853.1|ARO:3001328|Ecol_mdfA	97.1	410	12	0	1	410	1	410	6.22e-281	760	411	410
ratio1_NODE_179_length_11094_cov_242.485732_4	gb|AAC76093.1|ARO:3002986|bacA	99.6	273	1	0	1	273	1	273	6.98e-193	526	274	273
ratio1_NODE_195_length_10647_cov_206.469411_7	gb|BAE77781.1|ARO:3000795|mdtE	100	385	0	0	1	385	1	385	7.65e-267	722	386	385
ratio1_NODE_195_length_10647_cov_206.469411_8	gb|AAC76539.1|ARO:3000796|mdtF	100	1037	0	0	1	1037	1	1037	0.0	1932	1038	1037
ratio1_NODE_195_length_10647_cov_206.469411_10	gb|ANK04027.1|ARO:3003838|gadW	94.6	242	13	0	1	242	1	242	8.74e-167	457	243	242
ratio1_NODE_195_length_10647_cov_206.469411_11	gb|BAE77778.1|ARO:3000508|gadX	98.9	274	3	0	1	274	1	274	4.55e-194	529	275	274
ratio1_NODE_218_length_10018_cov_68.536184_2	gb|AAA26057.1|ARO:3002693|cmlA1	99.8	419	1	0	1	419	1	419	1.85e-298	805	420	419
ratio1_NODE_218_length_10018_cov_68.536184_3	gb|AAF27727.1|ARO:3002602|aadA2	100	259	0	0	1	259	1	259	5.13e-188	512	260	259
ratio1_NODE_218_length_10018_cov_68.536184_4	gb|ADG84870.1|ARO:3002858|dfrA12	100	165	0	0	1	165	1	165	3.55e-119	330	166	165
ratio1_NODE_226_length_9768_cov_63.878410_11	gb|CAA77936.1|ARO:3004039|Ecol_emrE	98.2	110	2	0	1	110	1	110	2.08e-78	223	111	110
ratio1_NODE_346_length_6762_cov_56.886835_6	gb|AAC77293.1|ARO:3001214|mdtM	98.7	78	1	0	1	78	1	78	1.20e-47	152	78	410
ratio1_NODE_349_length_6728_cov_210.382287_5	gb|AAC75271.1|ARO:3003952|YojI	100	547	0	0	1	547	1	547	0.0	1058	548	547
ratio1_NODE_360_length_6641_cov_217.572730_6	gb|BAB35162.1|ARO:3000676|H-NS	100	137	0	0	1	137	1	137	3.10e-86	245	138	137
ratio1_NODE_373_length_6393_cov_257.804670_1	gb|AAC75137.1|ARO:3000794|mdtC	99.9	766	1	0	1	766	260	1025	0.0	1419	767	1025
ratio1_NODE_373_length_6393_cov_257.804670_3	gb|BAA15934.1|ARO:3000829|baeS	100	467	0	0	1	467	1	467	0.0	919	468	467
ratio1_NODE_373_length_6393_cov_257.804670_4	gb|BAA15935.1|ARO:3000828|baeR	99.6	240	1	0	1	240	1	240	1.26e-174	477	241	240
ratio1_NODE_400_length_5903_cov_245.806430_1	gb|BAA16344.1|ARO:3000491|acrD	99.9	1037	1	0	1	1037	1	1037	0.0	1966	1038	1037
ratio1_NODE_402_length_5832_cov_249.568634_4	gb|AAC75731.1|ARO:3000516|emrR	100	176	0	0	1	176	1	176	2.27e-125	347	177	176
ratio1_NODE_402_length_5832_cov_249.568634_5	gb|BAA16547.1|ARO:3000027|emrA	99.7	390	1	0	1	390	1	390	1.03e-262	712	391	390
ratio1_NODE_402_length_5832_cov_249.568634_6	gb|AAC75733.1|ARO:3000074|emrB	100	512	0	0	1	512	1	512	0.0	998	513	512
ratio1_NODE_473_length_4813_cov_260.375158_1	gb|AAC75137.1|ARO:3000794|mdtC	98.5	67	1	0	1	67	1	67	2.13e-35	122	67	1025
ratio1_NODE_473_length_4813_cov_260.375158_2	gb|AAC75136.1|ARO:3000793|mdtB	99.8	1040	2	0	1	1040	1	1040	0.0	1902	1041	1040
ratio1_NODE_473_length_4813_cov_260.375158_3	gb|AAC75135.2|ARO:3000792|mdtA	99.5	415	2	0	1	415	1	415	1.85e-280	759	416	415
ratio1_NODE_487_length_4582_cov_267.243207_2	gb|BAE78084.1|ARO:3003548|mdtN	100	343	0	0	1	343	1	343	8.12e-234	635	344	343
ratio1_NODE_487_length_4582_cov_267.243207_3	gb|BAE78083.1|ARO:3003549|mdtO	99.7	683	2	0	1	683	1	683	0.0	1328	684	683
ratio1_NODE_487_length_4582_cov_267.243207_4	gb|BAE78082.1|ARO:3003550|mdtP	97.8	357	8	0	1	357	1	357	1.61e-244	669	357	488
ratio1_NODE_493_length_4546_cov_29.938321_4	gb|ABS70977.1|ARO:3004623|AAC(3)-IId	100	286	0	0	1	286	1	286	1.23e-213	579	287	286
ratio1_NODE_520_length_4172_cov_31.369687_5	gb|AAF86219.1|ARO:3000375|ErmB	98.0	245	5	0	1	245	1	245	5.91e-174	476	246	248
ratio1_NODE_532_length_4016_cov_136.863671_3	gb|AAN06707.1|ARO:3000165|tet(A)	99.7	390	1	0	1	390	26	415	5.32e-278	753	400	424
ratio1_NODE_606_length_3471_cov_253.398712_1	gb|BAE78082.1|ARO:3003550|mdtP	100	113	0	0	1	113	376	488	1.28e-66	205	114	488
ratio1_NODE_627_length_3327_cov_72.040037_3	gb|AAG16656.1|ARO:3002705|floR	99.5	404	2	0	1	404	1	404	2.07e-276	748	405	404
ratio1_NODE_640_length_3191_cov_48.526148_2	gb|BAB82500.1|ARO:3000186|tet(M)	96.1	639	25	0	1	639	1	639	0.0	1224	640	639
ratio1_NODE_666_length_2994_cov_53.828853_1	gb|ACJ63262.1|ARO:3003107|mef(B)	100	84	0	0	1	84	326	409	6.17e-51	161	85	409
ratio1_NODE_666_length_2994_cov_53.828853_6	gb|ACJ63260.1|ARO:3000413|sul3	100	263	0	0	1	263	1	263	1.41e-187	511	264	263
ratio1_NODE_768_length_2310_cov_94.801774_1	gb|AAC75089.1|ARO:3003577|ugd	99.3	268	2	0	1	268	121	388	7.57e-191	525	269	388
ratio1_NODE_779_length_2262_cov_287.228817_5	gb|ABF47469.1|ARO:3002790|QnrS1	100	218	0	0	1	218	1	218	2.87e-112	317	219	218
ratio1_NODE_788_length_2222_cov_227.831564_2	gb|AAC73788.1|ARO:3003841|kdpE	99.2	123	1	0	1	123	1	123	2.48e-82	238	123	225
ratio1_NODE_806_length_2126_cov_82.775471_1	gb|AAC75089.1|ARO:3003577|ugd	100	236	0	0	1	236	153	388	9.40e-167	462	237	388
ratio1_NODE_809_length_2122_cov_57.967586_1	gb|AAT45742.1|ARO:3000988|TEM-126	100	55	0	0	1	55	232	286	2.11e-33	112	56	286
ratio1_NODE_809_length_2122_cov_57.967586_2	gb|AAC23556.1|ARO:3002660|APH(6)-Id	99.3	278	2	0	1	278	1	278	5.61e-206	559	279	278
ratio1_NODE_809_length_2122_cov_57.967586_3	gb|ABK33456.1|ARO:3002639|APH(3'')-Ib	99.3	267	2	0	1	267	1	267	1.27e-201	547	268	267
ratio1_NODE_829_length_2026_cov_87.483004_1	gb|AAC75089.1|ARO:3003577|ugd	99.2	236	2	0	1	236	153	388	6.29e-165	458	237	388
ratio1_NODE_856_length_1914_cov_50.268962_3	gb|BAL68178.1|ARO:3001057|TEM-198	100	249	0	0	1	249	1	249	1.06e-179	492	249	286
ratio1_NODE_963_length_1470_cov_172.197173_1	gb|AAL02127.1|ARO:3001878|CTX-M-15	100	291	0	0	1	291	1	291	4.22e-203	553	292	291
ratio1_NODE_976_length_1425_cov_114.030657_1	gb|AAZ42322.1|ARO:3005098|qacL	93.6	110	7	0	1	110	1	110	4.37e-71	204	111	110
ratio1_NODE_976_length_1425_cov_114.030657_2	gb|CAA26199.1|ARO:3004089|ANT(3'')-IIa	100	266	0	0	2	267	58	323	1.98e-191	524	268	323
ratio1_NODE_1056_length_1182_cov_58.120674_1	gb|AAC73788.1|ARO:3003841|kdpE	98.3	120	2	0	1	120	106	225	3.41e-84	242	121	225
ratio1_NODE_1126_length_1011_cov_68.350418_1	gb|AAC75089.1|ARO:3003577|ugd	99.0	287	3	0	1	287	102	388	7.57e-203	556	288	388
ratio1_NODE_1187_length_866_cov_156.565968_1	gb|AAL59753.1|ARO:3000412|sul2	100	271	0	0	7	277	1	271	1.35e-186	510	278	271
ratio1_NODE_1208_length_813_cov_84.220317_1	gb|AAC73788.1|ARO:3003841|kdpE	100	119	0	0	1	119	106	224	4.16e-85	244	121	225
ratio1_NODE_1283_length_662_cov_84.003295_1	gb|AAC75089.1|ARO:3003577|ugd	100	119	0	0	1	119	1	119	4.59e-77	229	119	388
ratio1_NODE_1297_length_618_cov_79.912966_1	gb|AAC75137.1|ARO:3000794|mdtC	98.5	205	3	0	1	205	51	255	7.16e-131	389	205	1025
ratio1_NODE_1418_length_448_cov_118.427481_1	gb|AAC75137.1|ARO:3000794|mdtC	100	148	0	0	1	148	51	198	4.78e-90	279	148	1025
ratio1_NODE_1463_length_405_cov_57.137143_1	gb|AAC75137.1|ARO:3000794|mdtC	99.3	134	1	0	1	134	122	255	1.94e-86	268	134	1025
ratio1_NODE_1580_length_342_cov_52.522648_1	gb|AAC75137.1|ARO:3000794|mdtC	100	113	0	0	1	113	87	199	1.69e-69	221	113	1025
ratio1_NODE_1783_length_261_cov_33.155340_1	gb|AAC75429.1|ARO:3000833|evgS	96.5	86	3	0	1	86	680	765	1.13e-48	161	86	1197
ratio1_NODE_1806_length_255_cov_33.050000_1	gb|AAC75429.1|ARO:3000833|evgS	96.4	84	3	0	1	84	680	763	1.70e-47	157	84	1197
ratio1_NODE_2171_length_178_cov_162.325203_1	gb|AAC75137.1|ARO:3000794|mdtC	100	59	0	0	1	59	219	277	5.95e-36	123	59	1025
ratio1_NODE_2228_length_168_cov_53.398230_1	gb|AAC75137.1|ARO:3000794|mdtC	100	55	0	0	1	55	182	236	1.19e-32	114	55	1025
ratio1_NODE_2236_length_166_cov_92.693694_1	gb|AAC75137.1|ARO:3000794|mdtC	98.2	55	1	0	1	55	182	236	1.62e-32	113	55	1025
ratio1_NODE_2263_length_162_cov_211.289720_1	gb|BAE78082.1|ARO:3003550|mdtP	98.1	53	1	0	1	53	341	393	1.32e-30	107	53	488
ratio1_NODE_2327_length_151_cov_53.854167_1	gb|AAC75089.1|ARO:3003577|ugd	100	49	0	0	1	49	121	169	6.60e-29	101	49	388
ratio1_NODE_2503_length_127_cov_86.611111_1	gb|AAC75429.1|ARO:3000833|evgS	92.7	41	3	0	1	41	656	696	1.73e-25	92.8	41	1197
ratio1_NODE_2557_length_121_cov_94.136364_1	gb|AAC75137.1|ARO:3000794|mdtC	100	40	0	0	1	40	238	277	5.47e-22	82.8	40	1025
ratio1_NODE_2646_length_111_cov_96.464286_1	gb|AAC75089.1|ARO:3003577|ugd	100	36	0	0	1	36	102	137	9.89e-19	73.2	36	388
ratio2_NODE_13_length_36961_cov_225.613992_13	gb|AAC74149.2|ARO:3001216|mdtH	100	402	0	0	1	402	1	402	6.85e-290	782	403	402
ratio2_NODE_13_length_36961_cov_225.613992_25	gb|ABV18113.1|ARO:3001329|mdtG	100	408	0	0	1	408	1	408	7.38e-288	777	409	408
ratio2_NODE_27_length_27999_cov_254.374714_12	gb|BAE77933.1|ARO:3000518|CRP	99.5	210	1	0	1	210	1	210	1.54e-151	416	211	210
ratio2_NODE_66_length_20444_cov_77.930600_7	gb|AKF16168.1|ARO:3003689|MCR-1.1	100	541	0	0	1	541	1	541	0.0	1063	542	541
ratio2_NODE_67_length_20198_cov_227.741895_17	gb|AAC75314.1|ARO:3003578|PmrF	100	322	0	0	1	322	1	322	8.81e-232	628	323	322
ratio2_NODE_77_length_19180_cov_228.754876_16	gb|ACN32294.1|ARO:3000237|TolC	100	493	0	0	1	493	3	495	0.0	918	494	495
ratio2_NODE_81_length_18676_cov_242.042049_12	gb|AAC74000.1|ARO:3003950|msbA	100	582	0	0	1	582	1	582	0.0	1092	583	582
ratio2_NODE_84_length_18390_cov_239.615980_12	gb|AAC76296.1|ARO:3000656|AcrS	100	220	0	0	1	220	1	220	2.75e-159	436	221	220
ratio2_NODE_84_length_18390_cov_239.615980_13	gb|AAC76297.1|ARO:3000499|AcrE	100	385	0	0	1	385	1	385	2.39e-270	731	386	385
ratio2_NODE_84_length_18390_cov_239.615980_14	gb|AAC76298.1|ARO:3000502|AcrF	99.7	1034	3	0	1	1034	1	1034	0.0	1927	1035	1034
ratio2_NODE_96_length_16669_cov_201.031841_1	gb|AAC75429.1|ARO:3000833|evgS	99.6	450	2	0	1	450	748	1197	4.03e-315	879	451	1197
ratio2_NODE_125_length_14028_cov_211.167394_8	gb|BAA15221.2|ARO:3000263|marA	100	127	0	0	1	127	1	127	2.36e-92	259	128	127
ratio2_NODE_144_length_12828_cov_82.827527_1	gb|AAC77293.1|ARO:3001214|mdtM	97.8	92	2	0	1	92	1	92	6.71e-57	177	92	410
ratio2_NODE_160_length_12311_cov_238.451942_1	gb|BAB38260.1|ARO:3000830|cpxA	100	457	0	0	1	457	1	457	0.0	887	458	457
ratio2_NODE_170_length_11803_cov_250.424583_3	gb|AAC73565.1|ARO:3004043|Ecol_acrA	100	397	0	0	1	397	1	397	6.93e-276	746	398	397
ratio2_NODE_170_length_11803_cov_250.424583_4	gb|AAC73564.1|ARO:3000216|acrB	100	1049	0	0	1	1049	1	1049	0.0	1980	1050	1049
ratio2_NODE_174_length_11712_cov_236.805782_3	gb|BAE78116.1|ARO:3003576|eptA	99.6	547	2	0	1	547	1	547	0.0	1083	548	547
ratio2_NODE_186_length_11251_cov_214.765899_5	gb|AFH35853.1|ARO:3001328|Ecol_mdfA	97.1	410	12	0	1	410	1	410	6.22e-281	760	411	410
ratio2_NODE_200_length_10695_cov_255.577350_7	gb|AAC77110.1|ARO:3004290|Ecol_ampC_BLA	98.4	377	6	0	12	388	1	377	1.81e-282	761	389	377
ratio2_NODE_202_length_10647_cov_207.700718_7	gb|BAE77781.1|ARO:3000795|mdtE	100	385	0	0	1	385	1	385	7.65e-267	722	386	385
ratio2_NODE_202_length_10647_cov_207.700718_8	gb|AAC76539.1|ARO:3000796|mdtF	100	1037	0	0	1	1037	1	1037	0.0	1932	1038	1037
ratio2_NODE_202_length_10647_cov_207.700718_10	gb|ANK04027.1|ARO:3003838|gadW	94.6	242	13	0	1	242	1	242	8.74e-167	457	243	242
ratio2_NODE_202_length_10647_cov_207.700718_11	gb|BAE77778.1|ARO:3000508|gadX	98.5	274	4	0	1	274	1	274	3.74e-193	526	275	274
ratio2_NODE_206_length_10492_cov_243.755964_6	gb|AAC76093.1|ARO:3002986|bacA	99.6	273	1	0	1	273	1	273	6.98e-193	526	274	273
ratio2_NODE_226_length_10018_cov_83.910368_2	gb|AAA26057.1|ARO:3002693|cmlA1	99.8	419	1	0	1	419	1	419	1.85e-298	805	420	419
ratio2_NODE_226_length_10018_cov_83.910368_3	gb|AAF27727.1|ARO:3002602|aadA2	100	259	0	0	1	259	1	259	5.13e-188	512	260	259
ratio2_NODE_226_length_10018_cov_83.910368_4	gb|ADG84870.1|ARO:3002858|dfrA12	100	165	0	0	1	165	1	165	3.55e-119	330	166	165
ratio2_NODE_335_length_6982_cov_240.305038_3	gb|AAC75135.2|ARO:3000792|mdtA	99.8	415	1	0	41	455	1	415	6.40e-280	759	456	415
ratio2_NODE_335_length_6982_cov_240.305038_4	gb|AAC75136.1|ARO:3000793|mdtB	99.8	1040	2	0	1	1040	1	1040	0.0	1902	1041	1040
ratio2_NODE_335_length_6982_cov_240.305038_5	gb|AAC75137.1|ARO:3000794|mdtC	99.6	277	1	0	1	277	1	277	7.14e-182	525	277	1025
ratio2_NODE_337_length_6979_cov_214.708406_2	gb|AAC75271.1|ARO:3003952|YojI	99.8	547	1	0	1	547	1	547	0.0	1057	548	547
ratio2_NODE_345_length_6767_cov_70.615316_6	gb|AAC77293.1|ARO:3001214|mdtM	98.7	78	1	0	1	78	1	78	1.20e-47	152	78	410
ratio2_NODE_358_length_6609_cov_213.474367_6	gb|BAB35162.1|ARO:3000676|H-NS	100	137	0	0	1	137	1	137	3.10e-86	245	138	137
ratio2_NODE_373_length_6393_cov_255.943042_1	gb|AAC75137.1|ARO:3000794|mdtC	100	766	0	0	1	766	260	1025	0.0	1420	767	1025
ratio2_NODE_373_length_6393_cov_255.943042_3	gb|BAA15934.1|ARO:3000829|baeS	100	467	0	0	1	467	1	467	0.0	919	468	467
ratio2_NODE_373_length_6393_cov_255.943042_4	gb|BAA15935.1|ARO:3000828|baeR	100	240	0	0	1	240	1	240	1.53e-175	479	241	240
ratio2_NODE_375_length_6377_cov_177.699462_2	gb|BAA11237.1|ARO:3000254|emrY	100	512	0	0	1	512	1	512	0.0	991	513	512
ratio2_NODE_375_length_6377_cov_177.699462_3	gb|BAA11236.1|ARO:3000206|emrK	100	351	0	0	37	387	1	351	4.28e-247	671	388	351
ratio2_NODE_375_length_6377_cov_177.699462_4	gb|BAB36671.1|ARO:3000832|evgA	100	204	0	0	1	204	1	204	5.82e-144	396	205	204
ratio2_NODE_375_length_6377_cov_177.699462_5	gb|AAC75429.1|ARO:3000833|evgS	99.0	672	7	0	1	672	1	672	0.0	1334	672	1197
ratio2_NODE_405_length_5903_cov_242.182456_3	gb|BAA16344.1|ARO:3000491|acrD	99.9	1037	1	0	1	1037	1	1037	0.0	1966	1038	1037
ratio2_NODE_450_length_5370_cov_250.290875_4	gb|AAC75731.1|ARO:3000516|emrR	100	176	0	0	1	176	1	176	2.27e-125	347	177	176
ratio2_NODE_450_length_5370_cov_250.290875_5	gb|BAA16547.1|ARO:3000027|emrA	99.7	390	1	0	1	390	1	390	1.03e-262	712	391	390
ratio2_NODE_450_length_5370_cov_250.290875_6	gb|AAC75733.1|ARO:3000074|emrB	100	512	0	0	1	512	1	512	0.0	998	513	512
ratio2_NODE_511_length_4582_cov_265.299094_2	gb|BAE78084.1|ARO:3003548|mdtN	100	343	0	0	1	343	1	343	8.12e-234	635	344	343
ratio2_NODE_511_length_4582_cov_265.299094_3	gb|BAE78083.1|ARO:3003549|mdtO	99.7	683	2	0	1	683	1	683	0.0	1328	684	683
ratio2_NODE_511_length_4582_cov_265.299094_4	gb|BAE78082.1|ARO:3003550|mdtP	97.8	357	8	0	1	357	1	357	1.61e-244	669	357	488
ratio2_NODE_520_length_4546_cov_37.232910_4	gb|ABS70977.1|ARO:3004623|AAC(3)-IId	100	286	0	0	1	286	1	286	1.23e-213	579	287	286
ratio2_NODE_565_length_3981_cov_68.735354_1	gb|ABK33456.1|ARO:3002639|APH(3'')-Ib	99.3	267	2	0	1	267	1	267	1.27e-201	547	268	267
ratio2_NODE_565_length_3981_cov_68.735354_2	gb|AAC23556.1|ARO:3002660|APH(6)-Id	99.3	278	2	0	1	278	1	278	5.61e-206	559	279	278
ratio2_NODE_565_length_3981_cov_68.735354_3	gb|CAD09800.1|ARO:3000873|TEM-1	100	286	0	0	1	286	1	286	3.79e-208	565	287	286
ratio2_NODE_581_length_3873_cov_167.506024_3	gb|AAN06707.1|ARO:3000165|tet(A)	99.7	390	1	0	1	390	26	415	5.32e-278	753	400	424
ratio2_NODE_629_length_3471_cov_253.797424_1	gb|BAE78082.1|ARO:3003550|mdtP	100	113	0	0	1	113	376	488	1.28e-66	205	114	488
ratio2_NODE_645_length_3350_cov_41.775721_3	gb|BAA03776.1|ARO:3000316|mphA	100	301	0	0	1	301	1	301	8.38e-218	591	305	301
ratio2_NODE_649_length_3327_cov_87.276284_2	gb|AAG16656.1|ARO:3002705|floR	99.5	404	2	0	1	404	1	404	2.07e-276	748	405	404
ratio2_NODE_667_length_3191_cov_58.459503_2	gb|BAB82500.1|ARO:3000186|tet(M)	96.1	639	25	0	1	639	1	639	0.0	1224	640	639
ratio2_NODE_694_length_2994_cov_66.006805_1	gb|ACJ63262.1|ARO:3003107|mef(B)	100	84	0	0	1	84	326	409	6.17e-51	161	85	409
ratio2_NODE_694_length_2994_cov_66.006805_6	gb|ACJ63260.1|ARO:3000413|sul3	100	263	0	0	1	263	1	263	1.41e-187	511	264	263
ratio2_NODE_779_length_2426_cov_185.241248_1	gb|AAC77293.1|ARO:3001214|mdtM	98.3	349	6	0	1	349	61	409	3.80e-241	657	351	410
ratio2_NODE_810_length_2262_cov_294.190304_5	gb|ABF47469.1|ARO:3002790|QnrS1	100	218	0	0	1	218	1	218	2.87e-112	317	219	218
ratio2_NODE_820_length_2225_cov_225.908756_1	gb|AAC73788.1|ARO:3003841|kdpE	100	123	0	0	1	123	1	123	1.23e-82	238	123	225
ratio2_NODE_836_length_2126_cov_73.533076_1	gb|AAC75089.1|ARO:3003577|ugd	100	236	0	0	1	236	153	388	9.40e-167	462	237	388
ratio2_NODE_859_length_2026_cov_93.682902_1	gb|AAC75089.1|ARO:3003577|ugd	99.6	236	1	0	1	236	153	388	7.69e-166	460	237	388
ratio2_NODE_972_length_1581_cov_156.701180_1	gb|AAC75089.1|ARO:3003577|ugd	99.5	195	1	0	1	195	1	195	3.95e-133	375	195	388
ratio2_NODE_1001_length_1470_cov_158.968905_2	gb|AAL02127.1|ARO:3001878|CTX-M-15	100	291	0	0	1	291	1	291	4.22e-203	553	292	291
ratio2_NODE_1012_length_1425_cov_143.678832_1	gb|AAZ42322.1|ARO:3005098|qacL	93.6	110	7	0	1	110	1	110	4.37e-71	204	111	110
ratio2_NODE_1012_length_1425_cov_143.678832_2	gb|CAA26199.1|ARO:3004089|ANT(3'')-IIa	100	266	0	0	2	267	58	323	1.98e-191	524	268	323
ratio2_NODE_1101_length_1182_cov_59.800355_2	gb|AAC73788.1|ARO:3003841|kdpE	98.3	120	2	0	1	120	106	225	3.41e-84	242	121	225
ratio2_NODE_1226_length_866_cov_187.527744_1	gb|AAL59753.1|ARO:3000412|sul2	100	271	0	0	7	277	1	271	1.35e-186	510	278	271
ratio2_NODE_1228_length_860_cov_104.910559_1	gb|AAC75089.1|ARO:3003577|ugd	99.2	236	2	0	1	236	153	388	2.20e-165	459	237	388
ratio2_NODE_1247_length_813_cov_76.291557_1	gb|AAC73788.1|ARO:3003841|kdpE	100	119	0	0	1	119	106	224	4.16e-85	244	121	225
ratio2_NODE_1305_length_693_cov_2.405956_1	gb|AAF86219.1|ARO:3000375|ErmB	97.1	207	6	0	1	207	39	245	1.64e-145	402	208	248
ratio2_NODE_1367_length_531_cov_151.035714_1	gb|AAC77293.1|ARO:3001214|mdtM	100	71	0	0	17	87	8	78	6.51e-43	140	87	410
ratio2_NODE_1598_length_333_cov_121.834532_1	gb|AAC75137.1|ARO:3000794|mdtC	100	110	0	0	1	110	51	160	6.92e-64	205	110	1025
ratio2_NODE_1599_length_333_cov_104.787770_1	gb|AAC75429.1|ARO:3000833|evgS	100	110	0	0	1	110	656	765	1.88e-69	221	110	1197
ratio2_NODE_1723_length_279_cov_63.156250_1	gb|AAC75137.1|ARO:3000794|mdtC	98.9	92	1	0	1	92	164	255	6.41e-58	187	92	1025
ratio2_NODE_1785_length_261_cov_40.718447_1	gb|AAC75429.1|ARO:3000833|evgS	96.5	86	3	0	1	86	680	765	1.13e-48	161	86	1197
ratio2_NODE_1812_length_255_cov_39.885000_1	gb|AAC75429.1|ARO:3000833|evgS	96.4	84	3	0	1	84	680	763	1.70e-47	157	84	1197
ratio2_NODE_1927_length_228_cov_126.306358_1	gb|CAA09666.1|ARO:3004122|Kpne_OmpK37	90.3	31	3	0	1	31	1	31	2.11e-12	55.1	31	374
ratio2_NODE_1989_length_213_cov_70.468354_1	gb|AAC75137.1|ARO:3000794|mdtC	95.7	70	3	0	1	70	186	255	2.32e-42	142	70	1025
ratio2_NODE_2015_length_207_cov_41.690789_1	gb|AAC75089.1|ARO:3003577|ugd	98.5	68	1	0	1	68	102	169	2.46e-40	132	68	388
ratio2_NODE_2247_length_162_cov_194.448598_1	gb|BAE78082.1|ARO:3003550|mdtP	98.1	53	1	0	1	53	341	393	1.32e-30	107	53	488
ratio2_NODE_2302_length_154_cov_46.454545_1	gb|AAC75089.1|ARO:3003577|ugd	96.0	50	2	0	1	50	182	231	9.63e-27	95.9	50	388
ratio2_NODE_2322_length_151_cov_63.072917_1	gb|AAC75089.1|ARO:3003577|ugd	100	49	0	0	1	49	121	169	6.60e-29	101	49	388
ratio2_NODE_2468_length_127_cov_104.069444_1	gb|AAC75429.1|ARO:3000833|evgS	92.7	41	3	0	1	41	656	696	1.73e-25	92.8	41	1197
ratio2_NODE_2509_length_121_cov_116.015152_1	gb|AAC75137.1|ARO:3000794|mdtC	100	40	0	0	1	40	238	277	5.47e-22	82.8	40	1025
ratio3_NODE_22_length_29646_cov_233.302693_13	gb|AAC74149.2|ARO:3001216|mdtH	100	402	0	0	1	402	1	402	6.85e-290	782	403	402
ratio3_NODE_22_length_29646_cov_233.302693_25	gb|ABV18113.1|ARO:3001329|mdtG	100	408	0	0	1	408	1	408	7.38e-288	777	409	408
ratio3_NODE_27_length_27972_cov_254.257083_12	gb|BAE77933.1|ARO:3000518|CRP	99.5	210	1	0	1	210	1	210	1.54e-151	416	211	210
ratio3_NODE_56_length_21755_cov_244.442028_1	gb|BAE78082.1|ARO:3003550|mdtP	99.3	148	1	0	1	148	341	488	5.89e-93	275	149	488
ratio3_NODE_60_length_21275_cov_208.666824_10	gb|BAA15221.2|ARO:3000263|marA	100	127	0	0	1	127	1	127	2.36e-92	259	128	127
ratio3_NODE_64_length_20444_cov_79.088970_14	gb|AKF16168.1|ARO:3003689|MCR-1.1	100	541	0	0	1	541	1	541	0.0	1063	542	541
ratio3_NODE_66_length_20198_cov_227.601350_17	gb|AAC75314.1|ARO:3003578|PmrF	100	322	0	0	1	322	1	322	8.81e-232	628	323	322
ratio3_NODE_74_length_18676_cov_241.870684_3	gb|AAC74000.1|ARO:3003950|msbA	100	582	0	0	1	582	1	582	0.0	1092	583	582
ratio3_NODE_76_length_18390_cov_239.735479_12	gb|AAC76296.1|ARO:3000656|AcrS	100	220	0	0	1	220	1	220	2.75e-159	436	221	220
ratio3_NODE_76_length_18390_cov_239.735479_13	gb|AAC76297.1|ARO:3000499|AcrE	100	385	0	0	1	385	1	385	2.39e-270	731	386	385
ratio3_NODE_76_length_18390_cov_239.735479_14	gb|AAC76298.1|ARO:3000502|AcrF	99.7	1034	3	0	1	1034	1	1034	0.0	1927	1035	1034
ratio3_NODE_88_length_16669_cov_201.014145_1	gb|AAC75429.1|ARO:3000833|evgS	99.6	450	2	0	1	450	748	1197	4.03e-315	879	451	1197
ratio3_NODE_123_length_13684_cov_242.944970_7	gb|AAC73564.1|ARO:3000216|acrB	100	1049	0	0	1	1049	1	1049	0.0	1980	1050	1049
ratio3_NODE_123_length_13684_cov_242.944970_8	gb|AAC73565.1|ARO:3004043|Ecol_acrA	100	397	0	0	1	397	1	397	6.93e-276	746	398	397
ratio3_NODE_135_length_12828_cov_83.555860_1	gb|AAC77293.1|ARO:3001214|mdtM	97.8	92	2	0	1	92	1	92	6.71e-57	177	92	410
ratio3_NODE_151_length_12311_cov_238.519827_1	gb|BAB38260.1|ARO:3000830|cpxA	100	457	0	0	1	457	1	457	0.0	887	458	457
ratio3_NODE_166_length_11712_cov_236.880329_3	gb|BAE78116.1|ARO:3003576|eptA	99.6	547	2	0	1	547	1	547	0.0	1083	548	547
ratio3_NODE_178_length_11251_cov_214.711147_5	gb|AFH35853.1|ARO:3001328|Ecol_mdfA	97.1	410	12	0	1	410	1	410	6.22e-281	760	411	410
ratio3_NODE_191_length_10647_cov_207.780117_7	gb|BAE77781.1|ARO:3000795|mdtE	100	385	0	0	1	385	1	385	7.65e-267	722	386	385
ratio3_NODE_191_length_10647_cov_207.780117_8	gb|AAC76539.1|ARO:3000796|mdtF	100	1037	0	0	1	1037	1	1037	0.0	1932	1038	1037
ratio3_NODE_191_length_10647_cov_207.780117_10	gb|ANK04027.1|ARO:3003838|gadW	94.6	242	13	0	1	242	1	242	8.74e-167	457	243	242
ratio3_NODE_191_length_10647_cov_207.780117_11	gb|BAE77778.1|ARO:3000508|gadX	98.5	274	4	0	1	274	1	274	3.74e-193	526	275	274
ratio3_NODE_192_length_10618_cov_255.994509_7	gb|AAC77110.1|ARO:3004290|Ecol_ampC_BLA	98.4	377	6	0	12	388	1	377	1.81e-282	761	389	377
ratio3_NODE_196_length_10492_cov_243.728945_6	gb|AAC76093.1|ARO:3002986|bacA	99.6	273	1	0	1	273	1	273	6.98e-193	526	274	273
ratio3_NODE_216_length_10018_cov_85.534979_7	gb|ADG84870.1|ARO:3002858|dfrA12	100	165	0	0	1	165	1	165	3.55e-119	330	166	165
ratio3_NODE_216_length_10018_cov_85.534979_8	gb|AAF27727.1|ARO:3002602|aadA2	100	259	0	0	1	259	1	259	5.13e-188	512	260	259
ratio3_NODE_216_length_10018_cov_85.534979_9	gb|AAA26057.1|ARO:3002693|cmlA1	99.8	419	1	0	1	419	1	419	1.85e-298	805	420	419
ratio3_NODE_289_length_8055_cov_262.834500_6	gb|ACN32294.1|ARO:3000237|TolC	100	493	0	0	1	493	3	495	0.0	918	494	495
ratio3_NODE_317_length_7414_cov_118.670200_3	gb|AAN06707.1|ARO:3000165|tet(A)	99.7	390	1	0	1	390	26	415	5.32e-278	753	400	424
ratio3_NODE_336_length_6937_cov_214.681488_2	gb|AAC75271.1|ARO:3003952|YojI	100	547	0	0	1	547	1	547	0.0	1058	548	547
ratio3_NODE_341_length_6767_cov_71.753576_6	gb|AAC77293.1|ARO:3001214|mdtM	98.7	78	1	0	1	78	1	78	1.20e-47	152	78	410
ratio3_NODE_344_length_6728_cov_213.148958_6	gb|BAB35162.1|ARO:3000676|H-NS	100	137	0	0	1	137	1	137	3.10e-86	245	138	137
ratio3_NODE_367_length_6393_cov_255.713790_1	gb|AAC75137.1|ARO:3000794|mdtC	100	766	0	0	1	766	260	1025	0.0	1420	767	1025
ratio3_NODE_367_length_6393_cov_255.713790_3	gb|BAA15934.1|ARO:3000829|baeS	100	467	0	0	1	467	1	467	0.0	919	468	467
ratio3_NODE_367_length_6393_cov_255.713790_4	gb|BAA15935.1|ARO:3000828|baeR	100	240	0	0	1	240	1	240	1.53e-175	479	241	240
ratio3_NODE_369_length_6377_cov_177.936096_2	gb|BAA11237.1|ARO:3000254|emrY	100	512	0	0	1	512	1	512	0.0	991	513	512
ratio3_NODE_369_length_6377_cov_177.936096_3	gb|BAA11236.1|ARO:3000206|emrK	100	351	0	0	37	387	1	351	4.28e-247	671	388	351
ratio3_NODE_369_length_6377_cov_177.936096_4	gb|BAB36671.1|ARO:3000832|evgA	100	204	0	0	1	204	1	204	5.82e-144	396	205	204
ratio3_NODE_369_length_6377_cov_177.936096_5	gb|AAC75429.1|ARO:3000833|evgS	99.0	672	7	0	1	672	1	672	0.0	1334	672	1197
ratio3_NODE_396_length_5903_cov_241.380814_3	gb|BAA16344.1|ARO:3000491|acrD	99.9	1037	1	0	1	1037	1	1037	0.0	1966	1038	1037
ratio3_NODE_405_length_5775_cov_248.456818_2	gb|AAC75135.2|ARO:3000792|mdtA	99.8	415	1	0	41	455	1	415	6.40e-280	759	456	415
ratio3_NODE_405_length_5775_cov_248.456818_3	gb|AAC75136.1|ARO:3000793|mdtB	99.8	1040	2	0	1	1040	1	1040	0.0	1902	1041	1040
ratio3_NODE_405_length_5775_cov_248.456818_4	gb|AAC75137.1|ARO:3000794|mdtC	99.6	277	1	0	1	277	1	277	7.14e-182	525	277	1025
ratio3_NODE_445_length_5370_cov_250.194356_1	gb|AAC75733.1|ARO:3000074|emrB	100	512	0	0	1	512	1	512	0.0	998	513	512
ratio3_NODE_445_length_5370_cov_250.194356_2	gb|BAA16547.1|ARO:3000027|emrA	99.7	390	1	0	1	390	1	390	1.03e-262	712	391	390
ratio3_NODE_445_length_5370_cov_250.194356_3	gb|AAC75731.1|ARO:3000516|emrR	100	176	0	0	1	176	1	176	2.27e-125	347	177	176
ratio3_NODE_495_length_4582_cov_265.009940_2	gb|BAE78084.1|ARO:3003548|mdtN	100	343	0	0	1	343	1	343	8.12e-234	635	344	343
ratio3_NODE_495_length_4582_cov_265.009940_3	gb|BAE78083.1|ARO:3003549|mdtO	99.7	683	2	0	1	683	1	683	0.0	1328	684	683
ratio3_NODE_495_length_4582_cov_265.009940_4	gb|BAE78082.1|ARO:3003550|mdtP	97.8	357	8	0	1	357	1	357	1.61e-244	669	357	488
ratio3_NODE_505_length_4546_cov_37.725228_4	gb|ABS70977.1|ARO:3004623|AAC(3)-IId	100	286	0	0	1	286	1	286	1.23e-213	579	287	286
ratio3_NODE_626_length_3444_cov_167.105636_2	gb|AAC73788.1|ARO:3003841|kdpE	98.7	225	3	0	1	225	1	225	7.28e-162	443	226	225
ratio3_NODE_637_length_3350_cov_37.472838_3	gb|BAA03776.1|ARO:3000316|mphA	100	301	0	0	1	301	1	301	8.38e-218	591	305	301
ratio3_NODE_640_length_3327_cov_89.076100_2	gb|AAG16656.1|ARO:3002705|floR	99.5	404	2	0	1	404	1	404	2.07e-276	748	405	404
ratio3_NODE_656_length_3191_cov_59.251594_2	gb|BAB82500.1|ARO:3000186|tet(M)	96.1	639	25	0	1	639	1	639	0.0	1224	640	639
ratio3_NODE_684_length_2994_cov_67.423273_1	gb|ACJ63262.1|ARO:3003107|mef(B)	100	84	0	0	1	84	326	409	6.17e-51	161	85	409
ratio3_NODE_684_length_2994_cov_67.423273_6	gb|ACJ63260.1|ARO:3000413|sul3	100	263	0	0	1	263	1	263	1.41e-187	511	264	263
ratio3_NODE_774_length_2426_cov_185.038380_1	gb|AAC77293.1|ARO:3001214|mdtM	98.3	349	6	0	1	349	61	409	3.80e-241	657	351	410
ratio3_NODE_802_length_2262_cov_293.450385_5	gb|ABF47469.1|ARO:3002790|QnrS1	100	218	0	0	1	218	1	218	2.87e-112	317	219	218
ratio3_NODE_812_length_2222_cov_73.417167_1	gb|AAC75089.1|ARO:3003577|ugd	100	268	0	0	1	268	121	388	3.23e-192	528	269	388
ratio3_NODE_819_length_2202_cov_94.175594_3	gb|AAC75089.1|ARO:3003577|ugd	99.6	236	1	0	1	236	153	388	7.69e-166	460	237	388
ratio3_NODE_834_length_2122_cov_74.827770_1	gb|AAT45742.1|ARO:3000988|TEM-126	100	55	0	0	1	55	232	286	2.11e-33	112	56	286
ratio3_NODE_834_length_2122_cov_74.827770_2	gb|AAC23556.1|ARO:3002660|APH(6)-Id	99.3	278	2	0	1	278	1	278	5.61e-206	559	279	278
ratio3_NODE_834_length_2122_cov_74.827770_3	gb|ABK33456.1|ARO:3002639|APH(3'')-Ib	99.3	267	2	0	1	267	1	267	1.27e-201	547	268	267
ratio3_NODE_877_length_1946_cov_91.531994_1	gb|AAC73788.1|ARO:3003841|kdpE	100	34	0	0	1	34	158	191	3.45e-19	72.8	35	225
ratio3_NODE_880_length_1934_cov_75.331027_3	gb|AAC73788.1|ARO:3003841|kdpE	100	67	0	0	1	67	158	224	8.22e-46	142	69	225
ratio3_NODE_882_length_1914_cov_64.871436_1	gb|BAL68178.1|ARO:3001057|TEM-198	100	249	0	0	1	249	1	249	1.06e-179	492	249	286
ratio3_NODE_990_length_1470_cov_155.730742_2	gb|AAL02127.1|ARO:3001878|CTX-M-15	100	291	0	0	1	291	1	291	4.22e-203	553	292	291
ratio3_NODE_1004_length_1425_cov_146.415328_1	gb|AAZ42322.1|ARO:3005098|qacL	93.6	110	7	0	1	110	1	110	4.37e-71	204	111	110
ratio3_NODE_1004_length_1425_cov_146.415328_2	gb|CAA26199.1|ARO:3004089|ANT(3'')-IIa	100	266	0	0	2	267	58	323	1.98e-191	524	268	323
ratio3_NODE_1006_length_1408_cov_172.746489_2	gb|AAC75089.1|ARO:3003577|ugd	100	137	0	0	1	137	1	137	3.05e-91	266	137	388
ratio3_NODE_1161_length_1012_cov_94.448276_1	gb|AAC75089.1|ARO:3003577|ugd	99.0	287	3	0	1	287	102	388	7.57e-203	556	288	388
ratio3_NODE_1232_length_866_cov_190.674476_1	gb|AAL59753.1|ARO:3000412|sul2	100	271	0	0	7	277	1	271	1.35e-186	510	278	271
ratio3_NODE_1405_length_531_cov_149.365546_1	gb|AAC77293.1|ARO:3001214|mdtM	100	71	0	0	17	87	8	78	6.51e-43	140	87	410
ratio3_NODE_1562_length_405_cov_56.700000_1	gb|AAC75089.1|ARO:3003577|ugd	98.5	134	2	0	1	134	121	254	2.35e-92	269	134	388
ratio3_NODE_1732_length_333_cov_124.305755_1	gb|AAC75137.1|ARO:3000794|mdtC	100	110	0	0	1	110	51	160	6.92e-64	205	110	1025
ratio3_NODE_1733_length_333_cov_103.622302_1	gb|AAC75429.1|ARO:3000833|evgS	100	110	0	0	1	110	656	765	1.88e-69	221	110	1197
ratio3_NODE_1884_length_279_cov_64.187500_1	gb|AAC75137.1|ARO:3000794|mdtC	98.9	92	1	0	1	92	164	255	6.41e-58	187	92	1025
ratio3_NODE_1969_length_261_cov_41.660194_1	gb|AAC75429.1|ARO:3000833|evgS	96.5	86	3	0	1	86	680	765	1.13e-48	161	86	1197
ratio3_NODE_1999_length_255_cov_40.660000_1	gb|AAC75429.1|ARO:3000833|evgS	96.4	84	3	0	1	84	680	763	1.70e-47	157	84	1197
ratio3_NODE_2160_length_228_cov_127.242775_1	gb|CAA09666.1|ARO:3004122|Kpne_OmpK37	90.3	31	3	0	1	31	1	31	2.11e-12	55.1	31	374
ratio3_NODE_2241_length_213_cov_70.721519_1	gb|AAC75137.1|ARO:3000794|mdtC	95.7	70	3	0	1	70	186	255	2.32e-42	142	70	1025
ratio3_NODE_2262_length_210_cov_124.735484_1	gb|AAC73788.1|ARO:3003841|kdpE	100	69	0	0	1	69	106	174	6.12e-43	135	69	225
ratio3_NODE_2752_length_127_cov_108.013889_1	gb|AAC75429.1|ARO:3000833|evgS	92.7	41	3	0	1	41	656	696	1.73e-25	92.8	41	1197
ratio3_NODE_2795_length_121_cov_120.227273_1	gb|AAC75137.1|ARO:3000794|mdtC	100	40	0	0	1	40	238	277	5.47e-22	82.8	40	1025
ratio4_NODE_1_length_165923_cov_230.110805_6	gb|BAB35162.1|ARO:3000676|H-NS	100	137	0	0	1	137	1	137	3.10e-86	245	138	137
ratio4_NODE_3_length_158093_cov_248.134930_93	gb|BAA16344.1|ARO:3000491|acrD	99.9	1037	1	0	1	1037	1	1037	0.0	1966	1038	1037
ratio4_NODE_4_length_142547_cov_252.599837_95	gb|AAC73564.1|ARO:3000216|acrB	100	1049	0	0	1	1049	1	1049	0.0	1980	1050	1049
ratio4_NODE_4_length_142547_cov_252.599837_96	gb|AAC73565.1|ARO:3004043|Ecol_acrA	100	397	0	0	1	397	1	397	6.93e-276	746	398	397
ratio4_NODE_5_length_127506_cov_251.807785_25	gb|AAC74000.1|ARO:3003950|msbA	100	582	0	0	1	582	1	582	0.0	1092	583	582
ratio4_NODE_6_length_112635_cov_254.543409_7	gb|AAC76298.1|ARO:3000502|AcrF	99.5	1034	5	0	1	1034	1	1034	0.0	1924	1035	1034
ratio4_NODE_6_length_112635_cov_254.543409_8	gb|AAC76297.1|ARO:3000499|AcrE	100	385	0	0	1	385	1	385	2.39e-270	731	386	385
ratio4_NODE_6_length_112635_cov_254.543409_9	gb|AAC76296.1|ARO:3000656|AcrS	99.1	220	2	0	1	220	1	220	4.57e-158	433	221	220
ratio4_NODE_7_length_112362_cov_249.796095_63	gb|AAC75271.1|ARO:3003952|YojI	99.8	547	1	0	1	547	1	547	0.0	1057	548	547
ratio4_NODE_8_length_105999_cov_240.814421_63	gb|AAC74149.2|ARO:3001216|mdtH	100	402	0	0	1	402	1	402	6.85e-290	782	403	402
ratio4_NODE_8_length_105999_cov_240.814421_75	gb|ABV18113.1|ARO:3001329|mdtG	100	408	0	0	1	408	1	408	7.38e-288	777	409	408
ratio4_NODE_9_length_104661_cov_185.060733_14	gb|AAC75089.1|ARO:3003577|ugd	99.5	388	2	0	1	388	1	388	6.20e-279	753	389	388
ratio4_NODE_14_length_76876_cov_239.102134_22	gb|AFH35853.1|ARO:3001328|Ecol_mdfA	96.1	410	16	0	1	410	1	410	5.95e-279	755	411	410
ratio4_NODE_19_length_56631_cov_244.154323_6	gb|AAC76093.1|ARO:3002986|bacA	99.6	273	1	0	1	273	1	273	6.98e-193	526	274	273
ratio4_NODE_25_length_46925_cov_239.375549_8	gb|BAE78116.1|ARO:3003576|eptA	99.6	547	2	0	1	547	1	547	0.0	1083	548	547
ratio4_NODE_28_length_46402_cov_217.124043_28	gb|AAC75429.1|ARO:3000833|evgS	99.0	1197	12	0	1	1197	1	1197	0.0	2345	1198	1197
ratio4_NODE_28_length_46402_cov_217.124043_29	gb|BAB36671.1|ARO:3000832|evgA	100	204	0	0	1	204	1	204	5.82e-144	396	205	204
ratio4_NODE_28_length_46402_cov_217.124043_30	gb|BAA11236.1|ARO:3000206|emrK	99.7	351	1	0	37	387	1	351	6.08e-247	671	388	351
ratio4_NODE_28_length_46402_cov_217.124043_31	gb|BAA11237.1|ARO:3000254|emrY	99.8	512	1	0	1	512	1	512	0.0	991	513	512
ratio4_NODE_31_length_41367_cov_254.556231_20	gb|BAE77933.1|ARO:3000518|CRP	99.5	210	1	0	1	210	1	210	1.54e-151	416	211	210
ratio4_NODE_38_length_38562_cov_228.500221_13	gb|AAC74149.2|ARO:3001216|mdtH	100	402	0	0	1	402	1	402	6.85e-290	782	403	402
ratio4_NODE_38_length_38562_cov_228.500221_25	gb|ABV18113.1|ARO:3001329|mdtG	100	408	0	0	1	408	1	408	7.38e-288	777	409	408
ratio4_NODE_47_length_33886_cov_227.057669_23	gb|BAA15221.2|ARO:3000263|marA	100	127	0	0	1	127	1	127	2.36e-92	259	128	127
ratio4_NODE_48_length_33014_cov_228.400922_30	gb|BAA15935.1|ARO:3000828|baeR	99.6	240	1	0	1	240	1	240	1.26e-174	477	241	240
ratio4_NODE_48_length_33014_cov_228.400922_31	gb|BAA15934.1|ARO:3000829|baeS	100	467	0	0	1	467	1	467	0.0	919	468	467
ratio4_NODE_48_length_33014_cov_228.400922_33	gb|AAC75137.1|ARO:3000794|mdtC	100	875	0	0	1	875	151	1025	0.0	1637	876	1025
ratio4_NODE_49_length_32361_cov_223.886399_14	gb|ABF47469.1|ARO:3002790|QnrS1	100	218	0	0	1	218	1	218	2.87e-112	317	219	218
ratio4_NODE_49_length_32361_cov_223.886399_20	gb|AAL02127.1|ARO:3001878|CTX-M-15	100	291	0	0	1	291	1	291	4.22e-203	553	292	291
ratio4_NODE_57_length_28726_cov_244.549475_19	gb|AAC77293.1|ARO:3001214|mdtM	97.8	409	9	0	1	409	1	409	2.27e-283	766	411	410
ratio4_NODE_70_length_24062_cov_238.664598_5	gb|AAC75733.1|ARO:3000074|emrB	100	512	0	0	1	512	1	512	0.0	998	513	512
ratio4_NODE_70_length_24062_cov_238.664598_6	gb|BAA16547.1|ARO:3000027|emrA	99.7	390	1	0	1	390	1	390	1.03e-262	712	391	390
ratio4_NODE_70_length_24062_cov_238.664598_7	gb|AAC75731.1|ARO:3000516|emrR	100	176	0	0	1	176	1	176	2.27e-125	347	177	176
ratio4_NODE_72_length_23764_cov_255.315239_25	gb|BAB38260.1|ARO:3000830|cpxA	100	457	0	0	1	457	1	457	0.0	887	458	457
ratio4_NODE_85_length_20349_cov_32.794865_1	gb|BAA03776.1|ARO:3000316|mphA	100	301	0	0	1	301	1	301	8.38e-218	591	305	301
ratio4_NODE_86_length_20295_cov_230.318034_6	gb|AAC75314.1|ARO:3003578|PmrF	100	322	0	0	1	322	1	322	8.81e-232	628	323	322
ratio4_NODE_89_length_19570_cov_228.076198_13	gb|AAC75731.1|ARO:3000516|emrR	100	176	0	0	1	176	1	176	2.27e-125	347	177	176
ratio4_NODE_89_length_19570_cov_228.076198_14	gb|BAA16547.1|ARO:3000027|emrA	99.7	390	1	0	1	390	1	390	1.03e-262	712	391	390
ratio4_NODE_89_length_19570_cov_228.076198_15	gb|AAC75733.1|ARO:3000074|emrB	100	512	0	0	1	512	1	512	0.0	998	513	512
ratio4_NODE_90_length_19423_cov_238.424050_10	gb|ACN32294.1|ARO:3000237|TolC	100	493	0	0	1	493	3	495	0.0	918	494	495
ratio4_NODE_95_length_18690_cov_257.848833_11	gb|WP_063860228.1|ARO:3006874|EC-13	98.7	377	5	0	1	377	1	377	9.96e-284	764	378	377
ratio4_NODE_129_length_12208_cov_176.751995_4	gb|AAN06707.1|ARO:3000165|tet(A)	99.7	390	1	0	1	390	26	415	5.32e-278	753	400	424
ratio4_NODE_140_length_11082_cov_208.315136_1	gb|BAE77778.1|ARO:3000508|gadX	98.5	274	4	0	1	274	1	274	1.30e-193	528	275	274
ratio4_NODE_140_length_11082_cov_208.315136_2	gb|ANK04027.1|ARO:3003838|gadW	93.8	242	15	0	1	242	1	242	1.45e-165	454	243	242
ratio4_NODE_140_length_11082_cov_208.315136_4	gb|AAC76539.1|ARO:3000796|mdtF	99.8	1037	2	0	1	1037	1	1037	0.0	1930	1038	1037
ratio4_NODE_140_length_11082_cov_208.315136_5	gb|BAE77781.1|ARO:3000795|mdtE	100	385	0	0	1	385	1	385	7.65e-267	722	386	385
ratio4_NODE_149_length_10212_cov_200.966526_7	gb|AAC73788.1|ARO:3003841|kdpE	98.7	224	3	0	1	224	1	224	2.97e-161	442	226	225
ratio4_NODE_170_length_8306_cov_262.648043_3	gb|BAE78084.1|ARO:3003548|mdtN	99.7	343	1	0	1	343	1	343	1.15e-233	635	344	343
ratio4_NODE_170_length_8306_cov_262.648043_4	gb|BAE78083.1|ARO:3003549|mdtO	99.4	683	4	0	1	683	1	683	0.0	1324	684	683
ratio4_NODE_170_length_8306_cov_262.648043_5	gb|BAE78082.1|ARO:3003550|mdtP	98.2	488	9	0	1	488	1	488	0.0	904	489	488
ratio4_NODE_237_length_5155_cov_263.009608_1	gb|AAC75135.2|ARO:3000792|mdtA	99.3	415	3	0	1	415	1	415	1.30e-280	759	416	415
ratio4_NODE_237_length_5155_cov_263.009608_2	gb|AAC75136.1|ARO:3000793|mdtB	99.4	1040	6	0	1	1040	1	1040	0.0	1897	1041	1040
ratio4_NODE_237_length_5155_cov_263.009608_3	gb|AAC75137.1|ARO:3000794|mdtC	99.4	168	1	0	1	168	1	168	1.18e-101	311	168	1025
ratio4_NODE_258_length_4545_cov_11.104677_2	gb|ABS70977.1|ARO:3004623|AAC(3)-IId	100	286	0	0	1	286	1	286	1.23e-213	579	287	286
ratio4_NODE_267_length_4229_cov_12.962626_1	gb|CAA77936.1|ARO:3004039|Ecol_emrE	98.2	110	2	0	1	110	1	110	2.08e-78	223	111	110
ratio4_NODE_284_length_3844_cov_11.698601_1	gb|AAF86219.1|ARO:3000375|ErmB	98.0	245	5	0	1	245	1	245	5.91e-174	476	246	248
ratio4_NODE_378_length_2599_cov_5.142689_2	gb|CAD09800.1|ARO:3000873|TEM-1	99.7	286	1	0	1	286	1	286	1.09e-207	564	287	286
ratio4_NODE_413_length_2249_cov_4.204193_1	gb|AAK52606.1|ARO:3002696|cmlA6	100	247	0	0	1	247	173	419	1.52e-173	481	248	419
ratio4_NODE_413_length_2249_cov_4.204193_2	gb|AAO49597.1|ARO:3002601|aadA	99.6	259	1	0	1	259	5	263	3.43e-187	510	260	263
ratio4_NODE_413_length_2249_cov_4.204193_3	gb|AAZ42322.1|ARO:3005098|qacL	93.6	110	7	0	1	110	1	110	4.37e-71	204	111	110
ratio4_NODE_512_length_1674_cov_3.366275_2	gb|AAG16656.1|ARO:3002705|floR	99.2	241	2	0	1	241	1	241	1.23e-162	453	241	404
ratio4_NODE_513_length_1674_cov_2.726992_1	gb|BAB82500.1|ARO:3000186|tet(M)	95.8	332	14	0	1	332	308	639	5.22e-235	649	333	639
ratio4_NODE_522_length_1653_cov_3.634543_3	gb|AAG16656.1|ARO:3002705|floR	100	166	0	0	1	166	239	404	1.23e-105	305	167	404
ratio4_NODE_603_length_1324_cov_5.713160_2	gb|AAL59753.1|ARO:3000412|sul2	100	271	0	0	1	271	1	271	1.06e-186	510	272	271
ratio4_NODE_621_length_1239_cov_2.086993_1	gb|BAB82500.1|ARO:3000186|tet(M)	100	115	0	0	1	115	1	115	1.24e-71	223	132	639
ratio4_NODE_693_length_1065_cov_2.409901_1	gb|AAA26057.1|ARO:3002693|cmlA1	100	123	0	0	1	123	1	123	3.15e-77	231	123	419
ratio4_NODE_693_length_1065_cov_2.409901_2	gb|AAF27727.1|ARO:3002602|aadA2	100	144	0	0	1	144	116	259	3.84e-102	290	145	259
ratio4_NODE_871_length_753_cov_1.495702_2	gb|ACJ63260.1|ARO:3000413|sul3	100	117	0	0	1	117	1	117	3.10e-80	233	117	263
ratio4_NODE_874_length_750_cov_1.658993_1	gb|APM84488.1|ARO:3004685|MCR-1.5	100	204	0	0	1	204	1	204	1.15e-132	380	204	541
ratio4_NODE_907_length_699_cov_1.687888_1	gb|AAC23556.1|ARO:3002660|APH(6)-Id	98.6	147	2	0	1	147	1	147	3.36e-103	293	147	278
ratio4_NODE_907_length_699_cov_1.687888_2	gb|ABK33456.1|ARO:3002639|APH(3'')-Ib	100	85	0	0	1	85	183	267	1.16e-59	180	86	267
ratio4_NODE_969_length_619_cov_3.629433_1	gb|ABK33456.1|ARO:3002639|APH(3'')-Ib	98.9	178	2	0	1	178	1	178	2.69e-129	360	178	267
ratio4_NODE_996_length_594_cov_1.595547_1	gb|BAB82500.1|ARO:3000186|tet(M)	94.4	197	11	0	1	197	113	309	8.05e-129	373	197	639
ratio4_NODE_1042_length_559_cov_1.884921_1	gb|APM84488.1|ARO:3004685|MCR-1.5	100	185	0	0	1	185	220	404	3.28e-134	383	185	541
ratio4_NODE_1074_length_531_cov_131.674370_1	gb|AAC77293.1|ARO:3001214|mdtM	100	71	0	0	17	87	8	78	6.51e-43	140	87	410
ratio4_NODE_1313_length_396_cov_2.507331_1	gb|AAC23556.1|ARO:3002660|APH(6)-Id	99.1	115	1	0	1	115	164	278	2.91e-81	236	116	278
ratio4_NODE_1439_length_332_cov_17.036101_1	gb|AAC75137.1|ARO:3000794|mdtC	100	110	0	0	1	110	51	160	6.92e-64	205	110	1025
ratio4_NODE_1471_length_318_cov_2.163498_1	gb|AQQ11622.1|ARO:3004686|MCR-1.7	100	106	0	0	1	106	430	535	5.10e-71	218	106	541
ratio4_NODE_1608_length_277_cov_1.283784_1	gb|AET15272.1|ARO:3003197|aadA25	100	84	0	0	8	91	1	84	1.86e-51	159	91	263
ratio4_NODE_1845_length_228_cov_12.393064_1	gb|AAC75089.1|ARO:3003577|ugd	100	25	0	0	1	25	364	388	5.83e-12	53.5	26	388
ratio4_NODE_2098_length_159_cov_20.798077_1	gb|AAC75137.1|ARO:3000794|mdtC	100	52	0	0	1	52	109	160	1.18e-28	102	52	1025
ratio4_NODE_2487_length_79_cov_60.958333_1	gb|AAC75137.1|ARO:3000794|mdtC	100	26	0	0	1	26	143	168	5.69e-12	53.5	26	1025
ratio5_NODE_1_length_261935_cov_240.855674_198	gb|AAC73564.1|ARO:3000216|acrB	100	1049	0	0	1	1049	1	1049	0.0	1980	1050	1049
ratio5_NODE_1_length_261935_cov_240.855674_199	gb|AAC73565.1|ARO:3004043|Ecol_acrA	100	397	0	0	1	397	1	397	6.93e-276	746	398	397
ratio5_NODE_2_length_256990_cov_238.761558_113	gb|ABV18113.1|ARO:3001329|mdtG	100	408	0	0	1	408	1	408	7.38e-288	777	409	408
ratio5_NODE_2_length_256990_cov_238.761558_125	gb|AAC74149.2|ARO:3001216|mdtH	100	402	0	0	1	402	1	402	6.85e-290	782	403	402
ratio5_NODE_5_length_129119_cov_248.111356_54	gb|BAA16344.1|ARO:3000491|acrD	99.9	1037	1	0	1	1037	1	1037	0.0	1966	1038	1037
ratio5_NODE_8_length_112635_cov_254.641961_97	gb|AAC76296.1|ARO:3000656|AcrS	99.1	220	2	0	1	220	1	220	4.57e-158	433	221	220
ratio5_NODE_8_length_112635_cov_254.641961_98	gb|AAC76297.1|ARO:3000499|AcrE	100	385	0	0	1	385	1	385	2.39e-270	731	386	385
ratio5_NODE_8_length_112635_cov_254.641961_99	gb|AAC76298.1|ARO:3000502|AcrF	99.5	1034	5	0	1	1034	1	1034	0.0	1924	1035	1034
ratio5_NODE_14_length_81831_cov_224.285658_40	gb|BAA11237.1|ARO:3000254|emrY	99.8	512	1	0	1	512	1	512	0.0	991	513	512
ratio5_NODE_14_length_81831_cov_224.285658_41	gb|BAA11236.1|ARO:3000206|emrK	99.7	351	1	0	37	387	1	351	6.08e-247	671	388	351
ratio5_NODE_14_length_81831_cov_224.285658_42	gb|BAB36671.1|ARO:3000832|evgA	100	204	0	0	1	204	1	204	5.82e-144	396	205	204
ratio5_NODE_14_length_81831_cov_224.285658_43	gb|AAC75429.1|ARO:3000833|evgS	99.0	1197	12	0	1	1197	1	1197	0.0	2345	1198	1197
ratio5_NODE_20_length_54639_cov_235.223637_33	gb|AAC77293.1|ARO:3001214|mdtM	98.0	409	8	0	1	409	1	409	2.27e-283	766	411	410
ratio5_NODE_22_length_49276_cov_254.613844_26	gb|BAE77778.1|ARO:3000508|gadX	98.5	274	4	0	1	274	1	274	1.30e-193	528	275	274
ratio5_NODE_22_length_49276_cov_254.613844_27	gb|ANK04027.1|ARO:3003838|gadW	93.8	242	15	0	1	242	1	242	1.45e-165	454	243	242
ratio5_NODE_22_length_49276_cov_254.613844_29	gb|AAC76539.1|ARO:3000796|mdtF	99.8	1037	2	0	1	1037	1	1037	0.0	1930	1038	1037
ratio5_NODE_22_length_49276_cov_254.613844_30	gb|BAE77781.1|ARO:3000795|mdtE	100	385	0	0	1	385	1	385	7.65e-267	722	386	385
ratio5_NODE_23_length_48163_cov_231.381475_14	gb|AAC76093.1|ARO:3002986|bacA	99.6	273	1	0	1	273	1	273	6.98e-193	526	274	273
ratio5_NODE_25_length_47778_cov_218.608365_23	gb|BAA15221.2|ARO:3000263|marA	100	127	0	0	1	127	1	127	2.36e-92	259	128	127
ratio5_NODE_27_length_44766_cov_254.590973_22	gb|AAC74000.1|ARO:3003950|msbA	100	582	0	0	1	582	1	582	0.0	1092	583	582
ratio5_NODE_30_length_41367_cov_253.482547_20	gb|BAE77933.1|ARO:3000518|CRP	99.5	210	1	0	1	210	1	210	1.54e-151	416	211	210
ratio5_NODE_32_length_39928_cov_233.008803_24	gb|AFH35853.1|ARO:3001328|Ecol_mdfA	96.1	410	16	0	1	410	1	410	5.95e-279	755	411	410
ratio5_NODE_35_length_38691_cov_232.354928_32	gb|AAL02127.1|ARO:3001878|CTX-M-15	100	291	0	0	1	291	1	291	4.22e-203	553	292	291
ratio5_NODE_35_length_38691_cov_232.354928_38	gb|ABF47469.1|ARO:3002790|QnrS1	100	218	0	0	1	218	1	218	2.87e-112	317	219	218
ratio5_NODE_37_length_38163_cov_233.614910_21	gb|BAE78116.1|ARO:3003576|eptA	99.6	547	2	0	1	547	1	547	0.0	1083	548	547
ratio5_NODE_39_length_37413_cov_246.408373_5	gb|BAE78084.1|ARO:3003548|mdtN	99.7	343	1	0	1	343	1	343	1.15e-233	635	344	343
ratio5_NODE_39_length_37413_cov_246.408373_6	gb|BAE78083.1|ARO:3003549|mdtO	99.4	683	4	0	1	683	1	683	0.0	1324	684	683
ratio5_NODE_39_length_37413_cov_246.408373_7	gb|BAE78082.1|ARO:3003550|mdtP	98.2	488	9	0	1	488	1	488	0.0	904	489	488
ratio5_NODE_40_length_36436_cov_237.629999_28	gb|BAA15935.1|ARO:3000828|baeR	99.6	240	1	0	1	240	1	240	1.26e-174	477	241	240
ratio5_NODE_40_length_36436_cov_237.629999_29	gb|BAA15934.1|ARO:3000829|baeS	100	467	0	0	1	467	1	467	0.0	919	468	467
ratio5_NODE_40_length_36436_cov_237.629999_31	gb|AAC75137.1|ARO:3000794|mdtC	99.8	1025	2	0	1	1025	1	1025	0.0	1908	1026	1025
ratio5_NODE_40_length_36436_cov_237.629999_32	gb|AAC75136.1|ARO:3000793|mdtB	99.4	1040	6	0	1	1040	1	1040	0.0	1897	1041	1040
ratio5_NODE_40_length_36436_cov_237.629999_33	gb|AAC75135.2|ARO:3000792|mdtA	99.3	415	3	0	41	455	1	415	1.29e-279	759	456	415
ratio5_NODE_45_length_35141_cov_248.824061_2	gb|AAC75271.1|ARO:3003952|YojI	99.8	547	1	0	1	547	1	547	0.0	1057	548	547
ratio5_NODE_50_length_31384_cov_244.857321_17	gb|AAC75314.1|ARO:3003578|PmrF	100	322	0	0	1	322	1	322	8.81e-232	628	323	322
ratio5_NODE_59_length_27549_cov_223.827017_26	gb|BAB35162.1|ARO:3000676|H-NS	100	137	0	0	1	137	1	137	3.10e-86	245	138	137
ratio5_NODE_70_length_24047_cov_238.332277_5	gb|AAC75733.1|ARO:3000074|emrB	100	512	0	0	1	512	1	512	0.0	998	513	512
ratio5_NODE_70_length_24047_cov_238.332277_6	gb|BAA16547.1|ARO:3000027|emrA	99.7	390	1	0	1	390	1	390	1.03e-262	712	391	390
ratio5_NODE_70_length_24047_cov_238.332277_7	gb|AAC75731.1|ARO:3000516|emrR	100	176	0	0	1	176	1	176	2.27e-125	347	177	176
ratio5_NODE_87_length_17755_cov_137.948023_16	gb|AAC75089.1|ARO:3003577|ugd	99.5	388	2	0	1	388	1	388	6.20e-279	753	389	388
ratio5_NODE_93_length_16336_cov_258.270377_14	gb|ACN32294.1|ARO:3000237|TolC	100	493	0	0	1	493	3	495	0.0	918	494	495
ratio5_NODE_96_length_15459_cov_250.059465_18	gb|BAB38260.1|ARO:3000830|cpxA	100	457	0	0	1	457	1	457	0.0	887	458	457
ratio5_NODE_111_length_12139_cov_262.802052_8	gb|WP_063860228.1|ARO:3006874|EC-13	98.7	377	5	0	12	388	1	377	3.82e-284	766	389	377
ratio5_NODE_130_length_9921_cov_204.945875_7	gb|AAC73788.1|ARO:3003841|kdpE	98.7	224	3	0	1	224	1	224	2.97e-161	442	226	225
ratio5_NODE_234_length_4595_cov_277.672907_4	gb|AAN06707.1|ARO:3000165|tet(A)	99.7	390	1	0	1	390	26	415	5.32e-278	753	400	424
ratio5_NODE_236_length_4545_cov_12.036526_2	gb|ABS70977.1|ARO:3004623|AAC(3)-IId	100	286	0	0	1	286	1	286	1.23e-213	579	287	286
ratio5_NODE_280_length_3350_cov_14.388771_1	gb|BAA03776.1|ARO:3000316|mphA	100	301	0	0	1	301	1	301	8.38e-218	591	305	301
ratio5_NODE_329_length_2599_cov_5.408805_2	gb|CAD09800.1|ARO:3000873|TEM-1	99.7	286	1	0	1	286	1	286	1.09e-207	564	287	286
ratio5_NODE_364_length_2249_cov_4.507293_1	gb|AAK52606.1|ARO:3002696|cmlA6	100	247	0	0	1	247	173	419	1.52e-173	481	248	419
ratio5_NODE_364_length_2249_cov_4.507293_2	gb|AAO49597.1|ARO:3002601|aadA	99.6	259	1	0	1	259	5	263	3.43e-187	510	260	263
ratio5_NODE_364_length_2249_cov_4.507293_3	gb|AAZ42322.1|ARO:3005098|qacL	93.6	110	7	0	1	110	1	110	4.37e-71	204	111	110
ratio5_NODE_450_length_1796_cov_2.105686_2	gb|AQQ11622.1|ARO:3004686|MCR-1.7	100	322	0	0	1	322	220	541	4.32e-241	660	323	541
ratio5_NODE_476_length_1674_cov_3.483632_2	gb|AAG16656.1|ARO:3002705|floR	99.2	241	2	0	1	241	1	241	1.23e-162	453	241	404
ratio5_NODE_477_length_1674_cov_2.903027_1	gb|BAB82500.1|ARO:3000186|tet(M)	95.8	332	14	0	1	332	308	639	5.22e-235	649	333	639
ratio5_NODE_484_length_1653_cov_3.812891_3	gb|AAG16656.1|ARO:3002705|floR	100	166	0	0	1	166	239	404	1.23e-105	305	167	404
ratio5_NODE_583_length_1324_cov_6.346730_2	gb|AAL59753.1|ARO:3000412|sul2	100	271	0	0	1	271	1	271	1.06e-186	510	272	271
ratio5_NODE_610_length_1239_cov_2.086993_1	gb|BAB82500.1|ARO:3000186|tet(M)	100	115	0	0	1	115	1	115	1.24e-71	223	132	639
ratio5_NODE_648_length_1140_cov_2.188940_1	gb|ABK33456.1|ARO:3002639|APH(3'')-Ib	100	85	0	0	1	85	183	267	1.16e-59	180	86	267
ratio5_NODE_648_length_1140_cov_2.188940_2	gb|AAC23556.1|ARO:3002660|APH(6)-Id	99.3	278	2	0	1	278	1	278	5.61e-206	559	279	278
ratio5_NODE_672_length_1073_cov_2.854617_1	gb|AAA26057.1|ARO:3002693|cmlA1	100	125	0	0	1	125	1	125	1.51e-78	234	125	419
ratio5_NODE_672_length_1073_cov_2.854617_2	gb|AAF27727.1|ARO:3002602|aadA2	100	144	0	0	1	144	116	259	3.84e-102	290	145	259
ratio5_NODE_869_length_753_cov_1.495702_2	gb|ACJ63260.1|ARO:3000413|sul3	100	117	0	0	1	117	1	117	3.10e-80	233	117	263
ratio5_NODE_873_length_750_cov_1.658993_1	gb|APM84488.1|ARO:3004685|MCR-1.5	100	204	0	0	1	204	1	204	1.15e-132	380	204	541
ratio5_NODE_983_length_619_cov_4.443262_1	gb|ABK33456.1|ARO:3002639|APH(3'')-Ib	98.9	178	2	0	1	178	1	178	2.69e-129	360	178	267
ratio5_NODE_1006_length_594_cov_1.595547_1	gb|BAB82500.1|ARO:3000186|tet(M)	94.4	197	11	0	1	197	113	309	8.05e-129	373	197	639
ratio5_NODE_1131_length_503_cov_1.696429_1	gb|AAF27727.1|ARO:3002602|aadA2	100	80	0	0	1	80	1	80	5.51e-49	152	80	259
ratio5_NODE_1436_length_342_cov_18.205575_2	gb|AAC75089.1|ARO:3003577|ugd	100	25	0	0	1	25	364	388	5.83e-12	53.5	26	388
ratio6_NODE_1_length_261934_cov_241.356447_198	gb|AAC73564.1|ARO:3000216|acrB	100	1049	0	0	1	1049	1	1049	0.0	1980	1050	1049
ratio6_NODE_1_length_261934_cov_241.356447_199	gb|AAC73565.1|ARO:3004043|Ecol_acrA	100	397	0	0	1	397	1	397	6.93e-276	746	398	397
ratio6_NODE_2_length_236965_cov_241.778950_14	gb|AAC76093.1|ARO:3002986|bacA	99.6	273	1	0	1	273	1	273	6.98e-193	526	274	273
ratio6_NODE_2_length_236965_cov_241.778950_213	gb|AAC76296.1|ARO:3000656|AcrS	99.1	220	2	0	1	220	1	220	4.57e-158	433	221	220
ratio6_NODE_2_length_236965_cov_241.778950_214	gb|AAC76297.1|ARO:3000499|AcrE	100	385	0	0	1	385	1	385	2.39e-270	731	386	385
ratio6_NODE_2_length_236965_cov_241.778950_215	gb|AAC76298.1|ARO:3000502|AcrF	99.5	1034	5	0	1	1034	1	1034	0.0	1924	1035	1034
ratio6_NODE_3_length_181767_cov_244.401999_13	gb|AAC74149.2|ARO:3001216|mdtH	100	402	0	0	1	402	1	402	6.85e-290	782	403	402
ratio6_NODE_3_length_181767_cov_244.401999_25	gb|ABV18113.1|ARO:3001329|mdtG	100	408	0	0	1	408	1	408	7.38e-288	777	409	408
ratio6_NODE_3_length_181767_cov_244.401999_159	gb|AAC74000.1|ARO:3003950|msbA	100	582	0	0	1	582	1	582	0.0	1092	583	582
ratio6_NODE_7_length_120941_cov_247.309961_54	gb|BAA16344.1|ARO:3000491|acrD	99.9	1037	1	0	1	1037	1	1037	0.0	1966	1038	1037
ratio6_NODE_8_length_119670_cov_239.535685_5	gb|AAC75271.1|ARO:3003952|YojI	99.8	547	1	0	1	547	1	547	0.0	1057	548	547
ratio6_NODE_16_length_63664_cov_212.350406_28	gb|AAC75429.1|ARO:3000833|evgS	99.0	1197	12	0	1	1197	1	1197	0.0	2345	1198	1197
ratio6_NODE_16_length_63664_cov_212.350406_29	gb|BAB36671.1|ARO:3000832|evgA	100	204	0	0	1	204	1	204	5.82e-144	396	205	204
ratio6_NODE_16_length_63664_cov_212.350406_30	gb|BAA11236.1|ARO:3000206|emrK	99.7	351	1	0	37	387	1	351	6.08e-247	671	388	351
ratio6_NODE_16_length_63664_cov_212.350406_31	gb|BAA11237.1|ARO:3000254|emrY	99.8	512	1	0	1	512	1	512	0.0	991	513	512
ratio6_NODE_23_length_54639_cov_235.672175_33	gb|AAC77293.1|ARO:3001214|mdtM	98.0	409	8	0	1	409	1	409	2.27e-283	766	411	410
ratio6_NODE_25_length_54161_cov_264.691162_66	gb|BAE77933.1|ARO:3000518|CRP	99.5	210	1	0	1	210	1	210	1.54e-151	416	211	210
ratio6_NODE_27_length_47778_cov_218.900530_23	gb|BAA15221.2|ARO:3000263|marA	100	127	0	0	1	127	1	127	2.36e-92	259	128	127
ratio6_NODE_29_length_46293_cov_264.577901_26	gb|BAE77778.1|ARO:3000508|gadX	98.5	274	4	0	1	274	1	274	1.30e-193	528	275	274
ratio6_NODE_29_length_46293_cov_264.577901_27	gb|ANK04027.1|ARO:3003838|gadW	93.8	242	15	0	1	242	1	242	1.45e-165	454	243	242
ratio6_NODE_29_length_46293_cov_264.577901_29	gb|AAC76539.1|ARO:3000796|mdtF	99.8	1037	2	0	1	1037	1	1037	0.0	1930	1038	1037
ratio6_NODE_29_length_46293_cov_264.577901_30	gb|BAE77781.1|ARO:3000795|mdtE	100	385	0	0	1	385	1	385	7.65e-267	722	386	385
ratio6_NODE_34_length_39928_cov_233.093547_24	gb|AFH35853.1|ARO:3001328|Ecol_mdfA	96.1	410	16	0	1	410	1	410	5.95e-279	755	411	410
ratio6_NODE_37_length_38691_cov_232.510715_32	gb|AAL02127.1|ARO:3001878|CTX-M-15	100	291	0	0	1	291	1	291	4.22e-203	553	292	291
ratio6_NODE_37_length_38691_cov_232.510715_38	gb|ABF47469.1|ARO:3002790|QnrS1	100	218	0	0	1	218	1	218	2.87e-112	317	219	218
ratio6_NODE_39_length_37865_cov_235.931024_21	gb|BAE78116.1|ARO:3003576|eptA	99.6	547	2	0	1	547	1	547	0.0	1083	548	547
ratio6_NODE_40_length_36436_cov_237.458454_1	gb|AAC75135.2|ARO:3000792|mdtA	99.3	415	3	0	41	455	1	415	1.29e-279	759	456	415
ratio6_NODE_40_length_36436_cov_237.458454_2	gb|AAC75136.1|ARO:3000793|mdtB	99.4	1040	6	0	1	1040	1	1040	0.0	1897	1041	1040
ratio6_NODE_40_length_36436_cov_237.458454_3	gb|AAC75137.1|ARO:3000794|mdtC	99.8	1025	2	0	1	1025	1	1025	0.0	1908	1026	1025
ratio6_NODE_40_length_36436_cov_237.458454_5	gb|BAA15934.1|ARO:3000829|baeS	100	467	0	0	1	467	1	467	0.0	919	468	467
ratio6_NODE_40_length_36436_cov_237.458454_6	gb|BAA15935.1|ARO:3000828|baeR	99.6	240	1	0	1	240	1	240	1.26e-174	477	241	240
ratio6_NODE_48_length_31384_cov_244.549682_17	gb|AAC75314.1|ARO:3003578|PmrF	100	322	0	0	1	322	1	322	8.81e-232	628	323	322
ratio6_NODE_59_length_27549_cov_223.894086_25	gb|BAB35162.1|ARO:3000676|H-NS	100	137	0	0	1	137	1	137	3.10e-86	245	138	137
ratio6_NODE_67_length_24681_cov_167.049013_19	gb|AAC75089.1|ARO:3003577|ugd	99.5	388	2	0	1	388	1	388	6.20e-279	753	389	388
ratio6_NODE_70_length_23935_cov_254.746147_25	gb|BAB38260.1|ARO:3000830|cpxA	100	457	0	0	1	457	1	457	0.0	887	458	457
ratio6_NODE_91_length_16336_cov_258.662306_13	gb|ACN32294.1|ARO:3000237|TolC	100	493	0	0	1	493	3	495	0.0	918	494	495
ratio6_NODE_100_length_13650_cov_247.247665_11	gb|AAC75731.1|ARO:3000516|emrR	100	176	0	0	1	176	1	176	2.27e-125	347	177	176
ratio6_NODE_100_length_13650_cov_247.247665_12	gb|BAA16547.1|ARO:3000027|emrA	99.7	390	1	0	1	390	1	390	1.03e-262	712	391	390
ratio6_NODE_100_length_13650_cov_247.247665_13	gb|AAC75733.1|ARO:3000074|emrB	100	512	0	0	1	512	1	512	0.0	998	513	512
ratio6_NODE_109_length_12139_cov_262.344257_8	gb|WP_063860228.1|ARO:3006874|EC-13	98.7	377	5	0	12	388	1	377	3.82e-284	766	389	377
ratio6_NODE_126_length_10230_cov_256.857789_3	gb|BAE78084.1|ARO:3003548|mdtN	99.7	343	1	0	1	343	1	343	1.15e-233	635	344	343
ratio6_NODE_126_length_10230_cov_256.857789_4	gb|BAE78083.1|ARO:3003549|mdtO	99.4	683	4	0	1	683	1	683	0.0	1324	684	683
ratio6_NODE_126_length_10230_cov_256.857789_5	gb|BAE78082.1|ARO:3003550|mdtP	98.2	488	9	0	1	488	1	488	0.0	904	489	488
ratio6_NODE_129_length_9921_cov_204.568620_7	gb|AAC73788.1|ARO:3003841|kdpE	98.7	224	3	0	1	224	1	224	2.97e-161	442	226	225
ratio6_NODE_227_length_4595_cov_278.969383_4	gb|AAN06707.1|ARO:3000165|tet(A)	99.7	390	1	0	1	390	26	415	5.32e-278	753	400	424
ratio6_NODE_229_length_4545_cov_12.079287_2	gb|ABS70977.1|ARO:3004623|AAC(3)-IId	100	286	0	0	1	286	1	286	1.23e-213	579	287	286
ratio6_NODE_269_length_3349_cov_12.520036_1	gb|BAA03776.1|ARO:3000316|mphA	100	301	0	0	1	301	1	301	8.38e-218	591	305	301
ratio6_NODE_312_length_2599_cov_5.408805_2	gb|CAD09800.1|ARO:3000873|TEM-1	99.7	286	1	0	1	286	1	286	1.09e-207	564	287	286
ratio6_NODE_342_length_2249_cov_4.593892_1	gb|AAK52606.1|ARO:3002696|cmlA6	100	247	0	0	1	247	173	419	1.52e-173	481	248	419
ratio6_NODE_342_length_2249_cov_4.593892_2	gb|AAO49597.1|ARO:3002601|aadA	99.6	259	1	0	1	259	5	263	3.43e-187	510	260	263
ratio6_NODE_342_length_2249_cov_4.593892_3	gb|AAZ42322.1|ARO:3005098|qacL	93.6	110	7	0	1	110	1	110	4.37e-71	204	111	110
ratio6_NODE_417_length_1796_cov_2.105686_2	gb|AQQ11622.1|ARO:3004686|MCR-1.7	100	322	0	0	1	322	220	541	4.32e-241	660	323	541
ratio6_NODE_440_length_1674_cov_3.483632_2	gb|AAG16656.1|ARO:3002705|floR	99.2	241	2	0	1	241	1	241	1.23e-162	453	241	404
ratio6_NODE_441_length_1674_cov_2.903027_1	gb|BAB82500.1|ARO:3000186|tet(M)	95.8	332	14	0	1	332	308	639	5.22e-235	649	333	639
ratio6_NODE_448_length_1653_cov_4.050688_3	gb|AAG16656.1|ARO:3002705|floR	100	166	0	0	1	166	239	404	1.23e-105	305	167	404
ratio6_NODE_533_length_1324_cov_6.346730_2	gb|AAL59753.1|ARO:3000412|sul2	100	271	0	0	1	271	1	271	1.06e-186	510	272	271
ratio6_NODE_556_length_1239_cov_2.086993_1	gb|BAB82500.1|ARO:3000186|tet(M)	100	115	0	0	1	115	1	115	1.24e-71	223	132	639
ratio6_NODE_583_length_1140_cov_2.188940_1	gb|ABK33456.1|ARO:3002639|APH(3'')-Ib	100	85	0	0	1	85	183	267	1.16e-59	180	86	267
ratio6_NODE_583_length_1140_cov_2.188940_2	gb|AAC23556.1|ARO:3002660|APH(6)-Id	99.3	278	2	0	1	278	1	278	5.61e-206	559	279	278
ratio6_NODE_606_length_1073_cov_2.854617_1	gb|AAA26057.1|ARO:3002693|cmlA1	100	125	0	0	1	125	1	125	1.51e-78	234	125	419
ratio6_NODE_606_length_1073_cov_2.854617_2	gb|AAF27727.1|ARO:3002602|aadA2	100	144	0	0	1	144	116	259	3.84e-102	290	145	259
ratio6_NODE_770_length_753_cov_1.495702_2	gb|ACJ63260.1|ARO:3000413|sul3	100	117	0	0	1	117	1	117	3.10e-80	233	117	263
ratio6_NODE_774_length_750_cov_1.658993_1	gb|APM84488.1|ARO:3004685|MCR-1.5	100	204	0	0	1	204	1	204	1.15e-132	380	204	541
ratio6_NODE_870_length_619_cov_4.443262_1	gb|ABK33456.1|ARO:3002639|APH(3'')-Ib	98.9	178	2	0	1	178	1	178	2.69e-129	360	178	267
ratio6_NODE_892_length_594_cov_1.595547_1	gb|BAB82500.1|ARO:3000186|tet(M)	94.4	197	11	0	1	197	113	309	8.05e-129	373	197	639
ratio6_NODE_1008_length_503_cov_1.696429_1	gb|AAF27727.1|ARO:3002602|aadA2	100	80	0	0	1	80	1	80	5.51e-49	152	80	259
ratio6_NODE_1328_length_342_cov_17.864111_2	gb|AAC75089.1|ARO:3003577|ugd	100	25	0	0	1	25	364	388	5.83e-12	53.5	26	388
